UniProt_ID,LLPhyScore_score
A0A087X1C5,-631.0
A0A0B4J2F0,-16.0
A0A0B4J2F2,-595.0
A0A0C5B5G6,-18.0
A0A0K2S4Q6,-182.0
A0A0U1RRE5,-11.0
A0A1B0GTW7,-613.0
A0A5B9,-127.0
A0AV02,-747.0
A0AV96,-273.0
A0AVF1,-669.0
A0AVI4,-680.0
A0AVK6,-347.0
A0AVT1,-1093.0
A0FGR8,-708.0
A0FGR9,-964.0
A0JLT2,-17.0
A0JNW5,-1011.0
A0JP26,-143.0
A0M8Q6,-38.0
A0MZ66,-266.0
A0PJK1,-1048.0
A0PJY2,-262.0
A0PK00,-532.0
A0PK11,-418.0
A1A4S6,-590.0
A1A4Y4,-85.0
A1A519,42.0
A1A5B4,-1241.0
A1A5C7,-858.0
A1E959,-4.0
A1KXE4,37.0
A1KZ92,-1391.0
A1L0T0,-810.0
A1L167,-97.0
A1L190,-69.0
A1L390,-474.0
A1L3X0,-525.0
A1L4H1,-399.0
A1L4K1,-480.0
A1X283,-109.0
A1XBS5,-278.0
A1Z1Q3,37.0
A2A288,-286.0
A2A2Y4,-714.0
A2IDD5,-362.0
A2PYH4,-1164.0
A2RRP1,-3130.0
A2RTX5,-755.0
A2RU14,-313.0
A2RU30,-142.0
A2RU49,-343.0
A2RUB1,-124.0
A2RUB6,-324.0
A2RUC4,-332.0
A2RUH7,-350.0
A2VDJ0,-722.0
A2VEC9,-557.0
A3KMH1,-1886.0
A4D0S4,-725.0
A4D126,-628.0
A4D161,-129.0
A4D1B5,-1112.0
A4D1E9,-353.0
A4D1P6,-450.0
A4D1T9,-267.0
A4D256,-486.0
A4D2B0,-80.0
A4D2B8,-228.0
A4GXA9,-442.0
A4UGR9,-1290.0
A5D8T8,-389.0
A5D8V6,58.0
A5D8V7,-635.0
A5D8W1,-1079.0
A5LHX3,-257.0
A5PKW4,-223.0
A5PLL7,-493.0
A5PLN9,-359.0
A5X5Y0,-524.0
A5YKK6,-2933.0
A5YM72,-1055.0
A6BM72,380.0
A6H8Y1,-317.0
A6H8Z2,-231.0
A6NC98,-978.0
A6NCS4,45.0
A6ND01,-189.0
A6ND36,-155.0
A6NDB9,154.0
A6NDE4,184.0
A6NDG6,-281.0
A6NDV4,-752.0
A6NED2,-222.0
A6NEM1,-82.0
A6NFA1,-482.0
A6NFQ2,-973.0
A6NFX1,-758.0
A6NFY7,-78.0
A6NGG8,-96.0
A6NGQ2,-196.0
A6NGU5,-597.0
A6NHR9,-1612.0
A6NI15,-42.0
A6NI61,-389.0
A6NI73,-226.0
A6NIH7,-193.0
A6NIX2,-148.0
A6NJ46,51.0
A6NJ78,-432.0
A6NK06,-578.0
A6NK58,-338.0
A6NK89,-376.0
A6NKB5,-1997.0
A6NL88,-193.0
A6NMY6,-396.0
A6NMZ7,-780.0
A6NNB3,-268.0
A6NNM8,-763.0
A6NNY8,-353.0
A6NNZ2,-136.0
A6PVC2,-800.0
A7E2V4,-693.0
A7E2Y1,-1610.0
A7KAX9,-504.0
A7MCY6,-421.0
A7MD48,151.0
A7XYQ1,-27.0
A8CG34,365.0
A8K0Z3,-206.0
A8K2U0,-877.0
A8K4G0,-199.0
A8K7I4,-575.0
A8K8P3,-2047.0
A8K8V0,-367.0
A8MPY1,-581.0
A8MQ03,-30.0
A8MQ27,-452.0
A8MT69,-68.0
A8MTA8,-14.0
A8MTJ3,-332.0
A8MTQ0,-123.0
A8MTZ0,-37.0
A8MU46,203.0
A8MUP2,-218.0
A8MV65,-61.0
A8MVW5,-293.0
A8MW95,-370.0
A8MW99,-425.0
A8MWX3,-220.0
A8MXD5,-131.0
A8MXV4,-432.0
A8MYU2,-1407.0
A8MZ59,-81.0
A8TX70,-1011.0
A9UHW6,-287.0
A9YTQ3,-527.0
B0I1T2,-1377.0
B0L3A2,-87.0
B0YJ81,-460.0
B1AK53,-458.0
B1AL88,-217.0
B2RTY4,-2407.0
B2RUY7,-98.0
B2RUZ4,-124.0
B2RXF5,-389.0
B2RXH2,-137.0
B3KU38,146.0
B6A8C7,-244.0
B7U540,-471.0
B7Z8K6,-111.0
B7ZAQ6,-830.0
C4AMC7,-199.0
C9JE40,-509.0
C9JLW8,-41.0
C9JR72,-554.0
C9JRZ8,-315.0
D3W0D1,-159.0
D6RGH6,-244.0
E0CX11,-40.0
G2XKQ0,-35.0
H0YL14,-332.0
K7EJ46,-94.0
K9M1U5,-303.0
M0R2J8,-1499.0
O00115,-120.0
O00116,-478.0
O00124,-302.0
O00139,-538.0
O00141,-424.0
O00142,-283.0
O00144,-704.0
O00148,-321.0
O00151,-185.0
O00154,-220.0
O00155,-662.0
O00159,-1418.0
O00160,-673.0
O00161,-24.0
O00165,113.0
O00167,-70.0
O00168,-128.0
O00170,-340.0
O00175,-103.0
O00180,-477.0
O00182,-20.0
O00186,-629.0
O00187,-396.0
O00189,-379.0
O00192,-582.0
O00194,-139.0
O00198,-151.0
O00203,-879.0
O00204,-251.0
O00206,-961.0
O00212,-235.0
O00213,-206.0
O00214,-253.0
O00217,-226.0
O00219,-906.0
O00220,-342.0
O00221,-267.0
O00222,-1096.0
O00230,-116.0
O00231,-570.0
O00232,-601.0
O00233,-133.0
O00237,-696.0
O00238,-496.0
O00241,-378.0
O00244,-44.0
O00253,-191.0
O00254,-778.0
O00255,-476.0
O00257,-196.0
O00258,-317.0
O00264,-100.0
O00267,200.0
O00268,-416.0
O00270,-713.0
O00273,-305.0
O00287,100.0
O00291,-1012.0
O00292,-420.0
O00294,-119.0
O00299,-194.0
O00300,-387.0
O00303,-361.0
O00305,-382.0
O00308,-193.0
O00311,-384.0
O00322,-379.0
O00327,-336.0
O00329,-1399.0
O00330,-417.0
O00337,-1110.0
O00338,-180.0
O00339,-721.0
O00341,-890.0
O00358,-72.0
O00370,-1699.0
O00391,-822.0
O00400,-794.0
O00401,-109.0
O00408,-1178.0
O00409,28.0
O00410,-1357.0
O00411,-1382.0
O00418,-321.0
O00421,-616.0
O00422,-97.0
O00423,-253.0
O00425,-380.0
O00429,-892.0
O00442,-354.0
O00443,-1590.0
O00444,-444.0
O00445,-358.0
O00451,-352.0
O00453,-91.0
O00459,-728.0
O00461,-210.0
O00462,-609.0
O00463,-509.0
O00468,-519.0
O00469,-628.0
O00470,17.0
O00471,-874.0
O00472,-326.0
O00476,-572.0
O00478,-573.0
O00481,-480.0
O00482,-331.0
O00483,-90.0
O00487,-295.0
O00488,-71.0
O00499,-83.0
O00501,-385.0
O00505,-576.0
O00506,-362.0
O00507,-2748.0
O00512,1531.0
O00519,-343.0
O00522,-789.0
O00526,-288.0
O00533,-618.0
O00541,-444.0
O00548,133.0
O00555,-1695.0
O00559,-24.0
O00560,-299.0
O00562,-631.0
O00566,-221.0
O00567,-471.0
O00571,13.0
O00574,-607.0
O00584,-264.0
O00585,-43.0
O00587,-447.0
O00590,-677.0
O00591,-586.0
O00592,-130.0
O00602,63.0
O00622,-198.0
O00623,-530.0
O00625,-37.0
O00626,-127.0
O00628,-364.0
O00629,-540.0
O00631,-92.0
O00635,-363.0
O00712,-158.0
O00716,-237.0
O00743,-388.0
O00744,-337.0
O00746,-163.0
O00748,-386.0
O00750,-1671.0
O00754,-908.0
O00755,-212.0
O00757,-302.0
O00762,-138.0
O00763,-2494.0
O00764,-306.0
O00767,-545.0
O14490,-348.0
O14492,-506.0
O14493,-341.0
O14494,-417.0
O14495,-460.0
O14497,1943.0
O14503,-151.0
O14508,-178.0
O14511,-261.0
O14512,-187.0
O14514,-1141.0
O14519,-63.0
O14520,-390.0
O14521,-286.0
O14522,-956.0
O14523,-492.0
O14524,-630.0
O14525,-988.0
O14526,-540.0
O14529,-587.0
O14530,-138.0
O14531,-384.0
O14543,-98.0
O14544,-94.0
O14556,-328.0
O14558,-187.0
O14559,-418.0
O14561,-173.0
O14569,-446.0
O14576,-218.0
O14578,-1717.0
O14579,-348.0
O14593,-286.0
O14594,-114.0
O14595,-334.0
O14607,-857.0
O14610,-6.0
O14613,-29.0
O14617,-1061.0
O14618,-111.0
O14625,-80.0
O14627,147.0
O14628,-359.0
O14633,34.0
O14638,-552.0
O14639,-259.0
O14640,-62.0
O14641,123.0
O14645,-224.0
O14646,-775.0
O14647,-717.0
O14649,-491.0
O14653,-255.0
O14654,290.0
O14656,-448.0
O14657,-434.0
O14662,-378.0
O14669,-231.0
O14672,-180.0
O14678,-845.0
O14681,-626.0
O14682,-608.0
O14684,-311.0
O14686,-113.0
O14713,-101.0
O14717,-394.0
O14727,-1215.0
O14730,-400.0
O14732,-409.0
O14733,-309.0
O14734,-295.0
O14735,-430.0
O14737,-59.0
O14744,-654.0
O14745,-109.0
O14746,-1722.0
O14756,-463.0
O14757,-400.0
O14763,-215.0
O14764,-596.0
O14770,32.0
O14771,-65.0
O14772,-642.0
O14773,-189.0
O14775,-228.0
O14776,-504.0
O14777,-526.0
O14782,-405.0
O14786,-258.0
O14787,-1290.0
O14788,-223.0
O14791,-398.0
O14792,-369.0
O14793,-325.0
O14795,-1328.0
O14796,-155.0
O14798,-1.0
O14802,-1417.0
O14807,-228.0
O14810,10.0
O14813,-56.0
O14815,-642.0
O14817,-387.0
O14818,-183.0
O14827,-1472.0
O14828,-340.0
O14829,-685.0
O14830,-821.0
O14832,-250.0
O14836,-169.0
O14841,-809.0
O14842,-484.0
O14843,-547.0
O14862,-290.0
O14863,-599.0
O14867,-380.0
O14874,-588.0
O14879,-328.0
O14880,-204.0
O14893,-203.0
O14894,-258.0
O14896,-188.0
O14901,-370.0
O14904,-328.0
O14905,-332.0
O14907,-36.0
O14908,-205.0
O14910,-221.0
O14917,-557.0
O14920,-730.0
O14924,-191.0
O14925,-117.0
O14926,-318.0
O14929,-438.0
O14931,-247.0
O14933,-167.0
O14936,-905.0
O14939,-1156.0
O14944,-198.0
O14948,-324.0
O14949,-118.0
O14950,-76.0
O14957,-114.0
O14958,-319.0
O14960,-52.0
O14964,-127.0
O14965,-272.0
O14966,-187.0
O14967,-266.0
O14972,-326.0
O14974,-280.0
O14975,-799.0
O14976,-581.0
O14977,-258.0
O14978,-367.0
O14979,158.0
O14980,-1520.0
O14981,-2331.0
O14983,-1126.0
O14986,-405.0
O14994,-41.0
O15013,-894.0
O15014,383.0
O15015,-532.0
O15018,-308.0
O15020,-2663.0
O15021,-460.0
O15027,263.0
O15031,-1493.0
O15033,-814.0
O15040,-752.0
O15041,-710.0
O15042,-311.0
O15047,-29.0
O15049,-313.0
O15054,-326.0
O15055,-223.0
O15056,-891.0
O15060,-529.0
O15061,-410.0
O15062,-59.0
O15066,-334.0
O15067,-878.0
O15068,-968.0
O15072,-526.0
O15075,-340.0
O15078,-2520.0
O15079,-185.0
O15083,-859.0
O15084,-1217.0
O15085,-840.0
O15091,-644.0
O15105,-217.0
O15111,-878.0
O15116,-167.0
O15117,401.0
O15118,-1394.0
O15119,-371.0
O15120,-371.0
O15121,-475.0
O15123,-220.0
O15126,-235.0
O15127,-379.0
O15130,2.0
O15131,-605.0
O15143,-276.0
O15144,-330.0
O15145,-124.0
O15146,-1062.0
O15151,-288.0
O15155,-71.0
O15156,-225.0
O15160,-331.0
O15162,37.0
O15164,-285.0
O15165,-59.0
O15169,-243.0
O15173,-51.0
O15178,-17.0
O15182,-119.0
O15194,-311.0
O15195,-550.0
O15197,-704.0
O15198,-228.0
O15204,-446.0
O15205,-195.0
O15209,245.0
O15211,-490.0
O15212,-64.0
O15217,-294.0
O15226,-240.0
O15228,-861.0
O15229,-590.0
O15230,-1972.0
O15231,68.0
O15232,-365.0
O15234,456.0
O15239,-108.0
O15240,-82.0
O15243,-253.0
O15244,-918.0
O15245,-849.0
O15247,-234.0
O15254,-844.0
O15258,-330.0
O15259,-603.0
O15260,-474.0
O15263,-69.0
O15264,-312.0
O15265,220.0
O15266,-128.0
O15269,-535.0
O15270,-582.0
O15273,-91.0
O15287,-887.0
O15294,-1312.0
O15296,-821.0
O15297,-285.0
O15303,-951.0
O15304,-171.0
O15305,-188.0
O15315,-487.0
O15318,34.0
O15327,-984.0
O15342,-166.0
O15344,-750.0
O15347,90.0
O15350,-121.0
O15353,22.0
O15354,-711.0
O15355,173.0
O15357,-766.0
O15360,-2219.0
O15370,26.0
O15371,-180.0
O15372,-228.0
O15374,-778.0
O15379,-240.0
O15381,-755.0
O15382,-357.0
O15389,-328.0
O15391,32.0
O15392,-106.0
O15393,-144.0
O15394,-488.0
O15397,-1455.0
O15399,-1027.0
O15400,-249.0
O15405,-150.0
O15409,-215.0
O15427,-665.0
O15431,-190.0
O15438,-2354.0
O15439,-1911.0
O15440,-1897.0
O15444,-204.0
O15446,242.0
O15455,-1107.0
O15457,-911.0
O15460,-535.0
O15466,-487.0
O15467,-187.0
O15479,-145.0
O15481,-231.0
O15484,-545.0
O15488,-287.0
O15492,-199.0
O15496,-156.0
O15498,-198.0
O15499,-141.0
O15503,-392.0
O15504,363.0
O15511,-59.0
O15514,-89.0
O15516,-327.0
O15519,-551.0
O15520,-140.0
O15522,-156.0
O15523,-18.0
O15524,-252.0
O15525,-161.0
O15527,-409.0
O15528,-704.0
O15529,-539.0
O15530,-377.0
O15533,-344.0
O15534,-55.0
O15535,-353.0
O15537,-168.0
O15540,-78.0
O15541,-20.0
O15547,-337.0
O15550,-649.0
O15551,-343.0
O15552,-589.0
O15553,-434.0
O15554,-718.0
O42043,-659.0
O43143,-857.0
O43147,-1039.0
O43148,-221.0
O43149,-3044.0
O43150,-732.0
O43151,-109.0
O43155,-621.0
O43156,-1694.0
O43157,-1684.0
O43159,-207.0
O43164,88.0
O43166,-548.0
O43167,-350.0
O43169,-153.0
O43172,-451.0
O43173,-409.0
O43174,-661.0
O43175,-529.0
O43181,-115.0
O43182,-296.0
O43184,-512.0
O43186,4.0
O43187,-601.0
O43189,-234.0
O43193,-734.0
O43194,-669.0
O43196,-1081.0
O43236,-243.0
O43237,-197.0
O43240,-281.0
O43242,-581.0
O43248,18.0
O43251,11.0
O43252,-519.0
O43255,-331.0
O43257,-39.0
O43264,-999.0
O43272,-717.0
O43278,-224.0
O43280,-510.0
O43281,-217.0
O43283,-491.0
O43286,-267.0
O43290,-306.0
O43291,-159.0
O43292,-1034.0
O43293,-481.0
O43294,-97.0
O43295,-816.0
O43296,-296.0
O43298,-150.0
O43299,-1275.0
O43300,-638.0
O43303,-326.0
O43306,-1680.0
O43307,-564.0
O43309,-362.0
O43310,-200.0
O43312,1.0
O43313,-63.0
O43314,-906.0
O43315,-377.0
O43316,-351.0
O43318,-220.0
O43320,-153.0
O43323,-506.0
O43324,-229.0
O43353,-570.0
O43364,-62.0
O43365,163.0
O43374,-852.0
O43379,-1003.0
O43390,240.0
O43395,-490.0
O43396,-61.0
O43399,-100.0
O43402,-277.0
O43405,-303.0
O43422,-953.0
O43424,-931.0
O43426,-630.0
O43427,-505.0
O43432,-822.0
O43435,-197.0
O43439,-327.0
O43447,-5.0
O43451,-1490.0
O43462,-743.0
O43463,-362.0
O43464,-511.0
O43474,36.0
O43482,-226.0
O43488,-395.0
O43490,-1154.0
O43491,-389.0
O43493,336.0
O43497,-2267.0
O43502,-490.0
O43504,-76.0
O43505,-433.0
O43506,-527.0
O43508,-255.0
O43511,-1031.0
O43513,-241.0
O43516,365.0
O43520,-1569.0
O43521,-40.0
O43524,221.0
O43525,-633.0
O43526,-572.0
O43529,-523.0
O43541,-239.0
O43542,-474.0
O43543,-374.0
O43548,-412.0
O43556,-327.0
O43557,-281.0
O43559,-40.0
O43561,-27.0
O43566,-347.0
O43567,-345.0
O43570,-257.0
O43572,-475.0
O43581,-263.0
O43583,-79.0
O43586,-329.0
O43592,-1395.0
O43593,-442.0
O43597,-112.0
O43598,-148.0
O43602,-43.0
O43603,-748.0
O43609,-212.0
O43610,-265.0
O43612,-185.0
O43613,-791.0
O43614,-785.0
O43615,-386.0
O43617,-165.0
O43623,-198.0
O43633,-123.0
O43639,-104.0
O43653,-115.0
O43660,-358.0
O43663,-516.0
O43665,-84.0
O43670,334.0
O43674,-299.0
O43676,-49.0
O43678,-81.0
O43679,-161.0
O43680,-35.0
O43681,-236.0
O43683,-677.0
O43684,-165.0
O43687,28.0
O43688,-456.0
O43699,-241.0
O43704,-270.0
O43707,-987.0
O43708,-256.0
O43709,-129.0
O43711,-147.0
O43715,-26.0
O43716,-119.0
O43719,355.0
O43731,-466.0
O43734,-233.0
O43739,-398.0
O43741,-148.0
O43745,-158.0
O43747,-991.0
O43749,-655.0
O43752,-259.0
O43759,-159.0
O43760,-249.0
O43761,-156.0
O43763,32.0
O43765,-149.0
O43766,-322.0
O43768,97.0
O43772,-295.0
O43776,-477.0
O43781,-441.0
O43790,-382.0
O43791,-327.0
O43795,-1331.0
O43805,-90.0
O43808,-517.0
O43809,-230.0
O43813,-467.0
O43815,-403.0
O43818,-359.0
O43819,-281.0
O43820,-468.0
O43822,-232.0
O43823,301.0
O43825,-426.0
O43826,-546.0
O43827,-165.0
O43829,-256.0
O43837,-396.0
O43847,-1024.0
O43852,-101.0
O43854,-117.0
O43861,-1476.0
O43865,-425.0
O43866,-32.0
O43868,-974.0
O43889,-360.0
O43895,-528.0
O43896,-567.0
O43897,-467.0
O43900,-408.0
O43903,-207.0
O43909,-902.0
O43913,-714.0
O43914,-146.0
O43915,-299.0
O43916,-548.0
O43918,-348.0
O43920,-83.0
O43921,-146.0
O43924,-86.0
O43927,-132.0
O43929,-576.0
O43933,-1103.0
O60216,-205.0
O60218,-367.0
O60220,-58.0
O60229,-2942.0
O60231,-1018.0
O60232,-144.0
O60235,-418.0
O60237,-420.0
O60238,38.0
O60239,-98.0
O60240,-365.0
O60241,-1097.0
O60242,-1182.0
O60243,-351.0
O60244,-1373.0
O60248,25.0
O60256,-491.0
O60258,-121.0
O60259,-41.0
O60260,-236.0
O60264,-1005.0
O60266,-1385.0
O60269,-205.0
O60271,-452.0
O60281,-1032.0
O60282,-737.0
O60284,-105.0
O60285,-415.0
O60291,-309.0
O60292,-443.0
O60293,-1111.0
O60294,-682.0
O60296,-503.0
O60303,-804.0
O60304,-121.0
O60306,-1655.0
O60307,-736.0
O60308,-1065.0
O60312,-1765.0
O60313,-1070.0
O60315,-82.0
O60318,-1132.0
O60331,-312.0
O60333,-1555.0
O60336,-729.0
O60337,-1660.0
O60341,-480.0
O60343,-976.0
O60346,-939.0
O60353,-903.0
O60356,27.0
O60359,-390.0
O60381,48.0
O60383,-435.0
O60391,-1318.0
O60393,136.0
O60423,-1622.0
O60427,-709.0
O60437,-1665.0
O60443,-531.0
O60447,-745.0
O60449,-1240.0
O60462,-483.0
O60469,-1208.0
O60476,-723.0
O60477,-715.0
O60478,-646.0
O60479,5.0
O60481,26.0
O60486,-1280.0
O60487,-269.0
O60488,-564.0
O60493,-134.0
O60494,-137.0
O60496,-194.0
O60499,-233.0
O60500,-905.0
O60502,-671.0
O60503,-1322.0
O60504,51.0
O60506,171.0
O60507,-444.0
O60508,-323.0
O60512,-142.0
O60513,-314.0
O60519,-37.0
O60524,-623.0
O60543,-259.0
O60547,-389.0
O60548,-26.0
O60551,-429.0
O60563,-273.0
O60565,-38.0
O60566,-860.0
O60568,-682.0
O60573,-88.0
O60583,-253.0
O60602,-1058.0
O60603,-1013.0
O60609,-578.0
O60610,-922.0
O60635,-342.0
O60636,-356.0
O60641,-265.0
O60645,-1031.0
O60656,-743.0
O60658,-905.0
O60662,-528.0
O60663,-140.0
O60664,-278.0
O60667,-289.0
O60669,-663.0
O60671,-242.0
O60673,-1592.0
O60674,-1095.0
O60675,-171.0
O60678,-513.0
O60682,-34.0
O60683,-552.0
O60684,-620.0
O60687,-268.0
O60701,-483.0
O60704,-442.0
O60706,-2405.0
O60711,-214.0
O60716,-436.0
O60721,-697.0
O60725,-377.0
O60729,-376.0
O60733,-761.0
O60741,-538.0
O60749,-429.0
O60755,-686.0
O60759,-140.0
O60760,-285.0
O60762,-308.0
O60763,-859.0
O60779,-897.0
O60783,-170.0
O60784,-301.0
O60806,-41.0
O60812,116.0
O60814,-99.0
O60825,-513.0
O60826,-837.0
O60828,-43.0
O60829,88.0
O60830,-104.0
O60831,-395.0
O60832,-513.0
O60840,-2253.0
O60841,-120.0
O60844,-51.0
O60858,-522.0
O60861,-208.0
O60869,-62.0
O60870,-344.0
O60879,-1025.0
O60880,-101.0
O60882,-207.0
O60883,-675.0
O60884,12.0
O60885,-32.0
O60888,-220.0
O60890,-635.0
O60894,-282.0
O60895,-257.0
O60896,-202.0
O60902,-42.0
O60906,-558.0
O60907,-326.0
O60909,-347.0
O60911,42.0
O60921,-351.0
O60925,-101.0
O60927,-32.0
O60928,-458.0
O60930,-3.0
O60931,-542.0
O60934,-228.0
O60936,47.0
O60938,-392.0
O60939,-151.0
O60941,-475.0
O60942,-327.0
O75015,-217.0
O75019,-239.0
O75022,-212.0
O75023,-365.0
O75027,-865.0
O75030,-340.0
O75031,-405.0
O75037,-1144.0
O75038,-288.0
O75044,-738.0
O75051,-1578.0
O75052,-314.0
O75054,-812.0
O75056,-147.0
O75061,8.0
O75063,-516.0
O75069,-442.0
O75072,-443.0
O75074,-166.0
O75077,-333.0
O75078,-323.0
O75081,-391.0
O75083,-274.0
O75084,-687.0
O75093,-778.0
O75094,-1169.0
O75096,-1192.0
O75106,-702.0
O75110,-1504.0
O75112,-256.0
O75113,-589.0
O75116,-1109.0
O75121,-400.0
O75122,-779.0
O75127,-684.0
O75128,-300.0
O75129,-1125.0
O75131,-309.0
O75132,-870.0
O75140,-1026.0
O75143,-241.0
O75144,-254.0
O75145,-831.0
O75146,-1254.0
O75147,-1692.0
O75150,-817.0
O75151,-203.0
O75152,-329.0
O75154,-207.0
O75155,-1882.0
O75159,-336.0
O75161,-1208.0
O75164,-437.0
O75165,-2815.0
O75167,-33.0
O75170,-813.0
O75173,-443.0
O75175,8.0
O75177,552.0
O75179,-547.0
O75182,-889.0
O75185,-1019.0
O75190,294.0
O75191,-384.0
O75192,-425.0
O75197,-1535.0
O75204,-336.0
O75208,-266.0
O75223,-45.0
O75251,-200.0
O75293,-168.0
O75298,-497.0
O75306,-433.0
O75309,-711.0
O75310,-635.0
O75311,-575.0
O75312,-275.0
O75317,-298.0
O75319,-223.0
O75323,-365.0
O75324,-117.0
O75326,-387.0
O75330,-458.0
O75334,-1122.0
O75339,-586.0
O75340,-116.0
O75342,-933.0
O75343,-563.0
O75344,-342.0
O75347,-98.0
O75348,-77.0
O75351,-306.0
O75354,-492.0
O75355,-408.0
O75356,-384.0
O75360,-37.0
O75362,-177.0
O75364,-37.0
O75365,-219.0
O75366,-592.0
O75367,-221.0
O75369,-128.0
O75376,-426.0
O75379,-87.0
O75380,-66.0
O75381,-45.0
O75382,-371.0
O75385,-397.0
O75386,-195.0
O75387,-824.0
O75390,-457.0
O75396,-261.0
O75398,-277.0
O75400,-231.0
O75409,-17.0
O75410,-90.0
O75414,-225.0
O75417,-1712.0
O75419,-691.0
O75420,-118.0
O75425,-234.0
O75427,-506.0
O75431,-307.0
O75436,-287.0
O75438,-79.0
O75439,-578.0
O75443,-1098.0
O75444,96.0
O75445,-2859.0
O75446,-82.0
O75448,-1369.0
O75449,-335.0
O75452,-444.0
O75460,-850.0
O75461,-232.0
O75462,-370.0
O75469,-423.0
O75473,-1304.0
O75475,167.0
O75477,-361.0
O75478,-571.0
O75486,-413.0
O75487,-369.0
O75489,-366.0
O75494,-36.0
O75496,-18.0
O75503,-247.0
O75506,-41.0
O75508,-410.0
O75509,-404.0
O75521,-254.0
O75525,-49.0
O75528,-208.0
O75529,-477.0
O75530,-284.0
O75531,-96.0
O75533,-1364.0
O75534,-341.0
O75553,-2.0
O75554,26.0
O75556,-111.0
O75558,-328.0
O75563,-152.0
O75564,-445.0
O75569,-213.0
O75575,-125.0
O75578,-965.0
O75581,-1256.0
O75582,-624.0
O75586,-207.0
O75592,-2816.0
O75593,-91.0
O75594,-115.0
O75600,-408.0
O75602,-755.0
O75603,-165.0
O75604,-298.0
O75607,-32.0
O75608,-164.0
O75610,-394.0
O75616,-397.0
O75618,-376.0
O75626,-390.0
O75629,-217.0
O75631,-217.0
O75636,-48.0
O75638,106.0
O75643,-2601.0
O75648,-437.0
O75663,-256.0
O75665,-793.0
O75674,-306.0
O75676,-630.0
O75677,-295.0
O75679,-280.0
O75688,-272.0
O75689,-281.0
O75691,-4084.0
O75694,-1500.0
O75695,-215.0
O75712,-442.0
O75716,-396.0
O75717,-518.0
O75718,-468.0
O75746,-798.0
O75747,-1589.0
O75751,-939.0
O75752,-515.0
O75762,-1443.0
O75771,-377.0
O75781,-104.0
O75783,-606.0
O75787,-411.0
O75791,-100.0
O75792,-260.0
O75795,-668.0
O75800,-588.0
O75807,-29.0
O75808,-760.0
O75815,-594.0
O75817,-178.0
O75818,-423.0
O75821,-111.0
O75822,3.0
O75828,-318.0
O75829,-194.0
O75832,-249.0
O75838,-154.0
O75840,-305.0
O75841,-353.0
O75843,-1240.0
O75844,-668.0
O75845,-450.0
O75864,-361.0
O75865,-201.0
O75871,-265.0
O75874,-257.0
O75879,-547.0
O75880,-294.0
O75881,-730.0
O75882,-588.0
O75884,-144.0
O75886,-216.0
O75888,-181.0
O75891,-652.0
O75896,-63.0
O75897,-253.0
O75899,-1101.0
O75900,-536.0
O75907,-776.0
O75908,-992.0
O75909,-261.0
O75911,-433.0
O75912,-730.0
O75914,-286.0
O75915,-297.0
O75916,-407.0
O75920,4.0
O75923,-1677.0
O75925,-485.0
O75928,-437.0
O75934,-250.0
O75935,-245.0
O75936,-347.0
O75937,-114.0
O75940,-37.0
O75943,-452.0
O75951,-189.0
O75952,-64.0
O75955,-475.0
O75962,-2498.0
O75969,-375.0
O75970,-1105.0
O75971,-26.0
O75976,-666.0
O76003,-283.0
O76011,-431.0
O76013,-466.0
O76014,-428.0
O76015,-456.0
O76021,-368.0
O76024,-1376.0
O76027,-468.0
O76031,-374.0
O76036,-279.0
O76039,-236.0
O76041,-459.0
O76050,-538.0
O76054,-351.0
O76061,-219.0
O76062,-724.0
O76064,-292.0
O76070,20.0
O76071,-294.0
O76074,-814.0
O76075,-338.0
O76076,-133.0
O76080,119.0
O76081,-337.0
O76082,-872.0
O76083,-638.0
O76090,-655.0
O76093,-177.0
O76094,-549.0
O76095,-131.0
O76096,-169.0
O77932,-235.0
O94759,-1682.0
O94760,-345.0
O94761,-863.0
O94762,-483.0
O94763,-244.0
O94766,-320.0
O94768,-376.0
O94769,-407.0
O94776,-630.0
O94777,-215.0
O94778,-350.0
O94779,-500.0
O94782,-288.0
O94788,-311.0
O94804,-804.0
O94805,-236.0
O94806,-619.0
O94808,-885.0
O94810,-442.0
O94811,-95.0
O94812,-1418.0
O94813,-1019.0
O94817,-120.0
O94818,-8.0
O94822,-2398.0
O94823,-1504.0
O94826,-391.0
O94827,-558.0
O94829,-1443.0
O94830,-413.0
O94832,-1176.0
O94842,-113.0
O94844,-851.0
O94850,-49.0
O94851,-937.0
O94855,-456.0
O94856,-465.0
O94864,-166.0
O94868,-503.0
O94874,-908.0
O94875,-234.0
O94876,-462.0
O94885,-56.0
O94886,-1286.0
O94887,-1107.0
O94888,-244.0
O94898,-900.0
O94900,56.0
O94901,-682.0
O94905,-303.0
O94906,-833.0
O94907,-96.0
O94910,-1131.0
O94911,-2014.0
O94915,-3253.0
O94916,718.0
O94919,-605.0
O94921,-369.0
O94923,-420.0
O94925,-436.0
O94927,-869.0
O94929,-293.0
O94933,-704.0
O94941,-339.0
O94953,-697.0
O94955,-798.0
O94956,-837.0
O94964,-960.0
O94966,-763.0
O94972,-588.0
O94973,-1142.0
O94979,-361.0
O94983,-889.0
O94985,-571.0
O94986,-1016.0
O94989,-504.0
O94991,-789.0
O94992,55.0
O94993,-160.0
O95045,-372.0
O95047,-752.0
O95049,-197.0
O95050,-293.0
O95057,-177.0
O95059,-205.0
O95067,-432.0
O95069,-656.0
O95070,-401.0
O95071,-1887.0
O95072,-767.0
O95073,-274.0
O95096,-106.0
O95104,105.0
O95125,-451.0
O95136,-751.0
O95139,-103.0
O95140,-773.0
O95147,-231.0
O95149,-167.0
O95150,-196.0
O95153,-374.0
O95154,-405.0
O95155,-1171.0
O95159,-346.0
O95163,-1303.0
O95166,-112.0
O95167,-63.0
O95168,-217.0
O95169,-18.0
O95171,-144.0
O95178,-50.0
O95180,-2281.0
O95182,-67.0
O95183,-127.0
O95185,-869.0
O95196,-66.0
O95197,-499.0
O95198,-604.0
O95201,-167.0
O95202,-765.0
O95206,-676.0
O95208,-154.0
O95210,33.0
O95214,-284.0
O95218,178.0
O95219,-477.0
O95229,-170.0
O95231,-27.0
O95232,-214.0
O95235,-699.0
O95236,-525.0
O95237,-377.0
O95238,-324.0
O95239,-682.0
O95243,-301.0
O95248,-1789.0
O95249,-305.0
O95251,-407.0
O95255,-2126.0
O95256,-584.0
O95257,-193.0
O95258,-457.0
O95259,-1029.0
O95263,-1040.0
O95264,-648.0
O95267,-820.0
O95271,-1118.0
O95273,-434.0
O95274,19.0
O95278,-313.0
O95279,-332.0
O95292,-180.0
O95294,-907.0
O95295,-202.0
O95297,-180.0
O95298,-218.0
O95299,-306.0
O95302,-195.0
O95319,-315.0
O95340,-607.0
O95342,-1349.0
O95343,-64.0
O95347,-1026.0
O95352,-699.0
O95359,281.0
O95361,-465.0
O95363,-530.0
O95365,-144.0
O95372,-275.0
O95373,-1337.0
O95376,-420.0
O95377,-449.0
O95379,-223.0
O95382,-1420.0
O95388,-228.0
O95389,-132.0
O95390,-317.0
O95391,-169.0
O95393,-317.0
O95394,-541.0
O95395,-497.0
O95396,-584.0
O95398,-1176.0
O95399,-190.0
O95400,58.0
O95402,-145.0
O95405,-516.0
O95406,-337.0
O95407,-240.0
O95409,247.0
O95415,-106.0
O95416,-135.0
O95425,-1031.0
O95427,-1401.0
O95428,104.0
O95429,482.0
O95433,-177.0
O95436,-1044.0
O95445,-161.0
O95447,-338.0
O95450,-702.0
O95452,-392.0
O95453,-451.0
O95456,-350.0
O95460,-526.0
O95461,-1042.0
O95466,-988.0
O95467,-90.0
O95470,-536.0
O95471,-238.0
O95475,-228.0
O95476,-415.0
O95477,-2150.0
O95479,-886.0
O95484,-429.0
O95486,-503.0
O95487,-469.0
O95490,-1185.0
O95497,-425.0
O95498,-493.0
O95500,-403.0
O95503,-225.0
O95528,-757.0
O95544,-240.0
O95551,-305.0
O95562,-339.0
O95563,-206.0
O95568,-243.0
O95571,-291.0
O95573,-677.0
O95600,-96.0
O95602,-1610.0
O95613,-2708.0
O95619,-184.0
O95622,-1344.0
O95628,-38.0
O95630,-394.0
O95631,-386.0
O95633,-128.0
O95639,-82.0
O95644,-276.0
O95665,-735.0
O95670,-11.0
O95671,-745.0
O95672,-900.0
O95674,-658.0
O95677,61.0
O95678,-85.0
O95684,-93.0
O95696,-817.0
O95704,-344.0
O95707,-289.0
O95711,-128.0
O95714,-4165.0
O95715,-138.0
O95716,-139.0
O95718,-421.0
O95721,-125.0
O95727,-306.0
O95741,-437.0
O95747,-421.0
O95749,-358.0
O95750,-189.0
O95751,-103.0
O95754,-831.0
O95758,-414.0
O95760,-196.0
O95772,-327.0
O95777,-97.0
O95782,-1128.0
O95785,-763.0
O95786,-957.0
O95789,-944.0
O95793,-91.0
O95801,-334.0
O95803,-973.0
O95807,-230.0
O95810,-68.0
O95813,-146.0
O95816,-178.0
O95817,52.0
O95819,-579.0
O95822,-530.0
O95831,-415.0
O95832,-334.0
O95833,-296.0
O95834,-440.0
O95835,-34.0
O95837,-489.0
O95843,-146.0
O95848,-183.0
O95858,-532.0
O95859,-461.0
O95861,-344.0
O95863,-183.0
O95864,-718.0
O95865,-257.0
O95866,-255.0
O95867,-144.0
O95868,-122.0
O95870,-583.0
O95872,-221.0
O95876,-1018.0
O95881,-91.0
O95886,197.0
O95897,-315.0
O95900,-405.0
O95905,-508.0
O95907,-676.0
O95922,-452.0
O95925,-67.0
O95926,-190.0
O95931,-122.0
O95932,-669.0
O95935,28.0
O95936,289.0
O95944,-247.0
O95947,-211.0
O95948,-88.0
O95954,-600.0
O95967,-232.0
O95968,-130.0
O95970,-464.0
O95971,-153.0
O95972,-419.0
O95977,-745.0
O95980,-801.0
O95983,-87.0
O95985,-659.0
O95988,-83.0
O95989,-100.0
O95990,-157.0
O95992,-492.0
O95994,-231.0
O95995,-532.0
O95996,-1379.0
O95997,-81.0
O95998,-256.0
O95999,-154.0
O96000,-191.0
O96004,-145.0
O96005,-663.0
O96006,-677.0
O96007,-207.0
O96008,-142.0
O96009,-362.0
O96011,-371.0
O96013,-160.0
O96014,-292.0
O96015,-44.0
O96017,-352.0
O96018,-559.0
O96019,-258.0
O96020,-517.0
O96024,-382.0
O96028,-451.0
O96033,-116.0
O97980,-19.0
P00156,-792.0
P00167,-144.0
P00325,-291.0
P00326,-262.0
P00338,-281.0
P00352,-284.0
P00367,-393.0
P00374,-63.0
P00387,-363.0
P00390,-375.0
P00395,-788.0
P00403,-367.0
P00414,-456.0
P00439,-548.0
P00441,-3.0
P00450,-599.0
P00451,-1427.0
P00480,-411.0
P00488,-342.0
P00491,-137.0
P00492,-258.0
P00505,-392.0
P00519,-442.0
P00533,-792.0
P00540,-404.0
P00558,-220.0
P00568,-124.0
P00709,-151.0
P00734,-329.0
P00736,-279.0
P00738,-295.0
P00739,-307.0
P00740,-123.0
P00742,-202.0
P00746,-281.0
P00747,8.0
P00748,-433.0
P00749,-240.0
P00750,-301.0
P00751,-243.0
P00797,-238.0
P00813,-381.0
P00846,-577.0
P00915,-112.0
P00918,-134.0
P00966,-351.0
P00973,-389.0
P00995,-53.0
P01008,-473.0
P01009,-406.0
P01011,-521.0
P01019,-554.0
P01023,-965.0
P01024,-1357.0
P01031,-1549.0
P01033,-205.0
P01034,-122.0
P01036,-139.0
P01037,-143.0
P01040,-39.0
P01042,-53.0
P01100,-140.0
P01106,-70.0
P01111,-170.0
P01112,-203.0
P01116,-221.0
P01127,-268.0
P01130,-463.0
P01133,-744.0
P01135,-279.0
P01137,-513.0
P01138,-186.0
P01148,-65.0
P01160,-95.0
P01178,-89.0
P01185,-96.0
P01189,76.0
P01210,-146.0
P01213,-144.0
P01215,-110.0
P01222,-197.0
P01225,-163.0
P01229,-174.0
P01236,-343.0
P01241,-245.0
P01242,-263.0
P01258,-72.0
P01266,-1216.0
P01270,-105.0
P01275,-137.0
P01282,-106.0
P01286,-116.0
P01298,-143.0
P01303,-123.0
P01308,-124.0
P01344,-205.0
P01350,-16.0
P01374,-228.0
P01375,-294.0
P01562,-211.0
P01563,-194.0
P01566,-188.0
P01567,-163.0
P01568,-149.0
P01569,-155.0
P01570,-165.0
P01571,-153.0
P01574,-326.0
P01579,-149.0
P01583,-198.0
P01584,-64.0
P01588,-311.0
P01589,-141.0
P01591,-226.0
P01593,-42.0
P01594,-42.0
P01597,-54.0
P01602,-54.0
P01611,-21.0
P01615,-13.0
P01619,-48.0
P01699,30.0
P01700,18.0
P01701,-8.0
P01704,77.0
P01705,45.0
P01706,70.0
P01709,73.0
P01721,15.0
P01730,-325.0
P01732,-294.0
P01742,-63.0
P01743,-44.0
P01762,-43.0
P01763,-58.0
P01764,-16.0
P01766,-45.0
P01767,-45.0
P01768,-32.0
P01772,-38.0
P01780,-51.0
P01782,-35.0
P01814,-157.0
P01817,-162.0
P01824,-34.0
P01825,-56.0
P01833,-321.0
P01834,-40.0
P01848,-66.0
P01850,-132.0
P01854,-239.0
P01857,-96.0
P01859,-45.0
P01860,-145.0
P01861,-49.0
P01871,-211.0
P01876,-245.0
P01877,-243.0
P01880,-307.0
P01889,-313.0
P01893,-269.0
P01903,-229.0
P01906,-163.0
P01909,-215.0
P01911,-195.0
P01920,-339.0
P02008,-231.0
P02042,-166.0
P02100,-161.0
P02144,-104.0
P02452,3272.0
P02458,3196.0
P02461,3321.0
P02462,3989.0
P02489,-165.0
P02511,-161.0
P02533,-80.0
P02538,34.0
P02545,-397.0
P02549,-2643.0
P02585,-62.0
P02647,-338.0
P02649,-377.0
P02652,-116.0
P02654,-116.0
P02655,-98.0
P02656,-68.0
P02671,335.0
P02675,35.0
P02679,-227.0
P02686,110.0
P02689,-98.0
P02708,-610.0
P02724,-171.0
P02730,-1287.0
P02741,-97.0
P02743,-248.0
P02745,130.0
P02746,159.0
P02747,156.0
P02748,-422.0
P02749,-147.0
P02750,-326.0
P02751,-97.0
P02753,-115.0
P02760,-122.0
P02763,-199.0
P02765,-264.0
P02766,-180.0
P02768,-801.0
P02771,-643.0
P02774,-416.0
P02775,-153.0
P02776,-146.0
P02778,-121.0
P02786,-527.0
P02787,-500.0
P02788,-431.0
P02790,-181.0
P02792,-235.0
P02794,-237.0
P02795,-90.0
P02808,-2.0
P02810,318.0
P02812,791.0
P02814,-21.0
P02818,-91.0
P03372,-418.0
P03886,-693.0
P03891,-695.0
P03897,-212.0
P03901,-221.0
P03905,-996.0
P03915,-1232.0
P03923,-190.0
P03928,-86.0
P03950,-162.0
P03951,-468.0
P03952,-293.0
P03956,-172.0
P03971,-697.0
P03973,-41.0
P03999,-380.0
P04000,-440.0
P04001,-434.0
P04003,-145.0
P04004,-111.0
P04035,-1033.0
P04040,-302.0
P04049,-446.0
P04053,-507.0
P04054,-71.0
P04062,-540.0
P04066,-313.0
P04070,-354.0
P04075,-362.0
P04080,-51.0
P04083,-363.0
P04085,-281.0
P04090,-263.0
P04114,-4413.0
P04118,-134.0
P04141,-217.0
P04150,-265.0
P04155,-24.0
P04156,181.0
P04179,-186.0
P04180,-468.0
P04181,-436.0
P04183,-225.0
P04196,-168.0
P04198,-82.0
P04201,-703.0
P04216,-159.0
P04217,-411.0
P04233,-148.0
P04234,-249.0
P04259,32.0
P04264,663.0
P04271,-66.0
P04275,-1655.0
P04278,-336.0
P04279,225.0
P04280,758.0
P04350,-91.0
P04406,-242.0
P04424,-560.0
P04439,-308.0
P04440,-205.0
P04553,-76.0
P04554,-150.0
P04626,-971.0
P04628,-355.0
P04629,-751.0
P04632,-48.0
P04637,-131.0
P04731,-57.0
P04732,-54.0
P04733,-65.0
P04746,-27.0
P04792,-125.0
P04798,-551.0
P04818,-288.0
P04839,-825.0
P04843,-645.0
P04844,-777.0
P04899,-384.0
P04908,-138.0
P04920,-1325.0
P04921,-123.0
P05000,-242.0
P05013,-197.0
P05014,-169.0
P05019,-47.0
P05023,-1186.0
P05026,-123.0
P05060,116.0
P05062,-311.0
P05067,-418.0
P05089,-251.0
P05090,-189.0
P05091,-255.0
P05093,-611.0
P05106,-387.0
P05107,-454.0
P05108,-618.0
P05109,-109.0
P05111,-443.0
P05112,-240.0
P05113,-185.0
P05114,109.0
P05120,-282.0
P05121,-385.0
P05129,-473.0
P05141,-376.0
P05154,-369.0
P05155,-430.0
P05156,-295.0
P05160,-324.0
P05161,-109.0
P05162,12.0
P05164,-754.0
P05165,-706.0
P05166,-469.0
P05177,-610.0
P05181,-696.0
P05186,-337.0
P05187,-334.0
P05198,-324.0
P05204,85.0
P05230,-67.0
P05231,-178.0
P05305,-174.0
P05362,-368.0
P05386,-34.0
P05387,-32.0
P05388,-311.0
P05408,-72.0
P05412,-75.0
P05413,-133.0
P05423,-248.0
P05451,-10.0
P05452,-175.0
P05455,-105.0
P05496,-186.0
P05538,-284.0
P05543,-448.0
P05546,-481.0
P05549,-213.0
P05556,-270.0
P05771,-368.0
P05783,-442.0
P05787,-145.0
P05813,-9.0
P05814,-160.0
P05937,-251.0
P05976,-124.0
P05981,-286.0
P05997,3339.0
P06028,-183.0
P06126,-298.0
P06127,-275.0
P06132,-443.0
P06133,-706.0
P06213,-1231.0
P06239,-497.0
P06241,-399.0
P06276,-359.0
P06280,-323.0
P06307,-106.0
P06312,-69.0
P06331,-72.0
P06340,-244.0
P06396,-281.0
P06400,-939.0
P06401,-569.0
P06454,183.0
P06493,-348.0
P06576,-541.0
P06681,-301.0
P06702,-61.0
P06703,-112.0
P06727,-458.0
P06729,-142.0
P06730,-219.0
P06731,-303.0
P06732,-224.0
P06733,-356.0
P06734,-203.0
P06737,-890.0
P06744,-547.0
P06746,-267.0
P06748,81.0
P06753,-119.0
P06756,-631.0
P06850,-184.0
P06858,-326.0
P06865,-402.0
P06870,-164.0
P06881,-116.0
P06899,-101.0
P07093,-464.0
P07098,-304.0
P07099,-431.0
P07101,-548.0
P07108,0.0
P07148,-31.0
P07195,-295.0
P07196,-200.0
P07197,-107.0
P07199,-108.0
P07202,-791.0
P07204,-311.0
P07205,-273.0
P07225,-419.0
P07237,-287.0
P07288,-252.0
P07305,16.0
P07306,-109.0
P07307,-119.0
P07315,-204.0
P07320,-154.0
P07327,-268.0
P07332,-944.0
P07333,-588.0
P07339,-246.0
P07355,-421.0
P07357,-118.0
P07358,-244.0
P07359,-589.0
P07360,-216.0
P07384,-588.0
P07437,-106.0
P07438,-59.0
P07451,-155.0
P07476,352.0
P07477,-62.0
P07478,-106.0
P07492,-34.0
P07498,-143.0
P07510,-799.0
P07550,-550.0
P07585,-238.0
P07602,-620.0
P07686,-673.0
P07711,-11.0
P07737,-54.0
P07738,-249.0
P07741,-205.0
P07766,-45.0
P07814,-1151.0
P07858,-15.0
P07864,-386.0
P07900,-581.0
P07902,-320.0
P07910,61.0
P07911,-427.0
P07919,-76.0
P07942,-713.0
P07947,-355.0
P07948,-405.0
P07949,-929.0
P07951,-96.0
P07954,-364.0
P07988,-533.0
P07992,-289.0
P07996,239.0
P07998,-6.0
P08034,-460.0
P08047,511.0
P08048,-472.0
P08069,-1027.0
P08100,-517.0
P08118,-97.0
P08123,2910.0
P08133,-778.0
P08134,-198.0
P08138,-228.0
P08151,296.0
P08172,-560.0
P08173,-694.0
P08174,-88.0
P08183,-1460.0
P08185,-441.0
P08195,-460.0
P08217,-157.0
P08218,-104.0
P08235,22.0
P08236,-602.0
P08237,-586.0
P08238,-588.0
P08240,-510.0
P08243,-657.0
P08246,-319.0
P08247,-18.0
P08253,-67.0
P08254,-331.0
P08263,-255.0
P08294,-135.0
P08311,-231.0
P08319,-305.0
P08397,-377.0
P08473,-606.0
P08476,-230.0
P08493,-156.0
P08514,-754.0
P08519,371.0
P08559,-320.0
P08567,-262.0
P08571,-418.0
P08572,3591.0
P08574,-286.0
P08575,-664.0
P08579,-26.0
P08581,-1196.0
P08582,-488.0
P08588,-702.0
P08590,-115.0
P08603,-151.0
P08620,-205.0
P08621,-96.0
P08631,-316.0
P08637,-225.0
P08648,-587.0
P08651,-184.0
P08670,-477.0
P08684,-549.0
P08686,-688.0
P08697,-426.0
P08700,-202.0
P08708,-142.0
P08709,-292.0
P08727,-234.0
P08729,-339.0
P08754,-366.0
P08758,-359.0
P08779,-71.0
P08833,-287.0
P08842,-533.0
P08861,-94.0
P08865,-307.0
P08887,-322.0
P08908,-676.0
P08910,-462.0
P08912,-724.0
P08913,-393.0
P08922,-2104.0
P08949,-150.0
P08962,-378.0
P08F94,-2984.0
P09012,-30.0
P09016,118.0
P09017,-65.0
P09038,17.0
P09067,-4.0
P09086,-48.0
P09104,-400.0
P09110,-329.0
P09132,-70.0
P09172,-553.0
P09210,-223.0
P09211,-261.0
P09228,-188.0
P09234,85.0
P09237,-111.0
P09238,-286.0
P09326,-215.0
P09327,-336.0
P09341,-127.0
P09382,-49.0
P09417,-191.0
P09429,62.0
P09430,9.0
P09455,-75.0
P09466,-269.0
P09467,-318.0
P09471,-345.0
P09486,-254.0
P09488,-280.0
P09493,-150.0
P09496,-45.0
P09497,22.0
P09525,-371.0
P09529,-283.0
P09543,-357.0
P09544,-309.0
P09564,-204.0
P09601,-353.0
P09603,-197.0
P09619,-919.0
P09622,-314.0
P09629,41.0
P09651,699.0
P09661,-208.0
P09668,-127.0
P09669,-82.0
P09681,-116.0
P09683,-120.0
P09693,-116.0
P09758,-376.0
P09769,-436.0
P09848,-1563.0
P09871,-92.0
P09874,-622.0
P09884,-1038.0
P09912,-59.0
P09913,-489.0
P09914,-518.0
P09917,-754.0
P09919,-311.0
P09923,-347.0
P09936,-150.0
P09958,-447.0
P09960,-712.0
P09972,-318.0
P0C024,-306.0
P0C0L4,-1328.0
P0C0L5,-1334.0
P0C0S5,-119.0
P0C0S8,-138.0
P0C1S8,-295.0
P0C1Z6,-51.0
P0C264,-340.0
P0C2W1,-214.0
P0C5Y9,-103.0
P0C5Z0,-112.0
P0C7P0,-103.0
P0C7P3,-1101.0
P0C7T5,-111.0
P0C7W6,-247.0
P0C7X2,-118.0
P0C869,-783.0
P0C870,-349.0
P0CAP1,-445.0
P0CAP2,-117.0
P0CB47,-75.0
P0CF74,-33.0
P0CG04,-39.0
P0CG20,-90.0
P0CG30,-305.0
P0CG37,-233.0
P0CG47,-199.0
P0CG48,-591.0
P0CW18,-510.0
P0DI81,-134.0
P0DI82,-134.0
P0DI83,-121.0
P0DJD3,180.0
P0DJD7,-51.0
P0DJD8,-50.0
P0DJD9,-44.0
P0DJI8,-61.0
P0DJI9,-77.0
P0DJJ0,-389.0
P0DMC3,-85.0
P0DME0,87.0
P0DML2,-243.0
P0DML3,-246.0
P0DMM9,-246.0
P0DMN0,-246.0
P0DMS8,-758.0
P0DMS9,-254.0
P0DMV8,-439.0
P0DMV9,-439.0
P0DMW2,-20.0
P0DN84,-112.0
P0DN86,-150.0
P0DOY2,-46.0
P0DOY3,-45.0
P0DP23,-34.0
P0DP24,-34.0
P0DP25,-34.0
P0DP57,-122.0
P0DP58,-173.0
P0DP91,-429.0
P0DPB3,135.0
P0DPB6,-58.0
P0DPD6,-637.0
P0DPD7,-190.0
P0DPD8,-778.0
P0DPH7,-379.0
P0DPH8,-379.0
P0DPK2,-168.0
P0DPK3,-43.0
P0DPK4,76.0
P0DPK5,-187.0
P0DSE1,-92.0
P0DSE2,-176.0
P0DTE4,-695.0
P0DTE5,-664.0
P0DTE7,-27.0
P0DTE8,-27.0
P0DTU3,-136.0
P0DTU4,-232.0
P0DUB6,-27.0
P10070,101.0
P10071,222.0
P10073,-307.0
P10074,-485.0
P10082,-157.0
P10092,-81.0
P10109,-131.0
P10114,-144.0
P10124,54.0
P10144,-132.0
P10145,-121.0
P10147,-100.0
P10153,-109.0
P10155,-593.0
P10163,585.0
P10176,-146.0
P10242,-378.0
P10243,-273.0
P10244,-456.0
P10253,-715.0
P10265,-35.0
P10275,-263.0
P10276,-265.0
P10301,-123.0
P10321,-243.0
P10323,-241.0
P10398,-408.0
P10412,65.0
P10415,-262.0
P10451,31.0
P10515,-409.0
P10523,-311.0
P10586,-1350.0
P10588,-351.0
P10589,-211.0
P10599,-21.0
P10600,-434.0
P10606,-104.0
P10619,-346.0
P10620,-254.0
P10632,-554.0
P10635,-627.0
P10636,432.0
P10643,-138.0
P10644,-326.0
P10645,7.0
P10646,-94.0
P10696,-353.0
P10720,-157.0
P10721,-785.0
P10745,-1463.0
P10746,-227.0
P10747,-189.0
P10767,-190.0
P10768,-154.0
P10809,-401.0
P10826,-389.0
P10827,-377.0
P10828,-492.0
P10909,-329.0
P10911,-927.0
P10912,-293.0
P10914,-67.0
P10916,-61.0
P10966,-279.0
P10997,-92.0
P11021,-376.0
P11047,-569.0
P11049,-589.0
P11055,-1570.0
P11086,-307.0
P11117,-397.0
P11137,-179.0
P11142,-388.0
P11150,-479.0
P11161,11.0
P11166,-667.0
P11168,-795.0
P11169,-713.0
P11171,-477.0
P11172,-583.0
P11177,-256.0
P11182,-424.0
P11215,-777.0
P11216,-989.0
P11217,-959.0
P11226,57.0
P11229,-590.0
P11230,-643.0
P11233,-141.0
P11234,-116.0
P11245,-304.0
P11274,-606.0
P11277,-2433.0
P11279,-300.0
P11308,-143.0
P11309,-369.0
P11310,-305.0
P11362,-692.0
P11387,-512.0
P11388,-755.0
P11413,-469.0
P11441,-167.0
P11464,-348.0
P11473,-300.0
P11474,-305.0
P11487,-196.0
P11488,-369.0
P11498,-1132.0
P11509,-375.0
P11511,-693.0
P11532,-3915.0
P11586,-796.0
P11597,-544.0
P11678,-944.0
P11684,-105.0
P11686,-227.0
P11712,-672.0
P11717,-1029.0
P11766,-319.0
P11801,-459.0
P11802,-368.0
P11831,156.0
P11836,-276.0
P11908,-455.0
P11912,-84.0
P11926,-296.0
P11940,-284.0
P12004,-161.0
P12018,-66.0
P12034,-34.0
P12035,488.0
P12036,-180.0
P12074,-91.0
P12081,-469.0
P12104,-48.0
P12107,3168.0
P12109,444.0
P12110,456.0
P12111,-1384.0
P12235,-351.0
P12236,-333.0
P12259,-1052.0
P12268,-430.0
P12270,-939.0
P12271,-228.0
P12272,-69.0
P12273,-220.0
P12277,-229.0
P12314,-342.0
P12318,-120.0
P12319,-175.0
P12429,-413.0
P12524,-115.0
P12532,-455.0
P12544,-213.0
P12643,-336.0
P12644,-381.0
P12645,-353.0
P12694,-322.0
P12724,-205.0
P12755,-644.0
P12757,-465.0
P12814,-1063.0
P12821,-1352.0
P12829,-108.0
P12830,-531.0
P12838,-106.0
P12882,-1606.0
P12883,-1543.0
P12931,-378.0
P12955,-332.0
P12956,-441.0
P12980,-112.0
P13010,-583.0
P13051,-146.0
P13056,-585.0
P13073,-149.0
P13164,-256.0
P13196,-469.0
P13224,-386.0
P13232,-190.0
P13236,-120.0
P13284,-277.0
P13349,-165.0
P13378,28.0
P13385,-167.0
P13473,-151.0
P13489,-576.0
P13497,-247.0
P13498,-204.0
P13500,-115.0
P13501,-123.0
P13521,-114.0
P13533,-1479.0
P13535,-1560.0
P13569,-2025.0
P13584,-638.0
P13591,-367.0
P13598,-306.0
P13611,-660.0
P13612,-646.0
P13631,-214.0
P13637,-1120.0
P13639,-792.0
P13640,-86.0
P13645,701.0
P13646,-96.0
P13647,246.0
P13667,-283.0
P13671,-270.0
P13674,-503.0
P13682,-336.0
P13686,-260.0
P13688,-135.0
P13693,-105.0
P13716,-413.0
P13725,-245.0
P13726,-207.0
P13727,-124.0
P13747,-270.0
P13762,-216.0
P13765,-295.0
P13796,-608.0
P13797,-660.0
P13798,-448.0
P13804,-335.0
P13805,-77.0
P13807,-694.0
P13861,-347.0
P13866,-1134.0
P13928,-390.0
P13929,-371.0
P13942,2898.0
P13945,-749.0
P13984,-187.0
P13987,-149.0
P13994,-240.0
P13995,-339.0
P14060,-421.0
P14061,-372.0
P14091,44.0
P14136,-513.0
P14138,-18.0
P14151,-173.0
P14174,-128.0
P14207,-225.0
P14209,112.0
P14210,-252.0
P14222,-512.0
P14314,-86.0
P14316,-88.0
P14317,33.0
P14324,-619.0
P14373,-487.0
P14384,-367.0
P14406,-73.0
P14410,-1139.0
P14415,-107.0
P14416,-745.0
P14543,-225.0
P14550,-390.0
P14555,-104.0
P14598,-295.0
P14616,-1351.0
P14618,-546.0
P14625,-629.0
P14635,-400.0
P14649,-146.0
P14651,342.0
P14652,-127.0
P14653,154.0
P14672,-801.0
P14678,-22.0
P14679,-279.0
P14735,-1201.0
P14770,-313.0
P14778,-629.0
P14780,-200.0
P14784,-445.0
P14854,-18.0
P14859,-393.0
P14866,120.0
P14867,-504.0
P14868,-427.0
P14902,-460.0
P14920,-375.0
P14921,-226.0
P14923,-809.0
P14927,-96.0
P15018,-216.0
P15036,-107.0
P15056,-426.0
P15085,-386.0
P15086,-409.0
P15090,-97.0
P15104,-75.0
P15121,-324.0
P15144,-853.0
P15151,-248.0
P15153,-234.0
P15169,-277.0
P15170,-245.0
P15172,-194.0
P15173,-188.0
P15248,-147.0
P15259,-208.0
P15260,-258.0
P15289,-385.0
P15291,-228.0
P15309,-408.0
P15311,-489.0
P15313,-462.0
P15328,-190.0
P15336,-96.0
P15374,-209.0
P15382,-143.0
P15391,-50.0
P15407,-68.0
P15408,-6.0
P15428,-237.0
P15498,-796.0
P15502,1036.0
P15509,-370.0
P15514,-36.0
P15515,-65.0
P15516,-82.0
P15529,-233.0
P15531,-97.0
P15538,-701.0
P15559,-195.0
P15586,-375.0
P15622,-431.0
P15692,-161.0
P15735,-543.0
P15812,-393.0
P15813,-284.0
P15814,-23.0
P15822,-408.0
P15848,-490.0
P15863,-63.0
P15880,-55.0
P15882,-596.0
P15884,471.0
P15907,-306.0
P15918,-1044.0
P15923,322.0
P15924,-2638.0
P15927,-39.0
P15941,1446.0
P15954,-80.0
P15976,-61.0
P16035,-203.0
P16050,-773.0
P16066,-1334.0
P16070,48.0
P16083,-159.0
P16104,-123.0
P16109,-244.0
P16112,443.0
P16118,-587.0
P16144,-1082.0
P16150,101.0
P16152,-252.0
P16157,-1674.0
P16219,-413.0
P16220,-89.0
P16233,-112.0
P16234,-1005.0
P16278,-464.0
P16284,-452.0
P16298,-485.0
P16333,-44.0
P16383,-595.0
P16389,-530.0
P16401,45.0
P16402,17.0
P16403,30.0
P16410,-259.0
P16422,-220.0
P16435,-653.0
P16442,-422.0
P16444,-490.0
P16452,-710.0
P16455,-136.0
P16471,-252.0
P16473,-997.0
P16499,-874.0
P16519,-241.0
P16520,-247.0
P16581,39.0
P16591,-779.0
P16615,-1162.0
P16619,-113.0
P16662,-548.0
P16671,-454.0
P16860,-76.0
P16870,-271.0
P16871,-393.0
P16885,-1243.0
P16930,-267.0
P16949,-28.0
P16989,146.0
P17010,-411.0
P17014,-425.0
P17020,-264.0
P17021,-536.0
P17022,-250.0
P17023,-286.0
P17024,-286.0
P17027,-187.0
P17028,-229.0
P17036,-228.0
P17040,-461.0
P17041,-169.0
P17050,-342.0
P17066,-511.0
P17081,-242.0
P17096,166.0
P17152,-330.0
P17174,-390.0
P17181,-465.0
P17213,-359.0
P17252,-289.0
P17275,164.0
P17301,-621.0
P17302,-309.0
P17342,-405.0
P17405,-715.0
P17480,-165.0
P17481,15.0
P17482,-65.0
P17483,-110.0
P17509,46.0
P17516,-308.0
P17535,-137.0
P17540,-419.0
P17542,-65.0
P17544,-157.0
P17568,-134.0
P17600,299.0
P17612,-279.0
P17643,-242.0
P17655,-640.0
P17658,-317.0
P17661,-438.0
P17676,-117.0
P17677,135.0
P17693,-328.0
P17706,-355.0
P17707,-178.0
P17735,-448.0
P17752,-431.0
P17787,-667.0
P17812,-461.0
P17813,-736.0
P17844,-238.0
P17858,-747.0
P17861,-249.0
P17900,-163.0
P17927,-236.0
P17931,191.0
P17936,-150.0
P17947,-84.0
P17948,-1213.0
P17980,-349.0
P17987,-654.0
P18031,-332.0
P18054,-813.0
P18065,-194.0
P18074,-1180.0
P18075,-442.0
P18077,-100.0
P18084,-598.0
P18085,-224.0
P18089,-631.0
P18124,-259.0
P18146,197.0
P18206,-1129.0
P18405,-451.0
P18428,-529.0
P18433,-580.0
P18440,-325.0
P18505,-509.0
P18507,-602.0
P18509,-83.0
P18510,-142.0
P18545,29.0
P18564,-430.0
P18577,-828.0
P18583,-584.0
P18615,-84.0
P18621,-90.0
P18627,-303.0
P18669,-217.0
P18754,-18.0
P18825,-506.0
P18827,-10.0
P18846,0.0
P18847,-172.0
P18848,-68.0
P18850,-346.0
P18858,-610.0
P18859,-61.0
P18887,-53.0
P19012,-83.0
P19013,44.0
P19021,-298.0
P19022,-528.0
P19075,-425.0
P19086,-469.0
P19087,-361.0
P19099,-754.0
P19105,-75.0
P19113,-631.0
P19174,-1049.0
P19224,-670.0
P19235,-516.0
P19237,-171.0
P19256,-263.0
P19320,-434.0
P19338,550.0
P19367,-913.0
P19387,-285.0
P19388,-253.0
P19397,-381.0
P19404,-180.0
P19419,-140.0
P19429,-214.0
P19438,-369.0
P19440,-544.0
P19447,-677.0
P19474,-359.0
P19484,-206.0
P19525,-194.0
P19526,-495.0
P19532,-401.0
P19544,68.0
P19622,250.0
P19623,-241.0
P19634,-1323.0
P19652,-177.0
P19784,-467.0
P19793,-275.0
P19801,-533.0
P19823,-548.0
P19827,-622.0
P19835,-41.0
P19838,-475.0
P19875,-133.0
P19876,-155.0
P19878,-269.0
P19883,-76.0
P19957,-21.0
P19971,-523.0
P20020,-1215.0
P20023,-213.0
P20036,-297.0
P20042,-51.0
P20061,-293.0
P20062,-627.0
P20073,-12.0
P20132,-367.0
P20138,-172.0
P20142,-24.0
P20151,-222.0
P20155,-84.0
P20160,-94.0
P20226,-124.0
P20231,-170.0
P20248,-393.0
P20264,200.0
P20265,51.0
P20273,-295.0
P20290,-5.0
P20292,-272.0
P20309,-549.0
P20333,9.0
P20336,-121.0
P20337,-157.0
P20338,-201.0
P20339,-114.0
P20340,-161.0
P20366,-126.0
P20393,-117.0
P20396,-78.0
P20472,-17.0
P20585,-1135.0
P20591,-751.0
P20592,-734.0
P20594,-1323.0
P20618,-212.0
P20645,-197.0
P20648,-1228.0
P20671,-131.0
P20674,-206.0
P20700,-493.0
P20701,-774.0
P20702,-751.0
P20711,-616.0
P20718,-127.0
P20719,105.0
P20742,-1065.0
P20749,-492.0
P20774,-323.0
P20783,-227.0
P20794,-199.0
P20800,-219.0
P20807,-562.0
P20809,-387.0
P20810,-15.0
P20813,-744.0
P20815,-560.0
P20823,-180.0
P20827,-253.0
P20839,-370.0
P20848,-521.0
P20849,1353.0
P20851,-60.0
P20853,-423.0
P20908,3182.0
P20916,-499.0
P20929,-5140.0
P20930,5432.0
P20933,-213.0
P20936,-1018.0
P20941,-174.0
P20963,-115.0
P21108,-460.0
P21127,-287.0
P21128,-333.0
P21145,-347.0
P21217,-476.0
P21246,48.0
P21266,-266.0
P21281,-469.0
P21283,-476.0
P21291,46.0
P21333,333.0
P21359,-3592.0
P21397,-446.0
P21399,-691.0
P21439,-1420.0
P21452,-769.0
P21453,-810.0
P21462,-637.0
P21549,-433.0
P21554,-735.0
P21579,-263.0
P21580,-544.0
P21583,-245.0
P21589,-525.0
P21673,-183.0
P21675,-717.0
P21695,-323.0
P21709,-760.0
P21728,-689.0
P21730,-746.0
P21731,-629.0
P21741,69.0
P21754,-430.0
P21757,-67.0
P21781,-189.0
P21796,-71.0
P21802,-684.0
P21810,-313.0
P21815,345.0
P21817,-4758.0
P21854,-312.0
P21860,-577.0
P21912,-297.0
P21917,-588.0
P21918,-561.0
P21926,-357.0
P21941,-391.0
P21953,-375.0
P21964,-378.0
P21980,-479.0
P22001,-474.0
P22003,-423.0
P22004,-353.0
P22033,-615.0
P22059,-401.0
P22061,-158.0
P22079,-603.0
P22083,-462.0
P22087,119.0
P22102,-932.0
P22105,180.0
P22223,-473.0
P22234,-361.0
P22301,-188.0
P22303,-485.0
P22304,-416.0
P22307,-224.0
P22309,-647.0
P22310,-697.0
P22314,-776.0
P22362,-114.0
P22392,-115.0
P22413,-509.0
P22415,-21.0
P22455,-781.0
P22459,-470.0
P22460,-438.0
P22466,-101.0
P22492,-53.0
P22528,31.0
P22557,-604.0
P22570,-369.0
P22607,-624.0
P22612,-276.0
P22626,554.0
P22670,-254.0
P22674,-432.0
P22680,-735.0
P22681,-374.0
P22692,-132.0
P22694,-323.0
P22695,-411.0
P22732,-723.0
P22735,-139.0
P22736,-314.0
P22748,-224.0
P22749,-207.0
P22760,-492.0
P22792,-677.0
P22794,-116.0
P22830,-475.0
P22888,-946.0
P22891,-268.0
P22894,-195.0
P22897,-485.0
P22914,-144.0
P23025,-179.0
P23083,-32.0
P23109,-665.0
P23141,-445.0
P23142,-305.0
P23193,-182.0
P23219,-601.0
P23229,-583.0
P23246,529.0
P23258,-468.0
P23276,-828.0
P23280,-248.0
P23284,-29.0
P23297,-72.0
P23327,238.0
P23352,-474.0
P23368,-693.0
P23378,-865.0
P23381,-287.0
P23396,-230.0
P23409,-165.0
P23415,-551.0
P23416,-494.0
P23434,-142.0
P23435,-115.0
P23443,-154.0
P23458,-1174.0
P23467,-1144.0
P23468,-1229.0
P23469,-708.0
P23470,-699.0
P23471,-877.0
P23490,1031.0
P23497,-29.0
P23508,-653.0
P23510,-186.0
P23511,192.0
P23515,-422.0
P23526,-437.0
P23527,-102.0
P23528,-145.0
P23560,-195.0
P23582,-26.0
P23588,326.0
P23610,-397.0
P23634,-1232.0
P23677,-408.0
P23743,-672.0
P23759,-80.0
P23760,-100.0
P23763,-86.0
P23769,-1.0
P23771,65.0
P23786,-543.0
P23919,-230.0
P23921,-843.0
P23942,-337.0
P23945,-1112.0
P23946,-253.0
P23975,-927.0
P24001,-180.0
P24043,-1331.0
P24046,-561.0
P24071,-239.0
P24158,-223.0
P24278,-295.0
P24298,-538.0
P24310,-103.0
P24311,-77.0
P24347,-451.0
P24385,-391.0
P24386,-423.0
P24387,-267.0
P24390,-479.0
P24394,-477.0
P24462,-572.0
P24468,-259.0
P24522,-205.0
P24530,-794.0
P24534,-93.0
P24539,-298.0
P24557,-693.0
P24588,-21.0
P24592,-1.0
P24593,-142.0
P24666,-101.0
P24723,-530.0
P24752,-323.0
P24821,-768.0
P24844,-41.0
P24855,-295.0
P24863,-416.0
P24864,-497.0
P24903,-618.0
P24928,-1096.0
P24941,-429.0
P25021,-744.0
P25024,-697.0
P25025,-752.0
P25054,190.0
P25063,-52.0
P25067,1393.0
P25089,-671.0
P25090,-681.0
P25092,-1094.0
P25098,-610.0
P25100,-550.0
P25101,-704.0
P25103,-687.0
P25105,-660.0
P25106,-741.0
P25116,-694.0
P25189,-254.0
P25205,-559.0
P25208,-87.0
P25311,-192.0
P25325,-282.0
P25391,-1497.0
P25398,-138.0
P25440,-244.0
P25445,-263.0
P25490,133.0
P25685,-15.0
P25686,131.0
P25705,-578.0
P25713,-48.0
P25774,-126.0
P25786,-246.0
P25787,-177.0
P25788,-204.0
P25789,-203.0
P25791,-186.0
P25800,-135.0
P25815,-51.0
P25874,-395.0
P25929,-631.0
P25940,2920.0
P25942,-185.0
P25963,-273.0
P26006,-861.0
P26010,-580.0
P26012,-519.0
P26022,-376.0
P26038,-313.0
P26045,-672.0
P26196,-439.0
P26232,-1013.0
P26358,-897.0
P26367,38.0
P26368,-137.0
P26371,48.0
P26373,-188.0
P26374,-406.0
P26378,-92.0
P26436,121.0
P26439,-402.0
P26440,-408.0
P26441,-277.0
P26447,-42.0
P26572,-592.0
P26583,119.0
P26599,-335.0
P26639,-492.0
P26640,-1304.0
P26641,-355.0
P26651,-21.0
P26678,-120.0
P26715,-251.0
P26717,-201.0
P26718,-197.0
P26842,-315.0
P26885,-89.0
P26927,-288.0
P26951,-371.0
P26992,-396.0
P26998,-68.0
P27037,-516.0
P27105,-403.0
P27144,-214.0
P27169,-288.0
P27216,-321.0
P27338,-532.0
P27348,-242.0
P27352,-321.0
P27361,-437.0
P27448,-354.0
P27449,-268.0
P27469,-92.0
P27487,-612.0
P27539,-486.0
P27540,125.0
P27544,-545.0
P27635,-178.0
P27658,1393.0
P27694,-226.0
P27695,-200.0
P27701,-324.0
P27707,-264.0
P27708,-2139.0
P27797,110.0
P27815,-553.0
P27816,9.0
P27824,-143.0
P27918,87.0
P27930,-535.0
P27986,-660.0
P27987,53.0
P28039,-436.0
P28062,-80.0
P28065,-180.0
P28066,-204.0
P28067,-246.0
P28068,-263.0
P28069,-257.0
P28070,-155.0
P28072,-156.0
P28074,-144.0
P28161,-253.0
P28221,-828.0
P28222,-727.0
P28223,-555.0
P28288,-920.0
P28289,-223.0
P28290,-224.0
P28300,-180.0
P28324,-210.0
P28325,-76.0
P28328,-376.0
P28329,-656.0
P28330,-367.0
P28331,-679.0
P28332,-295.0
P28335,-764.0
P28336,-610.0
P28340,-1195.0
P28347,-225.0
P28356,131.0
P28358,-80.0
P28360,-148.0
P28370,-971.0
P28472,-586.0
P28476,-557.0
P28482,-507.0
P28562,-412.0
P28566,-806.0
P28676,-89.0
P28698,-316.0
P28702,-103.0
P28715,-419.0
P28749,-1092.0
P28799,-242.0
P28827,-889.0
P28838,-437.0
P28845,-412.0
P28906,-45.0
P28907,-335.0
P28908,-257.0
P29016,-251.0
P29017,-346.0
P29033,-382.0
P29034,-38.0
P29074,-560.0
P29083,-285.0
P29084,-89.0
P29120,-261.0
P29122,-420.0
P29144,-1091.0
P29218,-212.0
P29274,-620.0
P29275,-601.0
P29279,-166.0
P29317,-816.0
P29320,-734.0
P29322,-1009.0
P29323,-648.0
P29350,-266.0
P29353,-169.0
P29371,-719.0
P29372,-136.0
P29373,-112.0
P29374,-362.0
P29375,-1277.0
P29376,-451.0
P29400,3825.0
P29401,-599.0
P29459,-313.0
P29460,-268.0
P29466,-313.0
P29474,-999.0
P29475,-955.0
P29508,-296.0
P29536,-184.0
P29558,-38.0
P29590,-802.0
P29597,-1287.0
P29622,-591.0
P29692,-145.0
P29728,-712.0
P29803,-320.0
P29965,-225.0
P29966,218.0
P29972,-360.0
P29973,-700.0
P29992,-507.0
P30038,-442.0
P30039,-318.0
P30040,-143.0
P30041,-278.0
P30043,-232.0
P30044,-123.0
P30046,-157.0
P30047,-87.0
P30048,-265.0
P30049,-136.0
P30050,-172.0
P30084,-258.0
P30085,-146.0
P30086,-97.0
P30101,-317.0
P30153,-945.0
P30154,-853.0
P30203,-148.0
P30260,-596.0
P30273,-161.0
P30279,-391.0
P30281,-438.0
P30291,-246.0
P30301,-401.0
P30304,-236.0
P30305,-414.0
P30307,-248.0
P30405,18.0
P30411,-690.0
P30414,102.0
P30419,-350.0
P30511,-323.0
P30518,-579.0
P30519,-242.0
P30520,-215.0
P30530,-652.0
P30531,-762.0
P30532,-582.0
P30533,-410.0
P30536,-237.0
P30542,-710.0
P30550,-763.0
P30556,-808.0
P30559,-758.0
P30566,-636.0
P30613,-617.0
P30622,-803.0
P30626,-29.0
P30679,-485.0
P30711,-338.0
P30740,-319.0
P30793,-162.0
P30825,-856.0
P30837,-308.0
P30838,-404.0
P30872,-554.0
P30874,-561.0
P30876,-1134.0
P30926,-623.0
P30939,-751.0
P30968,-575.0
P30988,-670.0
P30989,-659.0
P30990,-232.0
P31025,-134.0
P31040,-414.0
P31146,-355.0
P31150,-401.0
P31151,-71.0
P31152,-618.0
P31153,-298.0
P31213,-418.0
P31249,219.0
P31260,239.0
P31268,-20.0
P31269,-148.0
P31270,-67.0
P31271,-48.0
P31273,138.0
P31274,-73.0
P31276,72.0
P31314,33.0
P31321,-332.0
P31323,-272.0
P31327,-1215.0
P31350,-449.0
P31358,-69.0
P31371,-104.0
P31391,-749.0
P31415,-211.0
P31431,-81.0
P31483,131.0
P31512,-538.0
P31513,-282.0
P31629,47.0
P31639,-960.0
P31641,-866.0
P31644,-365.0
P31645,-840.0
P31689,-95.0
P31749,-423.0
P31751,-499.0
P31785,-309.0
P31930,-550.0
P31937,-149.0
P31939,-680.0
P31941,-223.0
P31942,467.0
P31943,231.0
P31944,-246.0
P31946,-193.0
P31947,-208.0
P31948,-461.0
P31949,-79.0
P31994,-149.0
P31995,-140.0
P31997,-176.0
P32004,-609.0
P32019,-788.0
P32119,-171.0
P32121,-312.0
P32189,-570.0
P32238,-558.0
P32239,-658.0
P32241,-681.0
P32242,92.0
P32243,62.0
P32245,-723.0
P32246,-809.0
P32247,-588.0
P32248,-774.0
P32249,-677.0
P32297,-712.0
P32298,-450.0
P32302,-804.0
P32320,-130.0
P32321,-118.0
P32322,-381.0
P32418,-1137.0
P32455,-468.0
P32456,-390.0
P32519,-114.0
P32745,-548.0
P32754,-305.0
P32780,-424.0
P32856,-362.0
P32881,-194.0
P32926,-338.0
P32927,-169.0
P32929,-368.0
P32942,-463.0
P32969,-192.0
P32970,-278.0
P32971,-288.0
P33032,-681.0
P33076,-990.0
P33121,-745.0
P33151,-565.0
P33176,-758.0
P33240,202.0
P33241,46.0
P33260,-595.0
P33261,-717.0
P33316,-150.0
P33402,-772.0
P33527,-2190.0
P33681,-316.0
P33763,-85.0
P33764,-165.0
P33778,-95.0
P33897,-1066.0
P33908,-599.0
P33947,-465.0
P33981,-449.0
P33991,-798.0
P33992,-699.0
P33993,-718.0
P34059,-462.0
P34096,-142.0
P34130,-206.0
P34741,-152.0
P34810,-136.0
P34896,-431.0
P34897,-556.0
P34903,-563.0
P34910,-16.0
P34913,-561.0
P34925,-825.0
P34931,-520.0
P34932,-417.0
P34947,-373.0
P34949,-443.0
P34969,-752.0
P34972,-670.0
P34981,-638.0
P34982,-698.0
P34995,-633.0
P34998,-700.0
P35030,-134.0
P35052,-539.0
P35070,-275.0
P35080,-81.0
P35125,-618.0
P35212,-361.0
P35218,-273.0
P35219,-250.0
P35221,-875.0
P35222,-754.0
P35225,-201.0
P35226,-264.0
P35227,-262.0
P35228,-1038.0
P35232,-324.0
P35236,-330.0
P35237,-251.0
P35240,-500.0
P35241,-378.0
P35243,-109.0
P35244,-122.0
P35247,438.0
P35249,-352.0
P35250,-410.0
P35251,-272.0
P35268,-17.0
P35269,164.0
P35270,-268.0
P35318,-99.0
P35321,59.0
P35326,-26.0
P35346,-568.0
P35348,-666.0
P35354,-444.0
P35367,-692.0
P35368,-639.0
P35372,-641.0
P35398,-431.0
P35408,-665.0
P35414,-456.0
P35442,149.0
P35443,-34.0
P35452,-73.0
P35453,104.0
P35462,-608.0
P35475,-639.0
P35498,-2268.0
P35499,-2239.0
P35503,-751.0
P35504,-751.0
P35520,-482.0
P35523,-844.0
P35527,1026.0
P35548,-118.0
P35555,576.0
P35556,1018.0
P35557,-307.0
P35558,-380.0
P35568,394.0
P35573,-1598.0
P35575,-587.0
P35579,-1468.0
P35580,-1657.0
P35590,-759.0
P35606,-799.0
P35609,-1130.0
P35610,-937.0
P35611,-296.0
P35612,-326.0
P35613,-245.0
P35625,-182.0
P35626,-578.0
P35637,1510.0
P35638,0.0
P35658,815.0
P35659,-18.0
P35670,-1406.0
P35680,-87.0
P35711,-294.0
P35712,-93.0
P35713,-265.0
P35716,167.0
P35749,-1364.0
P35754,-103.0
P35789,-490.0
P35790,-415.0
P35813,-257.0
P35858,-757.0
P35869,-331.0
P35900,-388.0
P35908,599.0
P35913,-893.0
P35914,-215.0
P35916,-1346.0
P35968,-1030.0
P35998,-496.0
P36021,-561.0
P36222,-224.0
P36268,-661.0
P36269,-547.0
P36382,-292.0
P36383,-314.0
P36402,7.0
P36404,-203.0
P36405,-184.0
P36406,-787.0
P36507,-339.0
P36508,-202.0
P36542,-319.0
P36543,-199.0
P36544,-531.0
P36551,-225.0
P36575,-343.0
P36578,-298.0
P36639,-36.0
P36776,-920.0
P36871,-411.0
P36873,-329.0
P36888,-790.0
P36894,-596.0
P36896,-635.0
P36897,-606.0
P36941,-177.0
P36952,-249.0
P36954,-130.0
P36955,-410.0
P36956,-1013.0
P36957,-339.0
P36959,-210.0
P36980,-94.0
P37023,-568.0
P37058,-579.0
P37059,-498.0
P37088,-345.0
P37108,-64.0
P37173,-609.0
P37198,-29.0
P37231,-426.0
P37235,-120.0
P37268,-528.0
P37275,186.0
P37287,-742.0
P37288,-489.0
P37802,-65.0
P37837,-385.0
P37840,81.0
P38117,-273.0
P38159,463.0
P38398,-331.0
P38405,-451.0
P38432,-52.0
P38435,-1025.0
P38484,-344.0
P38567,-552.0
P38570,-1013.0
P38571,-329.0
P38606,-423.0
P38646,-387.0
P38919,-439.0
P38935,-909.0
P38936,6.0
P39019,-32.0
P39023,-246.0
P39059,799.0
P39060,1158.0
P39086,-1002.0
P39210,-255.0
P39656,-358.0
P39687,102.0
P39748,-337.0
P39877,-82.0
P39880,-439.0
P39900,-259.0
P39905,-193.0
P40121,-206.0
P40123,-284.0
P40126,-428.0
P40145,-1551.0
P40189,-479.0
P40197,-691.0
P40198,-239.0
P40199,-143.0
P40200,-306.0
P40222,-147.0
P40225,-365.0
P40227,-647.0
P40238,-588.0
P40259,-166.0
P40261,-322.0
P40305,-176.0
P40306,-226.0
P40337,-46.0
P40394,-211.0
P40424,-122.0
P40425,70.0
P40426,-71.0
P40429,-238.0
P40616,-164.0
P40617,-161.0
P40692,-741.0
P40763,-724.0
P40818,-527.0
P40855,-88.0
P40879,-1065.0
P40925,-208.0
P40926,-311.0
P40933,-263.0
P40937,-420.0
P40938,-521.0
P40939,-637.0
P40967,-329.0
P41002,-912.0
P41091,-471.0
P41134,-185.0
P41143,-687.0
P41145,-642.0
P41146,-712.0
P41159,-227.0
P41161,78.0
P41162,41.0
P41180,-1199.0
P41181,-485.0
P41182,-534.0
P41208,-39.0
P41212,-398.0
P41214,-484.0
P41217,-292.0
P41218,-145.0
P41219,-511.0
P41220,-106.0
P41221,-255.0
P41222,-79.0
P41223,-192.0
P41225,-63.0
P41226,-1217.0
P41227,-156.0
P41229,-1642.0
P41231,-698.0
P41235,-435.0
P41236,-5.0
P41238,-370.0
P41240,-385.0
P41247,-326.0
P41250,-653.0
P41252,-1378.0
P41271,-49.0
P41273,-390.0
P41279,-505.0
P41439,-139.0
P41440,-939.0
P41567,-81.0
P41586,-513.0
P41587,-724.0
P41594,-975.0
P41595,-752.0
P41597,-620.0
P41732,-358.0
P41743,-287.0
P41968,-713.0
P41970,-391.0
P42025,-346.0
P42081,-266.0
P42126,-407.0
P42127,-181.0
P42166,-339.0
P42167,-186.0
P42224,-740.0
P42226,-641.0
P42229,-701.0
P42261,-711.0
P42262,-677.0
P42263,-718.0
P42285,-984.0
P42330,-321.0
P42331,-328.0
P42336,-1428.0
P42338,-1331.0
P42345,-3701.0
P42356,-2574.0
P42357,-824.0
P42566,-185.0
P42568,-6.0
P42574,-147.0
P42575,-460.0
P42658,-579.0
P42677,-69.0
P42679,-543.0
P42680,-373.0
P42681,-572.0
P42684,-418.0
P42685,-539.0
P42694,-1208.0
P42695,-1872.0
P42701,-335.0
P42702,-690.0
P42704,-1838.0
P42765,-254.0
P42766,-109.0
P42768,35.0
P42771,-217.0
P42772,-143.0
P42773,-177.0
P42785,-447.0
P42830,-150.0
P42857,-126.0
P42858,-4066.0
P42892,-579.0
P42898,-610.0
P43003,-787.0
P43004,-906.0
P43005,-797.0
P43007,-781.0
P43026,-283.0
P43034,-251.0
P43080,-90.0
P43088,-711.0
P43115,-579.0
P43119,-565.0
P43121,-366.0
P43146,-552.0
P43155,-613.0
P43166,-115.0
P43220,-769.0
P43234,-186.0
P43235,-116.0
P43243,-6.0
P43246,-761.0
P43250,-490.0
P43251,-561.0
P43268,49.0
P43304,-797.0
P43307,-135.0
P43320,28.0
P43351,-185.0
P43353,-368.0
P43354,-164.0
P43355,-280.0
P43356,-311.0
P43357,-253.0
P43358,-198.0
P43360,-234.0
P43361,-226.0
P43364,-201.0
P43365,-260.0
P43378,-581.0
P43403,-661.0
P43405,-396.0
P43487,-85.0
P43489,-23.0
P43490,-334.0
P43626,-189.0
P43628,-166.0
P43629,-191.0
P43630,-240.0
P43631,-88.0
P43632,-81.0
P43652,-658.0
P43657,-568.0
P43681,-757.0
P43686,-381.0
P43694,153.0
P43699,86.0
P43897,-207.0
P45378,-93.0
P45379,-77.0
P45381,-398.0
P45452,-313.0
P45844,-835.0
P45877,-65.0
P45880,-3.0
P45954,-322.0
P45973,-29.0
P45974,-434.0
P45983,-472.0
P45984,-470.0
P45985,-278.0
P46013,-517.0
P46019,-1304.0
P46020,-1379.0
P46059,-767.0
P46060,-365.0
P46063,-555.0
P46087,-104.0
P46089,-674.0
P46091,-802.0
P46092,-581.0
P46093,-634.0
P46094,-834.0
P46098,-778.0
P46100,-170.0
P46108,-18.0
P46109,-58.0
P46199,-636.0
P46379,-259.0
P46439,-303.0
P46459,-621.0
P46527,42.0
P46531,259.0
P46597,-381.0
P46663,-797.0
P46695,-158.0
P46721,-896.0
P46734,-276.0
P46736,-322.0
P46776,-60.0
P46777,-167.0
P46778,-90.0
P46779,-144.0
P46781,-221.0
P46782,-265.0
P46783,-110.0
P46821,33.0
P46926,-252.0
P46934,-446.0
P46937,85.0
P46939,-3712.0
P46940,-1710.0
P46952,-249.0
P46976,-342.0
P46977,-1091.0
P47211,-607.0
P47224,-80.0
P47710,-120.0
P47712,-500.0
P47736,-118.0
P47755,-213.0
P47756,-180.0
P47804,-473.0
P47813,-10.0
P47869,-441.0
P47870,-638.0
P47871,-683.0
P47872,-736.0
P47895,-445.0
P47897,-879.0
P47898,-664.0
P47900,-677.0
P47901,-675.0
P47902,22.0
P47914,-57.0
P47928,-161.0
P47929,-62.0
P47974,-96.0
P47985,-214.0
P47989,-959.0
P47992,-147.0
P48023,-167.0
P48029,-933.0
P48039,-749.0
P48047,-207.0
P48048,-542.0
P48050,-390.0
P48051,-467.0
P48052,-252.0
P48058,-859.0
P48059,-305.0
P48061,-152.0
P48065,-836.0
P48066,-891.0
P48067,-910.0
P48145,-769.0
P48146,-580.0
P48147,-567.0
P48163,-608.0
P48165,-360.0
P48167,-487.0
P48169,-330.0
P48200,-704.0
P48201,-177.0
P48230,-220.0
P48304,1.0
P48307,-92.0
P48357,-931.0
P48378,-595.0
P48380,-395.0
P48382,-86.0
P48426,-318.0
P48431,199.0
P48436,140.0
P48443,-292.0
P48444,-297.0
P48448,-231.0
P48449,-870.0
P48454,-484.0
P48506,-545.0
P48507,-324.0
P48509,-511.0
P48539,70.0
P48544,-385.0
P48546,-846.0
P48547,-584.0
P48549,-349.0
P48551,-323.0
P48552,-108.0
P48553,-1297.0
P48556,-388.0
P48594,-286.0
P48595,-357.0
P48634,1421.0
P48637,-539.0
P48643,-583.0
P48645,-173.0
P48651,-864.0
P48664,-858.0
P48668,17.0
P48681,-3.0
P48723,-385.0
P48728,-389.0
P48729,-296.0
P48730,-346.0
P48735,-397.0
P48736,-1368.0
P48739,-221.0
P48740,-339.0
P48742,-24.0
P48745,-147.0
P48751,-1365.0
P48764,-1148.0
P48775,-382.0
P48788,-104.0
P48960,-647.0
P48995,-1175.0
P49005,-345.0
P49006,233.0
P49019,-716.0
P49023,-78.0
P49069,-184.0
P49116,-635.0
P49137,-422.0
P49146,-659.0
P49184,-400.0
P49189,-303.0
P49190,-662.0
P49207,-101.0
P49221,-441.0
P49238,-640.0
P49247,-88.0
P49257,-238.0
P49279,-970.0
P49281,-781.0
P49286,-775.0
P49321,41.0
P49326,-444.0
P49327,-2528.0
P49335,-122.0
P49336,-325.0
P49354,-420.0
P49356,-488.0
P49366,-282.0
P49368,-630.0
P49407,-347.0
P49411,-461.0
P49418,-177.0
P49419,-404.0
P49427,-57.0
P49441,-295.0
P49447,-448.0
P49448,-397.0
P49450,-150.0
P49454,-1892.0
P49458,-86.0
P49459,-42.0
P49585,-184.0
P49588,-837.0
P49589,-571.0
P49590,-513.0
P49591,-446.0
P49593,-362.0
P49619,-520.0
P49638,-431.0
P49639,96.0
P49640,-19.0
P49641,-991.0
P49642,-420.0
P49643,-405.0
P49662,-371.0
P49674,-349.0
P49675,-271.0
P49682,-692.0
P49683,-822.0
P49685,-698.0
P49703,-195.0
P49711,-82.0
P49715,-13.0
P49716,-92.0
P49720,-199.0
P49721,-305.0
P49736,-719.0
P49746,66.0
P49747,186.0
P49748,-485.0
P49750,366.0
P49753,-454.0
P49754,-974.0
P49755,-311.0
P49756,-470.0
P49757,-166.0
P49758,-404.0
P49759,-513.0
P49760,-551.0
P49761,-603.0
P49763,-113.0
P49765,-100.0
P49767,-221.0
P49768,-744.0
P49770,-429.0
P49771,-353.0
P49773,-132.0
P49788,-315.0
P49789,-98.0
P49790,1159.0
P49792,-600.0
P49795,-191.0
P49796,-471.0
P49798,-188.0
P49802,-381.0
P49810,-644.0
P49815,-2071.0
P49821,-275.0
P49840,-216.0
P49841,-399.0
P49842,-324.0
P49848,-481.0
P49862,-108.0
P49863,-145.0
P49888,-223.0
P49901,29.0
P49902,-473.0
P49903,-402.0
P49910,-343.0
P49913,-147.0
P49914,-87.0
P49915,-676.0
P49916,-722.0
P49917,-937.0
P49918,-219.0
P49959,-305.0
P49961,-500.0
P50052,-670.0
P50053,-252.0
P50135,-286.0
P50148,-465.0
P50150,-48.0
P50151,-44.0
P50213,-279.0
P50219,16.0
P50221,22.0
P50222,-104.0
P50225,-237.0
P50226,-276.0
P50238,-14.0
P50281,-194.0
P50336,-644.0
P50391,-744.0
P50395,-472.0
P50402,-79.0
P50406,-697.0
P50416,-852.0
P50440,-481.0
P50443,-1080.0
P50452,-327.0
P50453,-420.0
P50454,-440.0
P50458,-303.0
P50461,25.0
P50479,-114.0
P50502,-72.0
P50539,-166.0
P50542,-524.0
P50548,93.0
P50549,-36.0
P50552,64.0
P50553,1.0
P50570,-802.0
P50579,-183.0
P50583,-159.0
P50591,-246.0
P50607,-90.0
P50613,-353.0
P50616,149.0
P50747,-629.0
P50748,-3242.0
P50749,-203.0
P50750,-439.0
P50851,-2654.0
P50876,-411.0
P50895,-258.0
P50897,-282.0
P50914,-106.0
P50990,-557.0
P50991,-718.0
P50993,-1117.0
P50995,-76.0
P51003,-581.0
P51114,-175.0
P51116,9.0
P51124,-288.0
P51148,-138.0
P51149,-178.0
P51151,-148.0
P51153,-183.0
P51157,-158.0
P51159,-190.0
P51160,-850.0
P51161,54.0
P51164,-186.0
P51168,-597.0
P51170,-603.0
P51172,-658.0
P51178,-603.0
P51397,3.0
P51398,-411.0
P51449,-492.0
P51451,-562.0
P51452,-111.0
P51460,-258.0
P51511,-119.0
P51512,-224.0
P51513,-263.0
P51530,-1142.0
P51531,-732.0
P51532,-579.0
P51553,-370.0
P51570,-375.0
P51571,-162.0
P51572,-334.0
P51575,-336.0
P51580,-203.0
P51582,-756.0
P51587,-1611.0
P51589,-555.0
P51606,-457.0
P51608,103.0
P51610,-781.0
P51617,-456.0
P51636,-245.0
P51648,-522.0
P51649,-529.0
P51654,-614.0
P51659,-555.0
P51665,-296.0
P51668,-120.0
P51671,-90.0
P51674,-499.0
P51677,-816.0
P51679,-748.0
P51681,-679.0
P51684,-606.0
P51685,-688.0
P51686,-679.0
P51687,-386.0
P51688,-456.0
P51690,-600.0
P51692,-623.0
P51693,-401.0
P51784,-627.0
P51787,-790.0
P51788,-1238.0
P51790,-1139.0
P51793,-1163.0
P51795,-1065.0
P51797,-961.0
P51798,-1074.0
P51800,-1015.0
P51801,-992.0
P51805,-1876.0
P51808,-113.0
P51809,-363.0
P51810,-602.0
P51811,-838.0
P51812,-634.0
P51813,-343.0
P51814,-564.0
P51816,-332.0
P51817,-405.0
P51825,223.0
P51826,-52.0
P51828,-1532.0
P51841,-1106.0
P51843,-366.0
P51854,-601.0
P51857,-344.0
P51858,141.0
P51864,-185.0
P51878,-551.0
P51884,-335.0
P51888,-378.0
P51946,-425.0
P51948,-293.0
P51955,-451.0
P51956,-360.0
P51957,-549.0
P51959,-456.0
P51965,-85.0
P51970,-185.0
P51991,661.0
P51993,-406.0
P52179,-691.0
P52198,-164.0
P52209,-435.0
P52272,247.0
P52292,-586.0
P52294,-567.0
P52298,-46.0
P52306,-764.0
P52333,-1453.0
P52429,-468.0
P52434,-115.0
P52435,-146.0
P52564,-228.0
P52565,-88.0
P52566,-81.0
P52569,-1009.0
P52594,399.0
P52597,-46.0
P52630,-867.0
P52655,-9.0
P52657,-126.0
P52701,-1021.0
P52732,-961.0
P52735,-764.0
P52736,-201.0
P52738,-438.0
P52739,-388.0
P52742,-397.0
P52744,-151.0
P52747,-221.0
P52756,-146.0
P52757,-545.0
P52758,-142.0
P52788,-374.0
P52789,-776.0
P52790,-873.0
P52797,-66.0
P52798,-135.0
P52799,-227.0
P52803,-99.0
P52815,-254.0
P52823,-279.0
P52824,-791.0
P52848,-1051.0
P52849,-985.0
P52888,-761.0
P52895,-308.0
P52907,-182.0
P52926,151.0
P52945,-116.0
P52948,-60.0
P52951,-78.0
P52952,-212.0
P52954,-102.0
P52961,-286.0
P53004,-226.0
P53007,-347.0
P53041,-364.0
P53350,-747.0
P53355,-1579.0
P53365,-227.0
P53367,-318.0
P53370,-262.0
P53384,-174.0
P53396,-840.0
P53420,3420.0
P53539,75.0
P53567,-25.0
P53582,-253.0
P53597,-143.0
P53602,-436.0
P53609,-290.0
P53611,-363.0
P53618,-1410.0
P53621,-1222.0
P53634,-228.0
P53667,-554.0
P53671,-645.0
P53672,26.0
P53673,-30.0
P53674,18.0
P53675,-2253.0
P53677,-336.0
P53680,-209.0
P53701,-177.0
P53708,-798.0
P53778,-407.0
P53779,-491.0
P53794,-1157.0
P53801,-258.0
P53803,-59.0
P53804,-1679.0
P53805,-178.0
P53814,-258.0
P53816,-176.0
P53985,-591.0
P53990,-99.0
P53992,-242.0
P53999,35.0
P54098,-1022.0
P54105,-70.0
P54107,-195.0
P54108,-115.0
P54132,-707.0
P54136,-838.0
P54198,-844.0
P54219,-687.0
P54252,-244.0
P54253,-111.0
P54257,-354.0
P54259,445.0
P54274,-253.0
P54277,-670.0
P54278,-380.0
P54284,-281.0
P54289,-833.0
P54296,-971.0
P54315,-342.0
P54317,-162.0
P54368,-140.0
P54577,-458.0
P54578,-251.0
P54619,-557.0
P54646,-561.0
P54652,-430.0
P54687,-268.0
P54707,-1358.0
P54709,-232.0
P54710,-37.0
P54725,-112.0
P54727,-96.0
P54750,-706.0
P54753,-871.0
P54756,-857.0
P54760,-728.0
P54762,-850.0
P54764,-810.0
P54802,-803.0
P54803,-475.0
P54819,-321.0
P54821,-121.0
P54829,-515.0
P54840,-745.0
P54845,-75.0
P54849,-359.0
P54851,-340.0
P54852,-352.0
P54855,-673.0
P54868,-372.0
P54886,-863.0
P54920,-299.0
P54922,-169.0
P55000,-143.0
P55001,-146.0
P55008,-60.0
P55010,-297.0
P55011,-1267.0
P55017,-1357.0
P55036,-159.0
P55039,-427.0
P55040,-246.0
P55042,-96.0
P55055,-223.0
P55056,-161.0
P55058,-616.0
P55060,-1457.0
P55061,-437.0
P55064,-413.0
P55072,-660.0
P55075,-199.0
P55081,-36.0
P55083,-29.0
P55084,-409.0
P55085,-742.0
P55087,-417.0
P55089,-113.0
P55107,-418.0
P55145,-275.0
P55157,-911.0
P55160,-1817.0
P55196,-960.0
P55197,176.0
P55198,121.0
P55199,-292.0
P55201,-444.0
P55209,-58.0
P55210,-125.0
P55211,-303.0
P55212,-264.0
P55259,-416.0
P55263,-331.0
P55265,-544.0
P55268,-1113.0
P55273,-188.0
P55283,-456.0
P55285,-474.0
P55286,-584.0
P55287,-435.0
P55289,-550.0
P55290,-505.0
P55291,-768.0
P55316,93.0
P55317,227.0
P55318,130.0
P55327,-54.0
P55344,-349.0
P55345,-367.0
P55347,-121.0
P55735,-183.0
P55769,-117.0
P55771,-83.0
P55773,-120.0
P55774,-113.0
P55786,-980.0
P55789,-191.0
P55795,253.0
P55809,-289.0
P55851,-331.0
P55854,-6.0
P55884,-407.0
P55895,-134.0
P55899,-284.0
P55916,-328.0
P55957,-258.0
P56134,-88.0
P56159,-411.0
P56177,113.0
P56178,22.0
P56180,-920.0
P56181,-1.0
P56182,-330.0
P56192,-959.0
P56199,-581.0
P56202,-236.0
P56211,37.0
P56270,-265.0
P56278,-127.0
P56279,-188.0
P56282,-371.0
P56373,-318.0
P56377,-170.0
P56381,-41.0
P56470,37.0
P56524,-560.0
P56537,-266.0
P56539,-263.0
P56545,-501.0
P56556,-167.0
P56557,-236.0
P56559,-182.0
P56589,-506.0
P56597,-309.0
P56645,-444.0
P56693,189.0
P56696,-716.0
P56703,-318.0
P56704,-306.0
P56705,-298.0
P56706,-254.0
P56715,-538.0
P56730,-291.0
P56746,-279.0
P56747,-364.0
P56748,-363.0
P56750,-399.0
P56817,-436.0
P56851,-185.0
P56856,-256.0
P56915,-53.0
P56937,-393.0
P56945,-301.0
P56962,-321.0
P56975,-308.0
P57052,-2.0
P57053,-97.0
P57054,-271.0
P57055,147.0
P57057,-672.0
P57059,-589.0
P57071,-848.0
P57073,180.0
P57075,-763.0
P57076,-231.0
P57078,-860.0
P57081,-421.0
P57082,-167.0
P57086,-190.0
P57087,-145.0
P57088,-517.0
P57103,-1166.0
P57105,-66.0
P57678,-1650.0
P57679,-966.0
P57682,5.0
P57721,-235.0
P57727,-380.0
P57729,-242.0
P57730,-84.0
P57735,-258.0
P57737,-753.0
P57739,-330.0
P57740,-1025.0
P57764,-325.0
P57768,-145.0
P57771,-156.0
P57772,-529.0
P57789,-533.0
P57796,-10.0
P58004,-573.0
P58005,-562.0
P58012,-18.0
P58107,-5690.0
P58215,-418.0
P58304,-161.0
P58335,-455.0
P58340,6.0
P58397,-327.0
P58400,-129.0
P58401,-260.0
P58418,-339.0
P58499,-176.0
P58546,-130.0
P58743,-874.0
P58753,-137.0
P58876,-94.0
P59044,-1163.0
P59046,-1532.0
P59047,-1388.0
P59103,-145.0
P59190,-171.0
P59510,-547.0
P59542,-772.0
P59665,-145.0
P59666,-140.0
P59780,-248.0
P59817,-152.0
P59827,-624.0
P59861,-119.0
P59901,-248.0
P59910,-157.0
P59923,-698.0
P59942,-65.0
P59990,-80.0
P59991,-84.0
P59998,-222.0
P60006,67.0
P60008,-203.0
P60014,-155.0
P60022,-79.0
P60033,-431.0
P60059,-122.0
P60174,-168.0
P60201,-428.0
P60228,-644.0
P60321,-24.0
P60323,-97.0
P60328,-133.0
P60329,-125.0
P60368,-97.0
P60370,-237.0
P60371,-147.0
P60372,-147.0
P60409,-132.0
P60410,-176.0
P60411,-120.0
P60412,-187.0
P60468,-37.0
P60484,-244.0
P60507,-590.0
P60508,-462.0
P60510,-255.0
P60520,-84.0
P60568,-241.0
P60602,-35.0
P60604,-82.0
P60660,-123.0
P60709,-340.0
P60763,-245.0
P60842,-422.0
P60852,-468.0
P60866,-147.0
P60880,-63.0
P60891,-438.0
P60896,76.0
P60900,-251.0
P60903,-40.0
P60953,-164.0
P60981,-180.0
P61006,-213.0
P61009,-193.0
P61011,-304.0
P61018,-185.0
P61019,-215.0
P61020,-145.0
P61024,-55.0
P61026,-165.0
P61073,-633.0
P61077,-113.0
P61081,-77.0
P61086,-188.0
P61088,-177.0
P61106,-177.0
P61158,-447.0
P61160,-423.0
P61163,-386.0
P61165,-181.0
P61201,-483.0
P61204,-216.0
P61218,-56.0
P61221,-642.0
P61224,-120.0
P61225,-133.0
P61244,-57.0
P61247,-155.0
P61254,-72.0
P61266,-313.0
P61278,-100.0
P61289,-310.0
P61296,-85.0
P61313,-222.0
P61326,-158.0
P61328,-63.0
P61353,-82.0
P61371,-267.0
P61421,-540.0
P61457,-106.0
P61513,-59.0
P61586,-162.0
P61587,-146.0
P61599,-247.0
P61601,-110.0
P61604,-37.0
P61619,-719.0
P61626,-149.0
P61647,-288.0
P61758,-146.0
P61764,-726.0
P61769,-117.0
P61803,-225.0
P61812,-482.0
P61916,-32.0
P61923,-224.0
P61925,-2.0
P61927,-62.0
P61952,-25.0
P61956,7.0
P61960,-102.0
P61962,-388.0
P61964,-202.0
P61966,-144.0
P61968,-147.0
P61970,-128.0
P61978,54.0
P61981,-266.0
P62068,-327.0
P62070,-200.0
P62072,-42.0
P62079,-384.0
P62081,-118.0
P62136,-286.0
P62140,-320.0
P62166,-90.0
P62191,-347.0
P62195,-409.0
P62241,-149.0
P62244,-124.0
P62249,-153.0
P62253,-112.0
P62256,-65.0
P62258,-264.0
P62263,-91.0
P62266,-80.0
P62269,-220.0
P62273,-58.0
P62277,-218.0
P62280,-90.0
P62304,-91.0
P62306,-43.0
P62308,-34.0
P62310,-99.0
P62312,-56.0
P62314,-38.0
P62316,-57.0
P62318,-47.0
P62324,-170.0
P62328,62.0
P62330,-199.0
P62333,-483.0
P62380,-278.0
P62424,-294.0
P62487,-161.0
P62491,-250.0
P62495,-324.0
P62508,-284.0
P62633,23.0
P62699,-129.0
P62701,-262.0
P62714,-245.0
P62736,-347.0
P62745,-196.0
P62750,-169.0
P62753,-195.0
P62760,-115.0
P62805,-104.0
P62807,-95.0
P62820,-171.0
P62826,-164.0
P62829,-95.0
P62834,-145.0
P62837,-120.0
P62841,-108.0
P62847,-80.0
P62851,-81.0
P62854,-168.0
P62857,-48.0
P62861,-42.0
P62873,-232.0
P62875,-115.0
P62877,-111.0
P62879,-224.0
P62888,-107.0
P62891,-58.0
P62899,-112.0
P62906,-220.0
P62910,-129.0
P62913,-120.0
P62917,-153.0
P62937,11.0
P62942,-12.0
P62945,18.0
P62952,-209.0
P62955,-408.0
P62979,-125.0
P62987,-151.0
P62993,-71.0
P62995,-1.0
P63000,-253.0
P63010,-1067.0
P63027,-146.0
P63092,-374.0
P63096,-373.0
P63098,-84.0
P63104,-215.0
P63128,-386.0
P63146,-28.0
P63151,-330.0
P63162,-66.0
P63165,-13.0
P63167,-66.0
P63172,-62.0
P63173,-62.0
P63208,-52.0
P63211,-51.0
P63218,-44.0
P63220,-68.0
P63241,-42.0
P63244,-243.0
P63252,-487.0
P63261,-324.0
P63267,-358.0
P63272,-47.0
P63279,-71.0
P63316,-53.0
P67775,-237.0
P67809,323.0
P67812,-252.0
P67870,-110.0
P67936,-111.0
P68032,-361.0
P68036,-77.0
P68104,-221.0
P68106,5.0
P68133,-344.0
P68363,-372.0
P68366,-374.0
P68371,-90.0
P68400,-427.0
P68402,-223.0
P68431,-156.0
P68871,-200.0
P69891,-169.0
P69892,-169.0
P69905,-205.0
P78310,-246.0
P78314,-147.0
P78316,-723.0
P78317,-162.0
P78318,-262.0
P78324,-329.0
P78325,-410.0
P78329,-772.0
P78330,-227.0
P78332,334.0
P78333,-621.0
P78334,-526.0
P78337,180.0
P78344,-594.0
P78345,-357.0
P78346,-411.0
P78347,-368.0
P78348,-500.0
P78352,-615.0
P78356,-254.0
P78357,-727.0
P78358,33.0
P78362,-373.0
P78363,-2566.0
P78364,6.0
P78367,-168.0
P78368,-299.0
P78369,-214.0
P78371,-696.0
P78380,-190.0
P78381,-535.0
P78382,-575.0
P78383,-601.0
P78385,-335.0
P78386,-369.0
P78395,-820.0
P78396,-552.0
P78406,-51.0
P78410,-323.0
P78411,200.0
P78412,-254.0
P78413,-164.0
P78415,-113.0
P78417,-200.0
P78423,-119.0
P78424,-143.0
P78426,11.0
P78504,102.0
P78508,-552.0
P78509,-1480.0
P78524,-591.0
P78527,-5197.0
P78536,-352.0
P78537,-164.0
P78539,-334.0
P78540,-341.0
P78543,-204.0
P78545,-43.0
P78549,-301.0
P78552,-273.0
P78556,-170.0
P78559,-154.0
P78560,-215.0
P78562,-752.0
P78563,-207.0
P79483,-165.0
P79522,107.0
P80075,-105.0
P80098,-77.0
P80108,-514.0
P80162,-139.0
P80188,-132.0
P80192,-495.0
P80217,-216.0
P80294,-64.0
P80297,-74.0
P80303,-426.0
P80365,-588.0
P80370,-131.0
P80404,-400.0
P80511,-102.0
P80723,187.0
P81172,-88.0
P81274,-546.0
P81277,-112.0
P81534,-98.0
P81605,-45.0
P82094,-521.0
P82251,-928.0
P82279,-227.0
P82650,-390.0
P82912,-141.0
P82930,-257.0
P82979,-55.0
P82987,-747.0
P83105,-357.0
P83110,-376.0
P83111,-324.0
P83369,-92.0
P83436,-1009.0
P83731,-82.0
P83876,-155.0
P83881,-14.0
P83916,20.0
P84022,-261.0
P84074,-130.0
P84077,-207.0
P84085,-207.0
P84090,-124.0
P84095,-264.0
P84098,-191.0
P84103,-53.0
P84243,-159.0
P84550,265.0
P84996,-281.0
P85037,-311.0
P85298,-608.0
P85299,-244.0
P86397,-251.0
P86452,-764.0
P86479,96.0
P86480,96.0
P98066,-143.0
P98073,-346.0
P98077,-407.0
P98082,348.0
P98088,-867.0
P98095,-390.0
P98153,-251.0
P98155,-395.0
P98160,-1439.0
P98161,-3882.0
P98164,-1854.0
P98168,-104.0
P98170,-353.0
P98171,-679.0
P98172,-215.0
P98174,-592.0
P98175,5.0
P98177,-129.0
P98179,233.0
P98187,-813.0
P98194,-951.0
P98196,-1512.0
P98198,-1420.0
P99999,7.0
Q00005,-392.0
Q00013,-287.0
Q00056,-60.0
Q00059,-255.0
Q00169,-234.0
Q00266,-293.0
Q00325,-391.0
Q00341,-1093.0
Q00403,-289.0
Q00444,-44.0
Q00526,-427.0
Q00532,-509.0
Q00534,-369.0
Q00535,-334.0
Q00536,-546.0
Q00537,-374.0
Q00577,66.0
Q00587,75.0
Q00597,-901.0
Q00604,-172.0
Q00610,-2095.0
Q00613,-221.0
Q00653,-465.0
Q00688,-50.0
Q00722,-811.0
Q00765,-269.0
Q00796,-295.0
Q00839,670.0
Q00872,-778.0
Q00887,-452.0
Q00888,-379.0
Q00889,-419.0
Q00973,-528.0
Q00975,-2258.0
Q00978,-109.0
Q00987,-133.0
Q00994,9.0
Q00G26,-503.0
Q00LT1,-32.0
Q01064,-653.0
Q01081,-74.0
Q01082,-2566.0
Q01085,51.0
Q01094,-327.0
Q01101,-296.0
Q01105,73.0
Q01113,-392.0
Q01118,-2588.0
Q01130,-29.0
Q01151,-171.0
Q01167,-134.0
Q01196,-131.0
Q01201,-182.0
Q01344,-563.0
Q01362,-314.0
Q01415,-470.0
Q01432,-733.0
Q01433,-971.0
Q01449,-91.0
Q01453,-298.0
Q01469,-100.0
Q01484,-1477.0
Q01518,-294.0
Q01523,-88.0
Q01524,-117.0
Q01534,-229.0
Q01538,174.0
Q01543,-75.0
Q01546,459.0
Q01581,-407.0
Q01628,-213.0
Q01629,-198.0
Q01638,-582.0
Q01650,-765.0
Q01658,-97.0
Q01664,-257.0
Q01668,-2147.0
Q01718,-650.0
Q01726,-751.0
Q01740,-485.0
Q01780,-705.0
Q01804,-75.0
Q01813,-638.0
Q01814,-1035.0
Q01826,-483.0
Q01831,-359.0
Q01844,1327.0
Q01850,-346.0
Q01851,-106.0
Q01860,-5.0
Q01892,-108.0
Q01954,-445.0
Q01955,3509.0
Q01959,-849.0
Q01968,-756.0
Q01970,-860.0
Q01973,-393.0
Q01974,-424.0
Q02040,-375.0
Q02078,178.0
Q02080,-60.0
Q02083,-441.0
Q02086,-184.0
Q02094,-547.0
Q02108,-580.0
Q02127,-335.0
Q02153,-668.0
Q02156,-474.0
Q02161,-715.0
Q02218,-952.0
Q02221,-106.0
Q02223,-224.0
Q02224,-2370.0
Q02241,-396.0
Q02246,-554.0
Q02252,-311.0
Q02297,-38.0
Q02318,-641.0
Q02363,-134.0
Q02383,315.0
Q02388,3257.0
Q02410,-380.0
Q02413,-282.0
Q02446,136.0
Q02447,226.0
Q02487,-431.0
Q02505,-966.0
Q02535,-173.0
Q02539,46.0
Q02543,-189.0
Q02548,47.0
Q02556,-205.0
Q02575,-59.0
Q02577,-178.0
Q02641,-213.0
Q02643,-716.0
Q02742,-523.0
Q02747,-92.0
Q02750,-298.0
Q02763,-947.0
Q02779,-428.0
Q02790,-190.0
Q02809,-797.0
Q02817,-4514.0
Q02818,-419.0
Q02833,-274.0
Q02846,-1436.0
Q02878,-235.0
Q02880,-625.0
Q02928,-745.0
Q02930,-56.0
Q02952,443.0
Q02962,26.0
Q02978,-437.0
Q02985,-74.0
Q03001,-6711.0
Q03013,-291.0
Q03014,-57.0
Q03052,21.0
Q03060,-126.0
Q03111,116.0
Q03112,-143.0
Q03113,-482.0
Q03135,-314.0
Q03154,-373.0
Q03164,-38.0
Q03167,-498.0
Q03181,-398.0
Q03188,-204.0
Q03252,-398.0
Q03393,-111.0
Q03395,-471.0
Q03403,26.0
Q03405,-212.0
Q03426,-478.0
Q03431,-722.0
Q03468,-612.0
Q03518,-956.0
Q03519,-858.0
Q03591,-150.0
Q03692,1379.0
Q03721,-590.0
Q03923,-411.0
Q03933,-271.0
Q03989,-277.0
Q04118,624.0
Q04206,-182.0
Q04323,-134.0
Q04446,-559.0
Q04609,-387.0
Q04637,-595.0
Q04656,-1683.0
Q04671,-1428.0
Q04695,-289.0
Q04721,-77.0
Q04724,-353.0
Q04725,-432.0
Q04726,-346.0
Q04727,-343.0
Q04741,-179.0
Q04743,-208.0
Q04756,-382.0
Q04759,-606.0
Q04760,-115.0
Q04771,-435.0
Q04828,-306.0
Q04837,-139.0
Q04844,-729.0
Q04864,15.0
Q04900,-74.0
Q04912,-1115.0
Q04917,-234.0
Q04941,-349.0
Q05066,-122.0
Q05084,-343.0
Q05086,-761.0
Q05193,-637.0
Q05195,-161.0
Q05209,-331.0
Q05215,-203.0
Q05315,-64.0
Q05329,-560.0
Q05397,-955.0
Q05469,-711.0
Q05481,-1044.0
Q05513,-458.0
Q05516,-430.0
Q05519,-233.0
Q05586,-797.0
Q05639,-214.0
Q05655,-514.0
Q05682,121.0
Q05707,-203.0
Q05823,-758.0
Q05901,-574.0
Q05923,-353.0
Q05925,-14.0
Q05932,-673.0
Q05940,-738.0
Q05996,-456.0
Q05BQ5,-263.0
Q05D60,-439.0
Q06033,-591.0
Q06055,-205.0
Q06124,-366.0
Q06136,-305.0
Q06141,-88.0
Q06187,-425.0
Q06190,-622.0
Q06203,-487.0
Q06210,-743.0
Q06265,-329.0
Q06278,-1119.0
Q06323,-233.0
Q06330,-233.0
Q06413,49.0
Q06416,0.0
Q06418,-615.0
Q06432,-376.0
Q06455,-283.0
Q06481,-517.0
Q06495,-1132.0
Q06520,-227.0
Q06546,-391.0
Q06547,-214.0
Q06587,101.0
Q06609,-326.0
Q06643,-124.0
Q06710,-90.0
Q06730,-434.0
Q06787,-90.0
Q06828,-245.0
Q06830,-94.0
Q06889,-66.0
Q06945,296.0
Q07001,-646.0
Q07002,-417.0
Q07011,-20.0
Q07020,-186.0
Q07021,-121.0
Q07065,-320.0
Q07075,-840.0
Q07092,2741.0
Q07108,-68.0
Q07157,-365.0
Q07283,-337.0
Q07325,-70.0
Q07326,-508.0
Q07343,-544.0
Q07352,-111.0
Q07444,-249.0
Q07617,-666.0
Q07627,-15.0
Q07654,-31.0
Q07666,25.0
Q07687,246.0
Q07699,-268.0
Q07812,-210.0
Q07817,-182.0
Q07820,-296.0
Q07837,-453.0
Q07864,-2492.0
Q07866,-342.0
Q07869,-339.0
Q07889,-1254.0
Q07890,-1352.0
Q07912,-594.0
Q07954,-1667.0
Q07955,65.0
Q07960,-550.0
Q07973,-597.0
Q08043,-1046.0
Q08050,-301.0
Q08116,-138.0
Q08117,-173.0
Q08170,120.0
Q08174,-536.0
Q08188,-199.0
Q08209,-394.0
Q08211,-561.0
Q08257,-270.0
Q08289,-279.0
Q08334,-254.0
Q08345,-632.0
Q08357,-769.0
Q08378,-715.0
Q08379,-639.0
Q08380,-521.0
Q08397,24.0
Q08426,-664.0
Q08431,-256.0
Q08462,-1711.0
Q08477,-801.0
Q08493,-688.0
Q08495,-57.0
Q08499,-547.0
Q08554,-484.0
Q08623,-218.0
Q08629,-148.0
Q08648,-141.0
Q08708,-115.0
Q08722,-506.0
Q08752,-146.0
Q08828,-1535.0
Q08830,-68.0
Q08881,-554.0
Q08945,-198.0
Q08999,-853.0
Q08AD1,-704.0
Q08AE8,-547.0
Q08AF8,-24.0
Q08AG5,-367.0
Q08AG7,-75.0
Q08AH1,-493.0
Q08AH3,-497.0
Q08AM6,-1197.0
Q08ET2,-248.0
Q08J23,-461.0
Q09013,-607.0
Q09028,-208.0
Q09161,-1103.0
Q09327,-377.0
Q09328,-689.0
Q09428,-2664.0
Q09470,-568.0
Q09472,552.0
Q09666,4855.0
Q09FC8,-387.0
Q0D2H9,-39.0
Q0D2I5,-311.0
Q0D2K0,-771.0
Q0D2K3,-66.0
Q0GE19,-642.0
Q0IIM8,-1350.0
Q0JRZ9,-380.0
Q0P5N6,-234.0
Q0PNE2,-375.0
Q0VAK6,-175.0
Q0VAM2,-622.0
Q0VAQ4,-133.0
Q0VD83,255.0
Q0VD86,-125.0
Q0VDD7,229.0
Q0VDD8,-4124.0
Q0VDF9,-486.0
Q0VF96,-610.0
Q0VG06,-961.0
Q0VG99,34.0
Q0VGL1,-82.0
Q0WX57,-455.0
Q0ZGT2,-278.0
Q0ZLH3,-377.0
Q10469,-508.0
Q10471,-300.0
Q10472,-448.0
Q10567,-1088.0
Q10570,-1383.0
Q10571,1419.0
Q10586,-114.0
Q10587,-79.0
Q10588,-302.0
Q10589,-247.0
Q10713,-484.0
Q10981,-492.0
Q11128,-422.0
Q11130,-500.0
Q11201,-358.0
Q11203,-423.0
Q11206,-366.0
Q12756,-1676.0
Q12768,-1791.0
Q12769,-1935.0
Q12770,-1457.0
Q12772,-892.0
Q12774,-215.0
Q12778,304.0
Q12789,-1525.0
Q12791,-1122.0
Q12792,-396.0
Q12794,-314.0
Q12797,-192.0
Q12798,-46.0
Q12800,-374.0
Q12802,-749.0
Q12805,-141.0
Q12809,-993.0
Q12815,-369.0
Q12816,809.0
Q12824,-301.0
Q12830,-362.0
Q12834,-260.0
Q12836,-411.0
Q12837,-65.0
Q12840,-688.0
Q12841,-176.0
Q12846,-339.0
Q12849,-416.0
Q12851,-899.0
Q12852,-340.0
Q12857,-41.0
Q12860,-711.0
Q12864,-492.0
Q12866,-779.0
Q12870,-91.0
Q12873,-1007.0
Q12874,-414.0
Q12879,-738.0
Q12882,-760.0
Q12884,-626.0
Q12887,-617.0
Q12888,-9.0
Q12889,-424.0
Q12891,-562.0
Q12893,-616.0
Q12899,-460.0
Q12901,-267.0
Q12904,-128.0
Q12905,-282.0
Q12906,531.0
Q12907,-223.0
Q12908,-543.0
Q12912,-433.0
Q12913,-528.0
Q12918,-255.0
Q12923,-1358.0
Q12929,-360.0
Q12931,-890.0
Q12933,-554.0
Q12934,-497.0
Q12946,163.0
Q12947,65.0
Q12948,195.0
Q12951,140.0
Q12952,-69.0
Q12955,-1417.0
Q12959,-496.0
Q12962,-113.0
Q12965,-671.0
Q12967,-723.0
Q12968,-204.0
Q12972,-91.0
Q12974,-222.0
Q12979,-805.0
Q12980,-786.0
Q12981,-282.0
Q12982,-185.0
Q12983,-57.0
Q12986,-354.0
Q12996,-797.0
Q13002,-895.0
Q13003,-1101.0
Q13007,-235.0
Q13009,-1017.0
Q13011,-341.0
Q13015,-66.0
Q13017,-1317.0
Q13018,-1088.0
Q13021,-409.0
Q13023,-745.0
Q13029,-363.0
Q13033,-317.0
Q13042,-796.0
Q13043,-290.0
Q13045,-1077.0
Q13049,-631.0
Q13057,-721.0
Q13061,-125.0
Q13064,-155.0
Q13075,-1591.0
Q13077,-350.0
Q13084,-299.0
Q13085,-2398.0
Q13087,-490.0
Q13093,-486.0
Q13094,14.0
Q13098,-611.0
Q13099,-776.0
Q13105,-500.0
Q13107,-443.0
Q13111,-19.0
Q13112,-331.0
Q13113,-93.0
Q13114,-487.0
Q13115,-382.0
Q13117,426.0
Q13118,-146.0
Q13123,-231.0
Q13126,-275.0
Q13127,162.0
Q13129,-1384.0
Q13131,-578.0
Q13133,-466.0
Q13136,-920.0
Q13137,-186.0
Q13144,-526.0
Q13145,-310.0
Q13148,313.0
Q13151,448.0
Q13153,-292.0
Q13155,-318.0
Q13156,-264.0
Q13158,-223.0
Q13162,-346.0
Q13163,-359.0
Q13164,-421.0
Q13177,-338.0
Q13183,-1044.0
Q13185,2.0
Q13188,-243.0
Q13190,-338.0
Q13191,-552.0
Q13200,-941.0
Q13201,-730.0
Q13202,-251.0
Q13206,-626.0
Q13207,-360.0
Q13214,-724.0
Q13216,-127.0
Q13217,-462.0
Q13219,-766.0
Q13224,-619.0
Q13227,58.0
Q13228,-345.0
Q13231,-128.0
Q13232,-272.0
Q13233,-840.0
Q13237,-694.0
Q13239,-240.0
Q13241,-148.0
Q13242,-14.0
Q13243,-119.0
Q13247,-3.0
Q13253,-181.0
Q13255,-1060.0
Q13257,-243.0
Q13258,-689.0
Q13261,-183.0
Q13263,-318.0
Q13268,-335.0
Q13275,-655.0
Q13277,-348.0
Q13283,68.0
Q13285,-359.0
Q13286,-654.0
Q13287,-144.0
Q13291,-318.0
Q13303,-374.0
Q13304,-719.0
Q13308,-766.0
Q13309,-438.0
Q13310,-268.0
Q13315,-4143.0
Q13316,707.0
Q13319,-222.0
Q13322,-479.0
Q13323,-193.0
Q13324,-809.0
Q13325,-583.0
Q13326,-333.0
Q13330,-573.0
Q13332,-1249.0
Q13336,-544.0
Q13342,-181.0
Q13347,-113.0
Q13349,-776.0
Q13351,-45.0
Q13352,-114.0
Q13356,-196.0
Q13360,-186.0
Q13361,-202.0
Q13362,-778.0
Q13363,-568.0
Q13367,-825.0
Q13370,-772.0
Q13371,-205.0
Q13387,48.0
Q13393,-1155.0
Q13394,-382.0
Q13395,-2341.0
Q13398,-273.0
Q13402,-2511.0
Q13404,-31.0
Q13405,-144.0
Q13409,-187.0
Q13410,-464.0
Q13415,-995.0
Q13416,-405.0
Q13418,-411.0
Q13421,-826.0
Q13422,-188.0
Q13423,-1044.0
Q13424,-399.0
Q13425,-557.0
Q13426,-188.0
Q13427,87.0
Q13428,776.0
Q13432,-106.0
Q13433,-827.0
Q13435,-74.0
Q13438,-296.0
Q13439,-1499.0
Q13443,-300.0
Q13444,-495.0
Q13445,-179.0
Q13449,-217.0
Q13451,-109.0
Q13454,-406.0
Q13459,-1972.0
Q13461,-207.0
Q13464,-1033.0
Q13467,-771.0
Q13469,-149.0
Q13470,-507.0
Q13472,-661.0
Q13474,-877.0
Q13477,-230.0
Q13478,-723.0
Q13480,65.0
Q13485,-266.0
Q13487,-288.0
Q13488,-1244.0
Q13489,-452.0
Q13490,-459.0
Q13491,-345.0
Q13492,-318.0
Q13495,12.0
Q13496,-804.0
Q13501,-57.0
Q13503,-125.0
Q13505,-405.0
Q13506,-444.0
Q13507,-1035.0
Q13508,-245.0
Q13509,-158.0
Q13510,-398.0
Q13515,-353.0
Q13516,-54.0
Q13519,-109.0
Q13520,-383.0
Q13522,-53.0
Q13523,-484.0
Q13526,-13.0
Q13530,-743.0
Q13535,-3829.0
Q13541,21.0
Q13542,-16.0
Q13546,-330.0
Q13547,-151.0
Q13554,-584.0
Q13555,-524.0
Q13557,-487.0
Q13561,-340.0
Q13562,-35.0
Q13563,-944.0
Q13564,-571.0
Q13568,-380.0
Q13569,100.0
Q13571,-502.0
Q13572,-375.0
Q13573,-101.0
Q13574,-666.0
Q13576,-1759.0
Q13585,-732.0
Q13586,-613.0
Q13588,-148.0
Q13591,-399.0
Q13595,-1.0
Q13596,-385.0
Q13601,-282.0
Q13608,-1075.0
Q13609,-270.0
Q13610,-258.0
Q13613,-569.0
Q13614,-684.0
Q13615,-774.0
Q13616,-833.0
Q13617,-897.0
Q13618,-830.0
Q13619,-884.0
Q13620,-839.0
Q13621,-1312.0
Q13625,-140.0
Q13627,-96.0
Q13630,-167.0
Q13634,-644.0
Q13635,-1386.0
Q13636,-202.0
Q13637,-219.0
Q13639,-703.0
Q13641,-556.0
Q13642,-176.0
Q13643,-97.0
Q13651,-254.0
Q13671,-582.0
Q13683,-906.0
Q13685,-176.0
Q13686,-262.0
Q13698,-2501.0
Q13702,-516.0
Q13705,-530.0
Q13724,-619.0
Q13733,-1246.0
Q13740,-389.0
Q13751,-695.0
Q13753,-413.0
Q13761,57.0
Q13765,10.0
Q13769,-680.0
Q13772,-327.0
Q13790,-320.0
Q13794,-40.0
Q13795,-201.0
Q13796,-522.0
Q13797,-673.0
Q13813,-2429.0
Q13822,-566.0
Q13823,-321.0
Q13825,-361.0
Q13829,-362.0
Q13835,-259.0
Q13838,-374.0
Q13867,-381.0
Q13868,-246.0
Q13873,-509.0
Q13875,63.0
Q13882,-621.0
Q13884,-427.0
Q13885,-80.0
Q13886,-115.0
Q13887,-275.0
Q13888,-453.0
Q13889,-305.0
Q13895,-580.0
Q13901,-120.0
Q13905,-674.0
Q13907,-273.0
Q13936,-2613.0
Q13946,-605.0
Q13948,-747.0
Q13950,89.0
Q13951,-150.0
Q13952,-29.0
Q13956,32.0
Q13972,-1404.0
Q13976,-613.0
Q14002,-227.0
Q14003,-375.0
Q14004,-203.0
Q14005,-467.0
Q14008,-1901.0
Q14011,280.0
Q14012,-374.0
Q14019,-92.0
Q14028,-657.0
Q14031,3534.0
Q14032,-436.0
Q14050,1579.0
Q14055,1702.0
Q14061,-41.0
Q14088,-167.0
Q14103,331.0
Q14106,119.0
Q14108,-533.0
Q14112,-430.0
Q14114,-553.0
Q14116,-109.0
Q14117,-442.0
Q14118,-507.0
Q14119,-294.0
Q14123,-576.0
Q14126,-611.0
Q14129,-284.0
Q14134,-98.0
Q14135,-173.0
Q14137,-477.0
Q14139,-1486.0
Q14140,-151.0
Q14141,-338.0
Q14142,-635.0
Q14145,-544.0
Q14147,-1210.0
Q14149,-514.0
Q14151,107.0
Q14152,-1078.0
Q14153,-16.0
Q14154,-369.0
Q14155,-614.0
Q14156,-1118.0
Q14157,799.0
Q14159,-793.0
Q14160,-1088.0
Q14161,-462.0
Q14162,297.0
Q14164,-948.0
Q14165,-233.0
Q14166,-701.0
Q14168,-598.0
Q14181,-433.0
Q14183,-333.0
Q14184,-272.0
Q14185,-2035.0
Q14186,-42.0
Q14188,-176.0
Q14190,-653.0
Q14191,-1154.0
Q14192,-208.0
Q14194,-334.0
Q14195,-239.0
Q14197,-246.0
Q14202,-477.0
Q14203,-1079.0
Q14204,-5642.0
Q14207,-29.0
Q14209,-301.0
Q14210,-143.0
Q14213,-252.0
Q14232,-365.0
Q14240,-446.0
Q14241,-96.0
Q14242,-230.0
Q14244,-230.0
Q14246,-637.0
Q14247,252.0
Q14249,-269.0
Q14254,-471.0
Q14257,-143.0
Q14258,-699.0
Q14264,-430.0
Q14289,-1078.0
Q14296,-683.0
Q14314,-148.0
Q14315,-70.0
Q14318,-298.0
Q14320,-225.0
Q14330,-684.0
Q14331,-132.0
Q14332,-773.0
Q14344,-438.0
Q14353,-262.0
Q14376,-255.0
Q14392,-804.0
Q14393,-493.0
Q14397,-753.0
Q14406,-236.0
Q14410,-543.0
Q14416,-1050.0
Q14432,-860.0
Q14435,-622.0
Q14442,-315.0
Q14444,316.0
Q14449,-405.0
Q14451,-604.0
Q14457,-176.0
Q14469,-75.0
Q14493,-80.0
Q14494,-258.0
Q14498,-314.0
Q14500,-456.0
Q14508,-44.0
Q14511,-314.0
Q14512,-159.0
Q14515,8.0
Q14517,-2733.0
Q14520,-111.0
Q14524,-2363.0
Q14525,-428.0
Q14526,-248.0
Q14527,-768.0
Q14532,-516.0
Q14533,-294.0
Q14534,-711.0
Q14541,-397.0
Q14542,-772.0
Q14554,-494.0
Q14558,-500.0
Q14562,-1136.0
Q14563,-565.0
Q14565,-297.0
Q14566,-870.0
Q14571,-3233.0
Q14573,-3268.0
Q14574,-565.0
Q14584,-258.0
Q14585,-180.0
Q14587,-515.0
Q14592,-426.0
Q14596,-525.0
Q14623,-492.0
Q14624,-752.0
Q14626,-314.0
Q14627,-396.0
Q14642,-437.0
Q14643,-2947.0
Q14644,-721.0
Q14651,-668.0
Q14653,-215.0
Q14654,-584.0
Q14656,-511.0
Q14657,-73.0
Q14669,-1181.0
Q14671,30.0
Q14674,-2694.0
Q14676,16.0
Q14677,191.0
Q14678,-513.0
Q14679,-610.0
Q14680,-618.0
Q14683,-988.0
Q14684,-166.0
Q14686,1666.0
Q14687,-634.0
Q14689,-1623.0
Q14690,-1675.0
Q14691,-229.0
Q14692,-413.0
Q14693,-414.0
Q14694,-152.0
Q14696,-11.0
Q14697,-796.0
Q14699,-66.0
Q14703,-524.0
Q14714,-394.0
Q14721,-706.0
Q14722,-370.0
Q14738,-667.0
Q14739,-887.0
Q14746,-817.0
Q14749,-277.0
Q14764,-782.0
Q14765,-758.0
Q14766,159.0
Q14767,136.0
Q14773,-336.0
Q14774,-23.0
Q14781,51.0
Q14789,-2486.0
Q14790,-440.0
Q147X3,-281.0
Q14802,-82.0
Q14807,-633.0
Q14814,27.0
Q14831,-865.0
Q14832,-937.0
Q14833,-930.0
Q14839,-1056.0
Q14847,24.0
Q14849,-574.0
Q14863,-211.0
Q14865,-529.0
Q14872,-123.0
Q14894,-352.0
Q14896,-742.0
Q14914,-226.0
Q14916,-748.0
Q14919,108.0
Q14929,-371.0
Q14934,298.0
Q14938,-126.0
Q14940,-1183.0
Q14943,-170.0
Q14953,-104.0
Q14954,-125.0
Q14956,-304.0
Q14957,-951.0
Q14964,-235.0
Q14966,-215.0
Q14973,-584.0
Q14974,-1136.0
Q14978,454.0
Q14980,-1376.0
Q14982,-248.0
Q14990,-282.0
Q14993,1680.0
Q14994,-476.0
Q14995,-67.0
Q14997,-2583.0
Q14999,-1917.0
Q149M9,-2129.0
Q149N8,-1950.0
Q14BN4,-834.0
Q14C86,-1298.0
Q14CB8,-436.0
Q14CM0,-529.0
Q14CN2,-634.0
Q14CN4,-335.0
Q14CS0,-226.0
Q14CW9,44.0
Q14CX7,-1247.0
Q14CZ7,-984.0
Q14CZ8,-294.0
Q14D04,-1005.0
Q14D33,-108.0
Q15003,-228.0
Q15004,18.0
Q15005,-159.0
Q15006,-293.0
Q15007,83.0
Q15008,-577.0
Q15011,-183.0
Q15012,-435.0
Q15013,-307.0
Q15014,-73.0
Q15018,-152.0
Q15019,-319.0
Q15020,-852.0
Q15021,-1803.0
Q15022,-132.0
Q15024,-298.0
Q15025,-297.0
Q15027,-814.0
Q15029,-942.0
Q15031,-895.0
Q15036,-411.0
Q15038,63.0
Q15040,-179.0
Q15041,-318.0
Q15042,-875.0
Q15043,-569.0
Q15046,-546.0
Q15047,-226.0
Q15049,-605.0
Q15050,-30.0
Q15051,-839.0
Q15052,-610.0
Q15054,-36.0
Q15056,246.0
Q15057,-533.0
Q15058,-1277.0
Q15059,-203.0
Q15061,-465.0
Q15063,-837.0
Q15067,-657.0
Q15070,-639.0
Q15072,-116.0
Q15075,-902.0
Q15077,-646.0
Q15078,-300.0
Q15080,-395.0
Q15084,-184.0
Q15102,-246.0
Q15109,-119.0
Q15111,-872.0
Q15113,-41.0
Q15116,-194.0
Q15118,-402.0
Q15119,-416.0
Q15120,-456.0
Q15121,-143.0
Q15124,-459.0
Q15125,-459.0
Q15126,-142.0
Q15131,-429.0
Q15139,-703.0
Q15147,-854.0
Q15149,-4413.0
Q15154,-306.0
Q15155,-662.0
Q15165,-370.0
Q15166,-381.0
Q15170,52.0
Q15172,-635.0
Q15173,-644.0
Q15185,-10.0
Q15208,-410.0
Q15223,-103.0
Q15233,-82.0
Q15256,-697.0
Q15257,-382.0
Q15262,-1132.0
Q15274,-344.0
Q15276,-714.0
Q15283,-720.0
Q15286,-164.0
Q15287,100.0
Q15291,-250.0
Q15293,-208.0
Q15303,-753.0
Q15306,-287.0
Q15311,-477.0
Q15319,-215.0
Q15323,-517.0
Q15326,-424.0
Q15327,-344.0
Q15329,-66.0
Q15334,-937.0
Q15345,-919.0
Q15349,-729.0
Q15361,-275.0
Q15363,-236.0
Q15365,-233.0
Q15366,-172.0
Q15369,-40.0
Q15370,-74.0
Q15375,-830.0
Q15382,-147.0
Q15386,-1381.0
Q15388,-175.0
Q15389,-329.0
Q15392,-746.0
Q15393,-1078.0
Q15397,-678.0
Q15398,-315.0
Q15399,-1000.0
Q15406,-371.0
Q15413,-4907.0
Q15415,178.0
Q15417,8.0
Q15418,-635.0
Q15424,262.0
Q15427,54.0
Q15428,31.0
Q15431,-578.0
Q15435,-313.0
Q15436,-664.0
Q15437,-686.0
Q15438,-387.0
Q15459,-226.0
Q15464,-71.0
Q15465,-458.0
Q15466,-396.0
Q15468,-512.0
Q15475,-150.0
Q15477,-1262.0
Q15485,42.0
Q15493,-176.0
Q15506,-11.0
Q15517,868.0
Q15526,-223.0
Q15528,-165.0
Q15532,919.0
Q15542,-307.0
Q15543,-16.0
Q15544,-46.0
Q15545,-175.0
Q15546,-516.0
Q15554,-135.0
Q15555,-91.0
Q15560,-245.0
Q15561,-290.0
Q15562,-177.0
Q15569,-360.0
Q15572,-784.0
Q15573,-557.0
Q15582,-808.0
Q15583,-135.0
Q15596,520.0
Q15599,-140.0
Q155Q3,-420.0
Q15628,-324.0
Q15629,-598.0
Q15631,-344.0
Q15633,-237.0
Q15637,51.0
Q15642,-272.0
Q15643,-1529.0
Q15645,-574.0
Q15646,-618.0
Q15648,572.0
Q15649,-141.0
Q15650,-326.0
Q15651,84.0
Q15652,-1352.0
Q15653,-317.0
Q15654,44.0
Q15661,-170.0
Q15669,-198.0
Q15672,170.0
Q15678,-802.0
Q15691,-109.0
Q15696,-59.0
Q15697,-154.0
Q15699,-60.0
Q15700,-483.0
Q15714,424.0
Q15717,-84.0
Q15722,-620.0
Q15723,-298.0
Q15726,-38.0
Q15735,-157.0
Q15738,-427.0
Q15742,-182.0
Q15743,-698.0
Q15744,-140.0
Q15746,-588.0
Q15750,-243.0
Q15751,-3464.0
Q15758,-901.0
Q15759,-439.0
Q15761,-799.0
Q15762,-284.0
Q15768,-62.0
Q15771,-218.0
Q15772,-1809.0
Q15776,-489.0
Q15777,-75.0
Q15782,-192.0
Q15784,13.0
Q15785,-239.0
Q15788,139.0
Q15796,-234.0
Q15797,-100.0
Q15800,-474.0
Q15811,-826.0
Q15813,-450.0
Q15814,-273.0
Q15818,-262.0
Q15819,-13.0
Q15822,-787.0
Q15825,-712.0
Q15828,-129.0
Q15831,-266.0
Q15833,-788.0
Q15834,-88.0
Q15835,-351.0
Q15836,-129.0
Q15842,-581.0
Q15843,-62.0
Q15848,146.0
Q15849,-1351.0
Q15853,-70.0
Q15858,-2318.0
Q15878,-2431.0
Q15904,-504.0
Q15906,-109.0
Q15907,-256.0
Q15910,-378.0
Q15911,-573.0
Q15915,-64.0
Q15916,-316.0
Q15928,-377.0
Q15935,-267.0
Q15942,42.0
Q15973,-131.0
Q16082,-163.0
Q16099,-1157.0
Q16134,-530.0
Q16143,50.0
Q16181,-215.0
Q16186,-28.0
Q16204,-106.0
Q16206,-552.0
Q16222,-393.0
Q16236,-171.0
Q16254,-183.0
Q16270,29.0
Q16280,-798.0
Q16281,-776.0
Q16288,-824.0
Q16322,-434.0
Q16342,-335.0
Q16348,-947.0
Q16352,-488.0
Q16363,-1032.0
Q16384,8.0
Q16385,18.0
Q16394,-691.0
Q16401,-683.0
Q16445,-434.0
Q16478,-1175.0
Q16512,-856.0
Q16513,-820.0
Q16514,-110.0
Q16515,-495.0
Q16518,-419.0
Q16520,-106.0
Q16526,-501.0
Q16527,32.0
Q16531,-1161.0
Q16533,-245.0
Q16534,-99.0
Q16537,-653.0
Q16539,-466.0
Q16540,-120.0
Q16543,-354.0
Q16548,-146.0
Q16549,-436.0
Q16552,-166.0
Q16553,-154.0
Q16555,-367.0
Q16558,-218.0
Q16560,-214.0
Q16563,-293.0
Q16566,-454.0
Q16568,-105.0
Q16570,-582.0
Q16572,-882.0
Q16576,-265.0
Q16581,-562.0
Q16584,-390.0
Q16585,-119.0
Q16586,-504.0
Q16587,-438.0
Q16594,-116.0
Q16595,-162.0
Q16600,-98.0
Q16602,-714.0
Q16610,-284.0
Q16611,-256.0
Q16612,-43.0
Q16613,-364.0
Q16617,-231.0
Q16619,-295.0
Q16620,-745.0
Q16621,-244.0
Q16623,-332.0
Q16625,-200.0
Q16627,-98.0
Q16629,-75.0
Q16630,88.0
Q16633,-122.0
Q16635,-335.0
Q16637,63.0
Q16643,-130.0
Q16644,-269.0
Q16647,-662.0
Q16649,19.0
Q16650,65.0
Q16651,-201.0
Q16653,-395.0
Q16654,-374.0
Q16655,-106.0
Q16656,-292.0
Q16658,-355.0
Q16659,-544.0
Q16663,-72.0
Q16665,-445.0
Q16666,-229.0
Q16667,-277.0
Q16670,-469.0
Q16671,-625.0
Q16674,-77.0
Q16676,16.0
Q16678,-593.0
Q16690,-481.0
Q16695,-164.0
Q16696,-386.0
Q16698,-254.0
Q16706,-951.0
Q16718,-151.0
Q16719,-575.0
Q16720,-1052.0
Q16739,-531.0
Q16740,-368.0
Q16760,-855.0
Q16762,-182.0
Q16763,-130.0
Q16769,-431.0
Q16772,-226.0
Q16773,-273.0
Q16774,-132.0
Q16775,-327.0
Q16777,-119.0
Q16778,-97.0
Q16787,-1698.0
Q16790,-321.0
Q16795,-468.0
Q16798,-685.0
Q16799,-413.0
Q16816,-445.0
Q16819,-358.0
Q16820,-299.0
Q16821,-271.0
Q16822,-323.0
Q16825,-855.0
Q16827,-1036.0
Q16828,-253.0
Q16829,-249.0
Q16831,-312.0
Q16832,-529.0
Q16836,-300.0
Q16842,-229.0
Q16849,-749.0
Q16850,-573.0
Q16851,-383.0
Q16853,-468.0
Q16854,-327.0
Q16864,-174.0
Q16873,-315.0
Q16875,-554.0
Q16877,-562.0
Q16878,-170.0
Q16880,-735.0
Q16890,-24.0
Q16891,-891.0
Q17R60,-434.0
Q17R89,-297.0
Q17R98,-326.0
Q17RB8,-895.0
Q17RD7,-123.0
Q17RS7,-589.0
Q17RW2,2264.0
Q17RY0,57.0
Q18PE1,-185.0
Q19T08,15.0
Q1EHB4,-797.0
Q1HG43,-520.0
Q1HG44,-601.0
Q1L5Z9,-802.0
Q1MSJ5,-793.0
Q1MX18,-677.0
Q1RMZ1,-395.0
Q1W6H9,-35.0
Q24JP5,-792.0
Q27J81,-917.0
Q29980,-175.0
Q29983,-296.0
Q29RF7,-1593.0
Q2HXU8,-226.0
Q2I0M4,-558.0
Q2I0M5,-53.0
Q2KHM9,-819.0
Q2KHN1,-279.0
Q2KHR2,212.0
Q2KHT3,-976.0
Q2KHT4,-258.0
Q2LD37,-2380.0
Q2M1K9,-731.0
Q2M1P5,-1222.0
Q2M1Z3,-243.0
Q2M2E3,-279.0
Q2M2I5,260.0
Q2M2I8,-130.0
Q2M2Z5,-212.0
Q2M385,-241.0
Q2M389,-1751.0
Q2M3C6,-514.0
Q2M3C7,-768.0
Q2M3G0,-1366.0
Q2M3M2,-980.0
Q2M3R5,-523.0
Q2M3T9,-515.0
Q2MKA7,-76.0
Q2MV58,-443.0
Q2NKJ3,-1427.0
Q2NKQ1,-962.0
Q2NKX8,-903.0
Q2NL67,-573.0
Q2PPJ7,-1961.0
Q2Q1W2,-404.0
Q2QGD7,-171.0
Q2QL34,-299.0
Q2T9J0,-457.0
Q2TAA5,-572.0
Q2TAC2,-770.0
Q2TAK8,-375.0
Q2TAL6,-194.0
Q2TAL8,-491.0
Q2TAY7,-393.0
Q2TAZ0,-1814.0
Q2TB90,-888.0
Q2TBA0,-729.0
Q2TBE0,-309.0
Q2UY09,1312.0
Q2V2M9,-984.0
Q2VIQ3,-732.0
Q2VPA4,-121.0
Q2VPK5,-375.0
Q2VWA4,-52.0
Q2WEN9,-348.0
Q2WGJ6,-677.0
Q2Y0W8,-1380.0
Q2YD98,-538.0
Q30154,-172.0
Q30201,-350.0
Q30KQ6,-143.0
Q32M45,-1247.0
Q32M88,-548.0
Q32MK0,-337.0
Q32MQ0,-38.0
Q32MZ4,66.0
Q32NB8,-724.0
Q32P28,-617.0
Q32P41,-501.0
Q32P44,-155.0
Q330K2,-476.0
Q33E94,-473.0
Q38SD2,-2148.0
Q3B7T1,-1077.0
Q3B820,-387.0
Q3KNS1,-1252.0
Q3KNS6,-342.0
Q3KNV8,-319.0
Q3KNW5,-562.0
Q3KP44,-442.0
Q3KP66,-285.0
Q3KQV3,-352.0
Q3KR16,-729.0
Q3KR37,-518.0
Q3KRA9,-228.0
Q3KRB8,-382.0
Q3L8U1,-932.0
Q3LHN2,11.0
Q3LI59,118.0
Q3LI64,123.0
Q3LI66,111.0
Q3LI70,88.0
Q3LI72,170.0
Q3LI76,29.0
Q3LXA3,-633.0
Q3MHD2,-111.0
Q3MII6,-659.0
Q3MIR4,-283.0
Q3MIT2,-563.0
Q3MIW9,-82.0
Q3MJ16,-693.0
Q3MJ62,-334.0
Q3MUY2,-173.0
Q3SXM5,-537.0
Q3SXP7,-233.0
Q3SXR2,-29.0
Q3SXY7,-574.0
Q3SXY8,-237.0
Q3SXZ7,-397.0
Q3SY00,-32.0
Q3SY46,19.0
Q3SY56,-35.0
Q3SY69,-599.0
Q3SY84,-183.0
Q3SYB3,-345.0
Q3SYC2,-475.0
Q3SYF9,84.0
Q3SYG4,-693.0
Q3T8J9,-560.0
Q3T906,-943.0
Q3V5L5,-769.0
Q3V6T2,-1126.0
Q3YBM2,-411.0
Q3YBR2,-184.0
Q3YEC7,169.0
Q3ZAQ7,-132.0
Q3ZCM7,-170.0
Q3ZCQ8,-338.0
Q401N2,-679.0
Q460N3,-507.0
Q460N5,-1362.0
Q494R4,-162.0
Q494U1,-328.0
Q494V2,-349.0
Q495A1,-224.0
Q495C1,-325.0
Q495M3,-939.0
Q495M9,-354.0
Q495T6,-695.0
Q495W5,-448.0
Q496A3,16.0
Q496F6,-178.0
Q496J9,-669.0
Q496M5,-214.0
Q49A17,-540.0
Q49A26,-297.0
Q49A88,-568.0
Q49AJ0,-1039.0
Q49AM1,-506.0
Q49AN0,-707.0
Q49MG5,-124.0
Q49MI3,-522.0
Q4AC94,-1590.0
Q4ADV7,-1263.0
Q4FZB7,13.0
Q4G0J3,-236.0
Q4G0N4,-399.0
Q4G0N8,-2148.0
Q4G0P3,-3931.0
Q4G0S4,-625.0
Q4G0U5,-696.0
Q4G0W2,-197.0
Q4G0X4,-302.0
Q4G0X9,-870.0
Q4G163,-314.0
Q4G176,-734.0
Q4J6C6,-701.0
Q4JDL3,-330.0
Q4KMG0,-391.0
Q4KMG9,-277.0
Q4KMP7,-310.0
Q4KMQ1,-137.0
Q4KMQ2,-1217.0
Q4KWH8,-717.0
Q4L180,-674.0
Q4L235,-1155.0
Q4LDE5,-640.0
Q4LDG9,-144.0
Q4LDR2,-93.0
Q4LE39,-66.0
Q4U2R8,-818.0
Q4V328,-558.0
Q4V9L6,-64.0
Q4VC05,205.0
Q4VC12,-387.0
Q4VC44,-462.0
Q4VCS5,-559.0
Q4VNC1,-1606.0
Q4ZG55,-1664.0
Q4ZHG4,-188.0
Q4ZJI4,-883.0
Q502W6,-1150.0
Q504Q3,-1099.0
Q504Y0,-762.0
Q504Y2,-358.0
Q504Y3,-190.0
Q52LG2,77.0
Q52LJ0,138.0
Q52LR7,-427.0
Q52LW3,-772.0
Q53EL6,-233.0
Q53EL9,-317.0
Q53EP0,-465.0
Q53ET0,113.0
Q53EU6,-544.0
Q53EZ4,-582.0
Q53F19,-147.0
Q53F39,-456.0
Q53FA7,-299.0
Q53FD0,109.0
Q53FP2,-285.0
Q53FT3,-39.0
Q53FV1,-276.0
Q53FZ2,-370.0
Q53G59,-553.0
Q53GA4,-167.0
Q53GD3,-1088.0
Q53GG5,-109.0
Q53GL0,-288.0
Q53GL7,-758.0
Q53GQ0,-379.0
Q53GS7,-559.0
Q53GS9,-538.0
Q53GT1,-591.0
Q53H12,-410.0
Q53H47,-472.0
Q53H54,-456.0
Q53H76,-494.0
Q53H80,-216.0
Q53H82,-339.0
Q53H96,-383.0
Q53HC0,-303.0
Q53HC9,-296.0
Q53HI1,-558.0
Q53HL2,-249.0
Q53HV7,-286.0
Q53QV2,-19.0
Q53R12,-290.0
Q53R41,-1286.0
Q53RT3,-248.0
Q53S33,-120.0
Q53T94,-483.0
Q53TN4,-469.0
Q53TQ3,-423.0
Q53TS8,-1214.0
Q562E7,-1381.0
Q562F6,-44.0
Q567U6,-657.0
Q569K4,-79.0
Q56NI9,-256.0
Q56P03,-39.0
Q56P42,-52.0
Q56UN5,-626.0
Q587J8,-135.0
Q58A45,-412.0
Q58DX5,-621.0
Q58EX2,-1273.0
Q58EX7,-1177.0
Q58F21,-340.0
Q58HT5,-387.0
Q58WW2,-285.0
Q59EK9,-365.0
Q59H18,-870.0
Q5BJD5,-453.0
Q5BJF2,-364.0
Q5BJF6,-723.0
Q5BJH2,-320.0
Q5BJH7,-446.0
Q5BKT4,-1011.0
Q5BKX5,-331.0
Q5BKX8,-232.0
Q5BKZ1,514.0
Q5BVD1,-166.0
Q5C9Z4,-614.0
Q5CZC0,-5836.0
Q5D0E6,-806.0
Q5D1E8,-77.0
Q5D862,6129.0
Q5DID0,-1039.0
Q5DX21,-188.0
Q5EB52,-518.0
Q5EBL4,-265.0
Q5EBL8,-147.0
Q5EBM0,-536.0
Q5EE01,-95.0
Q5EG05,-276.0
Q5F1R6,-73.0
Q5FBB7,-182.0
Q5FVE4,-619.0
Q5FWF4,-1058.0
Q5FWF5,-286.0
Q5FYB1,-282.0
Q5GFL6,-632.0
Q5GH76,-682.0
Q5GJ75,-339.0
Q5GLZ8,-828.0
Q5H8A4,-1397.0
Q5H8C1,-1562.0
Q5H9F3,-217.0
Q5H9I0,-70.0
Q5H9J7,36.0
Q5H9R7,-547.0
Q5H9S7,-532.0
Q5HYA8,-1174.0
Q5HYI8,-142.0
Q5HYJ3,-107.0
Q5HYK3,-320.0
Q5HYK7,-89.0
Q5HYN5,-25.0
Q5HYW2,-269.0
Q5I7T1,-1013.0
Q5IJ48,-653.0
Q5J8M3,-144.0
Q5J8X5,-335.0
Q5JPE7,-803.0
Q5JPH6,-579.0
Q5JPI9,-272.0
Q5JQC9,-395.0
Q5JR59,-358.0
Q5JR98,-148.0
Q5JRA6,-152.0
Q5JRX3,-936.0
Q5JS13,-481.0
Q5JSH3,-245.0
Q5JSP0,-488.0
Q5JST6,-583.0
Q5JT25,-162.0
Q5JTC6,244.0
Q5JTD0,-323.0
Q5JTH9,-1564.0
Q5JTJ3,-78.0
Q5JTV8,-224.0
Q5JTW2,-467.0
Q5JTZ9,-946.0
Q5JU85,-62.0
Q5JUK2,-123.0
Q5JUK3,-1380.0
Q5JVF3,-648.0
Q5JVL4,-535.0
Q5JVS0,225.0
Q5JWF2,-219.0
Q5JX71,-168.0
Q5JXC2,-123.0
Q5JY77,-196.0
Q5JZY3,-838.0
Q5K4E3,-710.0
Q5K4L6,-699.0
Q5K651,-1450.0
Q5KSL6,-1142.0
Q5KU26,70.0
Q5M775,-564.0
Q5M7Z0,-642.0
Q5MIZ7,-875.0
Q5MJ10,218.0
Q5MJ70,-248.0
Q5MNZ6,-278.0
Q5MNZ9,-287.0
Q5MY95,-458.0
Q5NDL2,-610.0
Q5NUL3,-800.0
Q5PRF9,-306.0
Q5PSV4,-232.0
Q5QGS0,275.0
Q5QGT7,-305.0
Q5QGZ9,-274.0
Q5QJE6,-23.0
Q5QJU3,-568.0
Q5QNW6,-107.0
Q5QP82,-285.0
Q5R372,-599.0
Q5R3F8,-635.0
Q5RI15,-135.0
Q5RKV6,-230.0
Q5RL73,-286.0
Q5S007,-3128.0
Q5SGD2,-417.0
Q5SNT2,-627.0
Q5SQ64,-321.0
Q5SQI0,-267.0
Q5SQN1,-504.0
Q5SQQ9,-209.0
Q5SR56,-601.0
Q5SRE5,-2686.0
Q5SRE7,-144.0
Q5SRR4,-112.0
Q5SSG8,633.0
Q5SSJ5,-95.0
Q5ST30,-1166.0
Q5SVS4,-352.0
Q5SW24,-242.0
Q5SW79,-329.0
Q5SW96,-240.0
Q5SWA1,-264.0
Q5SWW7,-5.0
Q5SXH7,-236.0
Q5SXM2,-687.0
Q5SY16,-803.0
Q5SYB0,-875.0
Q5SYC1,-356.0
Q5SZK8,-2195.0
Q5SZL2,-411.0
Q5SZQ8,-262.0
Q5T011,-2976.0
Q5T0F9,-410.0
Q5T0J7,-116.0
Q5T0N1,-1049.0
Q5T0N5,-347.0
Q5T0T0,-290.0
Q5T0W9,-281.0
Q5T124,-291.0
Q5T160,-704.0
Q5T197,-1092.0
Q5T1C6,-143.0
Q5T1H1,-1591.0
Q5T1M5,-324.0
Q5T1R4,25.0
Q5T1V6,-675.0
Q5T200,-495.0
Q5T230,-278.0
Q5T280,-192.0
Q5T2D2,-185.0
Q5T2D3,-157.0
Q5T2R2,-526.0
Q5T2S8,-1207.0
Q5T2T1,-501.0
Q5T2W1,-139.0
Q5T3J3,20.0
Q5T3U5,-2345.0
Q5T440,-472.0
Q5T442,-327.0
Q5T447,-962.0
Q5T481,144.0
Q5T4B2,-573.0
Q5T4D3,-1270.0
Q5T4F4,-413.0
Q5T4F7,-354.0
Q5T4S7,-5225.0
Q5T4W7,-211.0
Q5T5A8,51.0
Q5T5B0,86.0
Q5T5C0,-692.0
Q5T5P2,-328.0
Q5T5U3,-540.0
Q5T5X7,-558.0
Q5T5Y3,-956.0
Q5T601,-1178.0
Q5T619,-153.0
Q5T655,-902.0
Q5T686,-207.0
Q5T6F0,-305.0
Q5T6F2,654.0
Q5T6S3,-495.0
Q5T6X5,-1338.0
Q5T700,-164.0
Q5T749,166.0
Q5T751,113.0
Q5T752,98.0
Q5T753,97.0
Q5T754,83.0
Q5T7B8,-474.0
Q5T7M4,-224.0
Q5T7N3,-348.0
Q5T7P2,76.0
Q5T7P3,108.0
Q5T7P8,-541.0
Q5T7V8,-160.0
Q5T7W0,-526.0
Q5T7W7,-386.0
Q5T890,-864.0
Q5T8A7,40.0
Q5T8D3,33.0
Q5T8I9,-284.0
Q5T9A4,-688.0
Q5T9C9,-496.0
Q5T9G4,-587.0
Q5T9L3,-690.0
Q5TA31,-255.0
Q5TA45,-673.0
Q5TA50,-361.0
Q5TA76,33.0
Q5TA77,63.0
Q5TA78,85.0
Q5TA79,38.0
Q5TA81,39.0
Q5TA82,36.0
Q5TA89,-188.0
Q5TAB7,-14.0
Q5TAP6,-387.0
Q5TAQ9,-146.0
Q5TAT6,1211.0
Q5TAX3,-939.0
Q5TB30,-675.0
Q5TB80,-714.0
Q5TBA9,-3437.0
Q5TBB1,-182.0
Q5TC82,-554.0
Q5TCH4,-725.0
Q5TCM9,85.0
Q5TCQ9,-147.0
Q5TCS8,-1747.0
Q5TCX8,-759.0
Q5TCY1,-5.0
Q5TCZ1,-116.0
Q5TD94,5.0
Q5TD97,-226.0
Q5TDH0,-258.0
Q5TEJ8,-532.0
Q5TEU4,-289.0
Q5TGU0,-442.0
Q5TGZ0,-48.0
Q5TH69,-2014.0
Q5THJ4,-3421.0
Q5THR3,-1679.0
Q5TKA1,-441.0
Q5TZA2,-1683.0
Q5TZF3,-227.0
Q5TZK3,-84.0
Q5U5Q3,-54.0
Q5U5X0,-115.0
Q5U5Z8,-692.0
Q5U651,-686.0
Q5UCC4,-126.0
Q5UE93,-947.0
Q5UIP0,-1369.0
Q5VIR6,-991.0
Q5VSL9,-896.0
Q5VST6,-275.0
Q5VST9,-6124.0
Q5VSY0,-124.0
Q5VT06,-1190.0
Q5VT25,-1301.0
Q5VT52,363.0
Q5VT66,-408.0
Q5VT99,-373.0
Q5VTB9,-189.0
Q5VTD9,-189.0
Q5VTR2,-849.0
Q5VTT5,-1045.0
Q5VTY9,-930.0
Q5VU43,-1827.0
Q5VU57,-361.0
Q5VUA4,-632.0
Q5VUB5,-480.0
Q5VUG0,-596.0
Q5VV41,-608.0
Q5VV42,-413.0
Q5VV43,-620.0
Q5VV67,-322.0
Q5VVJ2,-529.0
Q5VVQ6,-243.0
Q5VVX9,-312.0
Q5VVY1,-296.0
Q5VW38,-703.0
Q5VWC8,-488.0
Q5VWG9,-169.0
Q5VWJ9,-435.0
Q5VWK5,-543.0
Q5VWN6,-1130.0
Q5VWP2,-509.0
Q5VWP3,-178.0
Q5VWQ8,-976.0
Q5VWT5,-254.0
Q5VWX1,-73.0
Q5VWZ2,-202.0
Q5VX71,-167.0
Q5VXI9,-349.0
Q5VXU9,-1295.0
Q5VY09,-3.0
Q5VY43,432.0
Q5VY80,-305.0
Q5VYJ5,-1114.0
Q5VYK3,-2116.0
Q5VYS8,-1070.0
Q5VYX0,-341.0
Q5VZ89,-1332.0
Q5VZE5,-860.0
Q5VZF2,-237.0
Q5VZK9,-940.0
Q5VZL5,-518.0
Q5VZM2,-429.0
Q5VZV1,-245.0
Q5VZY2,-372.0
Q5W0B1,-226.0
Q5W0Q7,-490.0
Q5W0Z9,-468.0
Q5W111,-82.0
Q5W5X9,-590.0
Q5XG87,-226.0
Q5XKE5,-118.0
Q5XKP0,-86.0
Q5XKR4,10.0
Q5XLA6,-112.0
Q5XPI4,-1785.0
Q5XUX0,-370.0
Q5XXA6,-1285.0
Q5ZPR3,-275.0
Q60I27,-802.0
Q63HK5,-299.0
Q63HN8,-6390.0
Q63HQ0,-42.0
Q63HQ2,-450.0
Q63HR2,-274.0
Q63ZY3,-574.0
Q63ZY6,-317.0
Q641Q2,279.0
Q643R3,-652.0
Q64LD2,-200.0
Q658P3,-769.0
Q659A1,-410.0
Q659C4,-120.0
Q66GS9,-1361.0
Q66K64,-427.0
Q66K74,-682.0
Q66K79,-734.0
Q66K80,-46.0
Q66K89,-658.0
Q66PJ3,24.0
Q674R7,-1003.0
Q674X7,-598.0
Q676U5,-553.0
Q684P5,-65.0
Q685J3,710.0
Q687X5,-760.0
Q68CJ6,-977.0
Q68CJ9,-159.0
Q68CK6,-515.0
Q68CL5,-142.0
Q68CP4,-920.0
Q68CP9,-85.0
Q68CQ1,-1371.0
Q68CQ4,-593.0
Q68CZ1,-976.0
Q68CZ2,-263.0
Q68CZ6,-528.0
Q68D06,-1099.0
Q68D10,430.0
Q68D85,-466.0
Q68D86,-394.0
Q68D91,-317.0
Q68DA7,-706.0
Q68DC2,-318.0
Q68DD2,-783.0
Q68DE3,287.0
Q68DK2,-3267.0
Q68DK7,-243.0
Q68DQ2,-932.0
Q68DV7,-269.0
Q68DX3,-949.0
Q68E01,-1178.0
Q68EA5,-335.0
Q68EM7,-198.0
Q68G74,-284.0
Q68G75,-170.0
Q68J44,-161.0
Q69383,-37.0
Q69384,-718.0
Q693B1,-251.0
Q695T7,-857.0
Q69YG0,-229.0
Q69YH5,-208.0
Q69YI7,-292.0
Q69YN4,-1217.0
Q69YQ0,-680.0
Q6A162,-477.0
Q6A163,-534.0
Q6AI14,-1033.0
Q6AI39,331.0
Q6AWC2,-904.0
Q6AZY7,-89.0
Q6AZZ1,-459.0
Q6B0I6,-316.0
Q6B8I1,-251.0
Q6BAA4,-396.0
Q6BCY4,-234.0
Q6BDI9,-220.0
Q6DD88,-458.0
Q6DHV7,-384.0
Q6DJT9,-225.0
Q6DKI2,23.0
Q6DKI7,-254.0
Q6DKJ4,-465.0
Q6DKK2,-429.0
Q6DN03,-119.0
Q6DN12,-872.0
Q6DN14,-860.0
Q6DN72,-258.0
Q6DN90,-546.0
Q6DRA6,-93.0
Q6DT37,-1320.0
Q6E0U4,765.0
Q6E213,-368.0
Q6EEV6,10.0
Q6EIG7,-102.0
Q6EMB2,-871.0
Q6EMK4,-531.0
Q6F5E8,-1162.0
Q6FHJ7,-422.0
Q6FI13,-129.0
Q6FI81,-232.0
Q6FIF0,103.0
Q6GMR7,-463.0
Q6GMV2,-503.0
Q6GPH4,-175.0
Q6GQQ9,-83.0
Q6GTS8,-494.0
Q6GTX8,-198.0
Q6GYQ0,-1901.0
Q6H3X3,-406.0
Q6H8Q1,-152.0
Q6HA08,-192.0
Q6I9Y2,-203.0
Q6IA17,-435.0
Q6IA69,-833.0
Q6IA86,-740.0
Q6IAA8,-119.0
Q6IAN0,-394.0
Q6IB77,-237.0
Q6IBS0,-371.0
Q6IBW4,-281.0
Q6IC98,-674.0
Q6ICB0,-82.0
Q6ICB4,-134.0
Q6ICG8,131.0
Q6ICL3,-260.0
Q6ICL7,-633.0
Q6IE81,-424.0
Q6IEG0,-194.0
Q6IMI6,-240.0
Q6IMN6,85.0
Q6IN84,-296.0
Q6IN85,-836.0
Q6IPM2,-526.0
Q6IPU0,-318.0
Q6IQ16,-357.0
Q6IQ19,-16.0
Q6IQ20,-218.0
Q6IQ22,-180.0
Q6IQ23,-363.0
Q6IQ26,-1433.0
Q6IQ49,-133.0
Q6IQ55,-471.0
Q6IS24,-703.0
Q6ISB3,-261.0
Q6ISU1,-212.0
Q6IV72,-539.0
Q6IWH7,-1284.0
Q6J4K2,-959.0
Q6J9G0,-646.0
Q6JBY9,258.0
Q6JQN1,-1187.0
Q6K0P9,-266.0
Q6KB66,-379.0
Q6KC79,-1402.0
Q6KCM7,-550.0
Q6KF10,-283.0
Q6L8G4,111.0
Q6L8G8,142.0
Q6L8G9,98.0
Q6L8H1,514.0
Q6L8H2,208.0
Q6L8H4,479.0
Q6L8Q7,-540.0
Q6L9W6,-661.0
Q6MZM0,-740.0
Q6MZP7,-207.0
Q6MZQ0,-336.0
Q6N021,-172.0
Q6N022,-1278.0
Q6N043,-151.0
Q6N069,-1217.0
Q6N075,-976.0
Q6NS38,-188.0
Q6NSI4,-734.0
Q6NSJ0,-814.0
Q6NSJ5,-1226.0
Q6NSW7,115.0
Q6NT55,-836.0
Q6NT76,-75.0
Q6NTE8,35.0
Q6NTF7,-201.0
Q6NTF9,-338.0
Q6NUI2,-1149.0
Q6NUI6,-904.0
Q6NUJ2,-45.0
Q6NUJ5,-220.0
Q6NUK1,-450.0
Q6NUN0,-502.0
Q6NUN9,11.0
Q6NUP7,-1089.0
Q6NUQ1,-1153.0
Q6NUQ4,-936.0
Q6NUS6,-394.0
Q6NUT2,-1293.0
Q6NUT3,-945.0
Q6NVH7,-188.0
Q6NVU6,-54.0
Q6NVY1,-380.0
Q6NW40,-386.0
Q6NWY9,-442.0
Q6NX45,-123.0
Q6NXG1,-646.0
Q6NXR4,-852.0
Q6NXS1,-35.0
Q6NXT2,-154.0
Q6NXT4,-607.0
Q6NXT6,-728.0
Q6NYC1,-113.0
Q6NYC8,-134.0
Q6NZ36,-49.0
Q6NZI2,-273.0
Q6NZY4,20.0
Q6NZY7,-55.0
Q6P050,-261.0
Q6P087,-397.0
Q6P0N0,-363.0
Q6P0Q8,-755.0
Q6P158,-1163.0
Q6P179,-1125.0
Q6P1A2,-806.0
Q6P1J6,-1170.0
Q6P1J9,-443.0
Q6P1K1,-330.0
Q6P1K2,-163.0
Q6P1L5,95.0
Q6P1L6,-385.0
Q6P1M0,-745.0
Q6P1M3,-927.0
Q6P1N0,-557.0
Q6P1Q0,-683.0
Q6P1Q9,-251.0
Q6P1W5,-96.0
Q6P1X5,-1196.0
Q6P2C8,-372.0
Q6P2D0,-354.0
Q6P2D8,-748.0
Q6P2E9,-1185.0
Q6P2H3,-461.0
Q6P2M8,-395.0
Q6P2P2,-916.0
Q6P2Q9,-2700.0
Q6P3S1,-516.0
Q6P3W2,-120.0
Q6P3W7,-468.0
Q6P4A7,-394.0
Q6P4A8,-474.0
Q6P4F1,-573.0
Q6P4F2,-31.0
Q6P4H8,-218.0
Q6P4I2,-341.0
Q6P4Q7,-927.0
Q6P4R8,-673.0
Q6P531,-482.0
Q6P587,-220.0
Q6P597,-569.0
Q6P5Q4,-207.0
Q6P5S7,-230.0
Q6P5W5,-977.0
Q6P5X5,-189.0
Q6P5Z2,-865.0
Q6P6C2,-245.0
Q6P988,-334.0
Q6P9A2,-712.0
Q6P9B6,-188.0
Q6P9B9,-1385.0
Q6P9F0,-396.0
Q6P9F5,-279.0
Q6P9F7,-1278.0
Q6P9G9,-426.0
Q6P9H4,-314.0
Q6PCB0,-366.0
Q6PCB6,-254.0
Q6PCB7,-844.0
Q6PCD5,-449.0
Q6PCE3,-568.0
Q6PCT2,-371.0
Q6PD62,-598.0
Q6PD74,-217.0
Q6PEW1,-248.0
Q6PEX3,-72.0
Q6PEY1,-322.0
Q6PEY2,-399.0
Q6PF05,-482.0
Q6PF06,-249.0
Q6PF18,198.0
Q6PFW1,-728.0
Q6PGN9,-165.0
Q6PGP7,-2093.0
Q6PGQ7,-25.0
Q6PH85,-239.0
Q6PHR2,-634.0
Q6PHW0,-388.0
Q6PI25,-413.0
Q6PI26,-487.0
Q6PI48,-748.0
Q6PI77,-422.0
Q6PI78,-325.0
Q6PI98,38.0
Q6PID8,-195.0
Q6PIF2,-149.0
Q6PIF6,-2614.0
Q6PIJ6,-712.0
Q6PIL6,-194.0
Q6PIU1,-744.0
Q6PIU2,-489.0
Q6PIV2,-121.0
Q6PIW4,-341.0
Q6PIY7,-584.0
Q6PIZ9,-83.0
Q6PJF5,-844.0
Q6PJG6,-1141.0
Q6PJG9,-663.0
Q6PJI9,-681.0
Q6PJP8,-326.0
Q6PJT7,-201.0
Q6PJW8,-284.0
Q6PKC3,-1093.0
Q6PKG0,85.0
Q6PKX4,-287.0
Q6PL18,-1119.0
Q6PL24,-53.0
Q6PL45,-344.0
Q6PML9,-669.0
Q6PRD1,-917.0
Q6PRD7,-68.0
Q6PUV4,3.0
Q6PXP3,-843.0
Q6Q0C0,-589.0
Q6Q4G3,-1222.0
Q6Q759,-1235.0
Q6Q788,-454.0
Q6QHC5,-520.0
Q6QHF9,-486.0
Q6QHK4,-146.0
Q6QN14,-379.0
Q6QNK2,-1062.0
Q6QNY0,-162.0
Q6QNY1,-110.0
Q6R327,-1977.0
Q6R6M4,-438.0
Q6RFH5,-183.0
Q6RFH8,-46.0
Q6RI45,-482.0
Q6RVD6,-28.0
Q6RW13,-229.0
Q6S5L8,-248.0
Q6S9Z5,-168.0
Q6SA08,-405.0
Q6SJ93,-429.0
Q6SPF0,-170.0
Q6STE5,-269.0
Q6SZW1,-890.0
Q6T4R5,-327.0
Q6TCH4,-522.0
Q6TCH7,-619.0
Q6TFL4,-651.0
Q6TGC4,-602.0
Q6U736,-564.0
Q6U7Q0,-340.0
Q6U841,-1320.0
Q6UB28,-210.0
Q6UB35,-882.0
Q6UB98,-533.0
Q6UB99,-626.0
Q6ULP2,128.0
Q6UN15,55.0
Q6UUV7,208.0
Q6UUV9,167.0
Q6UVJ0,-504.0
Q6UVK1,-1872.0
Q6UVM3,-1485.0
Q6UVW9,-201.0
Q6UVY6,-602.0
Q6UW15,-63.0
Q6UW56,-211.0
Q6UW60,-488.0
Q6UW63,-525.0
Q6UW68,-286.0
Q6UW78,-65.0
Q6UW88,-296.0
Q6UWB1,-465.0
Q6UWB4,-234.0
Q6UWE0,-867.0
Q6UWF3,-114.0
Q6UWI2,-48.0
Q6UWK7,-129.0
Q6UWL6,-564.0
Q6UWN5,-162.0
Q6UWP2,-289.0
Q6UWP7,-639.0
Q6UWR7,-341.0
Q6UWU4,-384.0
Q6UWV6,-347.0
Q6UWW8,-228.0
Q6UWY0,-522.0
Q6UWY2,-263.0
Q6UWZ7,-278.0
Q6UX01,-1000.0
Q6UX04,-100.0
Q6UX06,-145.0
Q6UX15,-229.0
Q6UX27,-117.0
Q6UX34,-55.0
Q6UX39,-91.0
Q6UX40,-259.0
Q6UX41,-401.0
Q6UX46,-219.0
Q6UX65,-470.0
Q6UX71,-373.0
Q6UX98,-529.0
Q6UXB2,-90.0
Q6UXB4,-286.0
Q6UXB8,-246.0
Q6UXD5,-371.0
Q6UXF1,87.0
Q6UXG2,-302.0
Q6UXG3,-143.0
Q6UXG8,-559.0
Q6UXH0,-284.0
Q6UXH1,16.0
Q6UXH8,1.0
Q6UXI9,-135.0
Q6UXK2,-583.0
Q6UXL0,-435.0
Q6UXM1,-757.0
Q6UXN8,-178.0
Q6UXN9,-247.0
Q6UXS9,-376.0
Q6UXT8,-140.0
Q6UXV0,-409.0
Q6UXV4,-149.0
Q6UXX9,-120.0
Q6UXY1,-251.0
Q6UXZ0,-179.0
Q6UXZ3,-150.0
Q6UXZ4,-566.0
Q6UY09,-619.0
Q6UY14,151.0
Q6V0I7,-2413.0
Q6V0L0,-790.0
Q6V1X1,-866.0
Q6VAB6,-614.0
Q6VB84,-355.0
Q6VEQ5,-235.0
Q6VMQ6,150.0
Q6VN20,-5.0
Q6VVB1,-388.0
Q6VVX0,-555.0
Q6VY07,-222.0
Q6W0C5,-82.0
Q6W2J9,-496.0
Q6W4X9,-550.0
Q6W5P4,-603.0
Q6WCQ1,-646.0
Q6WKZ4,-4.0
Q6WN34,-322.0
Q6WRI0,-1866.0
Q6X4U4,-96.0
Q6X4W1,-350.0
Q6XD76,-229.0
Q6XE24,60.0
Q6XPS3,-817.0
Q6XQN6,-579.0
Q6XR72,-634.0
Q6XUX3,-1046.0
Q6XYQ8,-508.0
Q6XZB0,-476.0
Q6XZF7,-938.0
Q6Y1H2,-460.0
Q6Y288,-521.0
Q6Y7W6,120.0
Q6YBV0,-823.0
Q6YHK3,-1026.0
Q6YHU6,-2891.0
Q6YN16,-327.0
Q6YP21,-477.0
Q6ZMB0,-455.0
Q6ZMC9,-449.0
Q6ZMG9,-590.0
Q6ZMH5,-637.0
Q6ZMI0,-859.0
Q6ZMI3,22.0
Q6ZMJ2,-317.0
Q6ZMJ4,-267.0
Q6ZMM2,-391.0
Q6ZMQ8,-265.0
Q6ZMR5,-390.0
Q6ZMS7,-236.0
Q6ZMT1,-94.0
Q6ZMT4,-469.0
Q6ZMU5,-594.0
Q6ZMZ0,-493.0
Q6ZMZ3,-1265.0
Q6ZN04,138.0
Q6ZN16,-1308.0
Q6ZN17,143.0
Q6ZN18,336.0
Q6ZN30,-536.0
Q6ZN44,-933.0
Q6ZN55,-807.0
Q6ZN57,-150.0
Q6ZNA4,-154.0
Q6ZNB7,-642.0
Q6ZNC8,-906.0
Q6ZNE5,-315.0
Q6ZNE9,-310.0
Q6ZNG0,-264.0
Q6ZNH5,-238.0
Q6ZNJ1,-3164.0
Q6ZNK6,-150.0
Q6ZNL6,-438.0
Q6ZNX1,-332.0
Q6ZP29,-498.0
Q6ZP80,-360.0
Q6ZP82,-1359.0
Q6ZPD8,-379.0
Q6ZQN7,-770.0
Q6ZQW0,-573.0
Q6ZQX7,-102.0
Q6ZQY3,-569.0
Q6ZR08,-3882.0
Q6ZR37,-867.0
Q6ZRF8,-797.0
Q6ZRI0,-2137.0
Q6ZRP7,-783.0
Q6ZRQ5,-1855.0
Q6ZRS2,-1391.0
Q6ZRV2,-359.0
Q6ZRY4,-183.0
Q6ZS10,-167.0
Q6ZS17,-801.0
Q6ZSA7,-418.0
Q6ZSB9,-310.0
Q6ZSG1,-317.0
Q6ZSJ9,-353.0
Q6ZSM3,-856.0
Q6ZSS7,-768.0
Q6ZSY5,-120.0
Q6ZSZ5,-576.0
Q6ZSZ6,-345.0
Q6ZT12,-1782.0
Q6ZT21,-670.0
Q6ZT62,-678.0
Q6ZT89,-303.0
Q6ZT98,-747.0
Q6ZTN6,-518.0
Q6ZTQ4,-504.0
Q6ZTR5,-3157.0
Q6ZU15,-251.0
Q6ZU35,29.0
Q6ZU52,-108.0
Q6ZU64,-1585.0
Q6ZU80,-878.0
Q6ZUI0,-217.0
Q6ZUJ8,-498.0
Q6ZUM4,-522.0
Q6ZUT1,32.0
Q6ZUT3,-515.0
Q6ZUX7,-338.0
Q6ZV29,-1400.0
Q6ZV65,-289.0
Q6ZV73,-615.0
Q6ZVD7,-353.0
Q6ZVD8,-1284.0
Q6ZVE7,-239.0
Q6ZVK8,-369.0
Q6ZVM7,-292.0
Q6ZVN8,-264.0
Q6ZVT0,-351.0
Q6ZW31,-397.0
Q6ZW49,-752.0
Q6ZW61,-748.0
Q6ZW76,-395.0
Q6ZWH5,-1408.0
Q6ZWJ1,-408.0
Q6ZWK4,-150.0
Q6ZWL3,-640.0
Q6ZWT7,-817.0
Q6ZXV5,-1349.0
Q6ZYL4,-82.0
Q701N4,206.0
Q702N8,-421.0
Q709C8,-3777.0
Q709F0,-670.0
Q70CQ1,-816.0
Q70CQ2,-4034.0
Q70CQ3,-449.0
Q70CQ4,-301.0
Q70E73,-257.0
Q70EK9,-447.0
Q70EL1,-355.0
Q70EL2,-578.0
Q70EL3,-466.0
Q70EL4,-389.0
Q70HW3,-365.0
Q70IA6,-166.0
Q70IA8,-210.0
Q70J99,-1420.0
Q70JA7,-474.0
Q70SY1,-280.0
Q70UQ0,-343.0
Q70YC4,-174.0
Q70YC5,-385.0
Q70Z35,-1550.0
Q70Z44,-515.0
Q712K3,-28.0
Q719H9,-259.0
Q71DI3,-146.0
Q71F23,-194.0
Q71F56,-728.0
Q71H61,-166.0
Q71RC2,-96.0
Q71RG4,-203.0
Q71RH2,-537.0
Q71RS6,-871.0
Q71SY5,-40.0
Q71U36,-384.0
Q71UI9,-117.0
Q71UM5,-68.0
Q75N03,-168.0
Q75N90,490.0
Q75QN2,-1386.0
Q75T13,-1545.0
Q75V66,-1191.0
Q75WM6,-73.0
Q765P7,-294.0
Q76EJ3,-579.0
Q76FK4,24.0
Q76I76,-740.0
Q76L83,121.0
Q76LX8,-672.0
Q76M96,-456.0
Q76MJ5,-903.0
Q76N32,-125.0
Q76N89,-678.0
Q76NI1,-1095.0
Q7KYR7,-612.0
Q7KZ85,-869.0
Q7KZF4,-953.0
Q7KZI7,-213.0
Q7KZN9,-666.0
Q7L014,-501.0
Q7L099,-461.0
Q7L0J3,-638.0
Q7L0Q8,-111.0
Q7L0X0,-924.0
Q7L0Y3,-399.0
Q7L190,-184.0
Q7L1I2,-678.0
Q7L1Q6,-409.0
Q7L1S5,-433.0
Q7L1T6,-503.0
Q7L1W4,-1159.0
Q7L266,-158.0
Q7L273,-338.0
Q7L2E3,-1261.0
Q7L2H7,-479.0
Q7L2J0,16.0
Q7L2R6,-358.0
Q7L2Z9,-163.0
Q7L3B6,-230.0
Q7L3V2,-135.0
Q7L4E1,-530.0
Q7L4I2,-156.0
Q7L4P6,-314.0
Q7L513,-235.0
Q7L523,-422.0
Q7L576,-1550.0
Q7L590,-453.0
Q7L591,-296.0
Q7L592,-520.0
Q7L5A3,-63.0
Q7L5A8,-528.0
Q7L5D6,-264.0
Q7L5L3,-439.0
Q7L5N1,-403.0
Q7L5N7,-629.0
Q7L5Y1,-530.0
Q7L5Y6,-686.0
Q7L5Y9,-467.0
Q7L622,-685.0
Q7L775,-917.0
Q7L7L0,-132.0
Q7L7V1,-733.0
Q7L7X3,-626.0
Q7L804,-151.0
Q7L8A9,-257.0
Q7L8C5,-382.0
Q7L8J4,-255.0
Q7L8L6,-911.0
Q7L8S5,-308.0
Q7L8W6,-378.0
Q7L9L4,-184.0
Q7LBC6,-584.0
Q7LBE3,-857.0
Q7LBR1,-44.0
Q7LC44,-212.0
Q7LDG7,-619.0
Q7LFL8,-1.0
Q7LFX5,-633.0
Q7LG56,-379.0
Q7LGA3,-343.0
Q7LGC8,-590.0
Q7RTN6,-394.0
Q7RTP0,-600.0
Q7RTP6,-919.0
Q7RTR0,-1400.0
Q7RTR2,-1306.0
Q7RTS1,-63.0
Q7RTS3,-66.0
Q7RTS7,-324.0
Q7RTS9,-988.0
Q7RTT9,-745.0
Q7RTU1,-183.0
Q7RTU3,-231.0
Q7RTU4,-107.0
Q7RTU7,-97.0
Q7RTV0,-68.0
Q7RTW8,-1557.0
Q7RTX0,-1041.0
Q7RTX1,-1152.0
Q7RTX7,-657.0
Q7RTY0,-733.0
Q7RTY1,-760.0
Q7RTZ1,-478.0
Q7Z2D5,-279.0
Q7Z2E3,-279.0
Q7Z2H8,-926.0
Q7Z2K6,-1242.0
Q7Z2W4,-461.0
Q7Z2W7,-1472.0
Q7Z2X4,-286.0
Q7Z2Y5,-988.0
Q7Z2Z1,-978.0
Q7Z2Z2,-867.0
Q7Z333,-1823.0
Q7Z353,-136.0
Q7Z392,-1375.0
Q7Z3B1,-153.0
Q7Z3B3,-672.0
Q7Z3B4,-53.0
Q7Z3C6,-1008.0
Q7Z3E1,-448.0
Q7Z3E5,-760.0
Q7Z3H0,-507.0
Q7Z3I7,-128.0
Q7Z3J2,-1305.0
Q7Z3K3,-619.0
Q7Z3K6,-186.0
Q7Z3S7,-1229.0
Q7Z3S9,6.0
Q7Z3T8,-645.0
Q7Z3U7,-2178.0
Q7Z3Y7,-293.0
Q7Z3Y8,-219.0
Q7Z3Y9,-314.0
Q7Z3Z0,-211.0
Q7Z3Z2,-300.0
Q7Z3Z4,-893.0
Q7Z401,-1481.0
Q7Z403,-1195.0
Q7Z406,-1616.0
Q7Z407,49.0
Q7Z410,-903.0
Q7Z412,-444.0
Q7Z417,291.0
Q7Z418,-594.0
Q7Z419,-442.0
Q7Z429,-267.0
Q7Z434,-26.0
Q7Z442,-2527.0
Q7Z443,-2453.0
Q7Z449,-726.0
Q7Z460,-1154.0
Q7Z465,-263.0
Q7Z478,-1356.0
Q7Z494,-1562.0
Q7Z4F1,-367.0
Q7Z4G1,-67.0
Q7Z4H4,-110.0
Q7Z4H7,-765.0
Q7Z4H8,-551.0
Q7Z4I7,-301.0
Q7Z4K8,-644.0
Q7Z4L5,-1799.0
Q7Z4N2,-1467.0
Q7Z4N8,-669.0
Q7Z4P5,-369.0
Q7Z4S6,-1027.0
Q7Z4T8,-525.0
Q7Z4T9,-745.0
Q7Z4V0,-316.0
Q7Z4V5,156.0
Q7Z4W1,-282.0
Q7Z4W3,232.0
Q7Z569,-510.0
Q7Z570,-590.0
Q7Z589,-346.0
Q7Z591,-116.0
Q7Z5A7,-203.0
Q7Z5B4,-161.0
Q7Z5G4,-152.0
Q7Z5H3,-306.0
Q7Z5J1,-330.0
Q7Z5J4,191.0
Q7Z5K2,-569.0
Q7Z5L2,-259.0
Q7Z5L7,-608.0
Q7Z5L9,-40.0
Q7Z5N4,-1393.0
Q7Z5P4,-427.0
Q7Z5P9,8676.0
Q7Z5Q1,-56.0
Q7Z5Q5,-899.0
Q7Z5R6,-198.0
Q7Z5V6,74.0
Q7Z5W3,-356.0
Q7Z5Y6,-425.0
Q7Z602,-791.0
Q7Z614,-462.0
Q7Z624,-383.0
Q7Z628,-527.0
Q7Z698,-224.0
Q7Z699,-235.0
Q7Z6A9,-298.0
Q7Z6B0,-332.0
Q7Z6B7,-869.0
Q7Z6E9,213.0
Q7Z6G3,-411.0
Q7Z6G8,-674.0
Q7Z6I5,-157.0
Q7Z6I6,-103.0
Q7Z6J0,-254.0
Q7Z6J4,-657.0
Q7Z6J6,-648.0
Q7Z6J8,-375.0
Q7Z6J9,-311.0
Q7Z6K1,-172.0
Q7Z6K5,-114.0
Q7Z6L0,59.0
Q7Z6L1,-275.0
Q7Z6M1,-144.0
Q7Z6M3,-290.0
Q7Z6M4,-346.0
Q7Z6R9,-368.0
Q7Z6V5,-66.0
Q7Z6Z7,-3582.0
Q7Z739,311.0
Q7Z769,-508.0
Q7Z794,279.0
Q7Z7A1,-1732.0
Q7Z7A4,-552.0
Q7Z7B0,-588.0
Q7Z7B1,-1119.0
Q7Z7C7,-271.0
Q7Z7C8,-162.0
Q7Z7D3,-267.0
Q7Z7E8,-97.0
Q7Z7F0,179.0
Q7Z7G0,-117.0
Q7Z7G1,-184.0
Q7Z7G2,-11.0
Q7Z7G8,-3859.0
Q7Z7H3,-346.0
Q7Z7H5,-230.0
Q7Z7H8,-376.0
Q7Z7K6,-69.0
Q7Z7L1,-1053.0
Q7Z7M0,-814.0
Q7Z7M8,-456.0
Q7Z7M9,-721.0
Q7Z7N9,-405.0
Q86SE5,-87.0
Q86SE8,-57.0
Q86SE9,-225.0
Q86SF2,-454.0
Q86SG2,-381.0
Q86SG3,231.0
Q86SG5,-68.0
Q86SG6,-596.0
Q86SJ2,-549.0
Q86SJ6,-688.0
Q86SK9,-451.0
Q86SQ0,-746.0
Q86SQ3,-670.0
Q86SQ4,-1184.0
Q86SQ6,-631.0
Q86SQ7,-599.0
Q86SQ9,-510.0
Q86SR1,-505.0
Q86SS6,-462.0
Q86SU0,-531.0
Q86SX6,-57.0
Q86SZ2,-152.0
Q86T03,-213.0
Q86T13,-286.0
Q86T24,-373.0
Q86T26,-241.0
Q86T65,-1211.0
Q86T82,-485.0
Q86T90,-295.0
Q86T96,-444.0
Q86TB3,-359.0
Q86TB9,-470.0
Q86TC9,-421.0
Q86TG1,-399.0
Q86TG7,-546.0
Q86TH1,-32.0
Q86TI0,-1122.0
Q86TI2,-627.0
Q86TJ2,-355.0
Q86TL0,-408.0
Q86TL2,-387.0
Q86TM3,-376.0
Q86TM6,-751.0
Q86TP1,-625.0
Q86TS9,-93.0
Q86TU7,-464.0
Q86TV6,-1224.0
Q86TW2,-781.0
Q86TX2,-409.0
Q86U06,-218.0
Q86U10,-702.0
Q86U28,-77.0
Q86U42,136.0
Q86U44,-452.0
Q86U70,-76.0
Q86U86,-1055.0
Q86U90,-296.0
Q86UA6,-211.0
Q86UC2,-408.0
Q86UD0,-391.0
Q86UD3,-454.0
Q86UD4,-222.0
Q86UD5,-830.0
Q86UE4,155.0
Q86UE6,-641.0
Q86UE8,-438.0
Q86UF1,-492.0
Q86UG4,-997.0
Q86UK0,-3067.0
Q86UK5,-1450.0
Q86UK7,-391.0
Q86UL3,-640.0
Q86UL8,-184.0
Q86UN2,-376.0
Q86UN3,-443.0
Q86UN6,-168.0
Q86UP0,-539.0
Q86UP2,-926.0
Q86UP3,-820.0
Q86UQ0,-201.0
Q86UQ4,-6669.0
Q86UQ8,-127.0
Q86UR1,-256.0
Q86UR5,-719.0
Q86US8,-783.0
Q86UT5,-347.0
Q86UT6,-1275.0
Q86UT8,-171.0
Q86UU0,1355.0
Q86UU1,-824.0
Q86UU5,-40.0
Q86UU9,-45.0
Q86UV5,-836.0
Q86UV6,-301.0
Q86UW1,-640.0
Q86UW2,-126.0
Q86UW6,-566.0
Q86UW7,-1235.0
Q86UW9,-186.0
Q86UX2,-795.0
Q86UX6,-362.0
Q86UX7,-714.0
Q86UY5,-198.0
Q86UY6,-110.0
Q86UZ6,-142.0
Q86V15,-417.0
Q86V20,-754.0
Q86V24,-582.0
Q86V25,-318.0
Q86V40,-581.0
Q86V42,-175.0
Q86V48,-212.0
Q86V81,241.0
Q86V86,-419.0
Q86V97,-633.0
Q86VB7,-254.0
Q86VD1,-817.0
Q86VD7,-425.0
Q86VD9,-946.0
Q86VE0,-268.0
Q86VE9,-688.0
Q86VF2,-827.0
Q86VF5,-386.0
Q86VF7,-1124.0
Q86VH2,-1118.0
Q86VH5,-630.0
Q86VI3,-2184.0
Q86VI4,-521.0
Q86VK4,-152.0
Q86VL8,-991.0
Q86VM9,465.0
Q86VN1,-414.0
Q86VP1,-371.0
Q86VP3,-430.0
Q86VP6,-1769.0
Q86VQ0,-216.0
Q86VQ3,-5.0
Q86VR2,-411.0
Q86VS8,-678.0
Q86VV4,-279.0
Q86VV8,-3321.0
Q86VW0,-662.0
Q86VW1,-810.0
Q86VW2,-371.0
Q86VX9,-686.0
Q86VY4,12.0
Q86VZ4,-303.0
Q86VZ5,-591.0
Q86VZ6,-38.0
Q86W10,-688.0
Q86W24,-1396.0
Q86W26,-658.0
Q86W42,-352.0
Q86W47,-230.0
Q86W50,-420.0
Q86W54,-167.0
Q86W56,-504.0
Q86W74,-255.0
Q86W92,-458.0
Q86WA6,-296.0
Q86WA8,-974.0
Q86WA9,-955.0
Q86WB0,-277.0
Q86WB7,-618.0
Q86WC4,-399.0
Q86WD7,-369.0
Q86WG3,-307.0
Q86WG5,-1937.0
Q86WH2,-225.0
Q86WI1,-2018.0
Q86WI3,-2274.0
Q86WJ1,-731.0
Q86WK6,-482.0
Q86WN1,-512.0
Q86WP2,365.0
Q86WQ0,-96.0
Q86WR0,-106.0
Q86WT6,-547.0
Q86WU2,-460.0
Q86WV1,-85.0
Q86WV5,-118.0
Q86WV6,-587.0
Q86WX3,-73.0
Q86X02,-445.0
Q86X24,-199.0
Q86X29,-242.0
Q86X45,-450.0
Q86X51,50.0
Q86X52,-561.0
Q86X55,-297.0
Q86X67,-398.0
Q86X95,23.0
Q86XA0,-269.0
Q86XE0,-525.0
Q86XE5,-224.0
Q86XF0,-147.0
Q86XF7,-93.0
Q86XI2,-1720.0
Q86XJ1,-186.0
Q86XK2,-278.0
Q86XK3,-71.0
Q86XK7,-174.0
Q86XL3,-583.0
Q86XM0,-752.0
Q86XN8,-49.0
Q86XP0,-702.0
Q86XP1,-1028.0
Q86XP3,219.0
Q86XQ3,-681.0
Q86XR7,-122.0
Q86XR8,-368.0
Q86XS8,-508.0
Q86XT2,-254.0
Q86XT4,-552.0
Q86XX4,-2378.0
Q86Y01,-285.0
Q86Y07,-298.0
Q86Y13,-1183.0
Q86Y26,-49.0
Q86Y33,-322.0
Q86Y34,-702.0
Q86Y37,-302.0
Q86Y38,-590.0
Q86Y39,-170.0
Q86Y46,-202.0
Q86Y56,-1548.0
Q86Y78,-169.0
Q86Y82,-294.0
Q86Y91,-513.0
Q86Y97,-513.0
Q86YA3,-1019.0
Q86YB8,-424.0
Q86YC2,-561.0
Q86YC3,-817.0
Q86YD1,-314.0
Q86YD3,-322.0
Q86YD5,9.0
Q86YD7,-82.0
Q86YF9,-532.0
Q86YH6,-452.0
Q86YI8,-85.0
Q86YJ5,-188.0
Q86YJ6,-533.0
Q86YJ7,-458.0
Q86YL7,-88.0
Q86YM7,-236.0
Q86YN6,-315.0
Q86YP4,-266.0
Q86YR5,-559.0
Q86YR7,-1092.0
Q86YS3,-383.0
Q86YS6,-202.0
Q86YS7,-695.0
Q86YT5,-918.0
Q86YT6,-679.0
Q86YT9,-388.0
Q86YV0,-1003.0
Q86YV5,135.0
Q86YV9,-928.0
Q86YW0,-637.0
Q86YW5,-219.0
Q86YW7,-167.0
Q86YW9,-1677.0
Q86YZ3,10278.0
Q86Z02,-640.0
Q86Z14,-1152.0
Q86Z20,-326.0
Q86Z23,6.0
Q8HWS3,-426.0
Q8IU54,-286.0
Q8IU57,-129.0
Q8IU60,-150.0
Q8IU68,-1043.0
Q8IU80,-695.0
Q8IU81,-213.0
Q8IU85,-343.0
Q8IU89,-728.0
Q8IU99,-484.0
Q8IUA7,-2206.0
Q8IUB9,274.0
Q8IUC1,-32.0
Q8IUC2,92.0
Q8IUC3,95.0
Q8IUC4,-695.0
Q8IUC6,-314.0
Q8IUC8,-479.0
Q8IUD2,-818.0
Q8IUD6,-468.0
Q8IUE6,-114.0
Q8IUF8,-415.0
Q8IUG1,-19.0
Q8IUG5,-1490.0
Q8IUH3,-145.0
Q8IUH4,-968.0
Q8IUH5,-784.0
Q8IUH8,-908.0
Q8IUI8,-233.0
Q8IUK5,-260.0
Q8IUM7,-442.0
Q8IUN9,-109.0
Q8IUQ0,-426.0
Q8IUQ4,-296.0
Q8IUR0,-257.0
Q8IUR5,-1221.0
Q8IUR6,-138.0
Q8IUR7,-1093.0
Q8IUW3,-534.0
Q8IUW5,-115.0
Q8IUX1,-268.0
Q8IUX4,-425.0
Q8IUX7,-438.0
Q8IUX8,-220.0
Q8IUY3,-301.0
Q8IUZ5,-375.0
Q8IV01,-306.0
Q8IV04,-400.0
Q8IV08,-518.0
Q8IV16,22.0
Q8IV20,-527.0
Q8IV31,-191.0
Q8IV36,-954.0
Q8IV45,-562.0
Q8IV48,-276.0
Q8IV53,-560.0
Q8IV61,-660.0
Q8IV63,-107.0
Q8IV76,-189.0
Q8IV77,-741.0
Q8IVB4,-860.0
Q8IVD9,-151.0
Q8IVE3,-919.0
Q8IVF2,1757.0
Q8IVF4,-5546.0
Q8IVF5,-992.0
Q8IVF7,-1236.0
Q8IVG5,-1725.0
Q8IVG9,-34.0
Q8IVH2,-126.0
Q8IVH4,-505.0
Q8IVH8,-560.0
Q8IVI9,-365.0
Q8IVJ1,-734.0
Q8IVL0,-18.0
Q8IVL1,-157.0
Q8IVL5,-749.0
Q8IVL6,-776.0
Q8IVL8,-292.0
Q8IVM0,-180.0
Q8IVM8,-924.0
Q8IVP5,-110.0
Q8IVP9,-387.0
Q8IVQ6,-525.0
Q8IVS2,-409.0
Q8IVS8,-671.0
Q8IVT2,-231.0
Q8IVT5,-578.0
Q8IVU3,-988.0
Q8IVV7,-161.0
Q8IVW4,-422.0
Q8IVW6,-215.0
Q8IVW8,-699.0
Q8IW00,-375.0
Q8IW19,81.0
Q8IW35,-629.0
Q8IW40,-174.0
Q8IW41,-443.0
Q8IW45,-411.0
Q8IW52,-756.0
Q8IW75,-477.0
Q8IWA4,-865.0
Q8IWA5,-1267.0
Q8IWB1,-692.0
Q8IWB6,-771.0
Q8IWB7,-366.0
Q8IWC1,-211.0
Q8IWD4,-19.0
Q8IWE2,-286.0
Q8IWE4,-169.0
Q8IWE5,-668.0
Q8IWF2,-677.0
Q8IWG1,-691.0
Q8IWI9,-724.0
Q8IWJ2,-1388.0
Q8IWK6,-1132.0
Q8IWL1,76.0
Q8IWL2,75.0
Q8IWL3,-135.0
Q8IWL8,-88.0
Q8IWN7,1504.0
Q8IWQ3,-500.0
Q8IWR1,-715.0
Q8IWS0,-7.0
Q8IWT0,-102.0
Q8IWT1,-260.0
Q8IWT3,-2528.0
Q8IWT6,-1308.0
Q8IWU2,-483.0
Q8IWU4,-698.0
Q8IWU5,-620.0
Q8IWU6,-573.0
Q8IWU9,-388.0
Q8IWV1,-244.0
Q8IWV2,-440.0
Q8IWV7,-2213.0
Q8IWV8,-1999.0
Q8IWW6,-143.0
Q8IWW8,-408.0
Q8IWX5,-696.0
Q8IWX7,-1252.0
Q8IWX8,158.0
Q8IWY4,127.0
Q8IWY9,-1146.0
Q8IWZ3,-525.0
Q8IWZ4,-307.0
Q8IWZ5,-700.0
Q8IWZ6,-586.0
Q8IWZ8,-214.0
Q8IX01,-355.0
Q8IX03,-792.0
Q8IX04,-410.0
Q8IX05,-245.0
Q8IX07,-210.0
Q8IX12,-556.0
Q8IX15,-138.0
Q8IX19,-139.0
Q8IX21,-700.0
Q8IX30,-42.0
Q8IX90,-200.0
Q8IXA5,-217.0
Q8IXB1,-730.0
Q8IXB3,-193.0
Q8IXF0,-202.0
Q8IXH6,-120.0
Q8IXH7,-841.0
Q8IXH8,-686.0
Q8IXI1,-705.0
Q8IXI2,-676.0
Q8IXJ6,-286.0
Q8IXJ9,122.0
Q8IXK0,-43.0
Q8IXK2,-592.0
Q8IXL6,-636.0
Q8IXL7,-59.0
Q8IXM2,-102.0
Q8IXM3,-48.0
Q8IXM6,-575.0
Q8IXN7,-249.0
Q8IXQ5,-463.0
Q8IXQ6,-814.0
Q8IXQ9,-292.0
Q8IXS2,-608.0
Q8IXT2,-219.0
Q8IXV7,-219.0
Q8IXW0,-431.0
Q8IXW5,-446.0
Q8IXZ2,-249.0
Q8IY17,-1239.0
Q8IY18,-1206.0
Q8IY21,-2074.0
Q8IY22,-1029.0
Q8IY26,-400.0
Q8IY31,-123.0
Q8IY33,-389.0
Q8IY34,-890.0
Q8IY37,-1044.0
Q8IY49,-522.0
Q8IY57,43.0
Q8IY63,-420.0
Q8IY81,-533.0
Q8IY82,-889.0
Q8IY84,-374.0
Q8IY92,-119.0
Q8IY95,-502.0
Q8IYA6,-275.0
Q8IYA8,-84.0
Q8IYB1,-599.0
Q8IYB3,19.0
Q8IYB4,-390.0
Q8IYB5,129.0
Q8IYB7,-833.0
Q8IYB8,-803.0
Q8IYD1,-138.0
Q8IYD8,-1220.0
Q8IYE0,-1102.0
Q8IYE1,-519.0
Q8IYF1,-128.0
Q8IYF3,-1208.0
Q8IYG6,-328.0
Q8IYH5,-243.0
Q8IYI0,-33.0
Q8IYI6,-793.0
Q8IYI8,-245.0
Q8IYJ0,-16.0
Q8IYJ1,-380.0
Q8IYJ2,-484.0
Q8IYJ3,-239.0
Q8IYK4,-701.0
Q8IYL9,-680.0
Q8IYM1,-392.0
Q8IYM2,-603.0
Q8IYM9,-378.0
Q8IYP9,-619.0
Q8IYR0,-943.0
Q8IYR2,-969.0
Q8IYR6,23.0
Q8IYS1,-358.0
Q8IYS5,-230.0
Q8IYT2,-1002.0
Q8IYT3,-756.0
Q8IYT4,-592.0
Q8IYT8,-379.0
Q8IYU2,-815.0
Q8IYU8,-416.0
Q8IYV9,-309.0
Q8IYW5,-104.0
Q8IYX1,-505.0
Q8IYX3,-157.0
Q8IYX4,-304.0
Q8IYX7,-163.0
Q8IYX8,-375.0
Q8IYY4,-336.0
Q8IZ07,-533.0
Q8IZ20,-305.0
Q8IZ21,-333.0
Q8IZ41,-515.0
Q8IZ52,-867.0
Q8IZ69,-627.0
Q8IZ96,-354.0
Q8IZA0,-557.0
Q8IZC4,-596.0
Q8IZC6,2578.0
Q8IZC7,-325.0
Q8IZD2,82.0
Q8IZD4,-333.0
Q8IZD9,-2051.0
Q8IZE3,-661.0
Q8IZF0,-2497.0
Q8IZF2,-1128.0
Q8IZF3,-1040.0
Q8IZF6,-2008.0
Q8IZH2,-933.0
Q8IZI9,-367.0
Q8IZJ0,-371.0
Q8IZJ1,-785.0
Q8IZJ3,-1348.0
Q8IZK6,-822.0
Q8IZL2,738.0
Q8IZL8,-467.0
Q8IZL9,-405.0
Q8IZN3,-330.0
Q8IZP0,16.0
Q8IZP1,-342.0
Q8IZP9,-865.0
Q8IZQ1,-3698.0
Q8IZQ8,47.0
Q8IZR5,-343.0
Q8IZT6,-5288.0
Q8IZT8,-469.0
Q8IZU0,-66.0
Q8IZU1,80.0
Q8IZU3,-109.0
Q8IZU9,-504.0
Q8IZV5,-460.0
Q8IZW8,-225.0
Q8IZX4,-877.0
Q8IZY2,-2585.0
Q8J025,-530.0
Q8N0S2,-294.0
Q8N0U8,-371.0
Q8N0V3,-210.0
Q8N0V5,-436.0
Q8N0W3,-1361.0
Q8N0W4,-616.0
Q8N0X2,-461.0
Q8N0X4,-262.0
Q8N0X7,-293.0
Q8N0Y2,-166.0
Q8N0Z3,-484.0
Q8N0Z6,-387.0
Q8N100,-115.0
Q8N104,-95.0
Q8N108,152.0
Q8N114,-136.0
Q8N119,-387.0
Q8N122,-1363.0
Q8N126,-273.0
Q8N130,-1009.0
Q8N131,-70.0
Q8N135,-722.0
Q8N137,-524.0
Q8N138,-252.0
Q8N139,-2183.0
Q8N140,-274.0
Q8N142,-260.0
Q8N144,-439.0
Q8N149,-164.0
Q8N157,-742.0
Q8N158,-490.0
Q8N159,-563.0
Q8N163,-715.0
Q8N165,-354.0
Q8N183,-68.0
Q8N187,-296.0
Q8N196,-396.0
Q8N1A0,-287.0
Q8N1B3,-391.0
Q8N1B4,-989.0
Q8N1C3,-598.0
Q8N1E6,-603.0
Q8N1F7,-950.0
Q8N1F8,-1155.0
Q8N1G0,-9.0
Q8N1G1,-251.0
Q8N1G2,-526.0
Q8N1H7,-268.0
Q8N1I0,-1925.0
Q8N1K5,-591.0
Q8N1L9,-186.0
Q8N1M1,-640.0
Q8N1N2,-164.0
Q8N1N4,-143.0
Q8N1Q1,-143.0
Q8N1Q8,-165.0
Q8N1V2,-605.0
Q8N1W1,-1213.0
Q8N201,-3075.0
Q8N205,-218.0
Q8N257,-105.0
Q8N264,25.0
Q8N271,-1229.0
Q8N2A8,-303.0
Q8N2C7,-2668.0
Q8N2E6,-324.0
Q8N2F6,-404.0
Q8N2G4,-110.0
Q8N2G8,-631.0
Q8N2H4,-281.0
Q8N2H9,-286.0
Q8N2I9,-447.0
Q8N2K0,-396.0
Q8N2K1,-286.0
Q8N2M4,-509.0
Q8N2M8,-127.0
Q8N2N9,-1007.0
Q8N2Q7,-563.0
Q8N2R0,-327.0
Q8N2S1,281.0
Q8N2U9,-440.0
Q8N2W9,-316.0
Q8N2Y8,98.0
Q8N2Z9,-69.0
Q8N300,-1.0
Q8N302,-92.0
Q8N307,-282.0
Q8N335,-369.0
Q8N339,-88.0
Q8N344,-231.0
Q8N350,-286.0
Q8N357,-597.0
Q8N370,-797.0
Q8N371,-495.0
Q8N386,-277.0
Q8N387,-96.0
Q8N392,-480.0
Q8N393,-376.0
Q8N394,-1231.0
Q8N3A8,-558.0
Q8N3C0,-2749.0
Q8N3C7,-200.0
Q8N3E9,-828.0
Q8N3F0,-34.0
Q8N3F8,-14.0
Q8N3G9,-565.0
Q8N3I7,-287.0
Q8N3J2,-492.0
Q8N3J3,-158.0
Q8N3J5,-295.0
Q8N3J6,-331.0
Q8N3K9,-906.0
Q8N3L3,-293.0
Q8N3P4,-1683.0
Q8N3R9,-608.0
Q8N3T1,-728.0
Q8N3U4,-1120.0
Q8N3V7,-41.0
Q8N3Y1,-552.0
Q8N3Y3,-1029.0
Q8N3Y7,-333.0
Q8N3Z6,-185.0
Q8N414,-416.0
Q8N423,-264.0
Q8N427,-492.0
Q8N428,-542.0
Q8N441,-281.0
Q8N443,-188.0
Q8N448,-573.0
Q8N465,-571.0
Q8N474,-292.0
Q8N488,47.0
Q8N490,-349.0
Q8N4A0,-652.0
Q8N4B1,-260.0
Q8N4C6,-1621.0
Q8N4C7,-320.0
Q8N4C8,-521.0
Q8N4E7,-315.0
Q8N4F0,-672.0
Q8N4F4,-924.0
Q8N4J0,-413.0
Q8N4L2,-399.0
Q8N4L8,-370.0
Q8N4M1,-1058.0
Q8N4N3,-577.0
Q8N4N8,-637.0
Q8N4P3,-194.0
Q8N4Q1,28.0
Q8N4S9,-444.0
Q8N4T0,-501.0
Q8N4T8,-249.0
Q8N4V1,-165.0
Q8N4X5,-363.0
Q8N4Y2,-356.0
Q8N511,-320.0
Q8N539,-311.0
Q8N543,-385.0
Q8N554,-137.0
Q8N556,-229.0
Q8N565,-262.0
Q8N568,-359.0
Q8N573,-224.0
Q8N594,-176.0
Q8N5A5,-195.0
Q8N5B7,-680.0
Q8N5C8,28.0
Q8N5D0,-482.0
Q8N5D6,-434.0
Q8N5F7,22.0
Q8N5G0,-101.0
Q8N5G2,-707.0
Q8N5H7,-502.0
Q8N5I2,-332.0
Q8N5I4,-415.0
Q8N5J2,-279.0
Q8N5K1,-190.0
Q8N5M1,-396.0
Q8N5M9,-296.0
Q8N5P1,-11.0
Q8N5S9,-399.0
Q8N5U6,-204.0
Q8N5V2,-656.0
Q8N5Y2,-457.0
Q8N5Y8,-460.0
Q8N5Z0,-453.0
Q8N5Z5,-147.0
Q8N608,-857.0
Q8N609,-558.0
Q8N612,-1025.0
Q8N635,-458.0
Q8N653,-654.0
Q8N661,-486.0
Q8N668,-140.0
Q8N680,-338.0
Q8N682,-441.0
Q8N684,-255.0
Q8N690,-78.0
Q8N693,15.0
Q8N695,-910.0
Q8N697,-835.0
Q8N6C5,-1018.0
Q8N6C8,-162.0
Q8N6D2,-309.0
Q8N6F1,-264.0
Q8N6F7,-98.0
Q8N6F8,-240.0
Q8N6G5,-464.0
Q8N6G6,-1164.0
Q8N6H7,-85.0
Q8N6I1,-252.0
Q8N6K0,-128.0
Q8N6K7,-591.0
Q8N6L0,-470.0
Q8N6L1,-240.0
Q8N6M0,-295.0
Q8N6M3,-423.0
Q8N6M6,-812.0
Q8N6P7,-322.0
Q8N6Q3,-166.0
Q8N6R0,-656.0
Q8N6R1,-64.0
Q8N6S4,-486.0
Q8N6T3,216.0
Q8N6T7,-317.0
Q8N6U8,-668.0
Q8N6W0,-151.0
Q8N6Y0,-366.0
Q8N715,-363.0
Q8N720,-257.0
Q8N726,-114.0
Q8N743,-192.0
Q8N752,-231.0
Q8N766,-1052.0
Q8N7B6,-253.0
Q8N7C0,-459.0
Q8N7C3,-527.0
Q8N7E2,-254.0
Q8N7H5,75.0
Q8N7J2,117.0
Q8N7U6,-538.0
Q8N7U7,420.0
Q8N7W2,-118.0
Q8N7X4,-57.0
Q8N807,-531.0
Q8N841,-535.0
Q8N865,-306.0
Q8N884,-385.0
Q8N895,-251.0
Q8N8B7,-296.0
Q8N8E2,9.0
Q8N8N0,-201.0
Q8N8N7,-191.0
Q8N8Q3,-312.0
Q8N8Q8,-614.0
Q8N8R3,-405.0
Q8N8R7,-220.0
Q8N8S7,-74.0
Q8N8U9,-272.0
Q8N8V2,-579.0
Q8N8V4,-180.0
Q8N8W4,-170.0
Q8N8X9,-552.0
Q8N8Y2,-493.0
Q8N912,-263.0
Q8N960,-947.0
Q8N966,-464.0
Q8N983,-262.0
Q8N987,-203.0
Q8N988,-247.0
Q8N9A8,-255.0
Q8N9B5,-820.0
Q8N9E0,87.0
Q8N9F0,-403.0
Q8N9F7,-481.0
Q8N9I0,-122.0
Q8N9I5,-638.0
Q8N9I9,-242.0
Q8N9L9,-403.0
Q8N9M5,-559.0
Q8N9N2,-327.0
Q8N9N5,-250.0
Q8N9N8,-22.0
Q8N9Q2,23.0
Q8N9R8,-683.0
Q8N9V2,-419.0
Q8N9V6,-431.0
Q8N9W5,-491.0
Q8N9W6,-38.0
Q8NA29,-798.0
Q8NA31,-670.0
Q8NA42,-364.0
Q8NA54,-839.0
Q8NA56,-552.0
Q8NA58,-650.0
Q8NA61,-361.0
Q8NA72,-523.0
Q8NA77,-14.0
Q8NA82,106.0
Q8NAA4,-654.0
Q8NAC3,-820.0
Q8NAG6,-587.0
Q8NAM6,-100.0
Q8NAN2,-642.0
Q8NAP3,-489.0
Q8NAP8,-334.0
Q8NAT1,-748.0
Q8NAU1,-235.0
Q8NAV1,-295.0
Q8NAX2,-184.0
Q8NB12,-515.0
Q8NB14,-1074.0
Q8NB15,-204.0
Q8NB16,-522.0
Q8NB49,-1515.0
Q8NB59,-168.0
Q8NB66,-1425.0
Q8NB78,-682.0
Q8NB90,-761.0
Q8NB91,-884.0
Q8NBB4,-223.0
Q8NBD8,-339.0
Q8NBF1,-253.0
Q8NBF2,-499.0
Q8NBI2,-478.0
Q8NBI3,-228.0
Q8NBI5,-785.0
Q8NBI6,-495.0
Q8NBJ4,-96.0
Q8NBJ5,-683.0
Q8NBJ7,-69.0
Q8NBJ9,-1071.0
Q8NBK3,-63.0
Q8NBL1,-360.0
Q8NBM4,-443.0
Q8NBN3,-778.0
Q8NBN7,-375.0
Q8NBP7,-633.0
Q8NBQ5,-420.0
Q8NBQ7,-588.0
Q8NBR6,-162.0
Q8NBS3,-1439.0
Q8NBS9,-342.0
Q8NBT0,-224.0
Q8NBT2,-177.0
Q8NBU5,-396.0
Q8NBV8,-413.0
Q8NBW4,-884.0
Q8NBZ0,-1.0
Q8NBZ7,-311.0
Q8NC01,-309.0
Q8NC06,-89.0
Q8NC24,23.0
Q8NC26,-207.0
Q8NC42,-307.0
Q8NC51,392.0
Q8NC56,-664.0
Q8NC60,-631.0
Q8NC67,-308.0
Q8NC69,-230.0
Q8NCA5,464.0
Q8NCB2,-283.0
Q8NCC3,-374.0
Q8NCD3,-175.0
Q8NCE0,-346.0
Q8NCE2,-392.0
Q8NCF5,-127.0
Q8NCG5,-543.0
Q8NCG7,-949.0
Q8NCH0,-513.0
Q8NCK7,-670.0
Q8NCL4,-551.0
Q8NCM2,-1035.0
Q8NCM8,-5076.0
Q8NCN4,-419.0
Q8NCP5,-157.0
Q8NCR0,-590.0
Q8NCR6,-244.0
Q8NCS7,-1330.0
Q8NCT1,-279.0
Q8NCU7,-361.0
Q8NCU8,-62.0
Q8NCW0,-136.0
Q8NCW5,-174.0
Q8NCW6,-536.0
Q8ND04,-555.0
Q8ND23,-763.0
Q8ND25,44.0
Q8ND30,-690.0
Q8ND56,368.0
Q8ND76,-455.0
Q8ND83,11.0
Q8ND90,-358.0
Q8NDB2,-492.0
Q8NDC0,250.0
Q8NDC4,94.0
Q8NDF8,-135.0
Q8NDG6,-1504.0
Q8NDH3,-593.0
Q8NDH6,-217.0
Q8NDI1,-402.0
Q8NDL9,-238.0
Q8NDM7,-1731.0
Q8NDN9,-386.0
Q8NDP4,-243.0
Q8NDQ6,-570.0
Q8NDT2,-253.0
Q8NDV1,-265.0
Q8NDV3,-1335.0
Q8NDV7,2282.0
Q8NDW8,-1932.0
Q8NDX1,-297.0
Q8NDX2,-453.0
Q8NDX5,-451.0
Q8NDZ2,-530.0
Q8NDZ4,-535.0
Q8NE01,-851.0
Q8NE09,-1194.0
Q8NE31,-191.0
Q8NE35,101.0
Q8NE63,-580.0
Q8NE71,-306.0
Q8NE79,-564.0
Q8NE86,-453.0
Q8NEA6,-178.0
Q8NEA9,-395.0
Q8NEB5,-333.0
Q8NEB9,-793.0
Q8NEC5,-614.0
Q8NEH6,-324.0
Q8NEJ0,-217.0
Q8NEJ9,-210.0
Q8NEK8,-441.0
Q8NEL9,-391.0
Q8NEM0,-420.0
Q8NEM7,-269.0
Q8NEM8,-625.0
Q8NEN9,-936.0
Q8NEP3,-365.0
Q8NEQ6,-116.0
Q8NER1,-909.0
Q8NER5,-632.0
Q8NES3,-487.0
Q8NES8,-116.0
Q8NET5,-140.0
Q8NET6,-632.0
Q8NET8,-1171.0
Q8NEU8,-558.0
Q8NEV1,-447.0
Q8NEV4,-1586.0
Q8NEV8,329.0
Q8NEV9,-363.0
Q8NEW0,-545.0
Q8NEY1,-519.0
Q8NEY4,-454.0
Q8NEY8,-29.0
Q8NEZ2,-273.0
Q8NEZ3,-1467.0
Q8NEZ4,-26.0
Q8NEZ5,-380.0
Q8NF37,-621.0
Q8NF50,-2282.0
Q8NF64,259.0
Q8NF91,-10039.0
Q8NF99,-384.0
Q8NFA0,-1093.0
Q8NFA2,-318.0
Q8NFB2,-733.0
Q8NFC6,314.0
Q8NFD2,-969.0
Q8NFD5,1714.0
Q8NFF2,-755.0
Q8NFF5,-606.0
Q8NFG4,-459.0
Q8NFH3,-175.0
Q8NFH4,-272.0
Q8NFH5,10.0
Q8NFH8,-172.0
Q8NFJ5,-553.0
Q8NFJ6,-626.0
Q8NFJ9,-741.0
Q8NFL0,-455.0
Q8NFM4,-1639.0
Q8NFM7,-456.0
Q8NFP4,-533.0
Q8NFP7,-71.0
Q8NFP9,-2742.0
Q8NFQ8,-131.0
Q8NFR3,-211.0
Q8NFR9,-891.0
Q8NFT2,-904.0
Q8NFT6,-363.0
Q8NFT8,-248.0
Q8NFU1,-612.0
Q8NFU3,-103.0
Q8NFU5,-325.0
Q8NFU7,-577.0
Q8NFV4,-329.0
Q8NFW1,2559.0
Q8NFW5,-223.0
Q8NFW8,-345.0
Q8NFW9,-419.0
Q8NFX7,-145.0
Q8NFY4,-540.0
Q8NFY9,-637.0
Q8NFZ0,-1046.0
Q8NFZ3,-597.0
Q8NFZ4,-434.0
Q8NFZ5,-414.0
Q8NFZ8,-352.0
Q8NG06,-486.0
Q8NG08,-749.0
Q8NG11,-464.0
Q8NG27,61.0
Q8NG31,-1163.0
Q8NG50,-227.0
Q8NG66,-577.0
Q8NG98,-507.0
Q8NHC4,-647.0
Q8NHE4,-190.0
Q8NHG7,-47.0
Q8NHG8,53.0
Q8NHH1,-519.0
Q8NHH9,-605.0
Q8NHJ6,-251.0
Q8NHL6,-258.0
Q8NHM5,-863.0
Q8NHP6,-423.0
Q8NHP8,-454.0
Q8NHQ1,-594.0
Q8NHQ9,-578.0
Q8NHS1,-257.0
Q8NHS3,-832.0
Q8NHS9,-85.0
Q8NHU3,-529.0
Q8NHU6,-965.0
Q8NHV1,-295.0
Q8NHV4,-151.0
Q8NHV9,0.0
Q8NHW3,169.0
Q8NHW4,-132.0
Q8NHX9,-1362.0
Q8NHY0,-480.0
Q8NHY2,-425.0
Q8NHY3,-315.0
Q8NHZ8,27.0
Q8NI08,-227.0
Q8NI17,-484.0
Q8NI22,-101.0
Q8NI27,-1426.0
Q8NI35,-716.0
Q8NI36,-901.0
Q8NI37,-153.0
Q8NI38,-401.0
Q8NI51,-383.0
Q8NI60,-547.0
Q8NI77,-712.0
Q8TA86,-72.0
Q8TAA9,-792.0
Q8TAB3,-697.0
Q8TAB5,-57.0
Q8TAB7,-100.0
Q8TAC2,-278.0
Q8TAC9,-209.0
Q8TAD2,-208.0
Q8TAD4,-1196.0
Q8TAD8,14.0
Q8TAE7,-726.0
Q8TAE8,-171.0
Q8TAF3,-589.0
Q8TAF8,-355.0
Q8TAG5,-137.0
Q8TAG9,-1014.0
Q8TAI7,-188.0
Q8TAK6,-198.0
Q8TAM1,-824.0
Q8TAM2,-538.0
Q8TAM6,-58.0
Q8TAP4,-172.0
Q8TAP6,-768.0
Q8TAP8,-150.0
Q8TAP9,309.0
Q8TAQ2,-227.0
Q8TAS1,-475.0
Q8TAT2,-169.0
Q8TAT5,-365.0
Q8TAT6,-397.0
Q8TAU0,-62.0
Q8TAU3,-219.0
Q8TAV3,-655.0
Q8TAX0,-198.0
Q8TAX7,-136.0
Q8TAX9,-387.0
Q8TAZ6,-298.0
Q8TB24,-760.0
Q8TB36,-464.0
Q8TB37,-212.0
Q8TB40,-301.0
Q8TB45,-282.0
Q8TB61,-608.0
Q8TB68,-351.0
Q8TB72,-192.0
Q8TB73,-327.0
Q8TB92,-278.0
Q8TBA6,-390.0
Q8TBB0,-223.0
Q8TBB1,-691.0
Q8TBB6,-1030.0
Q8TBC3,-434.0
Q8TBC4,-448.0
Q8TBC5,-136.0
Q8TBE0,-214.0
Q8TBE1,-413.0
Q8TBE3,-304.0
Q8TBE7,-574.0
Q8TBE9,-291.0
Q8TBF2,-247.0
Q8TBG4,-404.0
Q8TBG9,-163.0
Q8TBJ4,-481.0
Q8TBJ5,-180.0
Q8TBK2,-514.0
Q8TBK6,1.0
Q8TBM7,-192.0
Q8TBM8,-15.0
Q8TBN0,-381.0
Q8TBP5,-54.0
Q8TBX8,-360.0
Q8TBY8,-747.0
Q8TBY9,-976.0
Q8TBZ3,-205.0
Q8TBZ6,-217.0
Q8TBZ8,-283.0
Q8TC05,-123.0
Q8TC07,-715.0
Q8TC12,-429.0
Q8TC20,-503.0
Q8TC29,-178.0
Q8TC36,-311.0
Q8TC41,-274.0
Q8TC44,-346.0
Q8TC57,-556.0
Q8TC59,-984.0
Q8TC71,-497.0
Q8TC84,-321.0
Q8TC92,-526.0
Q8TC94,-384.0
Q8TCB7,-270.0
Q8TCC7,-749.0
Q8TCD5,-294.0
Q8TCE6,-498.0
Q8TCE9,-158.0
Q8TCF1,-284.0
Q8TCG1,-1302.0
Q8TCG2,-300.0
Q8TCG5,-985.0
Q8TCI5,-44.0
Q8TCJ0,-513.0
Q8TCJ2,-1086.0
Q8TCQ1,-299.0
Q8TCS8,-739.0
Q8TCT0,-508.0
Q8TCT1,-283.0
Q8TCT6,-449.0
Q8TCT7,-766.0
Q8TCT8,-878.0
Q8TCT9,-520.0
Q8TCU4,-717.0
Q8TCU5,-1203.0
Q8TCU6,-1668.0
Q8TCX1,-339.0
Q8TCX5,-723.0
Q8TCY5,-176.0
Q8TCY9,-1004.0
Q8TCZ2,108.0
Q8TD06,-170.0
Q8TD07,-375.0
Q8TD08,-563.0
Q8TD10,-363.0
Q8TD16,-745.0
Q8TD17,-326.0
Q8TD19,-465.0
Q8TD20,-915.0
Q8TD23,-350.0
Q8TD26,-1277.0
Q8TD30,-465.0
Q8TD31,-736.0
Q8TD43,-1398.0
Q8TD46,-410.0
Q8TD57,-4749.0
Q8TD84,-1257.0
Q8TD91,-686.0
Q8TDB4,1.0
Q8TDB6,-473.0
Q8TDB8,-762.0
Q8TDC0,23.0
Q8TDC3,-301.0
Q8TDD1,-559.0
Q8TDD2,314.0
Q8TDD5,-850.0
Q8TDF5,-309.0
Q8TDF6,-597.0
Q8TDG2,-454.0
Q8TDG4,-1153.0
Q8TDH9,-191.0
Q8TDI0,-972.0
Q8TDI7,-675.0
Q8TDI8,-686.0
Q8TDJ6,-2675.0
Q8TDL5,-736.0
Q8TDM6,-1281.0
Q8TDN1,-830.0
Q8TDN2,-595.0
Q8TDN4,-250.0
Q8TDN7,-502.0
Q8TDP1,-122.0
Q8TDQ0,-292.0
Q8TDQ1,-303.0
Q8TDQ7,-263.0
Q8TDR0,-307.0
Q8TDR2,-387.0
Q8TDR4,-146.0
Q8TDS4,-718.0
Q8TDS5,-596.0
Q8TDT2,-643.0
Q8TDU6,-607.0
Q8TDU9,-744.0
Q8TDV0,-530.0
Q8TDW0,-1093.0
Q8TDW5,-142.0
Q8TDW7,-2644.0
Q8TDX5,-247.0
Q8TDX6,-436.0
Q8TDX7,-325.0
Q8TDX9,-2450.0
Q8TDY2,-1600.0
Q8TDY4,-588.0
Q8TDZ2,-842.0
Q8TE02,-273.0
Q8TE04,-88.0
Q8TE12,-204.0
Q8TE23,-1251.0
Q8TE49,-584.0
Q8TE54,-925.0
Q8TE56,-731.0
Q8TE57,-526.0
Q8TE58,-478.0
Q8TE60,-348.0
Q8TE67,-407.0
Q8TE68,-469.0
Q8TE73,-5341.0
Q8TE76,-479.0
Q8TE77,-396.0
Q8TE85,-286.0
Q8TE99,-584.0
Q8TEA1,-405.0
Q8TEA7,-1205.0
Q8TEA8,-113.0
Q8TEB1,-303.0
Q8TEB7,-268.0
Q8TEB9,-244.0
Q8TEC5,-199.0
Q8TED0,-556.0
Q8TED1,-234.0
Q8TED4,-725.0
Q8TED9,-462.0
Q8TEH3,-724.0
Q8TEJ3,-364.0
Q8TEK3,-662.0
Q8TEL6,-1080.0
Q8TEM1,-1745.0
Q8TEP8,-1137.0
Q8TEQ6,-1397.0
Q8TEQ8,-1663.0
Q8TER0,-139.0
Q8TER5,-1194.0
Q8TES7,-519.0
Q8TEU7,-1054.0
Q8TEU8,-329.0
Q8TEV9,-780.0
Q8TEW0,-190.0
Q8TEW6,-319.0
Q8TEW8,-290.0
Q8TEX9,-1660.0
Q8TEY5,-310.0
Q8TEY7,-605.0
Q8TEZ7,-658.0
Q8TF01,333.0
Q8TF09,-135.0
Q8TF17,-1699.0
Q8TF30,-795.0
Q8TF40,-673.0
Q8TF42,-500.0
Q8TF46,-1237.0
Q8TF47,-305.0
Q8TF50,-404.0
Q8TF62,-1567.0
Q8TF63,-116.0
Q8TF65,-274.0
Q8TF66,-580.0
Q8TF71,-619.0
Q8TF72,-165.0
Q8TF74,-10.0
Q8TF76,-423.0
Q8WTP8,-217.0
Q8WTQ1,-102.0
Q8WTQ7,-404.0
Q8WTR2,-144.0
Q8WTR4,-934.0
Q8WTR7,-537.0
Q8WTS1,-268.0
Q8WTS6,84.0
Q8WTT0,-99.0
Q8WTT2,-952.0
Q8WTU0,-278.0
Q8WTV0,-514.0
Q8WTV1,-76.0
Q8WTW3,-1225.0
Q8WTW4,-525.0
Q8WTX7,-397.0
Q8WTX9,-752.0
Q8WU03,-225.0
Q8WU08,-240.0
Q8WU10,-372.0
Q8WU17,-1304.0
Q8WU20,-119.0
Q8WU39,-142.0
Q8WU58,-212.0
Q8WU66,-682.0
Q8WU67,-378.0
Q8WU68,-146.0
Q8WU79,79.0
Q8WU90,-86.0
Q8WUA4,-533.0
Q8WUA7,-516.0
Q8WUA8,-358.0
Q8WUB8,-111.0
Q8WUD1,-222.0
Q8WUD6,-648.0
Q8WUE5,-86.0
Q8WUF5,-84.0
Q8WUG5,-880.0
Q8WUH2,-1169.0
Q8WUI4,-560.0
Q8WUJ0,-194.0
Q8WUJ3,-741.0
Q8WUK0,-318.0
Q8WUM0,-1151.0
Q8WUM4,-618.0
Q8WUM9,-798.0
Q8WUP2,-334.0
Q8WUQ7,-373.0
Q8WUU4,-1.0
Q8WUU5,1.0
Q8WUW1,-95.0
Q8WUX1,-772.0
Q8WUX9,-347.0
Q8WUY3,238.0
Q8WUZ0,17.0
Q8WV16,-431.0
Q8WV19,-323.0
Q8WV22,-340.0
Q8WV24,-69.0
Q8WV28,48.0
Q8WV37,-354.0
Q8WV41,-232.0
Q8WV44,-284.0
Q8WV74,-247.0
Q8WV92,-302.0
Q8WV93,-514.0
Q8WV99,-146.0
Q8WVB3,-615.0
Q8WVB6,-1010.0
Q8WVC0,441.0
Q8WVD3,-119.0
Q8WVD5,-187.0
Q8WVE7,-213.0
Q8WVF1,-333.0
Q8WVH0,-21.0
Q8WVJ2,-37.0
Q8WVJ9,-48.0
Q8WVK2,-60.0
Q8WVK7,-60.0
Q8WVM0,-344.0
Q8WVM7,-1195.0
Q8WVM8,-705.0
Q8WVN6,-208.0
Q8WVN8,-277.0
Q8WVP5,-283.0
Q8WVP7,-898.0
Q8WVQ1,-240.0
Q8WVR3,-372.0
Q8WVS4,-688.0
Q8WVT3,-243.0
Q8WVV4,-401.0
Q8WVV5,-613.0
Q8WVV9,-218.0
Q8WVX3,-50.0
Q8WVX9,-691.0
Q8WVY7,-338.0
Q8WVZ1,-395.0
Q8WVZ9,-581.0
Q8WW01,-85.0
Q8WW12,103.0
Q8WW22,-139.0
Q8WW24,-627.0
Q8WW34,-313.0
Q8WW35,-118.0
Q8WW38,-203.0
Q8WW43,-516.0
Q8WWA0,58.0
Q8WWB3,-84.0
Q8WWB5,-349.0
Q8WWB7,-288.0
Q8WWC4,-369.0
Q8WWF3,-34.0
Q8WWF5,-547.0
Q8WWG1,-125.0
Q8WWG9,-88.0
Q8WWH4,-523.0
Q8WWH5,-260.0
Q8WWI1,-597.0
Q8WWI5,-1233.0
Q8WWK9,-302.0
Q8WWL2,-584.0
Q8WWL7,-739.0
Q8WWM7,401.0
Q8WWM9,-171.0
Q8WWN8,-990.0
Q8WWN9,-149.0
Q8WWP7,-373.0
Q8WWQ0,-1036.0
Q8WWQ2,-675.0
Q8WWQ8,-823.0
Q8WWR8,-220.0
Q8WWT9,-927.0
Q8WWU5,-543.0
Q8WWV3,-346.0
Q8WWV6,-263.0
Q8WWW0,-372.0
Q8WWX8,-1092.0
Q8WWY3,-261.0
Q8WWY6,-133.0
Q8WWY8,-432.0
Q8WWZ1,-112.0
Q8WWZ3,-137.0
Q8WWZ4,-2097.0
Q8WWZ7,-2262.0
Q8WWZ8,-258.0
Q8WX92,-760.0
Q8WX93,-406.0
Q8WX94,-1314.0
Q8WXA3,-670.0
Q8WXA8,-536.0
Q8WXA9,-154.0
Q8WXB1,-308.0
Q8WXC3,-68.0
Q8WXC6,-5.0
Q8WXD0,-1162.0
Q8WXD2,-326.0
Q8WXD5,-158.0
Q8WXE1,-601.0
Q8WXE9,-409.0
Q8WXF0,-30.0
Q8WXF1,10.0
Q8WXF3,-100.0
Q8WXF7,-527.0
Q8WXF8,-261.0
Q8WXG1,-410.0
Q8WXG6,-952.0
Q8WXG8,-72.0
Q8WXG9,-5261.0
Q8WXH0,-7243.0
Q8WXH2,51.0
Q8WXH5,-320.0
Q8WXI2,-668.0
Q8WXI3,-715.0
Q8WXI4,-620.0
Q8WXI7,-1887.0
Q8WXI8,-202.0
Q8WXI9,-243.0
Q8WXK1,-721.0
Q8WXK3,-381.0
Q8WXK4,-461.0
Q8WXR4,-1284.0
Q8WXS3,38.0
Q8WXS5,-192.0
Q8WXS8,-380.0
Q8WXU2,-439.0
Q8WXW3,-819.0
Q8WXX0,-4730.0
Q8WXX5,-189.0
Q8WXX7,-260.0
Q8WY07,-1092.0
Q8WY21,-827.0
Q8WY36,-94.0
Q8WY41,-160.0
Q8WY54,-319.0
Q8WY64,-514.0
Q8WY91,-193.0
Q8WY98,-261.0
Q8WYA0,-724.0
Q8WYA1,-302.0
Q8WYA6,-588.0
Q8WYB5,80.0
Q8WYH8,-114.0
Q8WYJ6,-264.0
Q8WYK0,-635.0
Q8WYK2,-129.0
Q8WYL5,-631.0
Q8WYN0,-367.0
Q8WYP3,-639.0
Q8WYP5,-1575.0
Q8WYQ3,-53.0
Q8WYQ5,-162.0
Q8WYR1,-890.0
Q8WYR4,165.0
Q8WZ04,-557.0
Q8WZ19,-383.0
Q8WZ42,-19624.0
Q8WZ55,-33.0
Q8WZ59,-65.0
Q8WZ73,-250.0
Q8WZ74,-810.0
Q8WZ75,-516.0
Q8WZA1,-655.0
Q8WZA2,-1084.0
Q92185,-313.0
Q92186,-460.0
Q92187,-466.0
Q92466,-318.0
Q92478,-150.0
Q92481,-211.0
Q92482,-342.0
Q92484,-323.0
Q92485,-290.0
Q92496,6.0
Q92499,-377.0
Q92502,-617.0
Q92503,-625.0
Q92504,-352.0
Q92506,-206.0
Q92508,-4071.0
Q92519,-373.0
Q92520,-157.0
Q92521,-929.0
Q92522,12.0
Q92523,-836.0
Q92526,-663.0
Q92529,-324.0
Q92530,-152.0
Q92535,-550.0
Q92536,-799.0
Q92537,-159.0
Q92538,-2000.0
Q92539,-407.0
Q92540,-224.0
Q92541,21.0
Q92542,-690.0
Q92543,-960.0
Q92544,-908.0
Q92546,-291.0
Q92547,-1084.0
Q92551,-225.0
Q92552,-442.0
Q92556,-897.0
Q92558,-426.0
Q92560,-438.0
Q92562,-710.0
Q92563,-96.0
Q92564,-233.0
Q92565,-626.0
Q92567,-51.0
Q92569,-457.0
Q92570,-425.0
Q92572,-221.0
Q92574,-789.0
Q92575,-218.0
Q92581,-943.0
Q92583,-118.0
Q92585,380.0
Q92597,-165.0
Q92598,-439.0
Q92599,-427.0
Q92600,-579.0
Q92604,-554.0
Q92608,-2034.0
Q92609,-410.0
Q92611,-408.0
Q92613,-481.0
Q92614,-1499.0
Q92615,-179.0
Q92616,-3989.0
Q92618,-166.0
Q92619,-734.0
Q92620,-912.0
Q92621,-2880.0
Q92622,-590.0
Q92624,-889.0
Q92625,-495.0
Q92626,-1322.0
Q92629,-296.0
Q92630,-430.0
Q92633,-667.0
Q92636,-806.0
Q92637,-220.0
Q92643,-381.0
Q92665,-277.0
Q92667,-463.0
Q92673,-1418.0
Q92674,-887.0
Q92681,-159.0
Q92685,-875.0
Q92686,31.0
Q92688,99.0
Q92692,-190.0
Q92696,-833.0
Q92698,-840.0
Q92729,-1281.0
Q92730,-246.0
Q92731,-468.0
Q92733,117.0
Q92734,248.0
Q92736,-5229.0
Q92737,-266.0
Q92738,-307.0
Q92743,-383.0
Q92748,-90.0
Q92750,-587.0
Q92752,-522.0
Q92753,-472.0
Q92754,-332.0
Q92759,-674.0
Q92764,-406.0
Q92765,-349.0
Q92766,-753.0
Q92769,-179.0
Q92772,-396.0
Q92777,-118.0
Q92781,-469.0
Q92782,-318.0
Q92783,-166.0
Q92784,-138.0
Q92785,-124.0
Q92786,-296.0
Q92791,-373.0
Q92793,356.0
Q92794,65.0
Q92796,-306.0
Q92797,-1556.0
Q92800,-434.0
Q92802,-75.0
Q92804,1647.0
Q92805,-545.0
Q92817,-2013.0
Q92819,-796.0
Q92820,-317.0
Q92823,-626.0
Q92824,-537.0
Q92826,9.0
Q92830,-728.0
Q92831,-693.0
Q92832,-457.0
Q92833,-375.0
Q92834,116.0
Q92835,-640.0
Q92837,-162.0
Q92838,17.0
Q92839,-1064.0
Q92841,-252.0
Q92843,-206.0
Q92844,-234.0
Q92845,-969.0
Q92847,-668.0
Q92851,-488.0
Q92854,-723.0
Q92858,-89.0
Q92859,-646.0
Q92870,-295.0
Q92871,-171.0
Q92874,-305.0
Q92876,-199.0
Q92878,-1348.0
Q92879,-284.0
Q92882,-130.0
Q92886,-221.0
Q92887,-2086.0
Q92888,-721.0
Q92889,-1166.0
Q92890,-125.0
Q92896,-1259.0
Q92900,-453.0
Q92902,-791.0
Q92903,-682.0
Q92904,31.0
Q92905,-236.0
Q92908,189.0
Q92911,-906.0
Q92913,-59.0
Q92915,-110.0
Q92917,-183.0
Q92918,-804.0
Q92922,-200.0
Q92925,-278.0
Q92930,-218.0
Q92932,-642.0
Q92934,105.0
Q92935,-600.0
Q92945,526.0
Q92947,-383.0
Q92949,-192.0
Q92952,-696.0
Q92953,-655.0
Q92954,343.0
Q92956,-169.0
Q92959,-947.0
Q92963,-234.0
Q92966,-400.0
Q92968,-151.0
Q92973,-1333.0
Q92974,-954.0
Q92979,-234.0
Q92982,-180.0
Q92985,-337.0
Q92988,-48.0
Q92989,-328.0
Q92990,-688.0
Q92993,-431.0
Q92994,-560.0
Q92995,-453.0
Q92997,-19.0
Q93008,-2613.0
Q93009,-721.0
Q93015,-304.0
Q93033,-794.0
Q93034,-971.0
Q93038,-374.0
Q93045,-71.0
Q93050,-972.0
Q93052,124.0
Q93062,-99.0
Q93063,-807.0
Q93070,-411.0
Q93074,-1345.0
Q93077,-138.0
Q93079,-101.0
Q93084,-1176.0
Q93086,-269.0
Q93088,-321.0
Q93091,-231.0
Q93096,-212.0
Q93097,-465.0
Q93098,-259.0
Q93099,-177.0
Q93100,-1201.0
Q95460,-404.0
Q969D9,-174.0
Q969E2,-148.0
Q969E3,-102.0
Q969E8,-77.0
Q969F0,-111.0
Q969F1,-33.0
Q969F2,-32.0
Q969F8,-692.0
Q969F9,-1396.0
Q969G2,-100.0
Q969G3,-30.0
Q969G5,-110.0
Q969G6,-60.0
Q969G9,-254.0
Q969H0,-238.0
Q969H4,-590.0
Q969H6,-268.0
Q969H8,-25.0
Q969I6,-784.0
Q969J2,-279.0
Q969J3,-144.0
Q969J5,-159.0
Q969K3,-192.0
Q969K4,-696.0
Q969K7,-439.0
Q969L2,-330.0
Q969L4,-114.0
Q969M3,-164.0
Q969M7,-143.0
Q969N2,-798.0
Q969P0,-553.0
Q969P5,-437.0
Q969P6,-633.0
Q969Q1,-221.0
Q969Q6,-528.0
Q969R2,-456.0
Q969R5,-397.0
Q969R8,-428.0
Q969S0,-646.0
Q969S2,-51.0
Q969S3,-209.0
Q969S6,-334.0
Q969S8,-739.0
Q969S9,-1047.0
Q969T4,-74.0
Q969T7,-310.0
Q969T9,92.0
Q969U6,-704.0
Q969U7,-268.0
Q969V3,-765.0
Q969V4,-548.0
Q969V5,-446.0
Q969V6,-305.0
Q969W0,-134.0
Q969W1,-581.0
Q969W9,-122.0
Q969X0,-82.0
Q969X1,-430.0
Q969X2,-277.0
Q969X5,-305.0
Q969X6,-699.0
Q969Y2,-554.0
Q969Z0,-914.0
Q969Z3,-369.0
Q969Z4,-189.0
Q96A08,-118.0
Q96A09,-561.0
Q96A11,-651.0
Q96A25,-378.0
Q96A26,-136.0
Q96A29,-613.0
Q96A32,-83.0
Q96A33,-137.0
Q96A37,-103.0
Q96A44,-289.0
Q96A49,-70.0
Q96A54,-546.0
Q96A56,-123.0
Q96A57,-190.0
Q96A58,-234.0
Q96A59,-163.0
Q96A61,-104.0
Q96A65,-1253.0
Q96A70,-439.0
Q96A72,-169.0
Q96A83,160.0
Q96AA3,-1094.0
Q96AA8,-844.0
Q96AB6,-324.0
Q96AC1,-627.0
Q96AD5,-667.0
Q96AE4,325.0
Q96AE7,-1282.0
Q96AG3,-407.0
Q96AG4,-272.0
Q96AH0,34.0
Q96AH8,-261.0
Q96AJ1,-252.0
Q96AJ9,-274.0
Q96AK3,-447.0
Q96AN5,-687.0
Q96AP0,-310.0
Q96AP4,-418.0
Q96AP7,-183.0
Q96AQ6,-71.0
Q96AQ7,-310.0
Q96AQ8,-388.0
Q96AT9,-109.0
Q96AV8,-293.0
Q96AW1,-89.0
Q96AX1,-676.0
Q96AX2,-250.0
Q96AX9,-868.0
Q96AY2,-410.0
Q96AY3,-257.0
Q96AY4,-1732.0
Q96AZ1,-240.0
Q96AZ6,-248.0
Q96B01,-30.0
Q96B02,-57.0
Q96B18,128.0
Q96B21,-511.0
Q96B26,-232.0
Q96B36,-66.0
Q96B42,-251.0
Q96B49,-100.0
Q96B67,-329.0
Q96B86,-388.0
Q96B96,-219.0
Q96B97,-62.0
Q96BA8,-308.0
Q96BD0,-841.0
Q96BD5,-331.0
Q96BD6,-290.0
Q96BD8,-253.0
Q96BF3,-67.0
Q96BF6,-376.0
Q96BH1,-234.0
Q96BI1,-693.0
Q96BI3,-588.0
Q96BJ3,-250.0
Q96BK5,40.0
Q96BM1,-460.0
Q96BM9,-176.0
Q96BN2,-246.0
Q96BN8,-399.0
Q96BP2,-119.0
Q96BP3,-372.0
Q96BR1,-487.0
Q96BR5,-61.0
Q96BR6,-321.0
Q96BR9,-107.0
Q96BS2,-146.0
Q96BT3,-310.0
Q96BT7,-392.0
Q96BW1,-205.0
Q96BY2,-388.0
Q96BY6,-1946.0
Q96BY7,-1572.0
Q96BY9,81.0
Q96BZ4,-359.0
Q96BZ8,-180.0
Q96BZ9,-562.0
Q96C00,-115.0
Q96C03,-615.0
Q96C10,-807.0
Q96C11,-448.0
Q96C12,-1285.0
Q96C23,-156.0
Q96C24,-267.0
Q96C36,-372.0
Q96C45,-1773.0
Q96C55,-69.0
Q96C74,-275.0
Q96C86,-402.0
Q96C92,-68.0
Q96CA5,-206.0
Q96CB8,110.0
Q96CB9,-404.0
Q96CC6,-972.0
Q96CD2,-250.0
Q96CE8,-371.0
Q96CF2,-54.0
Q96CG3,-22.0
Q96CG8,-24.0
Q96CJ1,8.0
Q96CK0,-214.0
Q96CM3,-354.0
Q96CM8,-515.0
Q96CN4,-820.0
Q96CN5,-672.0
Q96CN9,-564.0
Q96CP6,-616.0
Q96CP7,-527.0
Q96CQ1,-443.0
Q96CS2,-293.0
Q96CS3,-474.0
Q96CS7,-99.0
Q96CT7,-168.0
Q96CU9,-289.0
Q96CV9,-425.0
Q96CW1,-378.0
Q96CW5,-1241.0
Q96CW9,-316.0
Q96D03,-189.0
Q96D05,-75.0
Q96D09,-267.0
Q96D15,-200.0
Q96D21,-221.0
Q96D31,-354.0
Q96D42,-231.0
Q96D46,-576.0
Q96D53,-549.0
Q96D59,-260.0
Q96D71,68.0
Q96D96,-421.0
Q96D98,-101.0
Q96DA2,-255.0
Q96DA6,-53.0
Q96DB2,-404.0
Q96DB9,-140.0
Q96DC9,-389.0
Q96DE0,-192.0
Q96DE5,11.0
Q96DF8,-168.0
Q96DG6,-229.0
Q96DH6,156.0
Q96DI7,-162.0
Q96DM3,-776.0
Q96DN0,-287.0
Q96DN2,-91.0
Q96DP5,-376.0
Q96DR4,-199.0
Q96DR5,-368.0
Q96DR7,-439.0
Q96DR8,-119.0
Q96DT0,-367.0
Q96DT5,-6376.0
Q96DT6,-343.0
Q96DT7,198.0
Q96DU3,-296.0
Q96DU7,39.0
Q96DV4,-415.0
Q96DW6,-358.0
Q96DX5,-332.0
Q96DX7,40.0
Q96DX8,-203.0
Q96DZ1,-319.0
Q96DZ5,-253.0
Q96DZ7,-395.0
Q96DZ9,-367.0
Q96E09,65.0
Q96E11,-262.0
Q96E14,-94.0
Q96E17,-122.0
Q96E22,-435.0
Q96E29,-413.0
Q96E35,-167.0
Q96E52,-685.0
Q96E93,-157.0
Q96EA4,-492.0
Q96EB1,-427.0
Q96EB6,-264.0
Q96EC8,-403.0
Q96ED9,-797.0
Q96EE3,-164.0
Q96EF0,-658.0
Q96EF6,-306.0
Q96EG1,-247.0
Q96EG3,-182.0
Q96EH3,-270.0
Q96EK4,-119.0
Q96EK5,-847.0
Q96EK6,-195.0
Q96EL1,-137.0
Q96EL3,-92.0
Q96EM0,-356.0
Q96EN8,-623.0
Q96EP0,-953.0
Q96EP1,-234.0
Q96EP5,333.0
Q96EP9,-580.0
Q96EQ0,-201.0
Q96EQ8,-345.0
Q96ER9,-551.0
Q96ES7,-339.0
Q96EU6,-157.0
Q96EU7,-317.0
Q96EV8,-172.0
Q96EW2,-295.0
Q96EX3,-331.0
Q96EY1,-83.0
Q96EY4,-153.0
Q96EY5,-141.0
Q96EY7,-915.0
Q96EY8,-208.0
Q96EZ8,-389.0
Q96F05,-67.0
Q96F07,-1666.0
Q96F10,-191.0
Q96F15,-370.0
Q96F24,-219.0
Q96F25,-385.0
Q96F44,-515.0
Q96F45,362.0
Q96F46,-819.0
Q96F81,-1592.0
Q96F85,-29.0
Q96F86,-231.0
Q96FA3,-146.0
Q96FC9,-870.0
Q96FE5,-773.0
Q96FE7,-151.0
Q96FF9,-114.0
Q96FG2,-428.0
Q96FH0,-98.0
Q96FI4,-212.0
Q96FJ0,-507.0
Q96FJ2,-58.0
Q96FL8,-1002.0
Q96FL9,-653.0
Q96FM1,-528.0
Q96FN4,-409.0
Q96FQ6,-99.0
Q96FS4,-776.0
Q96FT7,-469.0
Q96FT9,-80.0
Q96FV3,-364.0
Q96FV9,-489.0
Q96FW1,-180.0
Q96FX2,-3.0
Q96FX7,-242.0
Q96FX8,-383.0
Q96FZ2,-231.0
Q96FZ5,-421.0
Q96FZ7,-90.0
Q96G01,-763.0
Q96G03,-492.0
Q96G04,-499.0
Q96G21,-350.0
Q96G23,-749.0
Q96G25,-50.0
Q96G28,-171.0
Q96G30,-137.0
Q96G42,-299.0
Q96G46,-579.0
Q96G61,-70.0
Q96G74,18.0
Q96G75,-614.0
Q96G79,-592.0
Q96G91,-616.0
Q96G97,-367.0
Q96GA7,-377.0
Q96GC6,-331.0
Q96GC9,-644.0
Q96GD0,-348.0
Q96GD3,-371.0
Q96GD4,-382.0
Q96GE4,-700.0
Q96GF1,60.0
Q96GG9,-222.0
Q96GJ1,-520.0
Q96GL9,-91.0
Q96GM1,-464.0
Q96GM5,-279.0
Q96GM8,-307.0
Q96GN5,-218.0
Q96GP6,-55.0
Q96GQ5,-521.0
Q96GQ7,-571.0
Q96GR2,-681.0
Q96GR4,-491.0
Q96GS4,-28.0
Q96GS6,-253.0
Q96GV9,-132.0
Q96GW7,-347.0
Q96GW9,-747.0
Q96GX1,-615.0
Q96GX5,-417.0
Q96GX9,-149.0
Q96GY3,-112.0
Q96GZ6,-851.0
Q96H15,-258.0
Q96H20,-233.0
Q96H22,-337.0
Q96H55,-1295.0
Q96H72,-527.0
Q96H86,-159.0
Q96H96,-516.0
Q96HA1,136.0
Q96HA7,-1438.0
Q96HA8,-130.0
Q96HA9,-420.0
Q96HB5,-369.0
Q96HC4,-142.0
Q96HD1,-21.0
Q96HD9,-285.0
Q96HE7,-456.0
Q96HE8,-299.0
Q96HF1,-288.0
Q96HH6,-499.0
Q96HH9,-267.0
Q96HI0,-290.0
Q96HJ5,-218.0
Q96HN2,-413.0
Q96HP0,-2432.0
Q96HR3,-147.0
Q96HR8,117.0
Q96HR9,-364.0
Q96HS1,-333.0
Q96HT8,-93.0
Q96HU1,-1034.0
Q96HW7,-1305.0
Q96HY6,-173.0
Q96HY7,-700.0
Q96HZ4,-140.0
Q96I15,-278.0
Q96I24,51.0
Q96I25,-134.0
Q96I27,-140.0
Q96I34,-501.0
Q96I51,-79.0
Q96I59,-486.0
Q96I76,-252.0
Q96I99,-307.0
Q96IF1,12.0
Q96II8,-647.0
Q96IJ6,-408.0
Q96IK1,-24.0
Q96IK5,-367.0
Q96IL0,-161.0
Q96IP4,-301.0
Q96IQ9,-16.0
Q96IR7,-274.0
Q96IS3,-101.0
Q96IT1,-292.0
Q96IU2,-115.0
Q96IU4,-162.0
Q96IV0,-612.0
Q96IV6,-586.0
Q96IW7,-472.0
Q96IX5,-65.0
Q96IY1,-308.0
Q96IY4,-540.0
Q96IZ0,58.0
Q96IZ2,-545.0
Q96IZ5,-247.0
Q96IZ6,-242.0
Q96IZ7,-104.0
Q96J01,-203.0
Q96J02,-293.0
Q96J42,-327.0
Q96J65,-1916.0
Q96J66,-1937.0
Q96J84,-458.0
Q96J87,-120.0
Q96J92,-381.0
Q96J94,-916.0
Q96JA1,-833.0
Q96JA3,-444.0
Q96JB1,-5453.0
Q96JB2,-1086.0
Q96JB3,-3.0
Q96JB5,-608.0
Q96JB6,-323.0
Q96JB8,-550.0
Q96JC1,-1205.0
Q96JC9,143.0
Q96JD6,-381.0
Q96JE7,-48.0
Q96JE9,117.0
Q96JF0,-469.0
Q96JG6,-1057.0
Q96JG8,-492.0
Q96JG9,939.0
Q96JH7,-782.0
Q96JH8,-1209.0
Q96JI7,-3242.0
Q96JJ3,-946.0
Q96JJ6,229.0
Q96JJ7,-362.0
Q96JK2,-57.0
Q96JK9,660.0
Q96JL9,-486.0
Q96JM2,-1399.0
Q96JM3,-2.0
Q96JM7,-147.0
Q96JN0,159.0
Q96JN2,-538.0
Q96JP0,-879.0
Q96JP5,-283.0
Q96JP9,-483.0
Q96JQ0,-2224.0
Q96JQ5,-206.0
Q96JS3,-556.0
Q96JW4,-809.0
Q96JX3,-842.0
Q96JY0,-336.0
Q96JY6,-134.0
Q96JZ2,-140.0
Q96K12,-798.0
Q96K19,-422.0
Q96K21,-102.0
Q96K30,24.0
Q96K76,-796.0
Q96K78,-924.0
Q96K80,-72.0
Q96K83,-674.0
Q96KA5,-707.0
Q96KB5,-201.0
Q96KC8,-471.0
Q96KG7,429.0
Q96KG9,-503.0
Q96KK3,-686.0
Q96KK4,-681.0
Q96KK5,-137.0
Q96KM6,-86.0
Q96KN2,-420.0
Q96KN3,-164.0
Q96KN4,-232.0
Q96KN7,-886.0
Q96KN8,-217.0
Q96KP1,-994.0
Q96KP4,-286.0
Q96KP6,-294.0
Q96KQ4,-157.0
Q96KQ7,-487.0
Q96KR4,-582.0
Q96KR6,-278.0
Q96KR7,-262.0
Q96KS0,-237.0
Q96KV7,-1586.0
Q96L08,-104.0
Q96L12,-181.0
Q96L14,-189.0
Q96L21,-158.0
Q96L34,-425.0
Q96L42,-1141.0
Q96L46,-138.0
Q96L50,-560.0
Q96L58,-489.0
Q96L73,-442.0
Q96L91,-1527.0
Q96L92,-354.0
Q96L93,-1179.0
Q96L96,201.0
Q96LA5,-187.0
Q96LA6,-273.0
Q96LA8,-244.0
Q96LB1,-700.0
Q96LB2,-756.0
Q96LB3,-333.0
Q96LB8,-223.0
Q96LB9,-284.0
Q96LC7,-283.0
Q96LC9,-99.0
Q96LD4,-534.0
Q96LD8,-213.0
Q96LI5,-539.0
Q96LI6,-294.0
Q96LJ7,-346.0
Q96LJ8,-159.0
Q96LK0,-98.0
Q96LL4,-263.0
Q96LL9,-252.0
Q96LM5,-111.0
Q96LM6,-124.0
Q96LR2,-132.0
Q96LR5,-55.0
Q96LT4,-651.0
Q96LT7,-631.0
Q96LT9,-335.0
Q96LW4,-323.0
Q96LW7,-314.0
Q96LX7,-603.0
Q96LX8,-285.0
Q96LZ3,-98.0
Q96LZ7,-529.0
Q96M02,-386.0
Q96M11,-145.0
Q96M29,-632.0
Q96M32,-702.0
Q96M61,-281.0
Q96M63,-519.0
Q96M86,-6357.0
Q96M91,-529.0
Q96M94,-572.0
Q96M96,-534.0
Q96M98,-323.0
Q96MA6,-696.0
Q96MC2,-840.0
Q96MD2,-490.0
Q96MF2,-23.0
Q96MF7,-104.0
Q96MG2,-64.0
Q96MG7,-218.0
Q96MH2,9.0
Q96MI9,-1126.0
Q96MK3,-651.0
Q96MM3,-100.0
Q96MM7,-435.0
Q96MN2,-1479.0
Q96MN9,-239.0
Q96MP8,-356.0
Q96MS0,-309.0
Q96MT3,-290.0
Q96MT7,-1380.0
Q96MT8,-549.0
Q96MU7,134.0
Q96MU8,-129.0
Q96MV1,-507.0
Q96MV8,-468.0
Q96MW5,-884.0
Q96MX0,-304.0
Q96MX3,-2.0
Q96MY7,-425.0
Q96N16,-647.0
Q96N19,-778.0
Q96N21,-244.0
Q96N58,-329.0
Q96N64,11.0
Q96N66,-869.0
Q96N67,-2110.0
Q96N76,-578.0
Q96N77,-148.0
Q96N87,-1036.0
Q96N95,-211.0
Q96N96,-532.0
Q96NA2,-294.0
Q96NB1,-211.0
Q96NB2,-359.0
Q96NB3,-156.0
Q96NC0,-53.0
Q96NE9,-649.0
Q96NG3,-508.0
Q96NG5,-306.0
Q96NH3,-1739.0
Q96NI6,-655.0
Q96NL6,-664.0
Q96NL8,-76.0
Q96NM4,-18.0
Q96NN9,-367.0
Q96NR3,-1410.0
Q96NR8,-468.0
Q96NT0,-115.0
Q96NT3,-249.0
Q96NT5,-836.0
Q96NU1,-299.0
Q96NW4,-1083.0
Q96NW7,-343.0
Q96NX5,-408.0
Q96NY7,160.0
Q96NY8,-351.0
Q96NY9,-572.0
Q96NZ1,-160.0
Q96NZ8,-338.0
Q96NZ9,-122.0
Q96P09,-277.0
Q96P11,-482.0
Q96P15,-330.0
Q96P16,-339.0
Q96P20,-1287.0
Q96P26,-433.0
Q96P31,-488.0
Q96P44,860.0
Q96P47,-648.0
Q96P48,-1358.0
Q96P53,-259.0
Q96P56,-881.0
Q96P63,-373.0
Q96P65,-668.0
Q96P66,-616.0
Q96P70,-1472.0
Q96P71,-357.0
Q96PB1,-1370.0
Q96PB7,-412.0
Q96PC2,-310.0
Q96PC3,-202.0
Q96PC5,-318.0
Q96PD2,-390.0
Q96PD4,-121.0
Q96PD5,-569.0
Q96PD6,-365.0
Q96PD7,-362.0
Q96PE1,-1292.0
Q96PE3,-1066.0
Q96PE7,-188.0
Q96PF1,-536.0
Q96PF2,-409.0
Q96PG8,74.0
Q96PH1,-933.0
Q96PH6,-92.0
Q96PJ5,-281.0
Q96PK6,99.0
Q96PL5,-545.0
Q96PM5,-322.0
Q96PM9,-145.0
Q96PN6,-2192.0
Q96PN7,-6.0
Q96PN8,-268.0
Q96PP8,-529.0
Q96PP9,-570.0
Q96PQ0,-668.0
Q96PQ1,-227.0
Q96PQ6,-389.0
Q96PR1,-628.0
Q96PS8,-392.0
Q96PU4,-335.0
Q96PU5,-548.0
Q96PU8,-366.0
Q96PV0,-472.0
Q96PV4,-309.0
Q96PV6,116.0
Q96PV7,351.0
Q96PX1,-160.0
Q96PX8,-584.0
Q96PY5,-1019.0
Q96PY6,-654.0
Q96PZ0,-443.0
Q96PZ2,-367.0
Q96PZ7,-442.0
Q96Q04,-120.0
Q96Q05,-976.0
Q96Q06,-97.0
Q96Q11,-511.0
Q96Q15,-4524.0
Q96Q27,-788.0
Q96Q35,-349.0
Q96Q40,-383.0
Q96Q42,-1290.0
Q96Q45,-337.0
Q96Q77,-183.0
Q96Q80,-377.0
Q96Q83,-239.0
Q96Q89,-1346.0
Q96Q91,-1260.0
Q96QA5,-341.0
Q96QB1,-672.0
Q96QC0,556.0
Q96QD8,-860.0
Q96QD9,-88.0
Q96QE2,-662.0
Q96QE3,-676.0
Q96QE5,-489.0
Q96QF0,-284.0
Q96QF7,157.0
Q96QG7,-669.0
Q96QH2,31.0
Q96QI5,-332.0
Q96QK1,-1120.0
Q96QP1,-588.0
Q96QR8,131.0
Q96QS3,-281.0
Q96QS6,-401.0
Q96QT4,-2025.0
Q96QT6,-404.0
Q96QU1,-1608.0
Q96QU8,-1877.0
Q96QV1,-396.0
Q96QV6,-133.0
Q96QZ7,-209.0
Q96R06,-1036.0
Q96RD6,-779.0
Q96RD7,-555.0
Q96RD9,-642.0
Q96RE7,-81.0
Q96RE9,-349.0
Q96RF0,-162.0
Q96RG2,-890.0
Q96RI0,-611.0
Q96RI1,-339.0
Q96RI8,-525.0
Q96RJ3,-184.0
Q96RJ6,-129.0
Q96RK0,395.0
Q96RK4,-543.0
Q96RL1,82.0
Q96RL6,-284.0
Q96RL7,-3197.0
Q96RN1,-1081.0
Q96RN5,-143.0
Q96RP3,-142.0
Q96RP7,-433.0
Q96RP9,-494.0
Q96RQ1,-427.0
Q96RQ3,-550.0
Q96RQ9,-656.0
Q96RR1,-612.0
Q96RR4,-274.0
Q96RS0,-19.0
Q96RS6,-633.0
Q96RT1,-421.0
Q96RT7,-1390.0
Q96RT8,-1228.0
Q96RU2,-873.0
Q96RU3,-383.0
Q96RU7,-533.0
Q96RU8,-396.0
Q96RW7,-3230.0
Q96RY7,-1617.0
Q96S06,-896.0
Q96S15,-676.0
Q96S16,-203.0
Q96S21,-260.0
Q96S37,-935.0
Q96S38,-693.0
Q96S42,-358.0
Q96S44,-265.0
Q96S52,-711.0
Q96S53,-336.0
Q96S55,-405.0
Q96S59,-88.0
Q96S65,9.0
Q96S66,-558.0
Q96S94,-356.0
Q96S97,-705.0
Q96S99,-322.0
Q96SB3,-236.0
Q96SB4,-307.0
Q96SB8,-959.0
Q96SC8,-152.0
Q96SD1,-436.0
Q96SF7,70.0
Q96SI1,-275.0
Q96SI9,-435.0
Q96SL1,-899.0
Q96SL4,-134.0
Q96SN8,-1510.0
Q96SQ5,-205.0
Q96SQ7,-181.0
Q96SQ9,-561.0
Q96ST2,376.0
Q96ST3,-805.0
Q96ST8,-549.0
Q96SU4,-455.0
Q96SW2,-388.0
Q96SZ4,-455.0
Q96SZ5,-197.0
Q96SZ6,-697.0
Q96T21,-249.0
Q96T23,-210.0
Q96T37,-322.0
Q96T49,-496.0
Q96T51,-603.0
Q96T52,-155.0
Q96T53,-819.0
Q96T54,-365.0
Q96T55,-408.0
Q96T58,-928.0
Q96T60,-424.0
Q96T66,-300.0
Q96T68,-311.0
Q96T76,-1603.0
Q96T83,-910.0
Q96T88,-264.0
Q96T91,-129.0
Q96TA1,-632.0
Q96TA2,-617.0
Q96TC7,-354.0
Q99062,-833.0
Q99075,-266.0
Q99081,322.0
Q99102,624.0
Q99217,25.0
Q99250,-2261.0
Q99259,-510.0
Q99417,-90.0
Q99418,-363.0
Q99424,-918.0
Q99426,-98.0
Q99435,-489.0
Q99436,-195.0
Q99437,-298.0
Q99439,28.0
Q99447,-282.0
Q99453,66.0
Q99456,-52.0
Q99459,-563.0
Q99460,-964.0
Q99466,-108.0
Q99467,-783.0
Q99469,-72.0
Q99471,-102.0
Q99487,-332.0
Q99489,-382.0
Q99490,-612.0
Q99496,-237.0
Q99497,-110.0
Q99500,-790.0
Q99501,-188.0
Q99502,126.0
Q99504,-46.0
Q99518,-422.0
Q99519,-208.0
Q99523,-440.0
Q99527,-733.0
Q99536,-304.0
Q99538,-422.0
Q99541,-341.0
Q99542,-255.0
Q99543,-332.0
Q99547,-43.0
Q99549,-366.0
Q99550,-375.0
Q99551,-486.0
Q99558,-506.0
Q99567,-982.0
Q99569,-442.0
Q99570,-1520.0
Q99571,-365.0
Q99572,-642.0
Q99574,-284.0
Q99575,-716.0
Q99576,-121.0
Q99578,-129.0
Q99581,-113.0
Q99583,-415.0
Q99584,-64.0
Q99590,338.0
Q99592,-388.0
Q99593,-46.0
Q99594,-273.0
Q99595,-55.0
Q99598,-134.0
Q99607,-233.0
Q99608,-332.0
Q99612,-112.0
Q99613,-759.0
Q99615,-355.0
Q99616,-101.0
Q99619,-235.0
Q99622,-82.0
Q99623,-313.0
Q99624,-820.0
Q99626,-109.0
Q99627,-246.0
Q99633,-353.0
Q99638,-270.0
Q99640,-431.0
Q99643,-306.0
Q99645,-346.0
Q99650,-724.0
Q99653,-152.0
Q99661,-510.0
Q99665,-803.0
Q99674,26.0
Q99675,-393.0
Q99677,-575.0
Q99678,-746.0
Q99683,-1257.0
Q99684,-145.0
Q99685,-421.0
Q99687,-72.0
Q99689,-190.0
Q99697,81.0
Q99698,-4041.0
Q99700,439.0
Q99704,-181.0
Q99705,-491.0
Q99706,-218.0
Q99707,-1315.0
Q99708,-254.0
Q99712,-556.0
Q99714,-196.0
Q99715,-468.0
Q99717,-132.0
Q99719,-296.0
Q99720,-279.0
Q99726,-593.0
Q99727,-294.0
Q99728,-479.0
Q99729,340.0
Q99731,-141.0
Q99732,-73.0
Q99733,-84.0
Q99735,-230.0
Q99741,-575.0
Q99743,-380.0
Q99747,-200.0
Q99748,-373.0
Q99750,-93.0
Q99755,-308.0
Q99757,-97.0
Q99758,-2272.0
Q99759,-308.0
Q99766,-245.0
Q99767,-224.0
Q99784,-303.0
Q99788,-612.0
Q99795,-257.0
Q99797,-854.0
Q99798,-541.0
Q99801,-102.0
Q99807,-325.0
Q99808,-786.0
Q99814,-315.0
Q99816,-202.0
Q99828,-210.0
Q99829,-355.0
Q99832,-684.0
Q99835,-824.0
Q99836,-387.0
Q99848,-11.0
Q99853,-178.0
Q99856,124.0
Q99871,-319.0
Q99873,-360.0
Q99877,-89.0
Q99878,-138.0
Q99879,-87.0
Q99880,-94.0
Q99884,-956.0
Q99895,-229.0
Q99909,-2.0
Q99928,-642.0
Q99929,-136.0
Q99932,148.0
Q99933,-156.0
Q99935,-199.0
Q99941,-219.0
Q99942,25.0
Q99943,-391.0
Q99944,-241.0
Q99946,-130.0
Q99952,-295.0
Q99956,-321.0
Q99958,-153.0
Q99959,-588.0
Q99961,-244.0
Q99962,-161.0
Q99963,-250.0
Q99965,-439.0
Q99966,37.0
Q99967,275.0
Q99969,-151.0
Q99972,-318.0
Q99973,-3071.0
Q99983,-316.0
Q99985,-480.0
Q99986,-268.0
Q99988,-410.0
Q99990,-38.0
Q99996,-2995.0
Q99999,-591.0
Q9BPU6,-415.0
Q9BPU9,-124.0
Q9BPV8,-626.0
Q9BPW9,-334.0
Q9BPX1,-296.0
Q9BPX3,-1374.0
Q9BPX6,-403.0
Q9BPY8,-27.0
Q9BPZ2,-151.0
Q9BPZ3,-40.0
Q9BPZ7,-285.0
Q9BQ04,-187.0
Q9BQ15,48.0
Q9BQ16,-150.0
Q9BQ24,-169.0
Q9BQ31,-615.0
Q9BQ39,-207.0
Q9BQ50,-343.0
Q9BQ51,-342.0
Q9BQ52,-878.0
Q9BQ61,166.0
Q9BQ65,-206.0
Q9BQ66,-274.0
Q9BQ67,-287.0
Q9BQ69,-350.0
Q9BQ70,-492.0
Q9BQ83,-234.0
Q9BQ87,-222.0
Q9BQ89,-261.0
Q9BQ90,-239.0
Q9BQ95,-348.0
Q9BQA1,-346.0
Q9BQA5,-375.0
Q9BQA9,-255.0
Q9BQB4,-115.0
Q9BQB6,-344.0
Q9BQC3,-528.0
Q9BQD3,-113.0
Q9BQD7,-259.0
Q9BQE3,-380.0
Q9BQE5,-363.0
Q9BQE9,50.0
Q9BQF6,-594.0
Q9BQG0,-1284.0
Q9BQG1,-278.0
Q9BQG2,-476.0
Q9BQI0,-61.0
Q9BQI3,-508.0
Q9BQI4,-225.0
Q9BQI5,-75.0
Q9BQI6,-1092.0
Q9BQJ4,-403.0
Q9BQK8,-368.0
Q9BQL6,-654.0
Q9BQP7,-169.0
Q9BQQ3,-45.0
Q9BQS2,-450.0
Q9BQS7,-731.0
Q9BQS8,-1087.0
Q9BQT8,-296.0
Q9BQT9,-804.0
Q9BQY4,57.0
Q9BR01,-249.0
Q9BR39,112.0
Q9BR76,-418.0
Q9BRA0,-101.0
Q9BRA2,-40.0
Q9BRB3,-1300.0
Q9BRC7,-588.0
Q9BRD0,62.0
Q9BRF8,-296.0
Q9BRG1,-159.0
Q9BRG2,-586.0
Q9BRI3,-458.0
Q9BRJ7,-216.0
Q9BRJ9,-159.0
Q9BRK0,-292.0
Q9BRK3,-507.0
Q9BRK4,-118.0
Q9BRK5,-306.0
Q9BRL6,98.0
Q9BRL7,-537.0
Q9BRP0,-11.0
Q9BRP8,-27.0
Q9BRQ0,500.0
Q9BRQ3,-331.0
Q9BRQ6,-139.0
Q9BRQ8,-319.0
Q9BRR0,-279.0
Q9BRR3,-643.0
Q9BRR6,-564.0
Q9BRR9,-564.0
Q9BRS2,-308.0
Q9BRS8,-188.0
Q9BRT2,-105.0
Q9BRT3,-79.0
Q9BRT9,-256.0
Q9BRU9,-145.0
Q9BRV3,-419.0
Q9BRV8,-196.0
Q9BRX2,-361.0
Q9BRX5,-117.0
Q9BRX8,-121.0
Q9BRX9,-205.0
Q9BRZ2,-550.0
Q9BS16,-343.0
Q9BS26,-422.0
Q9BS34,-152.0
Q9BS40,-140.0
Q9BS86,-491.0
Q9BSA4,-698.0
Q9BSA9,-1008.0
Q9BSB4,-240.0
Q9BSD3,-67.0
Q9BSD7,-158.0
Q9BSE2,-413.0
Q9BSE4,-47.0
Q9BSF0,-43.0
Q9BSG1,-275.0
Q9BSH4,-283.0
Q9BSI4,-447.0
Q9BSJ2,-1400.0
Q9BSJ6,-138.0
Q9BSJ8,-987.0
Q9BSK2,-377.0
Q9BSK4,-747.0
Q9BSL1,-367.0
Q9BSM1,-323.0
Q9BSQ5,-436.0
Q9BSR8,-423.0
Q9BST9,-566.0
Q9BSU1,-282.0
Q9BSU3,-100.0
Q9BSV6,-296.0
Q9BSW2,-305.0
Q9BSW7,-404.0
Q9BSY9,-120.0
Q9BT04,-707.0
Q9BT09,-196.0
Q9BT17,-397.0
Q9BT22,-678.0
Q9BT25,-142.0
Q9BT30,-246.0
Q9BT40,-408.0
Q9BT43,18.0
Q9BT49,-223.0
Q9BT56,-123.0
Q9BT67,-199.0
Q9BT78,-573.0
Q9BT81,-41.0
Q9BT88,-388.0
Q9BT92,-442.0
Q9BTA9,-7.0
Q9BTC0,-37.0
Q9BTC8,-615.0
Q9BTD3,-572.0
Q9BTD8,-244.0
Q9BTE1,-94.0
Q9BTE3,-614.0
Q9BTE6,-306.0
Q9BTE7,-174.0
Q9BTK6,17.0
Q9BTL3,88.0
Q9BTL4,-161.0
Q9BTM9,-110.0
Q9BTN0,-697.0
Q9BTP6,-40.0
Q9BTP7,-176.0
Q9BTT0,98.0
Q9BTT4,-112.0
Q9BTU6,-318.0
Q9BTV4,-500.0
Q9BTV5,-326.0
Q9BTW9,-1728.0
Q9BTX1,-954.0
Q9BTX3,-198.0
Q9BTY2,-396.0
Q9BTZ2,-348.0
Q9BU02,-215.0
Q9BU19,-292.0
Q9BU20,-302.0
Q9BU23,-1119.0
Q9BU40,-140.0
Q9BU61,-196.0
Q9BU64,-368.0
Q9BU76,-45.0
Q9BU79,-249.0
Q9BU89,-414.0
Q9BUB4,-351.0
Q9BUB5,-294.0
Q9BUB7,-287.0
Q9BUD6,-185.0
Q9BUE0,-230.0
Q9BUE6,-66.0
Q9BUF5,-145.0
Q9BUF7,-132.0
Q9BUH6,-131.0
Q9BUH8,-224.0
Q9BUI4,-593.0
Q9BUJ2,325.0
Q9BUK6,-542.0
Q9BUL5,-24.0
Q9BUL8,-271.0
Q9BUL9,-45.0
Q9BUM1,-647.0
Q9BUN5,-33.0
Q9BUN8,-327.0
Q9BUP0,-176.0
Q9BUP3,-147.0
Q9BUQ8,-653.0
Q9BUR4,-172.0
Q9BUR5,-159.0
Q9BUT1,-209.0
Q9BUU2,-380.0
Q9BUX1,-83.0
Q9BUY5,-319.0
Q9BUZ4,-354.0
Q9BV10,-926.0
Q9BV20,-528.0
Q9BV23,-419.0
Q9BV35,-612.0
Q9BV36,-240.0
Q9BV38,-447.0
Q9BV40,-110.0
Q9BV44,-446.0
Q9BV47,-319.0
Q9BV57,-163.0
Q9BV68,-65.0
Q9BV73,-2009.0
Q9BV79,-331.0
Q9BV81,-236.0
Q9BV86,-239.0
Q9BV90,-154.0
Q9BV94,-557.0
Q9BVA0,-550.0
Q9BVA1,-85.0
Q9BVA6,-682.0
Q9BVC3,-343.0
Q9BVC4,-231.0
Q9BVC6,-442.0
Q9BVG3,-606.0
Q9BVG8,-709.0
Q9BVG9,-616.0
Q9BVH7,-215.0
Q9BVI0,-402.0
Q9BVI4,-841.0
Q9BVJ6,-414.0
Q9BVJ7,-196.0
Q9BVK2,-1084.0
Q9BVK6,-290.0
Q9BVK8,-456.0
Q9BVL2,305.0
Q9BVM4,-179.0
Q9BVN2,-173.0
Q9BVP2,-256.0
Q9BVQ7,-828.0
Q9BVS4,-271.0
Q9BVS5,-259.0
Q9BVT8,-243.0
Q9BVV2,-508.0
Q9BVV6,-425.0
Q9BVV7,-202.0
Q9BVW5,-133.0
Q9BVX2,-280.0
Q9BW04,61.0
Q9BW11,-147.0
Q9BW19,-276.0
Q9BW27,-975.0
Q9BW60,-433.0
Q9BW61,-49.0
Q9BW62,-369.0
Q9BW66,-311.0
Q9BW71,70.0
Q9BW83,-179.0
Q9BW85,-184.0
Q9BW91,-136.0
Q9BW92,-860.0
Q9BWC9,-214.0
Q9BWD1,-334.0
Q9BWE0,-497.0
Q9BWF2,-394.0
Q9BWF3,-249.0
Q9BWG6,-142.0
Q9BWH2,-78.0
Q9BWH6,-1855.0
Q9BWJ5,-95.0
Q9BWK5,-31.0
Q9BWL3,-230.0
Q9BWN1,-253.0
Q9BWP8,88.0
Q9BWQ6,-423.0
Q9BWQ8,-415.0
Q9BWS9,-453.0
Q9BWT1,-102.0
Q9BWT3,-521.0
Q9BWT7,-969.0
Q9BWU1,-165.0
Q9BWV1,-440.0
Q9BWV3,-284.0
Q9BWW4,435.0
Q9BWW7,-77.0
Q9BWX1,-194.0
Q9BWX5,31.0
Q9BX10,-520.0
Q9BX26,-847.0
Q9BX40,102.0
Q9BX46,-175.0
Q9BX59,-492.0
Q9BX63,-876.0
Q9BX66,-396.0
Q9BX67,-250.0
Q9BX68,-139.0
Q9BX70,-306.0
Q9BX74,-123.0
Q9BX79,-1156.0
Q9BX84,-2013.0
Q9BX95,-629.0
Q9BX97,-556.0
Q9BXA5,-686.0
Q9BXA6,-278.0
Q9BXA7,-319.0
Q9BXB1,-1115.0
Q9BXB4,-462.0
Q9BXB5,-445.0
Q9BXB7,-576.0
Q9BXC0,-629.0
Q9BXC9,-797.0
Q9BXD5,-290.0
Q9BXF3,355.0
Q9BXF6,-235.0
Q9BXF9,-561.0
Q9BXH1,-137.0
Q9BXI2,-292.0
Q9BXI3,-327.0
Q9BXI6,-391.0
Q9BXI9,-145.0
Q9BXJ0,114.0
Q9BXJ1,-70.0
Q9BXJ3,-147.0
Q9BXJ4,128.0
Q9BXJ5,221.0
Q9BXJ7,-420.0
Q9BXJ8,-514.0
Q9BXJ9,-1189.0
Q9BXK5,-354.0
Q9BXL6,-1088.0
Q9BXL7,-1047.0
Q9BXL8,-132.0
Q9BXM0,-199.0
Q9BXM7,-528.0
Q9BXN1,-277.0
Q9BXN2,-204.0
Q9BXP2,-1236.0
Q9BXP5,-286.0
Q9BXP8,-918.0
Q9BXR0,-383.0
Q9BXR3,-1026.0
Q9BXR5,-1184.0
Q9BXR6,-63.0
Q9BXS0,1237.0
Q9BXS1,-356.0
Q9BXS4,-368.0
Q9BXS5,-359.0
Q9BXS6,-70.0
Q9BXS9,-1070.0
Q9BXT4,-812.0
Q9BXT5,-1330.0
Q9BXT6,-943.0
Q9BXT8,-1630.0
Q9BXU0,-136.0
Q9BXU1,-914.0
Q9BXU7,-605.0
Q9BXU9,-143.0
Q9BXV9,32.0
Q9BXW4,-156.0
Q9BXW6,-852.0
Q9BXW9,-1763.0
Q9BXX0,-324.0
Q9BXY4,-28.0
Q9BXY8,-77.0
Q9BY07,-1079.0
Q9BY08,-359.0
Q9BY11,-140.0
Q9BY12,-1000.0
Q9BY14,-263.0
Q9BY15,-670.0
Q9BY27,-277.0
Q9BY32,-140.0
Q9BY41,-281.0
Q9BY42,-212.0
Q9BY43,-57.0
Q9BY44,-222.0
Q9BY49,-183.0
Q9BY50,-185.0
Q9BY64,-649.0
Q9BY66,-1643.0
Q9BY67,-369.0
Q9BY76,-270.0
Q9BY77,-254.0
Q9BY78,-979.0
Q9BY79,-243.0
Q9BY84,-368.0
Q9BYB0,-636.0
Q9BYC5,-659.0
Q9BYD5,-161.0
Q9BYE0,-257.0
Q9BYE2,-369.0
Q9BYE3,107.0
Q9BYE7,-369.0
Q9BYE9,-889.0
Q9BYF1,-702.0
Q9BYG0,-476.0
Q9BYG3,-100.0
Q9BYG4,-248.0
Q9BYG5,-179.0
Q9BYG8,-463.0
Q9BYH1,-636.0
Q9BYH8,-89.0
Q9BYI3,-299.0
Q9BYJ1,-789.0
Q9BYJ4,-560.0
Q9BYJ9,438.0
Q9BYK8,-3040.0
Q9BYM8,-347.0
Q9BYN0,-95.0
Q9BYN7,-302.0
Q9BYP7,-568.0
Q9BYP8,104.0
Q9BYP9,-187.0
Q9BYQ0,-178.0
Q9BYQ2,-188.0
Q9BYQ3,-213.0
Q9BYQ4,-203.0
Q9BYQ5,-292.0
Q9BYQ6,-266.0
Q9BYQ7,-176.0
Q9BYQ8,-265.0
Q9BYR0,-313.0
Q9BYR2,-280.0
Q9BYR3,-217.0
Q9BYR4,-324.0
Q9BYR5,-149.0
Q9BYR6,-126.0
Q9BYR7,-134.0
Q9BYR8,-95.0
Q9BYR9,-123.0
Q9BYS1,-10.0
Q9BYT1,-641.0
Q9BYT3,-287.0
Q9BYT8,-716.0
Q9BYT9,-1279.0
Q9BYU1,-219.0
Q9BYV1,-404.0
Q9BYV2,-281.0
Q9BYV6,-188.0
Q9BYV7,-331.0
Q9BYV8,-185.0
Q9BYV9,-132.0
Q9BYW1,-846.0
Q9BYW2,-149.0
Q9BYW3,-109.0
Q9BYX2,-996.0
Q9BYX4,-904.0
Q9BYZ2,-423.0
Q9BYZ6,-846.0
Q9BYZ8,-110.0
Q9BZ11,-477.0
Q9BZ23,-481.0
Q9BZ29,-2061.0
Q9BZ67,-414.0
Q9BZ71,-673.0
Q9BZ72,-853.0
Q9BZ95,-391.0
Q9BZA7,-819.0
Q9BZA8,-882.0
Q9BZB8,-252.0
Q9BZC1,-34.0
Q9BZC7,-2492.0
Q9BZD2,-775.0
Q9BZD4,-471.0
Q9BZD6,-265.0
Q9BZE0,-143.0
Q9BZE2,-349.0
Q9BZE4,-714.0
Q9BZE9,-366.0
Q9BZF1,-511.0
Q9BZF2,-580.0
Q9BZF3,-625.0
Q9BZF9,-1239.0
Q9BZG1,-334.0
Q9BZG2,-595.0
Q9BZG8,-480.0
Q9BZH6,-1445.0
Q9BZI7,-172.0
Q9BZJ0,-970.0
Q9BZJ3,-193.0
Q9BZJ7,-690.0
Q9BZJ8,-588.0
Q9BZK7,-256.0
Q9BZL1,-98.0
Q9BZL3,-183.0
Q9BZL4,-405.0
Q9BZL6,-612.0
Q9BZM1,-178.0
Q9BZM2,-131.0
Q9BZM3,-35.0
Q9BZM4,-284.0
Q9BZM5,-285.0
Q9BZM6,-295.0
Q9BZP6,-36.0
Q9BZQ2,-536.0
Q9BZQ4,-348.0
Q9BZQ6,-818.0
Q9BZQ8,-509.0
Q9BZR6,-398.0
Q9BZR8,-201.0
Q9BZR9,-284.0
Q9BZS1,-366.0
Q9BZV1,-331.0
Q9BZV2,-770.0
Q9BZV3,-778.0
Q9BZW4,-736.0
Q9BZW7,-763.0
Q9BZW8,-205.0
Q9BZX2,-210.0
Q9BZX4,-337.0
Q9BZY9,-336.0
Q9BZZ2,-1704.0
Q9BZZ5,-420.0
Q9C000,-1717.0
Q9C004,-265.0
Q9C005,-49.0
Q9C019,-497.0
Q9C026,-403.0
Q9C029,-433.0
Q9C030,-477.0
Q9C035,-450.0
Q9C037,-450.0
Q9C040,-315.0
Q9C056,-59.0
Q9C086,-105.0
Q9C091,-1498.0
Q9C093,-1762.0
Q9C098,-483.0
Q9C0A0,-527.0
Q9C0A1,-571.0
Q9C0A6,-19.0
Q9C0B0,-208.0
Q9C0B1,-466.0
Q9C0B5,-83.0
Q9C0C2,1008.0
Q9C0C4,-702.0
Q9C0C6,-81.0
Q9C0C7,-596.0
Q9C0C9,-418.0
Q9C0D0,-343.0
Q9C0D2,-1472.0
Q9C0D5,-1253.0
Q9C0D6,-444.0
Q9C0E4,-638.0
Q9C0E8,-258.0
Q9C0F0,-333.0
Q9C0F1,-314.0
Q9C0F3,-223.0
Q9C0G0,-922.0
Q9C0G6,-4815.0
Q9C0H2,-736.0
Q9C0H9,-335.0
Q9C0I1,-720.0
Q9C0J1,-475.0
Q9C0J8,1271.0
Q9C0J9,-347.0
Q9C0K0,19.0
Q9C0K1,-574.0
Q9C0K7,-403.0
Q9GZL7,-306.0
Q9GZM5,-485.0
Q9GZM7,-232.0
Q9GZM8,-116.0
Q9GZN0,-641.0
Q9GZN1,-345.0
Q9GZN2,-183.0
Q9GZN4,-306.0
Q9GZN7,-376.0
Q9GZP0,-300.0
Q9GZP9,-365.0
Q9GZQ4,-626.0
Q9GZQ6,-643.0
Q9GZQ8,-95.0
Q9GZR1,-556.0
Q9GZR2,-110.0
Q9GZR5,-476.0
Q9GZS0,-293.0
Q9GZS1,-408.0
Q9GZS3,-224.0
Q9GZS9,-644.0
Q9GZT3,-47.0
Q9GZT4,-424.0
Q9GZT5,-421.0
Q9GZT8,-437.0
Q9GZT9,-122.0
Q9GZU1,-824.0
Q9GZU2,-407.0
Q9GZU5,-636.0
Q9GZU7,-295.0
Q9GZU8,-118.0
Q9GZV1,-394.0
Q9GZV3,-819.0
Q9GZV4,-69.0
Q9GZV5,-4.0
Q9GZV7,-327.0
Q9GZV8,-197.0
Q9GZV9,-194.0
Q9GZW8,-241.0
Q9GZX3,-601.0
Q9GZX5,-404.0
Q9GZX6,-205.0
Q9GZX7,-336.0
Q9GZX9,-198.0
Q9GZY0,-394.0
Q9GZY4,-137.0
Q9GZY6,-17.0
Q9GZY8,-277.0
Q9GZZ1,-173.0
Q9GZZ6,-711.0
Q9GZZ7,-283.0
Q9GZZ8,-9.0
Q9GZZ9,-181.0
Q9H000,-260.0
Q9H008,-169.0
Q9H013,-190.0
Q9H015,-923.0
Q9H040,-87.0
Q9H063,-94.0
Q9H074,-154.0
Q9H078,-658.0
Q9H079,-250.0
Q9H081,-238.0
Q9H082,-213.0
Q9H089,-367.0
Q9H093,-467.0
Q9H095,-344.0
Q9H0A0,-1185.0
Q9H0A6,-475.0
Q9H0A8,-203.0
Q9H0A9,-327.0
Q9H0B3,-719.0
Q9H0B6,-326.0
Q9H0B8,-203.0
Q9H0C1,-570.0
Q9H0C2,-301.0
Q9H0C5,-422.0
Q9H0C8,-306.0
Q9H0D2,-335.0
Q9H0D6,-521.0
Q9H0E2,-108.0
Q9H0E3,-461.0
Q9H0E7,-682.0
Q9H0E9,-525.0
Q9H0F5,-228.0
Q9H0F6,-274.0
Q9H0F7,-206.0
Q9H0G5,-150.0
Q9H0H0,-1731.0
Q9H0H5,-516.0
Q9H0I2,-303.0
Q9H0J4,63.0
Q9H0J9,-437.0
Q9H0K1,-464.0
Q9H0K6,-616.0
Q9H0L4,299.0
Q9H0M0,-404.0
Q9H0M4,-35.0
Q9H0N0,-224.0
Q9H0N5,-119.0
Q9H0P0,-369.0
Q9H0Q3,-77.0
Q9H0R1,-401.0
Q9H0R3,-179.0
Q9H0R5,-510.0
Q9H0R6,-330.0
Q9H0R8,-99.0
Q9H0S4,-475.0
Q9H0T7,-220.0
Q9H0U3,-391.0
Q9H0U4,-182.0
Q9H0U6,-254.0
Q9H0V9,-217.0
Q9H0W5,26.0
Q9H0W8,-252.0
Q9H0W9,-162.0
Q9H0X6,-241.0
Q9H0X9,-637.0
Q9H0Y0,-150.0
Q9H0Z9,-197.0
Q9H112,-147.0
Q9H115,-327.0
Q9H116,-348.0
Q9H147,-296.0
Q9H156,-759.0
Q9H160,-70.0
Q9H161,39.0
Q9H165,-153.0
Q9H169,-91.0
Q9H171,-85.0
Q9H172,-937.0
Q9H173,-467.0
Q9H190,-246.0
Q9H1A4,-1775.0
Q9H1B4,-414.0
Q9H1B5,-690.0
Q9H1B7,45.0
Q9H1C4,-839.0
Q9H1D0,-1138.0
Q9H1D9,-236.0
Q9H1E1,-116.0
Q9H1E3,239.0
Q9H1H9,-1272.0
Q9H1I8,-763.0
Q9H1J1,-183.0
Q9H1J5,-215.0
Q9H1J7,-268.0
Q9H1K0,-458.0
Q9H1K1,-100.0
Q9H1K4,-403.0
Q9H1M4,-148.0
Q9H1P3,-342.0
Q9H1P6,-79.0
Q9H1R2,-353.0
Q9H1R3,-237.0
Q9H1U9,-502.0
Q9H1V8,-861.0
Q9H1X1,-231.0
Q9H1Y0,-373.0
Q9H1Y3,-675.0
Q9H1Z8,-101.0
Q9H201,-197.0
Q9H204,-112.0
Q9H211,-618.0
Q9H221,-893.0
Q9H222,-903.0
Q9H223,-418.0
Q9H227,-321.0
Q9H228,-708.0
Q9H237,-850.0
Q9H239,-399.0
Q9H244,-585.0
Q9H251,-2942.0
Q9H252,-913.0
Q9H254,-2855.0
Q9H255,-721.0
Q9H257,-470.0
Q9H267,-674.0
Q9H269,-1111.0
Q9H270,-1100.0
Q9H293,-226.0
Q9H295,-900.0
Q9H2A2,-450.0
Q9H2A7,-286.0
Q9H2A9,-431.0
Q9H2B2,-378.0
Q9H2B4,-1126.0
Q9H2C0,-640.0
Q9H2C1,-33.0
Q9H2C2,-461.0
Q9H2D1,-460.0
Q9H2D6,-171.0
Q9H2E6,-602.0
Q9H2F3,-473.0
Q9H2F5,-322.0
Q9H2F9,-359.0
Q9H2G2,-697.0
Q9H2G4,30.0
Q9H2G9,-386.0
Q9H2H0,-102.0
Q9H2H8,-48.0
Q9H2H9,-725.0
Q9H2J4,-167.0
Q9H2J7,-911.0
Q9H2K0,-220.0
Q9H2K2,-1171.0
Q9H2K8,-808.0
Q9H2L4,-325.0
Q9H2L5,-199.0
Q9H2M3,-338.0
Q9H2M9,-1488.0
Q9H2P0,-214.0
Q9H2R5,-189.0
Q9H2S1,-621.0
Q9H2S5,-404.0
Q9H2S6,-273.0
Q9H2S9,-78.0
Q9H2U1,-882.0
Q9H2U2,-211.0
Q9H2U9,-388.0
Q9H2V7,-802.0
Q9H2W1,-360.0
Q9H2W2,-113.0
Q9H2X0,-700.0
Q9H2X3,-233.0
Q9H2X6,-432.0
Q9H2X9,-1232.0
Q9H2Y7,-148.0
Q9H300,-394.0
Q9H305,-49.0
Q9H306,-411.0
Q9H307,158.0
Q9H310,-571.0
Q9H313,-597.0
Q9H324,-692.0
Q9H329,-519.0
Q9H334,-374.0
Q9H361,-296.0
Q9H3D4,-294.0
Q9H3F6,-306.0
Q9H3H1,-442.0
Q9H3H3,-179.0
Q9H3H5,-806.0
Q9H3J6,-112.0
Q9H3K2,-460.0
Q9H3K6,-84.0
Q9H3L0,-206.0
Q9H3M0,-721.0
Q9H3M7,-193.0
Q9H3N1,-233.0
Q9H3N8,-658.0
Q9H3P2,-329.0
Q9H3P7,-196.0
Q9H3Q1,37.0
Q9H3Q3,-595.0
Q9H3R0,-569.0
Q9H3R1,-1017.0
Q9H3R2,-206.0
Q9H3R5,-150.0
Q9H3S1,-658.0
Q9H3S3,-406.0
Q9H3S4,-302.0
Q9H3S7,-1109.0
Q9H3T2,-572.0
Q9H3T3,-529.0
Q9H3U1,-1145.0
Q9H3U5,-737.0
Q9H3U7,-113.0
Q9H3Y6,-555.0
Q9H3Z4,-192.0
Q9H400,-367.0
Q9H410,-210.0
Q9H422,-584.0
Q9H427,-492.0
Q9H444,-97.0
Q9H461,-449.0
Q9H467,-102.0
Q9H469,-424.0
Q9H477,-282.0
Q9H479,-248.0
Q9H488,-336.0
Q9H490,-1087.0
Q9H492,-96.0
Q9H497,-535.0
Q9H4A3,101.0
Q9H4A5,-287.0
Q9H4A6,-374.0
Q9H4A9,-465.0
Q9H4B0,-551.0
Q9H4B4,-707.0
Q9H4B6,-155.0
Q9H4B7,-271.0
Q9H4D0,-624.0
Q9H4D5,-233.0
Q9H4E5,-183.0
Q9H4E7,-378.0
Q9H4F1,-340.0
Q9H4F8,-85.0
Q9H4G0,-408.0
Q9H4G4,32.0
Q9H4H8,-410.0
Q9H4I2,-360.0
Q9H4I9,-135.0
Q9H4K7,-221.0
Q9H4L4,-308.0
Q9H4L5,-497.0
Q9H4L7,-609.0
Q9H4M3,-244.0
Q9H4M7,-268.0
Q9H4M9,-379.0
Q9H4P4,-290.0
Q9H4Q4,-292.0
Q9H4S2,-99.0
Q9H4T2,-300.0
Q9H4W6,-135.0
Q9H4X1,-46.0
Q9H4Y5,-377.0
Q9H4Z2,-468.0
Q9H4Z3,-613.0
Q9H503,-142.0
Q9H553,-528.0
Q9H582,-423.0
Q9H583,-3416.0
Q9H596,-220.0
Q9H598,-722.0
Q9H5F2,14.0
Q9H5H4,203.0
Q9H5I1,-283.0
Q9H5I5,-3576.0
Q9H5J4,-370.0
Q9H5J8,-52.0
Q9H5K3,-375.0
Q9H5N1,-384.0
Q9H5P4,-519.0
Q9H5Q4,-554.0
Q9H5U6,-414.0
Q9H5V7,-77.0
Q9H5V8,-518.0
Q9H5V9,-74.0
Q9H5X1,-205.0
Q9H5Y7,-893.0
Q9H5Z1,-863.0
Q9H5Z6,-212.0
Q9H611,-679.0
Q9H633,-140.0
Q9H649,-412.0
Q9H668,-446.0
Q9H672,-498.0
Q9H694,-360.0
Q9H6B4,-283.0
Q9H6B9,-521.0
Q9H6D3,-851.0
Q9H6D7,-490.0
Q9H6E4,-236.0
Q9H6E5,-556.0
Q9H6H4,-333.0
Q9H6I2,-8.0
Q9H6J7,-364.0
Q9H6K1,62.0
Q9H6L2,-429.0
Q9H6L4,-260.0
Q9H6L5,-378.0
Q9H6P5,-205.0
Q9H6Q3,-281.0
Q9H6Q4,-422.0
Q9H6R0,-713.0
Q9H6R3,-533.0
Q9H6R4,-1499.0
Q9H6R6,-551.0
Q9H6R7,-761.0
Q9H6S0,-1262.0
Q9H6S1,-335.0
Q9H6S3,-341.0
Q9H6T0,-789.0
Q9H6T3,-405.0
Q9H6U6,-350.0
Q9H6U8,-989.0
Q9H6W3,-672.0
Q9H6X2,-512.0
Q9H6Y7,-335.0
Q9H6Z4,35.0
Q9H6Z9,-274.0
Q9H706,-391.0
Q9H707,-241.0
Q9H714,-496.0
Q9H741,-181.0
Q9H772,-136.0
Q9H773,-150.0
Q9H777,-272.0
Q9H788,-404.0
Q9H790,-383.0
Q9H792,-503.0
Q9H799,-2431.0
Q9H7B2,-218.0
Q9H7B4,-503.0
Q9H7C4,-290.0
Q9H7D0,-2083.0
Q9H7D7,-398.0
Q9H7E2,214.0
Q9H7E9,-109.0
Q9H7F0,-1636.0
Q9H7H0,-464.0
Q9H7L9,-229.0
Q9H7M9,-330.0
Q9H7N4,11.0
Q9H7P6,-202.0
Q9H7P9,-585.0
Q9H7S9,261.0
Q9H7T9,-57.0
Q9H7V2,-246.0
Q9H7X0,-377.0
Q9H7X3,-61.0
Q9H7Z3,-910.0
Q9H7Z6,-432.0
Q9H7Z7,-443.0
Q9H808,-216.0
Q9H813,-355.0
Q9H814,2.0
Q9H816,-566.0
Q9H825,-206.0
Q9H832,-106.0
Q9H840,-152.0
Q9H845,-702.0
Q9H867,-213.0
Q9H869,-444.0
Q9H871,-377.0
Q9H875,-14.0
Q9H892,-913.0
Q9H8E8,-563.0
Q9H8H2,-560.0
Q9H8H3,-392.0
Q9H8K7,-288.0
Q9H8L6,-684.0
Q9H8M2,-203.0
Q9H8M5,-842.0
Q9H8M7,-432.0
Q9H8M9,-188.0
Q9H8N7,-56.0
Q9H8P0,-607.0
Q9H8S9,-191.0
Q9H8T0,-177.0
Q9H8V3,-894.0
Q9H8W4,-170.0
Q9H8W5,-404.0
Q9H8X2,-477.0
Q9H8X9,-439.0
Q9H8Y5,-688.0
Q9H8Y8,-94.0
Q9H900,-685.0
Q9H902,-234.0
Q9H903,-330.0
Q9H910,132.0
Q9H936,-417.0
Q9H944,-112.0
Q9H974,-412.0
Q9H977,-340.0
Q9H981,-467.0
Q9H987,-29.0
Q9H992,-40.0
Q9H993,-565.0
Q9H999,-296.0
Q9H9A5,-571.0
Q9H9A7,-346.0
Q9H9B1,-458.0
Q9H9B4,-359.0
Q9H9C1,-482.0
Q9H9D4,-258.0
Q9H9E1,-221.0
Q9H9E3,-918.0
Q9H9F9,-525.0
Q9H9G7,-715.0
Q9H9H4,-154.0
Q9H9J2,-389.0
Q9H9J4,-299.0
Q9H9K5,-421.0
Q9H9L4,-385.0
Q9H9L7,-131.0
Q9H9P2,-133.0
Q9H9P5,-230.0
Q9H9P8,-316.0
Q9H9Q2,-301.0
Q9H9Q4,-253.0
Q9H9S0,120.0
Q9H9S5,-689.0
Q9H9T3,-630.0
Q9H9V4,-164.0
Q9H9V9,-306.0
Q9H9Y6,-1057.0
Q9H9Z2,24.0
Q9HA38,54.0
Q9HA47,-230.0
Q9HA65,-656.0
Q9HA82,-587.0
Q9HAB3,-740.0
Q9HAB8,-368.0
Q9HAC7,-307.0
Q9HAC8,-230.0
Q9HAD4,-497.0
Q9HAF1,20.0
Q9HAI6,-208.0
Q9HAJ7,-91.0
Q9HAK2,-125.0
Q9HAN9,-283.0
Q9HAP2,-464.0
Q9HAP6,-169.0
Q9HAQ2,-649.0
Q9HAR2,-1358.0
Q9HAS3,-976.0
Q9HAT0,-313.0
Q9HAT2,-418.0
Q9HAT8,-152.0
Q9HAU0,-526.0
Q9HAU4,-628.0
Q9HAU5,-818.0
Q9HAU8,-897.0
Q9HAV0,-198.0
Q9HAV4,-1602.0
Q9HAV5,-102.0
Q9HAV7,-218.0
Q9HAW0,-369.0
Q9HAW4,29.0
Q9HAW7,-702.0
Q9HAW8,-660.0
Q9HAW9,-696.0
Q9HAY6,-559.0
Q9HAZ1,-580.0
Q9HAZ2,-250.0
Q9HB03,-463.0
Q9HB07,-411.0
Q9HB19,-226.0
Q9HB20,-243.0
Q9HB21,-133.0
Q9HB29,-707.0
Q9HB55,-678.0
Q9HB58,-373.0
Q9HB63,-272.0
Q9HB65,-261.0
Q9HB71,-95.0
Q9HB75,-1268.0
Q9HB89,-720.0
Q9HB90,-323.0
Q9HB96,-610.0
Q9HBA0,-1050.0
Q9HBB8,-73.0
Q9HBD1,-568.0
Q9HBE1,-255.0
Q9HBE4,-168.0
Q9HBE5,-197.0
Q9HBF4,-616.0
Q9HBG4,-1098.0
Q9HBG6,-1403.0
Q9HBG7,-371.0
Q9HBH0,-189.0
Q9HBH1,-329.0
Q9HBH5,-376.0
Q9HBH7,-64.0
Q9HBH9,-312.0
Q9HBI0,-448.0
Q9HBI1,-522.0
Q9HBI6,-753.0
Q9HBJ7,-654.0
Q9HBJ8,-290.0
Q9HBK9,-353.0
Q9HBL0,-4.0
Q9HBL8,-302.0
Q9HBM0,-751.0
Q9HBM1,-242.0
Q9HBM6,-128.0
Q9HBT6,-501.0
Q9HBT8,-302.0
Q9HBU1,-79.0
Q9HBU6,-543.0
Q9HBV2,-256.0
Q9HBW0,-770.0
Q9HBW1,-709.0
Q9HBW9,-920.0
Q9HBX8,-1092.0
Q9HBX9,-1029.0
Q9HBY0,-899.0
Q9HBY8,-333.0
Q9HBZ2,112.0
Q9HC07,-504.0
Q9HC10,-1318.0
Q9HC16,-476.0
Q9HC21,-431.0
Q9HC23,-155.0
Q9HC24,-575.0
Q9HC29,-1509.0
Q9HC35,-512.0
Q9HC36,-336.0
Q9HC52,-136.0
Q9HC58,-858.0
Q9HC62,-358.0
Q9HC73,-286.0
Q9HC77,-370.0
Q9HC78,-138.0
Q9HC84,-1319.0
Q9HC96,-621.0
Q9HC97,-657.0
Q9HC98,-298.0
Q9HCB6,-370.0
Q9HCC0,-433.0
Q9HCC8,-993.0
Q9HCC9,-589.0
Q9HCD5,-204.0
Q9HCD6,-1120.0
Q9HCE0,-3354.0
Q9HCE1,-1126.0
Q9HCE5,-184.0
Q9HCE6,-1090.0
Q9HCE7,-577.0
Q9HCE9,-964.0
Q9HCF6,-1796.0
Q9HCG7,-591.0
Q9HCG8,-537.0
Q9HCH0,317.0
Q9HCH3,-393.0
Q9HCH5,-149.0
Q9HCI5,-266.0
Q9HCI7,-352.0
Q9HCJ0,1463.0
Q9HCJ1,-825.0
Q9HCJ2,-696.0
Q9HCK0,-257.0
Q9HCK4,-154.0
Q9HCK5,-561.0
Q9HCK8,-1311.0
Q9HCL2,-1077.0
Q9HCM1,20.0
Q9HCM2,-1578.0
Q9HCM3,-802.0
Q9HCM4,-588.0
Q9HCM9,-705.0
Q9HCN3,-892.0
Q9HCN4,-352.0
Q9HCN6,-247.0
Q9HCP0,-314.0
Q9HCP6,-841.0
Q9HCQ5,-613.0
Q9HCQ7,-96.0
Q9HCR9,-946.0
Q9HCS2,-824.0
Q9HCS4,-69.0
Q9HCS7,-1149.0
Q9HCU0,-382.0
Q9HCU4,-1567.0
Q9HCU5,-412.0
Q9HCU8,-90.0
Q9HCU9,-113.0
Q9HCX3,-517.0
Q9HCX4,-1058.0
Q9HCY8,-79.0
Q9HD15,-54.0
Q9HD20,-1690.0
Q9HD23,-640.0
Q9HD26,-309.0
Q9HD34,-130.0
Q9HD36,-312.0
Q9HD40,-502.0
Q9HD42,-69.0
Q9HD43,-284.0
Q9HD47,-169.0
Q9HD67,-1469.0
Q9HD89,-136.0
Q9HD90,-14.0
Q9HDB5,-207.0
Q9HDC5,220.0
Q9HDC9,-261.0
Q9HDD0,-151.0
Q9N2K0,-864.0
Q9NNW5,-1156.0
Q9NNX6,-234.0
Q9NP31,-220.0
Q9NP50,-58.0
Q9NP55,-401.0
Q9NP56,-563.0
Q9NP58,-1316.0
Q9NP59,-859.0
Q9NP60,-674.0
Q9NP61,-55.0
Q9NP62,39.0
Q9NP64,-69.0
Q9NP66,-199.0
Q9NP70,96.0
Q9NP71,-483.0
Q9NP72,-166.0
Q9NP73,-291.0
Q9NP74,-118.0
Q9NP77,-161.0
Q9NP78,-1053.0
Q9NP79,-219.0
Q9NP80,-749.0
Q9NP81,-459.0
Q9NP84,-197.0
Q9NP85,-395.0
Q9NP86,-96.0
Q9NP87,-484.0
Q9NP90,-135.0
Q9NP91,-923.0
Q9NP94,-511.0
Q9NP95,-144.0
Q9NP97,-92.0
Q9NP98,274.0
Q9NP99,-208.0
Q9NPA0,-108.0
Q9NPA1,-314.0
Q9NPA2,-236.0
Q9NPA8,-139.0
Q9NPB1,-282.0
Q9NPB3,-135.0
Q9NPB6,-242.0
Q9NPB9,-605.0
Q9NPC1,-604.0
Q9NPC2,-482.0
Q9NPC3,-177.0
Q9NPC4,-513.0
Q9NPC6,7.0
Q9NPC7,-345.0
Q9NPC8,-142.0
Q9NPD3,-278.0
Q9NPD5,-717.0
Q9NPD8,-159.0
Q9NPE2,-131.0
Q9NPE3,-53.0
Q9NPE6,-212.0
Q9NPF0,-127.0
Q9NPF2,-424.0
Q9NPF4,-359.0
Q9NPF5,-402.0
Q9NPF7,-186.0
Q9NPF8,-398.0
Q9NPG1,-1022.0
Q9NPG2,-219.0
Q9NPG3,-171.0
Q9NPG4,-994.0
Q9NPG8,-729.0
Q9NPH0,-449.0
Q9NPH2,-466.0
Q9NPH3,-613.0
Q9NPH5,-808.0
Q9NPH9,-260.0
Q9NPI0,-354.0
Q9NPI1,-235.0
Q9NPI5,-120.0
Q9NPI6,-340.0
Q9NPI8,-412.0
Q9NPI9,-574.0
Q9NPJ1,-846.0
Q9NPJ3,-159.0
Q9NPJ4,89.0
Q9NPJ6,-89.0
Q9NPJ8,-86.0
Q9NPL8,-323.0
Q9NPP4,-1325.0
Q9NPQ8,-645.0
Q9NPR2,-727.0
Q9NPR9,-646.0
Q9NPY3,177.0
Q9NPZ5,-308.0
Q9NQ11,-1657.0
Q9NQ25,-306.0
Q9NQ29,-318.0
Q9NQ30,-47.0
Q9NQ31,-94.0
Q9NQ36,-76.0
Q9NQ38,-387.0
Q9NQ40,-843.0
Q9NQ48,-307.0
Q9NQ50,-195.0
Q9NQ55,-222.0
Q9NQ66,-761.0
Q9NQ69,-232.0
Q9NQ75,-463.0
Q9NQ76,251.0
Q9NQ79,-174.0
Q9NQ84,-544.0
Q9NQ86,-567.0
Q9NQ87,-205.0
Q9NQ88,-216.0
Q9NQ90,-924.0
Q9NQ92,98.0
Q9NQ94,-431.0
Q9NQA3,-117.0
Q9NQA5,-1128.0
Q9NQB0,-186.0
Q9NQC1,-345.0
Q9NQC3,-661.0
Q9NQC7,-585.0
Q9NQC8,-160.0
Q9NQE9,-203.0
Q9NQG1,-78.0
Q9NQG5,-315.0
Q9NQG6,-557.0
Q9NQG7,-566.0
Q9NQH7,-400.0
Q9NQI0,150.0
Q9NQL2,-373.0
Q9NQL9,-241.0
Q9NQM4,-31.0
Q9NQP4,-57.0
Q9NQQ7,-706.0
Q9NQR1,-119.0
Q9NQR4,-239.0
Q9NQR9,-640.0
Q9NQS3,-465.0
Q9NQS5,-668.0
Q9NQS7,-222.0
Q9NQT4,-232.0
Q9NQT5,-128.0
Q9NQT8,-1211.0
Q9NQU5,-331.0
Q9NQV5,-297.0
Q9NQV6,-528.0
Q9NQV7,-447.0
Q9NQV8,65.0
Q9NQW1,-733.0
Q9NQW5,-103.0
Q9NQW6,-480.0
Q9NQW7,-580.0
Q9NQW8,-742.0
Q9NQX0,-160.0
Q9NQX1,-416.0
Q9NQX3,-643.0
Q9NQX4,-1909.0
Q9NQX5,-254.0
Q9NQX7,-300.0
Q9NQY0,-248.0
Q9NQZ2,-210.0
Q9NQZ3,251.0
Q9NQZ6,-188.0
Q9NQZ7,-667.0
Q9NQZ8,-132.0
Q9NR00,-94.0
Q9NR09,-4806.0
Q9NR11,-277.0
Q9NR12,-174.0
Q9NR16,-740.0
Q9NR19,-552.0
Q9NR20,-412.0
Q9NR21,-201.0
Q9NR22,-290.0
Q9NR23,-442.0
Q9NR28,-263.0
Q9NR30,-174.0
Q9NR31,-227.0
Q9NR33,-77.0
Q9NR34,-512.0
Q9NR45,-222.0
Q9NR46,-378.0
Q9NR48,-1490.0
Q9NR50,-463.0
Q9NR55,-47.0
Q9NR56,-330.0
Q9NR61,47.0
Q9NR63,-614.0
Q9NR71,-477.0
Q9NR77,-339.0
Q9NR80,-678.0
Q9NR81,-459.0
Q9NR82,-952.0
Q9NR83,-207.0
Q9NR90,296.0
Q9NR96,-1394.0
Q9NR97,-1190.0
Q9NR99,-1376.0
Q9NRA0,-576.0
Q9NRA1,-246.0
Q9NRA2,-730.0
Q9NRA8,-265.0
Q9NRB3,-563.0
Q9NRC1,-845.0
Q9NRC6,-4561.0
Q9NRC8,-435.0
Q9NRD1,-271.0
Q9NRD5,-458.0
Q9NRD8,-1702.0
Q9NRD9,-1887.0
Q9NRE1,-176.0
Q9NRE2,-227.0
Q9NRF2,-68.0
Q9NRF8,-597.0
Q9NRF9,-8.0
Q9NRG0,-78.0
Q9NRG1,-244.0
Q9NRG4,-417.0
Q9NRG9,-548.0
Q9NRH2,-356.0
Q9NRH3,-452.0
Q9NRI5,-601.0
Q9NRJ3,-157.0
Q9NRJ4,-526.0
Q9NRJ7,-673.0
Q9NRK6,-820.0
Q9NRL2,-890.0
Q9NRL3,-291.0
Q9NRM0,-778.0
Q9NRM1,1012.0
Q9NRM6,-403.0
Q9NRM7,-347.0
Q9NRN7,-248.0
Q9NRN9,-194.0
Q9NRP0,-235.0
Q9NRP7,-1781.0
Q9NRQ2,-65.0
Q9NRQ5,-97.0
Q9NRR2,-145.0
Q9NRR3,45.0
Q9NRR4,-1086.0
Q9NRR5,-18.0
Q9NRR6,-383.0
Q9NRR8,7.0
Q9NRS4,-323.0
Q9NRS6,-279.0
Q9NRW1,-160.0
Q9NRW3,-155.0
Q9NRW4,-232.0
Q9NRW7,-671.0
Q9NRX2,-242.0
Q9NRX4,-77.0
Q9NRX5,-776.0
Q9NRX6,-187.0
Q9NRY2,-82.0
Q9NRY4,-1301.0
Q9NRY6,-207.0
Q9NRY7,-221.0
Q9NRZ5,-615.0
Q9NRZ7,-597.0
Q9NRZ9,-760.0
Q9NS00,-322.0
Q9NS15,180.0
Q9NS18,-141.0
Q9NS23,-381.0
Q9NS37,35.0
Q9NS39,-614.0
Q9NS40,-1113.0
Q9NS56,-335.0
Q9NS61,-188.0
Q9NS62,-421.0
Q9NS64,-178.0
Q9NS68,-224.0
Q9NS69,-99.0
Q9NS71,17.0
Q9NS73,-249.0
Q9NS75,-677.0
Q9NS82,-814.0
Q9NS84,-724.0
Q9NS86,-499.0
Q9NS87,-1117.0
Q9NS91,-318.0
Q9NSA0,-815.0
Q9NSA1,-139.0
Q9NSA2,-682.0
Q9NSA3,-30.0
Q9NSB2,-194.0
Q9NSB4,-358.0
Q9NSB8,-223.0
Q9NSC2,-42.0
Q9NSC5,-227.0
Q9NSC7,-453.0
Q9NSD4,-307.0
Q9NSD5,-933.0
Q9NSD7,-646.0
Q9NSD9,-713.0
Q9NSE2,-285.0
Q9NSE4,-872.0
Q9NSI6,-1147.0
Q9NSI8,77.0
Q9NSK0,-484.0
Q9NSK7,-148.0
Q9NSN8,-551.0
Q9NST1,-496.0
Q9NSU2,-398.0
Q9NSV4,-1176.0
Q9NSY1,-4.0
Q9NT22,-648.0
Q9NT62,-273.0
Q9NT68,-1353.0
Q9NT99,-394.0
Q9NTG1,-2847.0
Q9NTG7,-302.0
Q9NTI2,-1592.0
Q9NTI5,-1437.0
Q9NTJ3,-1351.0
Q9NTJ4,-1077.0
Q9NTJ5,-691.0
Q9NTK1,-83.0
Q9NTK5,-365.0
Q9NTM9,-263.0
Q9NTN3,-495.0
Q9NTN9,-757.0
Q9NTQ9,-408.0
Q9NTW7,-534.0
Q9NTX7,-174.0
Q9NTX9,-94.0
Q9NU19,-551.0
Q9NU22,-5727.0
Q9NU39,-154.0
Q9NU63,-270.0
Q9NUB1,-629.0
Q9NUD5,-161.0
Q9NUD9,-940.0
Q9NUE0,-279.0
Q9NUH8,-107.0
Q9NUI1,-389.0
Q9NUJ1,-401.0
Q9NUJ3,-632.0
Q9NUK0,-250.0
Q9NUL3,-51.0
Q9NUL5,-35.0
Q9NUL7,-695.0
Q9NUM3,-485.0
Q9NUM4,-168.0
Q9NUN5,-1043.0
Q9NUN7,-571.0
Q9NUP9,-138.0
Q9NUQ2,-585.0
Q9NUQ3,-363.0
Q9NUQ7,-513.0
Q9NUQ9,-376.0
Q9NUS5,-320.0
Q9NUT2,-932.0
Q9NUU6,-492.0
Q9NUU7,-414.0
Q9NUV7,-554.0
Q9NUV9,-294.0
Q9NUW8,-352.0
Q9NUX5,-641.0
Q9NUY8,-633.0
Q9NV06,-428.0
Q9NV12,-346.0
Q9NV23,-208.0
Q9NV29,-193.0
Q9NV31,-273.0
Q9NV35,-66.0
Q9NV56,-17.0
Q9NV58,-383.0
Q9NV64,-908.0
Q9NV70,-880.0
Q9NV79,-342.0
Q9NV88,-673.0
Q9NV92,-183.0
Q9NV96,-279.0
Q9NVA1,-306.0
Q9NVA2,-271.0
Q9NVC3,-741.0
Q9NVC6,-487.0
Q9NVD3,-603.0
Q9NVD7,-438.0
Q9NVE5,-995.0
Q9NVE7,-770.0
Q9NVF7,-227.0
Q9NVF9,-537.0
Q9NVH0,-549.0
Q9NVH1,-586.0
Q9NVH2,-1256.0
Q9NVH6,-593.0
Q9NVI1,-1582.0
Q9NVI7,-685.0
Q9NVJ2,-197.0
Q9NVL1,-119.0
Q9NVM4,-784.0
Q9NVM9,-665.0
Q9NVN3,-725.0
Q9NVN8,-404.0
Q9NVP1,-246.0
Q9NVP2,-124.0
Q9NVR2,-867.0
Q9NVR5,-229.0
Q9NVS9,-178.0
Q9NVT9,-242.0
Q9NVU0,-516.0
Q9NVU7,-743.0
Q9NVV0,-309.0
Q9NVV4,-521.0
Q9NVV5,-401.0
Q9NVV9,-205.0
Q9NVW2,154.0
Q9NVX0,-369.0
Q9NVX2,-472.0
Q9NW08,-997.0
Q9NW13,-206.0
Q9NW15,-1042.0
Q9NW38,-495.0
Q9NW64,-168.0
Q9NW75,123.0
Q9NW81,-274.0
Q9NW97,-103.0
Q9NWA0,-80.0
Q9NWB1,-38.0
Q9NWB7,-381.0
Q9NWD8,-371.0
Q9NWD9,2.0
Q9NWF4,-724.0
Q9NWF9,-347.0
Q9NWH2,-87.0
Q9NWH9,188.0
Q9NWK9,-245.0
Q9NWM0,-297.0
Q9NWM8,-209.0
Q9NWN3,-207.0
Q9NWQ4,-143.0
Q9NWQ8,-24.0
Q9NWQ9,-143.0
Q9NWR8,-398.0
Q9NWS0,-173.0
Q9NWS1,-526.0
Q9NWS6,-377.0
Q9NWS8,-581.0
Q9NWS9,-91.0
Q9NWT1,-345.0
Q9NWT6,-157.0
Q9NWT8,-123.0
Q9NWU1,-330.0
Q9NWU2,-262.0
Q9NWU5,-267.0
Q9NWV8,-87.0
Q9NWW5,-611.0
Q9NWW6,-141.0
Q9NWW9,-207.0
Q9NWX5,-648.0
Q9NWX6,-281.0
Q9NWY4,-225.0
Q9NWZ3,-372.0
Q9NWZ5,-561.0
Q9NWZ8,-224.0
Q9NX01,-121.0
Q9NX02,-1370.0
Q9NX04,-315.0
Q9NX07,-20.0
Q9NX09,-142.0
Q9NX14,-112.0
Q9NX18,-219.0
Q9NX24,-114.0
Q9NX40,-99.0
Q9NX46,-247.0
Q9NX47,-422.0
Q9NX52,-485.0
Q9NX55,-78.0
A0A024RBG1,-93.0
A0A075B6N1,-57.0
A0A075B6Q5,-19.0
A0A075B6R2,-49.0
A0A087WSY4,-48.0
A0A087WT01,-89.0
A0A0A0MS14,-79.0
A0A0A0MS15,-53.0
A0A0A6YYK7,-110.0
A0A0B4J1U7,-107.0
A0A0B4J1V0,-56.0
A0A0B4J1V1,-53.0
A0A0B4J1V2,-157.0
A0A0B4J1V6,-49.0
A0A0B4J1V7,12.0
A0A0B4J1X5,-49.0
A0A0B4J1X8,-26.0
A0A0B4J1Y9,-47.0
A0A0B4J2H0,-59.0
A0A0C4DH29,-50.0
A0A0C4DH30,-26.0
A0A0C4DH31,-47.0
A0A0C4DH32,14.0
A0A0C4DH33,-45.0
A0A0C4DH34,-60.0
A0A0C4DH35,-19.0
A0A0C4DH36,-62.0
A0A0C4DH38,-22.0
A0A0C4DH39,-69.0
A0A0C4DH41,-27.0
A0A0C4DH42,-41.0
A0A0C4DH43,-147.0
A0A0G2JMI3,-64.0
A0A0J9YVY3,-54.0
A0A0J9YX35,-49.0
A0A0J9YXX1,-22.0
A0A0K0K1A5,-51.0
A0A1B0GTB2,-81.0
A0A1B0GTQ4,-174.0
A0A1B0GVQ0,-94.0
A0AVI2,-1926.0
A0PJX0,-182.0
A0PJX4,-188.0
A0PJZ3,-488.0
A0PK05,-390.0
A1A5D9,-297.0
A1L020,-100.0
A1L188,-87.0
A1YPR0,-430.0
A2A2V5,-110.0
A2A3K4,-694.0
A2RRD8,-522.0
A2RUS2,-1278.0
A2VDF0,-235.0
A3KN83,-818.0
A4D1S5,-255.0
A4D2G3,-724.0
A4FU01,-574.0
A4FU49,48.0
A4FU69,-1177.0
A5A3E0,-478.0
A5D6W6,-537.0
A6NC51,-503.0
A6NCE7,-94.0
A6NCW0,-450.0
A6ND48,-680.0
A6NDA9,-711.0
A6NDP7,-609.0
A6NDU8,-290.0
A6NEQ0,177.0
A6NF83,-53.0
A6NFD8,-223.0
A6NFK2,-34.0
A6NFN3,-17.0
A6NFR6,-249.0
A6NG13,-465.0
A6NGB9,47.0
A6NGC4,-540.0
A6NGE7,-221.0
A6NGY5,-760.0
A6NH00,-639.0
A6NHC0,-501.0
A6NHL2,-387.0
A6NHN0,618.0
A6NHQ2,69.0
A6NHQ4,-32.0
A6NHX0,-308.0
A6NI28,-656.0
A6NI79,-339.0
A6NJB7,-73.0
A6NJT0,23.0
A6NJW9,-263.0
A6NK97,-856.0
A6NKF1,-459.0
A6NLJ0,-325.0
A6NLX3,-231.0
A6NMB1,-308.0
A6NMN3,-107.0
A6NNA5,-42.0
A6NND4,-765.0
A6NNE9,-344.0
A6NNS2,-419.0
A6NNW6,-542.0
A6QL63,-1258.0
A6XGL0,-298.0
A6ZKI3,-110.0
A7E2F4,-272.0
A7MBM2,-1357.0
A8K855,-535.0
A8K979,-328.0
A8MPP1,-952.0
A8MQT2,-235.0
A8MTL9,-116.0
A8MUK1,-454.0
A8MV81,-96.0
A8MWY0,-81.0
A9QM74,-705.0
A9Z1Z3,-1549.0
B1APH4,-274.0
B2RNN3,292.0
B2RU33,-96.0
B2RXH8,99.0
B3EWF7,-49.0
B3EWG5,-42.0
B4DS77,-165.0
B8ZZ34,-76.0
B9A064,-78.0
C0HLU2,-54.0
C0HM02,-54.0
E9PAV3,29.0
E9PQX1,-227.0
G9CGD6,-401.0
L0R8F8,-61.0
M5A8F1,-195.0
O00178,-441.0
O00295,-228.0
O00321,-12.0
O00398,-694.0
O00399,-165.0
O00458,-440.0
O00515,-115.0
O00534,-586.0
O00570,53.0
O00624,-753.0
O00634,-379.0
O14513,72.0
O14545,-125.0
O14548,-103.0
O14599,-148.0
O14602,-18.0
O14626,-696.0
O14668,-199.0
O14709,-831.0
O14718,-522.0
O14753,-192.0
O14804,-802.0
O15016,-474.0
O15034,-299.0
O15037,-308.0
O15063,-152.0
O15069,-68.0
O15090,-202.0
O15213,-399.0
O15218,-826.0
O15235,-124.0
O15321,-862.0
O15335,-447.0
O15375,-797.0
O15403,-771.0
O15417,-355.0
O15432,-294.0
O15539,-149.0
O43301,-620.0
O43345,-1096.0
O43347,-22.0
O43414,-271.0
O43448,-230.0
O43555,-106.0
O43638,28.0
O43657,-405.0
O43677,-110.0
O43692,-227.0
O43736,-287.0
O43812,-152.0
O43908,-195.0
O43930,-354.0
O43934,-598.0
O60225,44.0
O60234,-114.0
O60245,-407.0
O60262,-75.0
O60279,-144.0
O60299,100.0
O60330,-620.0
O60403,-619.0
O60404,-711.0
O60412,-530.0
O60422,-195.0
O60516,-35.0
O60522,-1750.0
O60542,-119.0
O60676,-157.0
O60765,-419.0
O60774,-384.0
O60811,-895.0
O71037,-689.0
O75064,-1496.0
O75095,503.0
O75123,-416.0
O75153,-1334.0
O75325,-877.0
O75335,-1113.0
O75346,-426.0
O75352,-453.0
O75363,323.0
O75388,-737.0
O75394,-91.0
O75437,-559.0
O75459,112.0
O75493,-326.0
O75541,-215.0
O75570,-560.0
O75596,-175.0
O75628,-275.0
O75635,-304.0
O75678,-256.0
O75683,-215.0
O75690,116.0
O75711,-140.0
O75715,-131.0
O75764,-218.0
O75820,-536.0
O75830,-303.0
O75901,-333.0
O75947,-125.0
O75953,-102.0
O75956,30.0
O75964,-165.0
O75973,121.0
O75995,37.0
O76001,-655.0
O76002,-673.0
O76009,-458.0
O76038,-318.0
O76099,-581.0
O94772,-138.0
O94854,-2990.0
O94889,-484.0
O94892,-370.0
O94903,-216.0
O94913,507.0
O94988,-721.0
O95007,-714.0
O95025,-689.0
O95076,44.0
O95084,-121.0
O95164,-91.0
O95190,-130.0
O95199,-285.0
O95222,-644.0
O95260,-156.0
O95336,-339.0
O95371,-579.0
O95411,-64.0
O95455,-267.0
O95620,-439.0
O95625,-718.0
O95661,-246.0
O95685,-276.0
O95755,-322.0
O95757,-602.0
O95759,-1351.0
O95780,-451.0
O95800,-518.0
O95838,-686.0
O95841,-251.0
O95847,-387.0
O95918,-600.0
O95965,139.0
O95976,-245.0
P01599,-52.0
P01601,-40.0
P01614,-30.0
P01624,-60.0
P01703,50.0
P01714,-54.0
P01715,-21.0
P01717,-30.0
P01718,-67.0
P01733,-101.0
P03979,-163.0
P03986,-191.0
P04211,-29.0
P04430,-38.0
P04432,-54.0
P04433,-83.0
P04435,-89.0
P04437,-83.0
P04808,-245.0
P05015,-187.0
P06310,0.0
P06315,-50.0
P07311,-43.0
P07316,-174.0
P09001,-135.0
P09093,-113.0
P09105,-217.0
P09630,9.0
P0C0E4,-403.0
P0C1H6,-83.0
P0C263,-386.0
P0C617,-645.0
P0C626,-687.0
P0C645,-661.0
P0C6T2,-73.0
P0C7H8,-123.0
P0C7M3,-99.0
P0C7M4,68.0
P0C7M7,-462.0
P0C7P1,189.0
P0C7T4,-53.0
P0C7U0,-728.0
P0C7U3,-429.0
P0C862,306.0
P0C8F1,-119.0
P0CE72,-12.0
P0CF51,-199.0
P0CG08,-830.0
P0CG13,-199.0
P0CG21,16.0
P0CG29,-306.0
P0CG34,31.0
P0CG35,31.0
P0CI25,-621.0
P0CJ72,-21.0
P0CW23,-5.0
P0DJ07,-60.0
P0DJD4,183.0
P0DN77,-434.0
P0DN78,-434.0
P0DN87,-173.0
P0DOX3,-216.0
P0DOX4,-222.0
P0DOX5,-116.0
P0DOX6,-285.0
P0DP01,-30.0
P0DP02,-45.0
P0DP03,-32.0
P0DP04,-23.0
P0DP06,-39.0
P0DP07,-37.0
P0DP08,-45.0
P0DP74,-124.0
P0DUQ2,-750.0
P10072,-398.0
P10266,-1054.0
P10915,-258.0
P12872,-73.0
P14621,7.0
P15088,-391.0
P15621,-288.0
P16260,-425.0
P17019,-430.0
P17025,-285.0
P17026,-72.0
P17029,-241.0
P17030,-285.0
P17031,-358.0
P17032,-328.0
P17035,-593.0
P17038,-604.0
P17039,-421.0
P17097,-410.0
P17098,-227.0
P17538,-126.0
P19961,-16.0
P20382,-31.0
P21506,-569.0
P22090,-253.0
P22531,-44.0
P22532,-42.0
P22676,-228.0
P27482,-80.0
P29377,-29.0
P29762,-118.0
P30408,-314.0
P30953,-634.0
P30954,-676.0
P31267,21.0
P31277,194.0
P32314,-114.0
P33552,-83.0
P34820,-434.0
P35325,-35.0
P35542,-82.0
P35663,145.0
P36537,-584.0
P36915,-389.0
P40205,-36.0
P40313,-123.0
P42696,-94.0
P43116,-637.0
P43308,-150.0
P43363,-202.0
P43627,-197.0
P46095,-676.0
P47775,-782.0
P47874,-112.0
P47883,-497.0
P47887,-670.0
P47888,-495.0
P47893,-537.0
P47972,-355.0
P48060,-238.0
P48741,-279.0
P49406,-234.0
P50120,-24.0
P51504,-124.0
P51508,-422.0
P51522,-449.0
P51689,-323.0
P51815,-402.0
P51911,-87.0
P52737,-363.0
P52741,-297.0
P52746,-1151.0
P54792,-87.0
P54793,-472.0
P54826,-75.0
P55082,-319.0
P55103,-401.0
P55808,63.0
P56179,-55.0
P56277,-12.0
P56378,-66.0
P56385,-96.0
P56749,-448.0
P56880,-287.0
P57058,-503.0
P57077,-127.0
P57723,-277.0
P57738,-79.0
P57773,-469.0
P57775,-451.0
P58062,-103.0
P58166,-439.0
P58173,-714.0
P58182,-717.0
P58294,-165.0
P58317,-314.0
P58557,-217.0
P58658,-435.0
P58872,-621.0
P59025,-328.0
P59045,-1491.0
P59074,-27.0
P59282,16.0
P59533,-778.0
P59534,-709.0
P59535,-609.0
P59537,-671.0
P59538,-681.0
P59540,-735.0
P59543,-796.0
P59768,-64.0
P59826,-708.0
P60153,-204.0
P60331,-209.0
P60369,-169.0
P60413,-154.0
P60509,-498.0
P60608,-401.0
P60827,-197.0
P60893,-660.0
P60983,-119.0
P61366,-108.0
P61550,-659.0
P61565,-716.0
P61566,-680.0
P61567,-688.0
P62683,-101.0
P62684,-100.0
P62685,-148.0
P63123,-78.0
P63126,-116.0
P63129,-39.0
P63130,-129.0
P63132,-1051.0
P63133,-1055.0
P63135,-1674.0
P63136,-1065.0
P63145,-103.0
P63215,-85.0
P63313,32.0
P68543,-60.0
P69208,-8.0
P69849,-664.0
P78312,-295.0
P78414,-73.0
P80748,-11.0
P81133,-542.0
P81408,-604.0
P81877,393.0
P82663,-127.0
P82673,-271.0
P82675,-334.0
P82914,-336.0
P82921,-130.0
P82932,-158.0
P82933,-389.0
P82970,376.0
P82980,-135.0
P83859,-81.0
P84101,71.0
P86791,-479.0
P87889,-118.0
P98169,-61.0
P98173,-179.0
Q01459,-269.0
Q01995,-31.0
Q02045,-41.0
Q02338,-362.0
Q02386,-241.0
Q02509,-383.0
Q03169,-877.0
Q03701,-575.0
Q03828,-47.0
Q03936,-416.0
Q05048,-389.0
Q05952,24.0
Q05D32,-291.0
Q06732,-380.0
Q07507,-67.0
Q08ER8,-504.0
Q0D2J5,-162.0
Q12765,-289.0
Q12788,-1063.0
Q12796,-105.0
Q12829,-362.0
Q12872,-316.0
Q12926,-141.0
Q12950,-263.0
Q12988,-189.0
Q12999,-416.0
Q13103,-121.0
Q13106,-232.0
Q13203,-319.0
Q13368,-638.0
Q13401,-63.0
Q13434,20.0
Q13442,-18.0
Q13606,-702.0
Q13607,-697.0
Q13938,-173.0
Q13939,-600.0
Q14093,202.0
Q14094,-475.0
Q14201,-123.0
Q14206,-148.0
Q14324,-735.0
Q14409,-582.0
Q14439,-680.0
Q14568,-146.0
Q14576,-171.0
Q14590,-100.0
Q14593,-384.0
Q14641,-126.0
Q14667,-2423.0
Q14681,-38.0
Q14728,-783.0
Q14952,-94.0
Q14C87,-618.0
Q15034,-1048.0
Q15035,-715.0
Q15048,-752.0
Q15198,-246.0
Q15238,-298.0
Q15270,136.0
Q15390,-214.0
Q15391,-674.0
Q15404,-182.0
Q15486,-135.0
Q15612,-643.0
Q15617,-673.0
Q15620,-532.0
Q15695,-48.0
Q15760,-626.0
Q15847,4.0
Q15884,-557.0
Q15937,-172.0
Q16378,99.0
Q16538,-533.0
Q16557,-301.0
Q16589,-473.0
Q16609,-24.0
Q16661,-160.0
Q17RB0,-100.0
Q17RF5,-68.0
Q17RN3,-389.0
Q17RR3,-365.0
Q17RY6,-172.0
Q19AV6,-148.0
Q1L6U9,-53.0
Q1ZZU3,-145.0
Q2KJY2,-274.0
Q2L4Q9,-381.0
Q2M1V0,-220.0
Q2M2H8,-1427.0
Q2M3G4,-327.0
Q2M3X9,-447.0
Q2MJR0,-306.0
Q2NKX9,-69.0
Q2NL68,-175.0
Q2NL82,-438.0
Q2NL98,-209.0
Q2T9K0,-681.0
Q2T9L4,39.0
Q2TAC6,-823.0
Q2TAP0,-103.0
Q2TBC4,-181.0
Q2TV78,-348.0
Q2VIR3,-483.0
Q2VPB7,-1436.0
Q2VWP7,-984.0
Q2VYF4,-474.0
Q30KP8,-72.0
Q32M78,-402.0
Q32ZL2,-427.0
Q3B726,-154.0
Q3B8N2,38.0
Q3BBV0,-704.0
Q3I5F7,-494.0
Q3KNT7,-138.0
Q3KNT9,-250.0
Q3KP22,-46.0
Q3KPI0,-243.0
Q3KQU3,5.0
Q3LI77,-2.0
Q3LIE5,-187.0
Q3MIN7,-554.0
Q3MJ13,-1103.0
Q3SX64,-56.0
Q3SY17,-505.0
Q3SY52,-216.0
Q3SY77,-598.0
Q3ZCN5,-1828.0
Q3ZCQ3,-99.0
Q3ZCT1,-266.0
Q3ZCX4,-425.0
Q494W8,-490.0
Q495N2,-908.0
Q496Y0,-740.0
Q49AA0,-475.0
Q49AH0,-269.0
Q49B96,-1.0
Q49SQ1,-618.0
Q4G0A6,-634.0
Q4G0M1,-292.0
Q4G0T1,-713.0
Q4G148,-456.0
Q4G1C9,-159.0
Q4LEZ3,-154.0
Q4U2R6,-191.0
Q4VNC0,-1384.0
Q4VX76,-399.0
Q4ZIN3,-639.0
Q504T8,-141.0
Q52MB2,-4.0
Q52WX2,-305.0
Q53G44,-542.0
Q53GI3,-341.0
Q53HC5,-553.0
Q53QW1,-114.0
Q53QZ3,-434.0
Q53RD9,-55.0
Q53T59,-177.0
Q562R1,-345.0
Q567V2,-264.0
Q569H4,-90.0
Q587J7,-1356.0
Q58FF7,-448.0
Q58FF8,-262.0
Q58FG1,-336.0
Q58G82,-152.0
Q5BIV9,-14.0
Q5BN46,-35.0
Q5DT21,-58.0
Q5FWE3,-465.0
Q5FWF6,-339.0
Q5FYB0,-265.0
Q5GAN6,-125.0
Q5H9L4,-136.0
Q5H9T9,-67.0
Q5H9U9,-2274.0
Q5HY92,-195.0
Q5HYI7,-293.0
Q5HYJ1,-569.0
Q5HYM0,-309.0
Q5J5C9,-81.0
Q5JQC4,27.0
Q5JR12,-433.0
Q5JRM2,-180.0
Q5JSL3,-2246.0
Q5JSZ5,1054.0
Q5JT82,223.0
Q5JTY5,-396.0
Q5JU67,-487.0
Q5JU69,-431.0
Q5JUW0,-92.0
Q5JUX0,-167.0
Q5JXA9,-181.0
Q5M9Q1,-55.0
Q5MAI5,-398.0
Q5MJ09,164.0
Q5MJ68,-241.0
Q5QJ74,-385.0
Q5SRI9,-339.0
Q5SRN2,114.0
Q5SXM8,-199.0
Q5SY80,-1181.0
Q5SZJ8,-19.0
Q5T013,-251.0
Q5T0D9,-204.0
Q5T0L3,-173.0
Q5T1Q4,-689.0
Q5T2E6,-1002.0
Q5T3F8,-1362.0
Q5T4T1,-280.0
Q5T4T6,-579.0
Q5T5A4,-135.0
Q5T653,-203.0
Q5T6L9,-1194.0
Q5T7N2,-442.0
Q5T848,-828.0
Q5T871,-86.0
Q5T8P6,-270.0
Q5T9C2,-52.0
Q5TAH2,-2086.0
Q5TBC7,-133.0
Q5TC79,-244.0
Q5TDP6,-334.0
Q5TEC6,-159.0
Q5TFQ8,-329.0
Q5TGS1,-120.0
Q5TH74,99.0
Q5TIA1,-2134.0
Q5TID7,-208.0
Q5TYM5,-179.0
Q5TYW1,-709.0
Q5U5R9,-835.0
Q5U623,-221.0
Q5VT97,-527.0
Q5VTE0,-238.0
Q5VTH9,-347.0
Q5VTQ0,-826.0
Q5VTT2,-139.0
Q5VU97,-1133.0
Q5VUJ9,-151.0
Q5VUM1,-59.0
Q5VV17,-346.0
Q5VV52,-91.0
Q5VV63,-505.0
Q5VVH5,-212.0
Q5VVW2,-748.0
Q5VW32,-453.0
Q5VW36,-2794.0
Q5VXH4,-747.0
Q5VXJ0,-336.0
Q5VXT5,-185.0
Q5VXU1,-311.0
Q5VYS4,-217.0
Q5VYY2,-338.0
Q5VZB9,-115.0
Q5VZP5,-240.0
Q5W0U4,-385.0
Q5XG92,-478.0
Q5XX13,-998.0
Q63HK3,-524.0
Q63HM1,-205.0
Q641Q3,-253.0
Q658Y4,-896.0
Q66K14,-1142.0
Q66K41,-269.0
Q66K66,-621.0
Q66LE6,-356.0
Q68BL7,-464.0
Q68BL8,-520.0
Q68CR1,-1240.0
Q68D51,-660.0
Q68DU8,-249.0
Q68DY1,-405.0
Q69YN2,-291.0
Q69YU5,-54.0
Q6A1A2,-339.0
Q6A555,-110.0
Q6AZW8,-161.0
Q6B0K9,-249.0
Q6BDS2,-1013.0
Q6DHY5,-354.0
Q6DWJ6,-753.0
Q6ECI4,-712.0
Q6EKJ0,-849.0
Q6GPH6,-730.0
Q6H9L7,-240.0
Q6IEE7,-697.0
Q6IFH4,-706.0
Q6IMI4,-237.0
Q6IPR1,-88.0
Q6IPR3,-219.0
Q6IPT4,-307.0
Q6IQ32,-482.0
Q6ISS4,-60.0
Q6JEL2,-491.0
Q6MZT1,-210.0
Q6MZW2,-770.0
Q6MZZ7,-516.0
Q6N063,-427.0
Q6NSX1,-231.0
Q6NSZ9,-138.0
Q6NT32,-605.0
Q6NUJ1,-587.0
Q6NUK4,-228.0
Q6NUM6,-690.0
Q6NUM9,-562.0
Q6NUS8,-661.0
Q6NVV7,-96.0
Q6NVV9,-229.0
Q6NW34,-587.0
Q6NXE6,-613.0
Q6NXR0,-403.0
Q6NXT1,-262.0
Q6NY19,-305.0
Q6NZ67,-32.0
Q6P161,-110.0
Q6P1K8,-433.0
Q6P1L8,-105.0
Q6P1R4,-523.0
Q6P1S2,-359.0
Q6P3S6,-7.0
Q6P444,-174.0
Q6P461,-430.0
Q6P499,-641.0
Q6P4D5,-256.0
Q6P4E1,-116.0
Q6P4F7,-381.0
Q6P582,-31.0
Q6P5S2,-352.0
Q6P996,-735.0
Q6P9G4,-109.0
Q6P9H5,-132.0
Q6PCB8,-154.0
Q6PDA7,-131.0
Q6PEY0,-384.0
Q6PF04,-362.0
Q6PI73,-71.0
Q6PII3,-104.0
Q6PJ21,-177.0
Q6PJ69,-417.0
Q6PJG2,-22.0
Q6PJQ5,-113.0
Q6PK18,-304.0
Q6PKH6,-260.0
Q6Q0C1,-416.0
Q6Q8B3,-301.0
Q6QEF8,-383.0
Q6R2W3,-1320.0
Q6RSH7,-156.0
Q6S8J3,-449.0
Q6SJ96,-203.0
Q6T310,-246.0
Q6T4P5,-509.0
Q6TDP4,-665.0
Q6TDU7,-807.0
Q6UQ28,-269.0
Q6UW32,-176.0
Q6UW49,-205.0
Q6UWD8,-178.0
Q6UWJ1,-1121.0
Q6UWL2,-415.0
Q6UWM5,-168.0
Q6UWM7,-500.0
Q6UWN8,0.0
Q6UWQ7,-132.0
Q6UWT4,-73.0
Q6UWV2,-135.0
Q6UWW9,-270.0
Q6UX07,-440.0
Q6UX52,-171.0
Q6UX53,-246.0
Q6UX73,-393.0
Q6UXA7,87.0
Q6UXC1,-617.0
Q6UXH9,-551.0
Q6UXI7,-363.0
Q6UXK5,-706.0
Q6UXN2,-103.0
Q6UXU4,-317.0
Q6UXX5,-1080.0
Q6UY11,-214.0
Q6V1P9,-2664.0
Q6VUC0,-395.0
Q6W3E5,-1017.0
Q6WBX8,-302.0
Q6X784,-310.0
Q6XPR3,858.0
Q6XYB7,-167.0
Q6YFQ2,-71.0
Q6YI46,-524.0
Q6ZMB5,-521.0
Q6ZMD2,-738.0
Q6ZMK1,-524.0
Q6ZMP0,58.0
Q6ZMR3,-251.0
Q6ZMV9,-727.0
Q6ZMY3,-261.0
Q6ZN11,-233.0
Q6ZN28,-870.0
Q6ZN54,-581.0
Q6ZN66,-537.0
Q6ZNB6,-375.0
Q6ZNW5,-378.0
Q6ZP65,-535.0
Q6ZPB5,-241.0
Q6ZR52,-681.0
Q6ZRH7,-1092.0
Q6ZS27,-219.0
Q6ZS72,-660.0
Q6ZS81,-3892.0
Q6ZS82,-285.0
Q6ZSG2,-250.0
Q6ZTA4,-270.0
Q6ZTI6,-167.0
Q6ZTQ3,-339.0
Q6ZTR7,-335.0
Q6ZTW0,-327.0
Q6ZUB1,-295.0
Q6ZUT9,-1452.0
Q6ZUV0,-235.0
Q6ZUX3,-1100.0
Q6ZVH7,-874.0
Q6ZVX7,-213.0
Q6ZVX9,-719.0
Q6ZW05,-1332.0
Q6ZWE6,-644.0
Q6ZWJ8,-519.0
Q6ZWK6,-438.0
Q701N2,372.0
Q70EK8,-474.0
Q70Z53,-86.0
Q711Q0,35.0
Q717R9,-43.0
Q76B58,-866.0
Q76KP1,-533.0
Q7L0R7,-189.0
Q7L1V2,-644.0
Q7L2K0,-359.0
Q7L3S4,-164.0
Q7L3T8,-513.0
Q7L9B9,-399.0
Q7LDI9,-108.0
Q7M4L6,-115.0
Q7RTM1,-905.0
Q7RTR8,-771.0
Q7RTS5,-1069.0
Q7RTU9,-2317.0
Q7RTV2,-254.0
Q7RTV3,-227.0
Q7RTY5,-306.0
Q7RTY7,-754.0
Q7RTY8,-680.0
Q7RTY9,-242.0
Q7RTZ2,-477.0
Q7Z2G1,-146.0
Q7Z2K8,358.0
Q7Z2T5,-600.0
Q7Z2W9,-291.0
Q7Z340,-416.0
Q7Z398,-459.0
Q7Z3D4,-141.0
Q7Z3D6,-556.0
Q7Z3G6,-173.0
Q7Z3H4,-212.0
Q7Z3Q1,-790.0
Q7Z3T1,-632.0
Q7Z3V4,-1705.0
Q7Z3Z3,-948.0
Q7Z408,-523.0
Q7Z444,-260.0
Q7Z4G4,-446.0
Q7Z4H3,-199.0
Q7Z4J2,-381.0
Q7Z4L9,-409.0
Q7Z4W2,-153.0
Q7Z553,-733.0
Q7Z5A4,-125.0
Q7Z5H4,-666.0
Q7Z5H5,-552.0
Q7Z5M8,-468.0
Q7Z601,-768.0
Q7Z692,-246.0
Q7Z695,-934.0
Q7Z6J2,-217.0
Q7Z6K4,-93.0
Q7Z6Z6,-461.0
Q7Z713,-155.0
Q7Z745,-2411.0
Q7Z7A3,-463.0
Q7Z7B7,-83.0
Q7Z7F7,-185.0
Q9NX57,-188.0
Q9NX58,-53.0
Q9NX61,-923.0
Q9NX62,-313.0
Q9NX63,-234.0
Q9NX65,-151.0
Q9NX70,-67.0
Q9NX74,-580.0
Q9NX76,-328.0
Q9NX94,-98.0
Q9NX95,-202.0
Q9NXA8,-240.0
Q9NXB0,-467.0
Q9NXB9,-406.0
Q9NXC2,-419.0
Q9NXC5,-805.0
Q9NXE4,-1207.0
Q9NXE8,-144.0
Q9NXF8,-390.0
Q9NXG0,-1081.0
Q9NXG6,-444.0
Q9NXH9,-615.0
Q9NXI6,-402.0
Q9NXJ5,-143.0
Q9NXK8,-593.0
Q9NXL9,-675.0
Q9NXR1,-150.0
Q9NXR5,-176.0
Q9NXR7,-359.0
Q9NXR8,28.0
Q9NXS2,-562.0
Q9NXV2,-152.0
Q9NXV6,-54.0
Q9NXW2,-127.0
Q9NXW9,-260.0
Q9NXX6,-328.0
Q9NY12,452.0
Q9NY15,-854.0
Q9NY25,-129.0
Q9NY26,-545.0
Q9NY27,200.0
Q9NY28,-887.0
Q9NY30,-164.0
Q9NY33,-679.0
Q9NY46,-2016.0
Q9NY47,-964.0
Q9NY56,-97.0
Q9NY59,-430.0
Q9NY61,-199.0
Q9NY64,-752.0
Q9NY65,-370.0
Q9NY72,-218.0
Q9NY74,-46.0
Q9NY91,-1114.0
Q9NY93,-695.0
Q9NY97,-393.0
Q9NY99,-394.0
Q9NYA1,-448.0
Q9NYA3,-351.0
Q9NYA4,-695.0
Q9NYB0,-215.0
Q9NYB5,-864.0
Q9NYB9,7.0
Q9NYC9,-5388.0
Q9NYD6,-85.0
Q9NYF0,-144.0
Q9NYF8,295.0
Q9NYG2,-441.0
Q9NYG5,-69.0
Q9NYG8,-460.0
Q9NYH9,-791.0
Q9NYI0,-312.0
Q9NYJ7,-311.0
Q9NYJ8,96.0
Q9NYK1,-1183.0
Q9NYK5,-310.0
Q9NYK6,-212.0
Q9NYL2,-323.0
Q9NYL5,-626.0
Q9NYM4,-768.0
Q9NYP3,-467.0
Q9NYP7,-443.0
Q9NYP9,-168.0
Q9NYQ3,-514.0
Q9NYQ6,-2085.0
Q9NYQ7,-2100.0
Q9NYQ8,-3020.0
Q9NYR8,-385.0
Q9NYR9,-138.0
Q9NYS0,-142.0
Q9NYU1,-1863.0
Q9NYU2,-1470.0
Q9NYV4,-268.0
Q9NYV6,-801.0
Q9NYV7,-750.0
Q9NYW0,-682.0
Q9NYW4,-663.0
Q9NYW5,-657.0
Q9NYW8,-301.0
Q9NYX4,-176.0
Q9NYY1,-300.0
Q9NYY3,-641.0
Q9NYY8,-1040.0
Q9NYZ1,-314.0
Q9NYZ2,-309.0
Q9NYZ3,-210.0
Q9NYZ4,-208.0
Q9NZ01,-487.0
Q9NZ08,-908.0
Q9NZ09,-149.0
Q9NZ20,-312.0
Q9NZ42,-211.0
Q9NZ43,-324.0
Q9NZ45,-118.0
Q9NZ52,-483.0
Q9NZ53,-88.0
Q9NZ56,-329.0
Q9NZ71,-867.0
Q9NZ72,-81.0
Q9NZ81,84.0
Q9NZ94,-526.0
Q9NZA1,-238.0
Q9NZB2,-354.0
Q9NZB8,-672.0
Q9NZC2,-308.0
Q9NZC3,-452.0
Q9NZC4,-165.0
Q9NZC7,-412.0
Q9NZC9,-607.0
Q9NZD1,-651.0
Q9NZD2,-289.0
Q9NZD4,-90.0
Q9NZD8,-382.0
Q9NZE8,-249.0
Q9NZG7,-241.0
Q9NZH0,-711.0
Q9NZH6,-59.0
Q9NZH7,-110.0
Q9NZH8,-149.0
Q9NZI2,-163.0
Q9NZI5,-320.0
Q9NZI6,-339.0
Q9NZI7,-248.0
Q9NZI8,-371.0
Q9NZJ0,-69.0
Q9NZJ4,-5096.0
Q9NZJ5,-697.0
Q9NZJ6,-327.0
Q9NZJ7,-360.0
Q9NZJ9,-101.0
Q9NZK5,-679.0
Q9NZK7,-153.0
Q9NZL3,-282.0
Q9NZL4,-313.0
Q9NZL9,-307.0
Q9NZM1,-1501.0
Q9NZM3,-569.0
Q9NZM4,-112.0
Q9NZM5,-298.0
Q9NZM6,-937.0
Q9NZN1,-733.0
Q9NZN3,-444.0
Q9NZN4,-463.0
Q9NZN5,-912.0
Q9NZN8,163.0
Q9NZN9,-399.0
Q9NZP6,9.0
Q9NZP8,-171.0
Q9NZQ3,-816.0
Q9NZQ7,-323.0
Q9NZQ8,-1562.0
Q9NZR1,-186.0
Q9NZR2,-2243.0
Q9NZR4,-42.0
Q9NZS2,-195.0
Q9NZS9,-720.0
Q9NZT1,-61.0
Q9NZU0,-646.0
Q9NZU1,-720.0
Q9NZU5,-239.0
Q9NZU7,-182.0
Q9NZV1,-580.0
Q9NZV7,-322.0
Q9NZV8,-649.0
Q9NZW4,2258.0
Q9NZZ3,-119.0
Q9P000,-259.0
Q9P003,-330.0
Q9P013,-97.0
Q9P021,-32.0
Q9P032,-151.0
Q9P035,-645.0
Q9P086,-113.0
Q9P0B6,-110.0
Q9P0G3,-200.0
Q9P0I2,-214.0
Q9P0J0,-181.0
Q9P0J1,-601.0
Q9P0J7,-154.0
Q9P0K1,-309.0
Q9P0K7,-683.0
Q9P0K8,232.0
Q9P0K9,-144.0
Q9P0L0,-120.0
Q9P0L1,-258.0
Q9P0L2,-337.0
Q9P0L9,-859.0
Q9P0M2,-161.0
Q9P0M6,-191.0
Q9P0N5,-295.0
Q9P0N8,-411.0
Q9P0N9,-364.0
Q9P0P0,-154.0
Q9P0P8,-218.0
Q9P0R6,-92.0
Q9P0S3,-231.0
Q9P0S9,-118.0
Q9P0T4,-85.0
Q9P0T7,-247.0
Q9P0U1,-52.0
Q9P0U3,-359.0
Q9P0U4,-499.0
Q9P0V3,-762.0
Q9P0V8,-345.0
Q9P0W0,-320.0
Q9P0W2,-194.0
Q9P0W8,-273.0
Q9P0X4,-2185.0
Q9P0Z9,-416.0
Q9P107,-572.0
Q9P109,-645.0
Q9P121,-220.0
Q9P126,-207.0
Q9P127,0.0
Q9P1A6,-316.0
Q9P1Q0,-1188.0
Q9P1T7,-50.0
Q9P1W8,-269.0
Q9P1W9,-336.0
Q9P1Y5,-797.0
Q9P1Z0,8.0
Q9P1Z2,-424.0
Q9P1Z3,-972.0
Q9P202,-385.0
Q9P209,-460.0
Q9P212,-1470.0
Q9P218,-581.0
Q9P219,-1470.0
Q9P225,-5521.0
Q9P232,-328.0
Q9P241,-1666.0
Q9P243,-1034.0
Q9P246,-603.0
Q9P253,-1341.0
Q9P258,-100.0
Q9P266,422.0
Q9P267,191.0
Q9P270,254.0
Q9P272,-101.0
Q9P273,-1359.0
Q9P275,-257.0
Q9P278,-545.0
Q9P283,-470.0
Q9P286,-232.0
Q9P287,-152.0
Q9P289,-275.0
Q9P296,-653.0
Q9P2A4,-149.0
Q9P2B2,-785.0
Q9P2B4,-152.0
Q9P2D0,-1036.0
Q9P2D1,-453.0
Q9P2D3,-3073.0
Q9P2D7,-4661.0
Q9P2E2,-636.0
Q9P2E3,-1871.0
Q9P2E5,-909.0
Q9P2E8,-375.0
Q9P2E9,127.0
Q9P2F6,-617.0
Q9P2F9,-485.0
Q9P2G1,-798.0
Q9P2G3,-519.0
Q9P2G4,-374.0
Q9P2G9,-458.0
Q9P2H0,-372.0
Q9P2H3,-917.0
Q9P2I0,-695.0
Q9P2J2,-782.0
Q9P2J3,-472.0
Q9P2J5,-951.0
Q9P2K1,-1228.0
Q9P2K2,-1023.0
Q9P2K3,-102.0
Q9P2K5,426.0
Q9P2K6,-467.0
Q9P2K8,-1590.0
Q9P2K9,-1590.0
Q9P2L0,-1241.0
Q9P2M1,-379.0
Q9P2M4,-697.0
Q9P2M7,-528.0
Q9P2N4,-353.0
Q9P2N6,-674.0
Q9P2N7,-524.0
Q9P2P5,-711.0
Q9P2P6,-1367.0
Q9P2Q2,-510.0
Q9P2R3,-1288.0
Q9P2R6,-344.0
Q9P2R7,-338.0
Q9P2S2,-806.0
Q9P2S5,-638.0
Q9P2T1,-227.0
Q9P2U7,-466.0
Q9P2U8,-454.0
Q9P2W1,-139.0
Q9P2W3,-16.0
Q9P2W7,-418.0
Q9P2W9,-367.0
Q9P2X0,-162.0
Q9P2X3,-281.0
Q9P2Y4,-97.0
Q9P2Y5,-570.0
Q9UBB4,-677.0
Q9UBB5,350.0
Q9UBB6,-1068.0
Q9UBB9,-534.0
Q9UBC0,-136.0
Q9UBC1,-253.0
Q9UBC2,59.0
Q9UBC3,-397.0
Q9UBC5,-1135.0
Q9UBC7,-109.0
Q9UBC9,157.0
Q9UBD0,-152.0
Q9UBD3,-151.0
Q9UBD5,-1071.0
Q9UBD6,-639.0
Q9UBD9,-318.0
Q9UBE0,-257.0
Q9UBE8,-576.0
Q9UBF1,-213.0
Q9UBF2,-1060.0
Q9UBF6,-39.0
Q9UBF8,-716.0
Q9UBF9,-84.0
Q9UBG0,-619.0
Q9UBG3,374.0
Q9UBH0,-98.0
Q9UBH6,-1200.0
Q9UBI1,-206.0
Q9UBI4,-321.0
Q9UBI6,-96.0
Q9UBJ2,-1069.0
Q9UBK2,-118.0
Q9UBK5,-120.0
Q9UBK8,-744.0
Q9UBK9,-207.0
Q9UBL3,-34.0
Q9UBL6,-591.0
Q9UBL9,-311.0
Q9UBM1,-370.0
Q9UBM4,-353.0
Q9UBM7,-729.0
Q9UBM8,-531.0
Q9UBN1,-419.0
Q9UBN4,-1427.0
Q9UBN6,-255.0
Q9UBN7,-918.0
Q9UBP0,-399.0
Q9UBP4,-208.0
Q9UBP5,-315.0
Q9UBP6,-304.0
Q9UBP9,-158.0
Q9UBQ0,-191.0
Q9UBQ5,-253.0
Q9UBQ6,-307.0
Q9UBQ7,-397.0
Q9UBR1,-304.0
Q9UBR2,-133.0
Q9UBR4,-198.0
Q9UBR5,-328.0
Q9UBS0,-408.0
Q9UBS3,20.0
Q9UBS4,-105.0
Q9UBS5,-990.0
Q9UBS8,-364.0
Q9UBS9,-534.0
Q9UBT2,-494.0
Q9UBT3,-160.0
Q9UBT6,-587.0
Q9UBT7,-805.0
Q9UBU3,-57.0
Q9UBU7,-325.0
Q9UBU8,-268.0
Q9UBU9,-399.0
Q9UBV2,-562.0
Q9UBV4,-236.0
Q9UBV7,-408.0
Q9UBV8,139.0
Q9UBW5,-107.0
Q9UBW7,-151.0
Q9UBW8,-277.0
Q9UBX0,-90.0
Q9UBX1,-308.0
Q9UBX2,-33.0
Q9UBX3,-387.0
Q9UBX5,-134.0
Q9UBX7,-227.0
Q9UBX8,-306.0
Q9UBY0,-1139.0
Q9UBY5,-613.0
Q9UBY8,-599.0
Q9UBY9,-90.0
Q9UBZ4,-363.0
Q9UBZ9,-567.0
Q9UC07,-269.0
Q9UD71,26.0
Q9UDR5,-953.0
Q9UDT6,-590.0
Q9UDV6,-215.0
Q9UDV7,-65.0
Q9UDW1,-94.0
Q9UDW3,-170.0
Q9UDX3,-346.0
Q9UDY2,-448.0
Q9UDY4,-64.0
Q9UDY6,-614.0
Q9UDY8,-701.0
Q9UEE5,-318.0
Q9UEF7,-1160.0
Q9UEG4,-433.0
Q9UER7,-213.0
Q9UET6,-222.0
Q9UEU0,-243.0
Q9UEW3,727.0
Q9UEW8,-516.0
Q9UEY8,-460.0
Q9UF11,-238.0
Q9UF12,-680.0
Q9UF33,-1030.0
Q9UF56,-571.0
Q9UFB7,-174.0
Q9UFC0,-693.0
Q9UFD9,-973.0
Q9UFE4,-840.0
Q9UFF9,-205.0
Q9UFG5,-77.0
Q9UFH2,-5649.0
Q9UFP1,-543.0
Q9UFW8,-143.0
Q9UG01,-1969.0
Q9UG22,-419.0
Q9UG56,-393.0
Q9UGB7,-238.0
Q9UGC6,-134.0
Q9UGC7,-371.0
Q9UGH3,-775.0
Q9UGI0,-686.0
Q9UGI6,-789.0
Q9UGI8,-228.0
Q9UGI9,-623.0
Q9UGJ0,-357.0
Q9UGJ1,-898.0
Q9UGK3,-206.0
Q9UGK8,-103.0
Q9UGL1,-1588.0
Q9UGL9,145.0
Q9UGM1,-645.0
Q9UGM3,183.0
Q9UGM5,-238.0
Q9UGM6,-428.0
Q9UGN4,-269.0
Q9UGN5,-427.0
Q9UGP4,64.0
Q9UGP5,-481.0
Q9UGP8,-512.0
Q9UGQ3,-877.0
Q9UGR2,-638.0
Q9UGT4,-415.0
Q9UGU0,1182.0
Q9UGU5,-151.0
Q9UGY1,-136.0
Q9UH03,-319.0
Q9UH17,-480.0
Q9UH65,-410.0
Q9UH73,-188.0
Q9UH77,-503.0
Q9UH92,-205.0
Q9UH99,-605.0
Q9UHA4,-157.0
Q9UHA7,-146.0
Q9UHB4,-609.0
Q9UHB6,1.0
Q9UHB7,697.0
Q9UHB9,-494.0
Q9UHC1,-726.0
Q9UHC3,-524.0
Q9UHC6,-379.0
Q9UHC7,-119.0
Q9UHC9,-1925.0
Q9UHD0,-318.0
Q9UHD1,-141.0
Q9UHD2,-956.0
Q9UHD4,-229.0
Q9UHD8,-338.0
Q9UHD9,144.0
Q9UHE5,-392.0
Q9UHF0,-57.0
Q9UHF1,-112.0
Q9UHF3,-363.0
Q9UHF4,-365.0
Q9UHF7,-113.0
Q9UHG0,7.0
Q9UHG2,-297.0
Q9UHG3,-502.0
Q9UHH9,-381.0
Q9UHI5,-734.0
Q9UHI6,-563.0
Q9UHI7,-932.0
Q9UHI8,-152.0
Q9UHJ3,-661.0
Q9UHJ6,-432.0
Q9UHJ9,-494.0
Q9UHK0,-156.0
Q9UHK6,-300.0
Q9UHL0,-526.0
Q9UHL4,-465.0
Q9UHL9,-655.0
Q9UHM6,-711.0
Q9UHN1,-472.0
Q9UHN6,-648.0
Q9UHP3,-1072.0
Q9UHP6,-504.0
Q9UHP7,-243.0
Q9UHQ1,-410.0
Q9UHQ9,-362.0
Q9UHR4,-401.0
Q9UHR5,-111.0
Q9UHV2,-155.0
Q9UHV7,-690.0
Q9UHV8,-133.0
Q9UHV9,-51.0
Q9UHW9,-1440.0
Q9UHX1,-369.0
Q9UHX3,-698.0
Q9UHY1,-401.0
Q9UHY7,-285.0
Q9UHY8,-241.0
Q9UI08,36.0
Q9UI09,-30.0
Q9UI10,-535.0
Q9UI12,-542.0
Q9UI14,-252.0
Q9UI17,-506.0
Q9UI26,-1564.0
Q9UI30,-95.0
Q9UI32,-490.0
Q9UI33,-2464.0
Q9UI36,57.0
Q9UI38,-443.0
Q9UI40,-933.0
Q9UI42,-221.0
Q9UI43,-314.0
Q9UI46,-292.0
Q9UI47,-1172.0
Q9UI95,-330.0
Q9UIA0,-431.0
Q9UIA9,-1610.0
Q9UIB8,-276.0
Q9UIC8,-430.0
Q9UID3,-904.0
Q9UID6,-429.0
Q9UIE0,-283.0
Q9UIF7,-522.0
Q9UIF8,-287.0
Q9UIF9,-651.0
Q9UIG0,-1002.0
Q9UIG4,6.0
Q9UIG8,-805.0
Q9UIH9,98.0
Q9UII2,-47.0
Q9UII4,-920.0
Q9UII6,-265.0
Q9UIJ5,-483.0
Q9UIJ7,-208.0
Q9UIK4,-417.0
Q9UIK5,-162.0
Q9UIL1,-83.0
Q9UIL4,-359.0
Q9UIL8,-285.0
Q9UIQ6,-991.0
Q9UIR0,-300.0
Q9UIS9,-257.0
Q9UIU6,-161.0
Q9UIV1,-183.0
Q9UIV8,-258.0
Q9UIW0,-109.0
Q9UIW2,-1625.0
Q9UIX4,-717.0
Q9UJ14,-662.0
Q9UJ37,-384.0
Q9UJ41,-438.0
Q9UJ55,-357.0
Q9UJ68,-12.0
Q9UJ70,-338.0
Q9UJ71,-219.0
Q9UJ78,-118.0
Q9UJ83,-474.0
Q9UJ90,-102.0
Q9UJ96,-724.0
Q9UJ98,-1187.0
Q9UJA2,-533.0
Q9UJA3,-722.0
Q9UJA5,-260.0
Q9UJA9,-513.0
Q9UJC3,-736.0
Q9UJD0,-121.0
Q9UJF2,-742.0
Q9UJJ9,-270.0
Q9UJL9,-401.0
Q9UJM3,-60.0
Q9UJM8,-436.0
Q9UJP4,-557.0
Q9UJQ1,-310.0
Q9UJQ4,-98.0
Q9UJS0,-706.0
Q9UJT1,-302.0
Q9UJT2,-346.0
Q9UJT9,-628.0
Q9UJU2,152.0
Q9UJU5,90.0
Q9UJU6,-88.0
Q9UJV3,-695.0
Q9UJV9,-553.0
Q9UJW0,-410.0
Q9UJW2,-184.0
Q9UJW3,-358.0
Q9UJW8,-244.0
Q9UJW9,-166.0
Q9UJX0,-396.0
Q9UJX2,-966.0
Q9UJX3,-562.0
Q9UJX4,-1050.0
Q9UJX5,-901.0
Q9UJX6,-1196.0
Q9UJY1,29.0
Q9UJY4,-447.0
Q9UJY5,-458.0
Q9UJZ1,-327.0
Q9UK05,-262.0
Q9UK17,-735.0
Q9UK22,-66.0
Q9UK23,-235.0
Q9UK32,-591.0
Q9UK33,-81.0
Q9UK39,-500.0
Q9UK41,-292.0
Q9UK45,-88.0
Q9UK53,-56.0
Q9UK55,-419.0
Q9UK58,-488.0
Q9UK59,-404.0
Q9UK61,-1017.0
Q9UK73,-885.0
Q9UK76,62.0
Q9UK80,-347.0
Q9UK96,-526.0
Q9UK97,-521.0
Q9UK99,-454.0
Q9UKA1,-684.0
Q9UKA2,-737.0
Q9UKA4,-783.0
Q9UKA8,-112.0
Q9UKA9,-381.0
Q9UKB1,-739.0
Q9UKB5,-177.0
Q9UKC9,-667.0
Q9UKD1,-468.0
Q9UKE5,-632.0
Q9UKF2,-391.0
Q9UKF5,-535.0
Q9UKF6,-710.0
Q9UKF7,-213.0
Q9UKG1,-479.0
Q9UKG4,-891.0
Q9UKG9,-536.0
Q9UKI2,6.0
Q9UKI8,-336.0
Q9UKI9,-19.0
Q9UKJ1,-198.0
Q9UKJ5,-176.0
Q9UKJ8,-562.0
Q9UKK3,-1295.0
Q9UKK6,-79.0
Q9UKK9,-125.0
Q9UKL0,-68.0
Q9UKL3,-565.0
Q9UKL6,-153.0
Q9UKM7,-737.0
Q9UKM9,42.0
Q9UKN1,3594.0
Q9UKN5,-393.0
Q9UKN7,-2525.0
Q9UKN8,-811.0
Q9UKP3,-112.0
Q9UKP4,-357.0
Q9UKP5,-429.0
Q9UKP6,-612.0
Q9UKQ2,-424.0
Q9UKR0,-79.0
Q9UKR5,-327.0
Q9UKS6,-351.0
Q9UKS7,-234.0
Q9UKT4,-377.0
Q9UKT5,-374.0
Q9UKT6,-603.0
Q9UKT7,-539.0
Q9UKT8,-622.0
Q9UKT9,-220.0
Q9UKU0,-731.0
Q9UKU6,-1239.0
Q9UKU7,-305.0
Q9UKV0,-432.0
Q9UKV3,-258.0
Q9UKV5,-859.0
Q9UKV8,-728.0
Q9UKW4,-895.0
Q9UKW6,-271.0
Q9UKX2,-1645.0
Q9UKX3,-1341.0
Q9UKX5,-969.0
Q9UKX7,208.0
Q9UKY0,-206.0
Q9UKY1,-169.0
Q9UKY4,-1096.0
Q9UKZ1,-395.0
Q9UKZ4,-1623.0
Q9UKZ9,-39.0
Q9UL01,-910.0
Q9UL03,-624.0
Q9UL12,-715.0
Q9UL15,-541.0
Q9UL16,-457.0
Q9UL17,201.0
Q9UL18,-675.0
Q9UL19,-146.0
Q9UL25,-164.0
Q9UL26,-246.0
Q9UL33,-163.0
Q9UL40,-161.0
Q9UL41,-455.0
Q9UL42,-382.0
Q9UL45,-150.0
Q9UL46,-268.0
Q9UL49,-210.0
Q9UL51,-638.0
Q9UL52,-468.0
Q9UL54,-1114.0
Q9UL62,-1288.0
Q9UL63,-517.0
Q9UL68,206.0
Q9ULA0,-541.0
Q9ULB1,-655.0
Q9ULB5,-446.0
Q9ULC0,-115.0
Q9ULC3,-99.0
Q9ULC4,-195.0
Q9ULC5,-677.0
Q9ULC6,-395.0
Q9ULC8,-264.0
Q9ULD0,-867.0
Q9ULD2,-404.0
Q9ULD4,-743.0
Q9ULD5,-415.0
Q9ULD6,-755.0
Q9ULD8,-912.0
Q9ULE0,-918.0
Q9ULG1,-1408.0
Q9ULG6,-330.0
Q9ULH0,-1457.0
Q9ULH1,-536.0
Q9ULH4,-615.0
Q9ULH7,-135.0
Q9ULI0,-1129.0
Q9ULI2,-335.0
Q9ULI3,-341.0
Q9ULJ1,-658.0
Q9ULJ3,-428.0
Q9ULJ6,506.0
Q9ULJ8,17.0
Q9ULK0,-1142.0
Q9ULK4,-1998.0
Q9ULK5,-667.0
Q9ULL4,-1795.0
Q9ULL8,-9.0
Q9ULM2,-314.0
Q9ULM3,-334.0
Q9ULM6,-553.0
Q9ULP0,-213.0
Q9ULP9,-674.0
Q9ULQ0,-830.0
Q9ULQ1,-1309.0
Q9ULR0,-95.0
Q9ULR3,-389.0
Q9ULT0,-1094.0
Q9ULT6,-110.0
Q9ULT8,-1808.0
Q9ULU4,-142.0
Q9ULU8,-962.0
Q9ULV0,-2092.0
Q9ULV1,-640.0
Q9ULV3,-6.0
Q9ULV4,-366.0
Q9ULV5,-339.0
Q9ULV8,-487.0
Q9ULW0,-359.0
Q9ULW2,-729.0
Q9ULW3,-164.0
Q9ULW5,-159.0
Q9ULW6,-139.0
Q9ULW8,-558.0
Q9ULX3,-330.0
Q9ULX5,-577.0
Q9ULX6,385.0
Q9ULX7,-299.0
Q9ULX9,-182.0
Q9ULY5,-103.0
Q9ULZ1,-22.0
Q9ULZ2,-279.0
Q9ULZ3,-226.0
Q9ULZ9,-286.0
Q9UM00,-301.0
Q9UM01,-910.0
Q9UM07,-361.0
Q9UM11,-364.0
Q9UM13,-153.0
Q9UM19,-124.0
Q9UM21,-674.0
Q9UM22,-161.0
Q9UM44,-221.0
Q9UM47,95.0
Q9UM54,-1104.0
Q9UM63,-389.0
Q9UM73,-580.0
Q9UM82,-479.0
Q9UMD9,1674.0
Q9UMF0,-594.0
Q9UMN6,-464.0
Q9UMQ3,-91.0
Q9UMQ6,-528.0
Q9UMR2,-398.0
Q9UMR3,-222.0
Q9UMR5,-411.0
Q9UMR7,-196.0
Q9UMS0,-140.0
Q9UMS4,-486.0
Q9UMS6,250.0
Q9UMW8,-430.0
Q9UMX0,176.0
Q9UMX1,-329.0
Q9UMX2,-325.0
Q9UMX3,-379.0
Q9UMX5,-123.0
Q9UMX6,-133.0
Q9UMX9,-733.0
Q9UMY4,-134.0
Q9UMZ2,189.0
Q9UMZ3,-1638.0
Q9UN19,-267.0
Q9UN36,-199.0
Q9UN37,-354.0
Q9UN42,-214.0
Q9UN72,-727.0
Q9UN73,-697.0
Q9UN74,-638.0
Q9UN76,-922.0
Q9UN79,-227.0
Q9UN81,-254.0
Q9UN86,143.0
Q9UN88,-620.0
Q9UNA0,-445.0
Q9UNA1,-684.0
Q9UNA3,-433.0
Q9UNA4,-290.0
Q9UNE0,-237.0
Q9UNE2,-111.0
Q9UNE7,-267.0
Q9UNF0,-180.0
Q9UNF1,-299.0
Q9UNG2,-160.0
Q9UNH5,-260.0
Q9UNH6,-426.0
Q9UNH7,-373.0
Q9UNI1,-40.0
Q9UNI6,-284.0
Q9UNK0,-300.0
Q9UNK4,-93.0
Q9UNL4,-74.0
Q9UNM6,-439.0
Q9UNN5,-401.0
Q9UNN8,-291.0
Q9UNP4,-449.0
Q9UNP9,-10.0
Q9UNQ0,-759.0
Q9UNQ2,-370.0
Q9UNS1,-1323.0
Q9UNS2,-434.0
Q9UNT1,-135.0
Q9UNU6,-635.0
Q9UNW1,-539.0
Q9UNW8,-720.0
Q9UNW9,-299.0
Q9UNY4,-691.0
Q9UNY5,-202.0
Q9UNZ2,-149.0
Q9UP38,-571.0
Q9UP52,-694.0
Q9UP65,-632.0
Q9UP79,-340.0
Q9UP83,-923.0
Q9UP95,-1502.0
Q9UPA5,947.0
Q9UPE1,-305.0
Q9UPG8,-329.0
Q9UPI3,-751.0
Q9UPM6,-286.0
Q9UPM8,-1248.0
Q9UPM9,5.0
Q9UPN3,-7314.0
Q9UPN4,-584.0
Q9UPN6,24.0
Q9UPN7,-386.0
Q9UPN9,-342.0
Q9UPP1,-332.0
Q9UPP2,-807.0
Q9UPP5,285.0
Q9UPQ0,-309.0
Q9UPQ3,-558.0
Q9UPQ4,-544.0
Q9UPQ7,-887.0
Q9UPQ8,-1081.0
Q9UPQ9,2290.0
Q9UPR0,-666.0
Q9UPR3,-932.0
Q9UPR5,-1053.0
Q9UPS6,-47.0
Q9UPS8,-869.0
Q9UPT5,-755.0
Q9UPT6,-471.0
Q9UPT8,932.0
Q9UPT9,-478.0
Q9UPU5,-2634.0
Q9UPU7,-731.0
Q9UPU9,-273.0
Q9UPV0,-769.0
Q9UPV9,-629.0
Q9UPW0,85.0
Q9UPW5,-920.0
Q9UPW6,-545.0
Q9UPW8,-1236.0
Q9UPX0,-447.0
Q9UPX6,-291.0
Q9UPX8,-580.0
Q9UPY3,-1807.0
Q9UPY5,-918.0
Q9UPY6,-149.0
Q9UPY8,-134.0
Q9UPZ3,-1259.0
Q9UPZ6,-342.0
Q9UPZ9,-425.0
Q9UQ03,-429.0
Q9UQ05,-1152.0
Q9UQ07,-366.0
Q9UQ13,-624.0
Q9UQ16,-792.0
Q9UQ26,-502.0
Q9UQ35,485.0
Q9UQ49,-417.0
Q9UQ52,-559.0
Q9UQ53,-692.0
Q9UQ80,-198.0
Q9UQ84,-331.0
Q9UQ88,-258.0
Q9UQ90,-707.0
Q9UQB3,-540.0
Q9UQB8,-270.0
Q9UQB9,-426.0
Q9UQC2,113.0
Q9UQC9,-630.0
Q9UQD0,-2276.0
Q9UQE7,-1023.0
Q9UQF0,-494.0
Q9UQF2,-94.0
Q9UQK1,-166.0
Q9UQL6,-470.0
Q9UQM7,-578.0
Q9UQN3,-18.0
Q9UQP3,-384.0
Q9UQQ1,-521.0
Q9UQQ2,-435.0
Q9UQR0,-80.0
Q9UQR1,-116.0
Q9UQV4,-136.0
Q9WJR5,-1055.0
Q9Y210,-1029.0
Q9Y215,454.0
Q9Y216,-596.0
Q9Y217,-759.0
Q9Y219,31.0
Q9Y221,-203.0
Q9Y222,-563.0
Q9Y223,-909.0
Q9Y224,-331.0
Q9Y225,-247.0
Q9Y226,-842.0
Q9Y227,-643.0
Q9Y228,-453.0
Q9Y230,-528.0
Q9Y231,-387.0
Q9Y232,-280.0
Q9Y233,-918.0
Q9Y234,-460.0
Q9Y235,-112.0
Q9Y237,13.0
Q9Y238,-1372.0
Q9Y239,-1248.0
Q9Y240,-248.0
Q9Y241,-80.0
Q9Y242,-137.0
Q9Y243,-382.0
Q9Y244,-61.0
Q9Y247,-330.0
Q9Y248,-210.0
Q9Y250,-164.0
Q9Y251,-494.0
Q9Y252,-331.0
Q9Y253,-372.0
Q9Y255,-177.0
Q9Y256,-592.0
Q9Y257,-573.0
Q9Y258,-87.0
Q9Y259,-376.0
Q9Y261,77.0
Q9Y262,-640.0
Q9Y263,-532.0
Q9Y264,-360.0
Q9Y265,-441.0
Q9Y266,-72.0
Q9Y267,-1002.0
Q9Y271,-585.0
Q9Y272,-258.0
Q9Y274,-473.0
Q9Y275,-227.0
Q9Y276,-483.0
Q9Y277,-27.0
Q9Y278,-434.0
Q9Y279,-221.0
Q9Y281,-156.0
Q9Y282,-321.0
Q9Y283,-798.0
Q9Y284,-114.0
Q9Y285,-323.0
Q9Y286,-252.0
Q9Y287,-373.0
Q9Y289,-953.0
Q9Y294,-103.0
Q9Y295,-382.0
Q9Y296,-265.0
Q9Y297,-786.0
Q9Y2A7,-1704.0
Q9Y2A9,-492.0
Q9Y2B0,-209.0
Q9Y2B1,-460.0
Q9Y2B2,-340.0
Q9Y2B4,-172.0
Q9Y2B5,-717.0
Q9Y2C3,-269.0
Q9Y2C4,-197.0
Q9Y2C5,-774.0
Q9Y2C9,-1065.0
Q9Y2D0,-272.0
Q9Y2D1,-143.0
Q9Y2D2,-538.0
Q9Y2D4,-970.0
Q9Y2D8,-467.0
Q9Y2E5,-971.0
Q9Y2E6,-268.0
Q9Y2F5,-890.0
Q9Y2F9,-255.0
Q9Y2G0,-1154.0
Q9Y2G1,-375.0
Q9Y2G2,-411.0
Q9Y2G3,-1625.0
Q9Y2G5,-536.0
Q9Y2G9,-1006.0
Q9Y2H0,-93.0
Q9Y2H1,-391.0
Q9Y2H2,-823.0
Q9Y2H6,-370.0
Q9Y2H9,-822.0
Q9Y2I1,-1550.0
Q9Y2I2,-437.0
Q9Y2I6,-1015.0
Q9Y2I7,-1441.0
Q9Y2I9,-545.0
Q9Y2J0,-5.0
Q9Y2J2,-509.0
Q9Y2J4,-459.0
Q9Y2J8,-576.0
Q9Y2K1,-405.0
Q9Y2K2,-539.0
Q9Y2K3,-1807.0
Q9Y2K5,266.0
Q9Y2K6,-630.0
Q9Y2K7,-858.0
Q9Y2K9,-755.0
Q9Y2L1,-1034.0
Q9Y2L5,-1342.0
Q9Y2L9,-747.0
Q9Y2M0,-980.0
Q9Y2M2,-271.0
Q9Y2M5,-554.0
Q9Y2N7,-506.0
Q9Y2P0,-274.0
Q9Y2P4,-860.0
Q9Y2P5,-866.0
Q9Y2P7,-406.0
Q9Y2Q0,-1474.0
Q9Y2Q3,-335.0
Q9Y2Q5,-121.0
Q9Y2R0,-104.0
Q9Y2R2,-299.0
Q9Y2S2,-402.0
Q9Y2S7,-340.0
Q9Y2T1,-230.0
Q9Y2T2,-342.0
Q9Y2T3,-470.0
Q9Y2T6,-603.0
Q9Y2T7,285.0
Q9Y2U5,-353.0
Q9Y2U8,-576.0
Q9Y2U9,-82.0
Q9Y2V0,-457.0
Q9Y2V2,-59.0
Q9Y2V3,-37.0
Q9Y2V7,-889.0
Q9Y2W1,583.0
Q9Y2W2,52.0
Q9Y2W3,-755.0
Q9Y2W6,-411.0
Q9Y2W7,-236.0
Q9Y2X0,-1250.0
Q9Y2X3,-550.0
Q9Y2X7,-668.0
Q9Y2X8,-120.0
Q9Y2X9,179.0
Q9Y2Y0,-185.0
Q9Y2Y1,-118.0
Q9Y2Y4,-220.0
Q9Y2Y6,-340.0
Q9Y2Y8,-47.0
Q9Y2Y9,-137.0
Q9Y2Z0,-228.0
Q9Y2Z2,-742.0
Q9Y2Z4,-488.0
Q9Y2Z9,-500.0
Q9Y303,-475.0
Q9Y314,-247.0
Q9Y315,-532.0
Q9Y316,-284.0
Q9Y320,-354.0
Q9Y328,-209.0
Q9Y333,-90.0
Q9Y336,-166.0
Q9Y337,-116.0
Q9Y342,-365.0
Q9Y345,-918.0
Q9Y365,-226.0
Q9Y366,-344.0
Q9Y371,-299.0
Q9Y375,-203.0
Q9Y376,-444.0
Q9Y383,-302.0
Q9Y385,-136.0
Q9Y388,-138.0
Q9Y394,-454.0
Q9Y397,-356.0
Q9Y399,-348.0
Q9Y3A0,-387.0
Q9Y3A2,-238.0
Q9Y3A3,-224.0
Q9Y3A4,-237.0
Q9Y3A5,-249.0
Q9Y3A6,-204.0
Q9Y3B2,-167.0
Q9Y3B3,-182.0
Q9Y3B4,-110.0
Q9Y3B6,-285.0
Q9Y3B7,-136.0
Q9Y3B8,-188.0
Q9Y3C0,-50.0
Q9Y3C4,-221.0
Q9Y3C5,-109.0
Q9Y3C6,-92.0
Q9Y3C7,-170.0
Q9Y3C8,-201.0
Q9Y3D0,-154.0
Q9Y3D2,-20.0
Q9Y3D3,-189.0
Q9Y3D6,-162.0
Q9Y3D7,-101.0
Q9Y3D8,-146.0
Q9Y3D9,-112.0
Q9Y3E0,-227.0
Q9Y3E1,165.0
Q9Y3E2,-125.0
Q9Y3E5,-175.0
Q9Y3E7,-140.0
Q9Y3F4,-227.0
Q9Y3I0,-341.0
Q9Y3I1,-311.0
Q9Y3L3,-541.0
Q9Y3L5,-144.0
Q9Y3M2,-53.0
Q9Y3M8,-676.0
Q9Y3M9,-402.0
Q9Y3P8,-135.0
Q9Y3P9,-947.0
Q9Y3Q0,-650.0
Q9Y3Q3,-182.0
Q9Y3Q4,-518.0
Q9Y3Q7,-369.0
Q9Y3Q8,-29.0
Q9Y3R0,-531.0
Q9Y3R4,-320.0
Q9Y3R5,-2903.0
Q9Y3S1,-639.0
Q9Y3S2,-58.0
Q9Y3T9,-714.0
Q9Y3U8,-94.0
Q9Y3V2,-294.0
Q9Y3Y2,85.0
Q9Y3Y4,413.0
Q9Y3Z3,-676.0
Q9Y446,-699.0
Q9Y448,-227.0
Q9Y450,-322.0
Q9Y458,0.0
Q9Y462,-480.0
Q9Y463,-353.0
Q9Y466,-462.0
Q9Y467,-17.0
Q9Y468,-214.0
Q9Y473,-381.0
Q9Y478,-151.0
Q9Y483,-356.0
Q9Y484,-324.0
Q9Y487,-1258.0
Q9Y490,-2299.0
Q9Y493,-571.0
Q9Y496,-406.0
Q9Y4A5,-5376.0
Q9Y4A8,-256.0
Q9Y4B4,-747.0
Q9Y4B5,-684.0
Q9Y4B6,-1439.0
Q9Y4C0,-736.0
Q9Y4C1,-1014.0
Q9Y4C2,-968.0
Q9Y4C4,-1500.0
Q9Y4C5,-514.0
Q9Y4C8,-292.0
Q9Y4D1,-1021.0
Q9Y4D2,-1259.0
Q9Y4D7,-2000.0
Q9Y4D8,-3980.0
Q9Y4E1,301.0
Q9Y4E5,-754.0
Q9Y4E8,-283.0
Q9Y4F1,-936.0
Q9Y4F3,-1390.0
Q9Y4F4,-1129.0
Q9Y4F9,-882.0
Q9Y4G2,-1019.0
Q9Y4G6,-2356.0
Q9Y4G8,-670.0
Q9Y4H2,261.0
Q9Y4H4,-72.0
Q9Y4I1,-2159.0
Q9Y4J8,-582.0
Q9Y4K0,-240.0
Q9Y4K3,-426.0
Q9Y4K4,-651.0
Q9Y4L1,-485.0
Q9Y4L5,-93.0
Q9Y4P1,-323.0
Q9Y4P8,-413.0
Q9Y4P9,-128.0
Q9Y4R7,-708.0
Q9Y4R8,-1144.0
Q9Y4U1,-268.0
Q9Y4W2,-540.0
Q9Y4W6,-449.0
Q9Y4X0,-76.0
Q9Y4X3,-157.0
Q9Y4X4,-112.0
Q9Y4X5,-292.0
Q9Y4Y9,-94.0
Q9Y4Z0,46.0
Q9Y4Z2,-189.0
Q9Y508,-118.0
Q9Y512,-218.0
Q9Y520,1021.0
Q9Y530,-174.0
Q9Y535,-161.0
Q9Y547,-151.0
Q9Y548,-439.0
Q9Y561,-324.0
Q9Y566,396.0
Q9Y570,-191.0
Q9Y572,-50.0
Q9Y574,-722.0
Q9Y575,-759.0
Q9Y576,-433.0
Q9Y577,-301.0
Q9Y580,80.0
Q9Y584,-109.0
Q9Y586,-407.0
Q9Y587,-194.0
Q9Y592,-619.0
Q9Y5A6,-182.0
Q9Y5A7,-681.0
Q9Y5A9,378.0
Q9Y5B0,-287.0
Q9Y5B6,-444.0
Q9Y5B8,-399.0
Q9Y5B9,-676.0
Q9Y5C1,-359.0
Q9Y5E3,-682.0
Q9Y5E9,-747.0
Q9Y5F1,-707.0
Q9Y5H5,-669.0
Q9Y5H9,-638.0
Q9Y5I2,-728.0
Q9Y5I3,-836.0
Q9Y5I7,-404.0
Q9Y5J3,-237.0
Q9Y5J5,-128.0
Q9Y5J6,-132.0
Q9Y5J7,-72.0
Q9Y5K1,-504.0
Q9Y5K2,-163.0
Q9Y5K3,-296.0
Q9Y5K5,-249.0
Q9Y5K6,-135.0
Q9Y5K8,-267.0
Q9Y5L0,-1515.0
Q9Y5L2,-87.0
Q9Y5L3,-362.0
Q9Y5L4,-7.0
Q9Y5N1,-577.0
Q9Y5N5,-188.0
Q9Y5N6,-258.0
Q9Y5P4,-378.0
Q9Y5P6,-390.0
Q9Y5P8,-458.0
Q9Y5Q0,-691.0
Q9Y5Q3,-50.0
Q9Y5Q5,-571.0
Q9Y5Q6,-90.0
Q9Y5Q8,-424.0
Q9Y5Q9,-1014.0
Q9Y5R2,-310.0
Q9Y5R4,-404.0
Q9Y5R5,-185.0
Q9Y5R6,110.0
Q9Y5R8,-203.0
Q9Y5S1,-1107.0
Q9Y5S2,-1494.0
Q9Y5S8,-873.0
Q9Y5S9,-22.0
Q9Y5T4,-157.0
Q9Y5T5,-474.0
Q9Y5U4,-303.0
Q9Y5U5,-34.0
Q9Y5U8,-140.0
Q9Y5U9,-101.0
Q9Y5V3,-342.0
Q9Y5W3,-111.0
Q9Y5W5,-77.0
Q9Y5W7,-1364.0
Q9Y5W8,-1161.0
Q9Y5W9,-133.0
Q9Y5X0,-126.0
Q9Y5X1,-110.0
Q9Y5X2,-567.0
Q9Y5X3,-424.0
Q9Y5X4,-267.0
Q9Y5X5,-788.0
Q9Y5X9,-384.0
Q9Y5Y0,-697.0
Q9Y5Y2,-214.0
Q9Y5Y4,-850.0
Q9Y5Y5,-537.0
Q9Y5Y6,-294.0
Q9Y5Y7,-181.0
Q9Y5Y9,-2212.0
Q9Y5Z0,-423.0
Q9Y5Z4,20.0
Q9Y5Z6,-353.0
Q9Y5Z7,-286.0
Q9Y5Z9,-597.0
Q9Y600,-534.0
Q9Y603,-340.0
Q9Y605,-69.0
Q9Y606,-273.0
Q9Y608,-436.0
Q9Y613,-1100.0
Q9Y615,-340.0
Q9Y616,-659.0
Q9Y617,-248.0
Q9Y618,-690.0
Q9Y619,-282.0
Q9Y620,-931.0
Q9Y623,-1581.0
Q9Y624,-140.0
Q9Y625,-481.0
Q9Y639,-289.0
Q9Y644,-344.0
Q9Y646,-439.0
Q9Y653,-990.0
Q9Y657,-135.0
Q9Y662,-446.0
Q9Y663,-387.0
Q9Y664,-330.0
Q9Y666,-1324.0
Q9Y672,-1015.0
Q9Y676,-138.0
Q9Y678,-1009.0
Q9Y679,-518.0
Q9Y680,-165.0
Q9Y691,-312.0
Q9Y692,-301.0
Q9Y694,-757.0
Q9Y696,-221.0
Q9Y697,-477.0
Q9Y698,-368.0
Q9Y6A1,-1147.0
Q9Y6A2,-526.0
Q9Y6A4,-263.0
Q9Y6A5,-37.0
Q9Y6A9,-170.0
Q9Y6B2,111.0
Q9Y6B6,-227.0
Q9Y6B7,-1088.0
Q9Y6C2,-410.0
Q9Y6C5,-1768.0
Q9Y6D5,-2087.0
Q9Y6D6,-1926.0
Q9Y6D9,-760.0
Q9Y6E0,-323.0
Q9Y6E2,-509.0
Q9Y6E7,-289.0
Q9Y6F1,-287.0
Q9Y6F6,-304.0
Q9Y6F8,-404.0
Q9Y6F9,-314.0
Q9Y6G1,-161.0
Q9Y6G3,-139.0
Q9Y6G5,-254.0
Q9Y6G9,-185.0
Q9Y6H1,-39.0
Q9Y6H3,-231.0
Q9Y6H5,-178.0
Q9Y6H6,-130.0
Q9Y6H8,-479.0
Q9Y6I3,1.0
Q9Y6I4,-376.0
Q9Y6I7,-305.0
Q9Y6I9,-220.0
Q9Y6J0,-1747.0
Q9Y6J6,-169.0
Q9Y6J8,-401.0
Q9Y6J9,-634.0
Q9Y6K0,-698.0
Q9Y6K1,-317.0
Q9Y6K5,-1074.0
Q9Y6K8,-435.0
Q9Y6K9,-375.0
Q9Y6L6,-720.0
Q9Y6L7,-368.0
Q9Y6M0,-207.0
Q9Y6M1,-425.0
Q9Y6M4,-271.0
Q9Y6M5,-492.0
Q9Y6M7,-1412.0
Q9Y6M9,-208.0
Q9Y6N1,-227.0
Q9Y6N5,-318.0
Q9Y6N6,-604.0
Q9Y6N7,-19.0
Q9Y6N8,-657.0
Q9Y6N9,-345.0
Q9Y6P5,-472.0
Q9Y6Q1,-604.0
Q9Y6Q2,-340.0
Q9Y6Q5,-333.0
Q9Y6Q6,92.0
Q9Y6Q9,753.0
Q9Y6R0,-122.0
Q9Y6R1,-1154.0
Q9Y6R4,-1422.0
Q9Y6R7,-687.0
Q9Y6R9,-218.0
Q9Y6T7,-545.0
Q9Y6U3,-291.0
Q9Y6V0,-220.0
Q9Y6W3,-626.0
Q9Y6W5,-211.0
Q9Y6W6,-335.0
Q9Y6W8,-261.0
Q9Y6X0,106.0
Q9Y6X1,-62.0
Q9Y6X2,-382.0
Q9Y6X3,-944.0
Q9Y6X5,-504.0
Q9Y6X6,-1433.0
Q9Y6X8,-410.0
Q9Y6X9,-900.0
Q9Y6Y0,-385.0
Q9Y6Y1,-462.0
Q9Y6Y8,-333.0
Q9Y6Y9,-174.0
Q9Y6Z7,-4.0
A0A075B6H7,-80.0
A0A075B6H8,-66.0
A0A075B6H9,-65.0
A0A075B6I0,24.0
A0A075B6I1,-23.0
A0A075B6I3,-55.0
A0A075B6I4,-68.0
A0A075B6I6,42.0
A0A075B6I7,-82.0
A0A075B6I9,-23.0
A0A075B6J1,-23.0
A0A075B6J2,-13.0
A0A075B6J6,-31.0
A0A075B6J9,60.0
A0A075B6K0,-53.0
A0A075B6K2,-63.0
A0A075B6K4,-46.0
A0A075B6K5,-26.0
A0A075B6K6,-46.0
A0A075B6L2,-183.0
A0A075B6L6,-75.0
A0A075B6N2,-85.0
A0A075B6N3,-109.0
A0A075B6N4,-122.0
A0A075B6P5,-13.0
A0A075B6R0,-91.0
A0A075B6R9,-21.0
A0A075B6S2,-33.0
A0A075B6S4,-59.0
A0A075B6S5,-63.0
A0A075B6S6,0.0
A0A075B6S9,-56.0
A0A075B6T6,-69.0
A0A075B6T7,-177.0
A0A075B6T8,-31.0
A0A075B6U4,-55.0
A0A075B6V5,-139.0
A0A075B6W5,-45.0
A0A075B6X5,-102.0
A0A075B759,-40.0
A0A075B767,-50.0
A0A087WSX0,-64.0
A0A087WSY6,-77.0
A0A087WSZ0,-89.0
A0A087WSZ9,-91.0
A0A087WT02,-104.0
A0A087WT03,-163.0
A0A087WTH5,-141.0
A0A087WV62,-121.0
A0A087WVF3,-344.0
A0A087WW87,-30.0
A0A087WXM9,3.0
A0A087X0K7,-143.0
A0A087X0M5,-123.0
A0A087X179,-332.0
A0A096LP55,-68.0
A0A0A0MRZ7,-38.0
A0A0A0MRZ8,-87.0
A0A0A0MRZ9,-23.0
A0A0A0MS00,-50.0
A0A0A0MS01,-97.0
A0A0A0MS02,-145.0
A0A0A0MS03,-27.0
A0A0A0MS04,-82.0
A0A0A0MS05,-36.0
A0A0A0MS06,-77.0
A0A0A0MT36,-64.0
A0A0A6YYC5,-24.0
A0A0A6YYD4,-131.0
A0A0A6YYG2,-59.0
A0A0A6YYG3,-84.0
A0A0A6YYJ7,-109.0
A0A0A6YYK1,-102.0
A0A0A6YYK4,-98.0
A0A0A6YYK6,-133.0
A0A0A6YYL3,-172.0
A0A0B4J1U3,-29.0
A0A0B4J1U4,-174.0
A0A0B4J1U6,-112.0
A0A0B4J1Y8,16.0
A0A0B4J1Z2,-76.0
A0A0B4J234,-110.0
A0A0B4J235,-104.0
A0A0B4J237,-129.0
A0A0B4J238,-45.0
A0A0B4J240,-83.0
A0A0B4J241,-99.0
A0A0B4J244,-68.0
A0A0B4J245,-97.0
A0A0B4J248,-24.0
A0A0B4J249,-92.0
A0A0B4J262,-125.0
A0A0B4J263,-125.0
A0A0B4J264,-79.0
A0A0B4J265,-120.0
A0A0B4J266,-145.0
A0A0B4J268,-97.0
A0A0B4J271,-56.0
A0A0B4J272,-89.0
A0A0B4J273,-91.0
A0A0B4J274,-105.0
A0A0B4J275,-111.0
A0A0B4J276,-33.0
A0A0B4J277,-100.0
A0A0B4J279,-88.0
A0A0B4J280,3.0
A0A0B4J2A2,-45.0
A0A0B4J2D5,-292.0
A0A0B4J2D9,-52.0
A0A0B4J2E0,-109.0
A0A0C4DH24,-51.0
A0A0C4DH25,-65.0
A0A0C4DH26,-51.0
A0A0C4DH27,-121.0
A0A0C4DH28,-99.0
A0A0C4DH55,-83.0
A0A0C4DH59,-20.0
A0A0C4DH67,-62.0
A0A0C4DH68,-22.0
A0A0C4DH69,-66.0
A0A0C4DH72,-60.0
A0A0C4DH73,-22.0
A0A0G2JS06,-76.0
A0A0J9YX75,-83.0
A0A0J9YXY3,-61.0
A0A0K0K1A3,-106.0
A0A0K0K1B3,-102.0
A0A0K0K1C0,-114.0
A0A0K0K1C4,-68.0
A0A0K0K1D8,-69.0
A0A0K0K1E9,-79.0
A0A0K0K1G6,-122.0
A0A0K0K1G8,-136.0
A0A0U1RQF7,-45.0
A0A1B0GUS4,-74.0
A0A1B0GX31,-76.0
A0A1B0GX49,-116.0
A0A1B0GX51,-75.0
A0A1B0GX56,-98.0
A0A1B0GX68,-124.0
A0A1B0GX78,-124.0
A0A1B0GX95,-87.0
A0A1B0GXF2,-69.0
A0A1W2PPM1,43.0
A0A1W2PR19,-287.0
A0A1W2PR82,-134.0
A0A2R8Y619,-55.0
A0A2Z4LIS9,24.0
A0A3B3IS91,-26.0
A0A3B3IT33,-600.0
A0A455ZAR2,-40.0
A0A494C1R9,-238.0
A0A539,-105.0
A0A576,-121.0
A0A577,-128.0
A0A578,-9.0
A0A584,-101.0
A0A589,-118.0
A0A597,-68.0
A0A599,-60.0
A0A5A2,-63.0
A0A5A6,-109.0
A0A5B0,-99.0
A0A5B6,-108.0
A0A5B7,-68.0
A0AUZ9,-568.0
A0JD32,-72.0
A0JD36,-104.0
A0JD37,-118.0
A0PJE2,-231.0
A0PJW6,-301.0
A0PJW8,-79.0
A0ZSE6,-177.0
A1A4F0,-180.0
A1A4V9,-391.0
A1A580,-8.0
A1L3X4,-44.0
A1L453,-395.0
A2A3N6,-443.0
A2AJT9,-96.0
A2CJ06,-627.0
A2NJV5,-35.0
A2RRH5,-852.0
A2RRL7,-158.0
A2RTY3,-760.0
A2RU48,-375.0
A2RU54,29.0
A2RUR9,-777.0
A2RUU4,-131.0
A2VCK2,-210.0
A3KFT3,-613.0
A4D0V7,-1030.0
A4D1E1,-776.0
A4D1S0,-194.0
A4D1U4,-344.0
A4D2H0,-340.0
A4D2P6,-796.0
A4FU28,-407.0
A4QPB2,-336.0
A4QPH2,-545.0
A5PL33,96.0
A5PLK6,-1227.0
A5PLN7,-254.0
A6H8M9,-748.0
A6NC42,-168.0
A6NC78,-198.0
A6NC86,-166.0
A6NCC3,-249.0
A6NCI4,-1343.0
A6NCK2,-568.0
A6NCL1,-131.0
A6NCN2,-340.0
A6NCV1,-655.0
A6NCW7,-419.0
A6NDD5,-121.0
A6NDH6,-637.0
A6NDI0,-581.0
A6NDL8,-569.0
A6NDN3,-342.0
A6NDR6,2.0
A6NDS4,-356.0
A6NDX5,-395.0
A6NDY0,32.0
A6NE52,-2126.0
A6NEC2,-434.0
A6NEL2,-415.0
A6NER0,-334.0
A6NES4,-2522.0
A6NET4,-688.0
A6NF34,-613.0
A6NF89,-632.0
A6NFC5,-367.0
A6NFC9,-486.0
A6NFI3,-45.0
A6NFQ7,-128.0
A6NGD5,-119.0
A6NGJ6,-432.0
A6NH21,-979.0
A6NH52,-307.0
A6NH57,-283.0
A6NHA9,-640.0
A6NHG9,-633.0
A6NHJ4,-460.0
A6NHM9,-326.0
A6NHT5,-239.0
A6NI03,-432.0
A6NI72,-306.0
A6NIE9,-322.0
A6NIJ9,-669.0
A6NIM6,-1044.0
A6NIR3,-414.0
A6NIZ1,-133.0
A6NJG6,-77.0
A6NJL1,-171.0
A6NJW4,-287.0
A6NJZ3,-601.0
A6NJZ7,-994.0
A6NK02,-448.0
A6NK53,-109.0
A6NK59,-834.0
A6NK75,-481.0
A6NKD2,-254.0
A6NKD9,-118.0
A6NKF2,-190.0
A6NKG5,-1377.0
A6NKK0,-627.0
A6NKQ9,-201.0
A6NKT7,-1037.0
A6NL08,-641.0
A6NL26,-550.0
A6NL99,-443.0
A6NLI5,-479.0
A6NLP5,-177.0
A6NLU0,-236.0
A6NLW8,-79.0
A6NM03,-718.0
A6NM10,-408.0
A6NM11,-629.0
A6NM28,-250.0
A6NM43,-685.0
A6NM45,-353.0
A6NM76,-595.0
A6NMD0,-235.0
A6NMS3,-743.0
A6NMS7,-647.0
A6NMT0,33.0
A6NMU1,-831.0
A6NMX2,-283.0
A6NMZ5,-681.0
A6NN14,-1178.0
A6NN92,-459.0
A6NNF4,-422.0
A6NNM3,-981.0
A6NNN8,-794.0
A6NNP5,-154.0
A6NP11,-346.0
A6PVL3,-139.0
A6PVS8,-837.0
A6QL64,-962.0
A8K0R7,-331.0
A8K0S8,-41.0
A8K830,-31.0
A8MPS7,-387.0
A8MPX8,-504.0
A8MQ11,-125.0
A8MT65,-397.0
A8MT70,-302.0
A8MTI9,-364.0
A8MTY7,-220.0
A8MUH7,-95.0
A8MUM7,-178.0
A8MUV8,-525.0
A8MUZ8,-261.0
A8MV23,-460.0
A8MVA2,-179.0
A8MVS5,-99.0
A8MVU1,-260.0
A8MVW0,-478.0
A8MVX0,-403.0
A8MVZ5,-276.0
A8MW92,-361.0
A8MWA4,-261.0
A8MWD9,-24.0
A8MWK0,-650.0
A8MX76,-756.0
A8MXE2,-515.0
A8MXK1,-190.0
A8MXU0,-95.0
A8MXY4,-834.0
A8MXZ3,-346.0
A8MYP8,-5.0
A8MYV0,-211.0
A8MYZ6,-146.0
A8MZ26,-337.0
A8MZ36,-228.0
B1AH88,-92.0
B1AJZ9,-878.0
B1AKI9,-93.0
B2CW77,-158.0
B2RN74,-585.0
B2RPK0,86.0
B2RXH4,-274.0
B3SHH9,-389.0
B4DU55,-471.0
B5ME19,-757.0
B7ZAP0,-150.0
B7ZBB8,-140.0
B7ZC32,-906.0
B9EJG8,-387.0
C0HLV8,-36.0
C0HLZ6,5.0
C0HM01,-22.0
C9J069,-682.0
C9J1S8,-532.0
C9J2P7,-503.0
C9J798,-860.0
C9JCN9,-45.0
C9JDP6,-386.0
C9JH25,-698.0
C9JJH3,-457.0
C9JLJ4,-447.0
C9JLR9,-146.0
C9JPN9,-444.0
C9JQL5,-210.0
C9JSJ3,-148.0
C9JUS6,-220.0
C9JVI0,-462.0
D6R901,-440.0
D6R9N7,-458.0
D6RA61,-465.0
D6RBQ6,-459.0
D6RCP7,-460.0
D6RIA3,-135.0
D6RJB6,-455.0
E2RYF6,514.0
E2RYF7,32.0
E7ETH6,-80.0
E9PB15,-104.0
E9PQ53,-197.0
F5H284,-42.0
F7VJQ1,-112.0
G3V0H7,-838.0
G5E9R7,-292.0
H3BQB6,-86.0
H3BSY2,-171.0
H3BV60,-233.0
H7C241,-322.0
I0J062,-76.0
I1YAP6,-739.0
I3L273,-126.0
I3L3R5,-117.0
L0R819,-28.0
O00110,-143.0
O00479,63.0
O14498,-402.0
O14562,-109.0
O14581,-611.0
O14598,84.0
O14604,62.0
O14715,-1116.0
O14921,-147.0
O14990,23.0
O15050,-3500.0
O15172,-80.0
O15255,-212.0
O15442,-150.0
O15482,-545.0
O43246,-1006.0
O43247,19.0
O43325,-165.0
O43361,-632.0
O43423,43.0
O43824,-539.0
O43869,-710.0
O60224,-10.0
O60268,-143.0
O60287,-3501.0
O60290,-1251.0
O60309,-568.0
O60320,-325.0
O60347,-504.0
O60361,-77.0
O60431,-557.0
O60518,-1488.0
O60637,-485.0
O60732,67.0
O60739,-95.0
O75157,257.0
O75200,-452.0
O75290,-410.0
O75333,-256.0
O75373,-501.0
O75426,-561.0
O75467,-375.0
O75474,-137.0
O75526,326.0
O75794,-265.0
O75949,-435.0
O75954,-352.0
O76000,-590.0
O76087,110.0
O76100,-589.0
O94819,-525.0
O94880,-133.0
O94952,-794.0
O94967,-586.0
O95006,-707.0
O95013,-596.0
O95081,311.0
O95156,-179.0
O95157,-154.0
O95158,-209.0
O95170,-904.0
O95221,-649.0
O95424,-156.0
O95478,-169.0
O95502,-528.0
O95521,-859.0
O95744,-260.0
O95825,-317.0
O95857,-410.0
O95969,-124.0
O96001,-76.0
P01737,-131.0
P09131,-672.0
P0C025,-282.0
P0C091,-1624.0
P0C0P6,-71.0
P0C5J1,-500.0
P0C5Y4,-39.0
P0C604,-642.0
P0C623,-517.0
P0C628,-685.0
P0C629,-675.0
P0C646,-755.0
P0C6A0,-164.0
P0C6S8,-877.0
P0C7A2,-155.0
P0C7H9,-426.0
P0C7I0,-408.0
P0C7N1,-680.0
P0C7N5,-617.0
P0C7N8,-550.0
P0C7P4,-231.0
P0C7Q2,-67.0
P0C7Q6,-613.0
P0C7T2,-641.0
P0C7T3,-742.0
P0C7U1,-178.0
P0C7V7,-245.0
P0C7X1,-344.0
P0C851,-202.0
P0C860,-389.0
P0CB33,-295.0
P0CB38,-240.0
P0CG00,-169.0
P0CG12,678.0
P0CG22,-365.0
P0CG31,-344.0
P0CG36,-228.0
P0CG38,-442.0
P0CG39,-462.0
P0CG40,14.0
P0CG41,-394.0
P0CH99,-274.0
P0CI00,-270.0
P0CI26,-619.0
P0CK97,-282.0
P0CL82,110.0
P0CV98,-248.0
P0CV99,-247.0
P0CW00,-267.0
P0CW01,-248.0
P0CW20,-87.0
P0DJD0,-949.0
P0DJD1,-922.0
P0DKB5,-579.0
P0DKV0,-486.0
P0DM35,-63.0
P0DMP2,-424.0
P0DMT0,-142.0
P0DMU2,-694.0
P0DMU9,-5.0
P0DN26,-40.0
P0DN37,-31.0
P0DN80,-706.0
P0DN81,-586.0
P0DN82,-729.0
P0DOX2,-295.0
P0DOX7,-23.0
P0DOX8,74.0
P0DP09,-52.0
P0DP72,-775.0
P0DP73,-124.0
P0DPB5,28.0
P0DPF3,-587.0
P0DPF4,-93.0
P0DPF7,-61.0
P0DPI2,-299.0
P0DPQ6,-24.0
P0DQD5,-744.0
P0DSN7,-56.0
P0DTA3,-292.0
P0DTE1,-44.0
P0DTE2,-150.0
P0DTW3,-28.0
P0DUH7,-39.0
P0DW28,-121.0
P10075,-115.0
P11465,-235.0
P11844,-220.0
P12525,-223.0
P15421,-163.0
P16415,-376.0
P16562,-153.0
P17017,-347.0
P20962,175.0
P31275,101.0
P35410,-774.0
P43359,-14.0
P43362,-112.0
P43366,-214.0
P47881,-572.0
P47884,-648.0
P47890,-608.0
P47944,-62.0
P51523,-353.0
P51786,-312.0
P51861,-118.0
P52740,-430.0
P52743,-258.0
P52943,30.0
P55822,59.0
P57060,-203.0
P58170,-650.0
P58180,-588.0
P58181,-588.0
P58511,-31.0
P58549,-82.0
P59536,-694.0
P59539,-666.0
P59541,-784.0
P59544,-783.0
P59551,-660.0
P59922,-616.0
P60673,-190.0
P60985,-144.0
P61129,523.0
P61236,-139.0
P61570,-712.0
P62502,-133.0
P63119,-37.0
P63120,-75.0
P63121,-37.0
P63122,-59.0
P63124,-31.0
P63125,-31.0
P63127,-43.0
P63131,-37.0
P82664,-189.0
P82909,-47.0
P84157,37.0
P86790,-479.0
P98182,-186.0
Q008S8,-1256.0
Q02325,-50.0
Q03924,-410.0
Q03938,-572.0
Q05BV3,-1785.0
Q05DH4,-1133.0
Q06250,-47.0
Q075Z2,-152.0
Q08AF3,-984.0
Q08AI6,-687.0
Q08AN1,-666.0
Q09019,-80.0
Q09MP3,-728.0
Q0P651,-361.0
Q0P6D2,-419.0
Q0VDE8,-118.0
Q0VDG4,-421.0
Q0VGE8,-511.0
Q107X0,-5.0
Q12767,-1679.0
Q12894,-500.0
Q13046,-296.0
Q13066,111.0
Q13069,117.0
Q13072,-46.0
Q13296,-105.0
Q13536,-80.0
Q14146,-2517.0
Q14390,-122.0
Q14507,-256.0
Q14549,-14.0
Q14582,-136.0
Q14586,-601.0
Q14588,-394.0
Q14761,-142.0
Q147U1,-414.0
Q14CZ0,-121.0
Q14DG7,-554.0
Q15032,194.0
Q15181,-206.0
Q15195,-53.0
Q15269,-682.0
Q15434,92.0
Q15527,-171.0
Q15615,-685.0
Q15619,-637.0
Q15622,-639.0
Q15773,26.0
Q16048,-7.0
Q16473,-210.0
Q16517,-137.0
Q16559,-102.0
Q16626,38.0
Q17R31,-276.0
Q17R55,-400.0
Q17RC7,-960.0
Q1A5X7,-152.0
Q1AE95,-427.0
Q1ED39,-14.0
Q1KMD3,109.0
Q1W4C9,-93.0
Q1X8D7,-580.0
Q1XH10,-505.0
Q1ZYL8,-217.0
Q24JQ0,-567.0
Q2KHR3,-193.0
Q2M218,-507.0
Q2M296,-265.0
Q2M2I3,-260.0
Q2M2W7,-274.0
Q2M3D2,-664.0
Q2M3V2,-340.0
Q2M3W8,-475.0
Q2M5E4,-143.0
Q2PZI1,-1246.0
Q2QD12,-71.0
Q2TAA2,-302.0
Q2TAA8,-557.0
Q2TAL5,-147.0
Q2TB10,-351.0
Q2TBF2,-432.0
Q2VY69,-285.0
Q2WGJ9,-1184.0
Q2WGN9,97.0
Q30KQ4,-68.0
Q30KQ5,-124.0
Q30KQ8,-89.0
Q30KQ9,-118.0
Q30KR1,-154.0
Q32MH5,-478.0
Q32P51,430.0
Q3B7J2,-351.0
Q3B7T3,-144.0
Q3B8N5,-226.0
Q3C1V8,-170.0
Q3KNW1,-381.0
Q3KP31,-464.0
Q3KQV9,-545.0
Q3KQZ1,-424.0
Q3LFD5,-489.0
Q3LI61,72.0
Q3LI67,237.0
Q3LI73,92.0
Q3LI83,-95.0
Q3MIS6,-521.0
Q3MIX3,-922.0
Q3SXZ3,-335.0
Q3ZCQ2,-99.0
Q3ZCW2,-150.0
Q400G9,-501.0
Q494X3,-511.0
Q495B1,-687.0
Q495X7,-474.0
Q496H8,-269.0
Q499Z3,-308.0
Q499Z4,-438.0
Q49A92,-171.0
Q49AG3,-899.0
Q49AR2,-318.0
Q4AE62,-557.0
Q4G0F5,-345.0
Q4G0N0,-39.0
Q4G0S7,-177.0
Q4G0Z9,-813.0
Q4G112,-34.0
Q4KMZ1,-184.0
Q4KMZ8,-352.0
Q4VC39,-91.0
Q4VXA5,-273.0
Q4VXU2,-274.0
Q504U0,-43.0
Q50LG9,-654.0
Q52LA3,-75.0
Q52LD8,-274.0
Q52M58,-58.0
Q52M93,-572.0
Q53EQ6,-470.0
Q53EV4,-271.0
Q53FE4,-208.0
Q53RY4,-426.0
Q53S08,-213.0
Q53S58,-387.0
Q53S99,-94.0
Q53SF7,-251.0
Q56A73,-295.0
Q56VL3,-93.0
Q58FF3,-264.0
Q58FF6,-409.0
Q58FG0,-191.0
Q5BJE1,-927.0
Q5BKX6,-747.0
Q5CZA5,-327.0
Q5EBL2,-306.0
Q5EBM4,-162.0
Q5FYA8,-464.0
Q5GH70,-777.0
Q5GH73,-720.0
Q5GH77,-844.0
Q5H8A3,-167.0
Q5H913,-332.0
Q5H943,-137.0
Q5H9E4,-348.0
Q5H9K5,-310.0
Q5H9L2,243.0
Q5H9M0,-385.0
Q5H9R4,1061.0
Q5HY98,-430.0
Q5HYK9,-437.0
Q5HYR2,-211.0
Q5I0G3,-653.0
Q5I0X7,-91.0
Q5JNZ3,-438.0
Q5JPF3,-946.0
Q5JPI3,-338.0
Q5JQF8,-128.0
Q5JQS5,-600.0
Q5JQS6,-22.0
Q5JRC9,-573.0
Q5JRS4,-578.0
Q5JRV8,-353.0
Q5JS37,-255.0
Q5JS54,-146.0
Q5JSS6,-39.0
Q5JTD7,-339.0
Q5JU00,-613.0
Q5JUK9,52.0
Q5JVG2,-583.0
Q5JVG8,-400.0
Q5JW98,-493.0
Q5JWR5,-2667.0
Q5JX69,-154.0
Q5JXM2,-305.0
Q5M8T2,-538.0
Q5M9N0,-867.0
Q5MCW4,-496.0
Q5PT55,-780.0
Q5QFB9,-231.0
Q5R387,-39.0
Q5R3K3,-526.0
Q5RHP9,-195.0
Q5RIA9,-401.0
Q5SNV9,-1040.0
Q5SRH9,-577.0
Q5SSQ6,-125.0
Q5SV17,-265.0
Q5SV97,115.0
Q5SVQ8,-646.0
Q5SWX8,-444.0
Q5SXM1,-467.0
Q5SY68,-36.0
Q5SYE7,501.0
Q5SZD1,-111.0
Q5SZD4,-353.0
Q5SZI1,-76.0
Q5T0B9,-267.0
Q5T1A1,-1300.0
Q5T1B0,-1237.0
Q5T1J5,3.0
Q5T1N1,25.0
Q5T1S8,-101.0
Q5T215,-247.0
Q5T292,-130.0
Q5T2L2,-106.0
Q5T3I0,51.0
Q5T5D7,-293.0
Q5T5J6,-758.0
Q5T5M9,-483.0
Q5T5S1,-536.0
Q5T681,-128.0
Q5T6J7,-143.0
Q5T764,-631.0
Q5T7M9,-491.0
Q5TAG4,-846.0
Q5TC12,-264.0
Q5TC63,-444.0
Q5TEA3,-922.0
Q5TEA6,-802.0
Q5TEC3,-165.0
Q5TF21,-234.0
Q5TF39,-702.0
Q5TFE4,-366.0
Q5TFG8,-114.0
Q5TG30,-475.0
Q5TGI0,-305.0
Q5TGY1,-752.0
Q5TGY3,260.0
Q5THK1,-654.0
Q5TI25,-496.0
Q5TIE3,-890.0
Q5TZ20,-594.0
Q5TZJ5,-627.0
Q5UAW9,-607.0
Q5VIY5,-454.0
Q5VSG8,-378.0
Q5VT79,-403.0
Q5VTE6,-382.0
Q5VTH2,-55.0
Q5VTJ3,-344.0
Q5VTL8,-178.0
Q5VTM2,-388.0
Q5VTU8,-52.0
Q5VU65,-1882.0
Q5VUD6,-624.0
Q5VUJ5,-453.0
Q5VUJ6,-227.0
Q5VUY0,-563.0
Q5VVM6,-472.0
Q5VW22,-494.0
Q5VWQ0,-404.0
Q5VWW1,26.0
Q5VX52,-434.0
Q5VXU3,-196.0
Q5VYM1,-252.0
Q5VYV0,-147.0
Q5VYV7,-250.0
Q5VZ03,-192.0
Q5VZ19,-420.0
Q5VZ46,123.0
Q5VZ52,-32.0
Q5VZ66,-855.0
Q5VZ72,-378.0
Q5W041,-796.0
Q5W0A0,-354.0
Q5W0B7,-647.0
Q5W0V3,-1021.0
Q5W186,-70.0
Q5W5W9,-143.0
Q5XG99,-181.0
Q5XKK7,-34.0
Q5XKL5,-463.0
Q5XKR9,31.0
Q5XUX1,-563.0
Q5YKI7,-67.0
Q63HM2,-1903.0
Q63HM9,-306.0
Q63ZE4,-1006.0
Q64ET8,-78.0
Q658K8,-80.0
Q658L1,-134.0
Q68CQ7,-497.0
Q68DH5,-1053.0
Q68DI1,-191.0
Q68DN1,-1031.0
Q68DY9,-274.0
Q69YU3,-208.0
Q6AHZ1,-419.0
Q6AI08,-1260.0
Q6AI12,-117.0
Q6AW86,-327.0
Q6B0B8,-391.0
Q6BEB4,-163.0
Q6DD87,-120.0
Q6DHV5,-1201.0
Q6DKI1,-277.0
Q6EBC2,-231.0
Q6F5E7,3.0
Q6GPI1,-157.0
Q6GV28,-391.0
Q6ICC9,-249.0
Q6ICH7,-395.0
Q6IE36,-769.0
Q6IEE8,-540.0
Q6IEU7,-681.0
Q6IEV9,-612.0
Q6IEY1,-602.0
Q6IEZ7,-643.0
Q6IF00,-650.0
Q6IF36,-664.0
Q6IF42,-697.0
Q6IF63,-661.0
Q6IF82,-603.0
Q6IF99,-760.0
Q6IFG1,-722.0
Q6IFN5,-618.0
Q6IN97,-253.0
Q6IPT2,-256.0
Q6IPX1,-342.0
Q6IPX3,218.0
Q6IQ21,-366.0
Q6IS14,-33.0
Q6J272,-55.0
Q6JVE6,-203.0
Q6JVE9,-203.0
Q6L8G5,293.0
Q6L9T8,-199.0
Q6NSI8,-508.0
Q6NSJ2,-449.0
Q6NSW5,-487.0
Q6NT04,-393.0
Q6NT16,-660.0
Q6NT52,-181.0
Q6NT89,-119.0
Q6NUN7,-148.0
Q6NV75,-622.0
Q6NVV3,-728.0
Q6NW29,-109.0
Q6NX49,-366.0
Q6NXP0,-551.0
Q6NXP2,-252.0
Q6NZ63,-482.0
Q6P093,-551.0
Q6P1N9,-237.0
Q6P280,-418.0
Q6P387,-204.0
Q6P3R8,-518.0
Q6P3V2,-575.0
Q6P474,-581.0
Q6P589,-240.0
Q6P5X7,-255.0
Q6P656,-262.0
Q6P6B7,-502.0
Q6P995,-544.0
Q6P9A1,-367.0
Q6P9A3,-607.0
Q6PB30,-32.0
Q6PCB5,-434.0
Q6PEW0,-240.0
Q6PEZ8,-711.0
Q6PF15,-657.0
Q6PG37,-471.0
Q6PH81,-114.0
Q6PI47,-325.0
Q6PI97,-54.0
Q6PID6,-199.0
Q6PII5,-329.0
Q6PIS1,-750.0
Q6PJ61,-117.0
Q6PJE2,-140.0
Q6PK04,-146.0
Q6PK81,-277.0
Q6PP77,-910.0
Q6Q6R5,-6.0
Q6S545,-23.0
Q6S5H5,-54.0
Q6S8J7,-233.0
Q6T423,-995.0
Q6TFL3,-1599.0
Q6U949,11.0
Q6UE05,-487.0
Q6UW01,-116.0
Q6UW02,-534.0
Q6UW10,-123.0
Q6UWE3,-134.0
Q6UWF7,-670.0
Q6UWH4,-554.0
Q6UWI4,1.0
Q6UWJ8,-176.0
Q6UWM9,-663.0
Q6UWN0,-292.0
Q6UWP8,155.0
Q6UWQ5,-159.0
Q6UWS5,-87.0
Q6UWT2,-89.0
Q6UWU2,-521.0
Q6UWV7,-185.0
Q6UWX4,-461.0
Q6UWY5,-374.0
Q6UX68,-622.0
Q6UX72,-458.0
Q6UX82,-161.0
Q6UXB1,-175.0
Q6UXB3,-152.0
Q6UXD7,-755.0
Q6UXE8,-409.0
Q6UXF7,-421.0
Q6UXN7,-186.0
Q6UXT9,-625.0
Q6UXU6,-186.0
Q6UXV1,-351.0
Q6UXY8,-785.0
Q6UY01,-548.0
Q6UY18,-667.0
Q6UY27,-186.0
Q6V702,-237.0
Q6V9R5,-183.0
Q6X9E4,-580.0
Q6XE38,-154.0
Q6XLA1,-139.0
Q6Y2X3,-290.0
Q6ZMN7,-496.0
Q6ZMN8,-416.0
Q6ZMS4,-231.0
Q6ZMV5,-916.0
Q6ZMW2,-160.0
Q6ZMW3,-1705.0
Q6ZMY6,-404.0
Q6ZMY9,-393.0
Q6ZN01,-147.0
Q6ZN06,-428.0
Q6ZN08,-439.0
Q6ZN19,-530.0
Q6ZN32,-305.0
Q6ZN68,-709.0
Q6ZN79,-261.0
Q6ZN84,-595.0
Q6ZNA1,-506.0
Q6ZNA5,-620.0
Q6ZNC4,47.0
Q6ZNF0,-349.0
Q6ZNG1,-522.0
Q6ZNI0,-465.0
Q6ZNR0,-157.0
Q6ZP01,-295.0
Q6ZPD9,-1321.0
Q6ZQQ6,-2069.0
Q6ZQR2,-235.0
Q6ZR62,-213.0
Q6ZRF7,-169.0
Q6ZRI6,-370.0
Q6ZRI8,-668.0
Q6ZRR5,-419.0
Q6ZRS4,-358.0
Q6ZS11,-560.0
Q6ZS30,-3204.0
Q6ZS86,-443.0
Q6ZSI9,-721.0
Q6ZSS3,-333.0
Q6ZSU1,-186.0
Q6ZT07,-1315.0
Q6ZT77,-180.0
Q6ZTU2,123.0
Q6ZU65,-234.0
Q6ZU67,-95.0
Q6ZUJ4,-228.0
Q6ZUK4,-569.0
Q6ZUS6,-365.0
Q6ZUT6,44.0
Q6ZV50,-584.0
Q6ZV89,-432.0
Q6ZVC0,84.0
Q6ZVF9,23.0
Q6ZVL6,-732.0
Q6ZVZ8,-684.0
Q6ZWB6,-118.0
Q719I0,-225.0
Q71RC9,-146.0
Q75NE6,-135.0
Q75VX8,-259.0
Q765I0,-140.0
Q76G19,-441.0
Q76KD6,-403.0
Q76KX8,-470.0
Q7L0X2,-347.0
Q7L211,-514.0
Q7L311,-364.0
Q7L4S7,-111.0
Q7L945,-261.0
Q7L985,-712.0
Q7RTS6,-963.0
Q7RTT3,6.0
Q7RTT4,23.0
Q7RTT5,20.0
Q7RTT6,-12.0
Q7RTU0,-88.0
Q7RTU5,72.0
Q7RTV5,-244.0
Q7RTX9,-749.0
Q7RTY3,-204.0
Q7Z2Q7,-856.0
Q7Z2Y8,-2471.0
Q7Z304,-347.0
Q7Z309,-28.0
Q7Z388,-1234.0
Q7Z3E2,-666.0
Q7Z3F1,-1250.0
Q7Z3J3,-966.0
Q7Z3V5,-556.0
Q7Z402,-1250.0
Q7Z404,-1084.0
Q7Z422,-10.0
Q7Z4H9,-125.0
Q7Z4L0,-118.0
Q7Z4M0,-133.0
Q7Z4Q2,-773.0
Q7Z4R8,-113.0
Q7Z4Y8,-184.0
Q7Z572,-222.0
Q7Z5A8,-161.0
Q7Z5A9,-155.0
Q7Z5J8,-2012.0
Q7Z5L0,6.0
Q7Z5L3,127.0
Q7Z5L4,-190.0
Q7Z5M5,-1177.0
Q7Z5S9,-573.0
Q7Z5Y7,-204.0
Q7Z6M2,-739.0
Q7Z6P3,-50.0
Q7Z6W1,-270.0
Q7Z6W7,79.0
Q7Z736,-815.0
Q7Z7B8,-128.0
Q7Z7J5,-224.0
Q7Z7J7,-379.0
Q7Z7J9,15.0
Q7Z7K0,-97.0
Q7Z7K2,-187.0
Q7Z7L7,-1071.0
Q7Z7L9,-102.0
Q7Z7M1,-1273.0
Q86SG7,-176.0
Q86SM5,-564.0
Q86SM8,-680.0
Q86SP6,-629.0
Q86SX3,-612.0
Q86T20,-80.0
Q86T29,-476.0
Q86T75,-581.0
Q86TA1,-198.0
Q86TD4,-530.0
Q86TE4,-171.0
Q86TJ5,-328.0
Q86TN4,-178.0
Q86TY3,-53.0
Q86U38,-820.0
Q86UA1,-609.0
Q86UB2,-141.0
Q86UB9,-751.0
Q86UE3,-1136.0
Q86UF2,-323.0
Q86UP6,-392.0
Q86UP8,-840.0
Q86UP9,-348.0
Q86UV7,-301.0
Q86UW8,-217.0
Q86UY8,-654.0
Q86V21,-552.0
Q86V35,-190.0
Q86V71,-449.0
Q86V87,-958.0
Q86V88,-171.0
Q86VE3,779.0
Q86VG3,-63.0
Q86VH4,-539.0
Q86VI1,-1056.0
Q86VR7,-655.0
Q86VR8,-557.0
Q86VS3,-1287.0
Q86VU5,-419.0
Q86VX2,-182.0
Q86VY9,-266.0
Q86VZ1,-786.0
Q86W11,-304.0
Q86W25,-1282.0
Q86W28,-1336.0
Q86W33,-692.0
Q86W34,-421.0
Q86W67,-202.0
Q86WC6,-262.0
Q86WI0,-287.0
Q86WK7,-727.0
Q86WK9,-668.0
Q86WN2,-325.0
Q86WR7,-64.0
Q86WS3,-243.0
Q86WS4,-90.0
Q86WS5,-339.0
Q86WT1,-965.0
Q86WW8,-43.0
Q86WZ6,-56.0
Q86X10,-1438.0
Q86X19,-341.0
Q86X27,-507.0
Q86X60,-172.0
Q86X76,-440.0
Q86X83,-257.0
Q86XA9,-3308.0
Q86XD5,46.0
Q86XD8,-290.0
Q86XE3,-591.0
Q86XH1,-879.0
Q86XI6,-138.0
Q86XJ0,-559.0
Q86XN6,-573.0
Q86XP6,-213.0
Q86XR2,-857.0
Q86XR5,-221.0
Q86XS5,-219.0
Q86XT9,-313.0
Q86XU0,-406.0
Q86XW9,-253.0
Q86XZ4,97.0
Q86Y22,899.0
Q86Y25,-480.0
Q86Y79,-237.0
Q86YB7,-348.0
Q86YE8,-581.0
Q86YH2,-183.0
Q86YL5,-14.0
Q86YN1,-440.0
Q86YQ2,-175.0
Q86YQ8,-454.0
Q86YR6,-221.0
Q86YV6,-337.0
Q8IUA0,-179.0
Q8IUB2,-94.0
Q8IUB3,-115.0
Q8IUB5,-100.0
Q8IUC0,137.0
Q8IUE0,-179.0
Q8IUE1,-92.0
Q8IUH2,-189.0
Q8IUK8,-146.0
Q8IUL8,-793.0
Q8IUS5,-628.0
Q8IUZ0,-806.0
Q8IV03,-42.0
Q8IV13,-549.0
Q8IV33,-1675.0
Q8IV38,-422.0
Q8IV42,-434.0
Q8IV50,-103.0
Q8IVA1,76.0
Q8IVC4,-291.0
Q8IVE0,-161.0
Q8IVF6,-1124.0
Q8IVN3,6.0
Q8IVN8,-135.0
Q8IVU1,-574.0
Q8IVV2,-1398.0
Q8IVV8,-383.0
Q8IVW1,-34.0
Q8IVY1,-86.0
Q8IW03,-451.0
Q8IW36,-463.0
Q8IW50,13.0
Q8IW70,-344.0
Q8IW92,-529.0
Q8IW93,-650.0
Q8IWA0,-850.0
Q8IWB4,-665.0
Q8IWB9,-561.0
Q8IWF6,-726.0
Q8IWP9,-151.0
Q8IWR0,-506.0
Q8IWY8,-332.0
Q8IX06,-518.0
Q8IX18,-927.0
Q8IX29,-255.0
Q8IX94,-408.0
Q8IX95,-74.0
Q8IXE1,-686.0
Q8IXF9,-409.0
Q8IXQ4,125.0
Q8IXS6,-19.0
Q8IXS8,-373.0
Q8IXT1,-467.0
Q8IXT5,-405.0
Q8IXU6,-759.0
Q8IXX5,-437.0
Q8IXY8,-236.0
Q8IXZ3,317.0
Q8IY42,205.0
Q8IY47,-677.0
Q8IY50,-695.0
Q8IY51,-359.0
Q8IY67,-443.0
Q8IY85,-779.0
Q8IYA7,-143.0
Q8IYB9,-480.0
Q8IYD9,-40.0
Q8IYK8,-222.0
Q8IYL2,-585.0
Q8IYL3,73.0
Q8IYM0,-770.0
Q8IYN0,-420.0
Q8IYN2,57.0
Q8IYP2,-386.0
Q8IYS0,-544.0
Q8IYS2,-770.0
Q8IYS4,-144.0
Q8IYS8,-31.0
Q8IYT1,-246.0
Q8IYU4,-240.0
Q8IYW2,-3311.0
Q8IYW4,-424.0
Q8IYX0,-253.0
Q8IZ02,-462.0
Q8IZ08,-715.0
Q8IZ13,-764.0
Q8IZ16,-267.0
Q8IZ26,-342.0
Q8IZ40,-260.0
Q8IZ57,-183.0
Q8IZ73,-330.0
Q8IZ81,-407.0
Q8IZ83,-741.0
Q8IZA3,4.0
Q8IZD0,124.0
Q8IZD6,-812.0
Q8IZF4,-800.0
Q8IZF5,-1305.0
Q8IZF7,-987.0
Q8IZJ4,-401.0
Q8IZJ6,-240.0
Q8IZM8,-757.0
Q8IZM9,-881.0
Q8IZN7,-95.0
Q8IZP2,-124.0
Q8IZP7,-287.0
Q8IZS5,-61.0
Q8IZS6,-260.0
Q8IZS7,-231.0
Q8IZS8,-1035.0
Q8IZT9,-3.0
Q8IZU8,-1239.0
Q8IZV2,-281.0
Q8IZY5,-104.0
Q8N0S6,-477.0
Q8N0T1,-38.0
Q8N0U2,-187.0
Q8N0U6,-117.0
Q8N0V4,-457.0
Q8N0Y3,-733.0
Q8N0Y5,-622.0
Q8N0Y7,-240.0
Q8N0Z2,-80.0
Q8N0Z8,-372.0
Q8N0Z9,-315.0
Q8N103,-337.0
Q8N109,-151.0
Q8N111,36.0
Q8N112,-250.0
Q8N118,-698.0
Q8N127,-712.0
Q8N128,-3.0
Q8N129,-150.0
Q8N136,-375.0
Q8N141,-553.0
Q8N143,-347.0
Q8N145,-614.0
Q8N146,-603.0
Q8N148,-565.0
Q8N162,-657.0
Q8N184,-448.0
Q8N1A6,-79.0
Q8N1D0,-70.0
Q8N1E2,-95.0
Q8N1G4,-561.0
Q8N1L4,-395.0
Q8N1N0,-478.0
Q8N1S5,-397.0
Q8N1T3,-1348.0
Q8N1W2,-362.0
Q8N228,-143.0
Q8N283,-898.0
Q8N292,-88.0
Q8N2E2,-603.0
Q8N2H3,-526.0
Q8N2I2,-362.0
Q8N2X6,55.0
Q8N309,-676.0
Q8N323,-698.0
Q8N328,-408.0
Q8N336,-512.0
Q8N349,-595.0
Q8N365,10.0
Q8N3D4,-182.0
Q8N3F9,-658.0
Q8N3H0,-140.0
Q8N3J9,-207.0
Q8N3R3,-656.0
Q8N3S3,-996.0
Q8N3T6,-644.0
Q8N3X1,-36.0
Q8N3X6,-241.0
Q8N3Z0,-254.0
Q8N3Z3,-330.0
Q8N413,-345.0
Q8N431,-592.0
Q8N434,-918.0
Q8N436,-546.0
Q8N442,-751.0
Q8N456,-297.0
Q8N461,-623.0
Q8N468,-812.0
Q8N475,-563.0
Q8N4B4,-689.0
Q8N4F7,-581.0
Q8N4G2,-166.0
Q8N4H0,-297.0
Q8N4H5,-83.0
Q8N4P2,-974.0
Q8N4Q0,-273.0
Q8N4S0,-76.0
Q8N4T4,-368.0
Q8N4U5,-580.0
Q8N4V2,-838.0
Q8N4W9,-851.0
Q8N4Z0,-222.0
Q8N531,-664.0
Q8N567,-88.0
Q8N584,-711.0
Q8N587,-223.0
Q8N5C6,-891.0
Q8N5C7,-277.0
Q8N5H3,-168.0
Q8N5I3,-233.0
Q8N5I9,-21.0
Q8N5J4,-167.0
Q8N5L8,-107.0
Q8N5M4,-144.0
Q8N5N7,-163.0
Q8N5R6,-572.0
Q8N5S1,-367.0
Q8N5T2,-764.0
Q8N5U1,-276.0
Q8N5W9,-115.0
Q8N5X7,-215.0
Q8N628,-586.0
Q8N660,-408.0
Q8N687,-173.0
Q8N688,-104.0
Q8N699,-308.0
Q8N6D5,-358.0
Q8N6I4,-297.0
Q8N6M5,-252.0
Q8N6M8,-257.0
Q8N6M9,-58.0
Q8N6N3,30.0
Q8N6N6,-173.0
Q8N6N7,-40.0
Q8N6Q1,-356.0
Q8N6S5,-172.0
Q8N6T0,-642.0
Q8N6V9,-190.0
Q8N6Y1,-793.0
Q8N6Y2,-466.0
Q8N729,-241.0
Q8N782,-364.0
Q8N7A1,-288.0
Q8N7B1,-243.0
Q8N7B9,-344.0
Q8N7C7,-388.0
Q8N7F7,-139.0
Q8N7G0,-355.0
Q8N7K0,-282.0
Q8N7M0,-213.0
Q8N7M2,-371.0
Q8N7P1,-511.0
Q8N7P3,-336.0
Q8N7Q3,-382.0
Q8N7R0,112.0
Q8N7R1,-112.0
Q8N7R7,-469.0
Q8N7S2,-182.0
Q8N7X0,-1290.0
Q8N7Z5,-919.0
Q8N801,-63.0
Q8N806,-182.0
Q8N815,-489.0
Q8N819,-499.0
Q8N823,-564.0
Q8N831,-223.0
Q8N859,-221.0
Q8N878,-663.0
Q8N883,-429.0
Q8N8A2,-1294.0
Q8N8A6,-507.0
Q8N8C0,-602.0
Q8N8D1,-412.0
Q8N8E3,-836.0
Q8N8F6,-202.0
Q8N8F7,-148.0
Q8N8G2,-31.0
Q8N8J6,-478.0
Q8N8K9,-363.0
Q8N8L2,-278.0
Q8N8M0,-316.0
Q8N8Q1,-532.0
Q8N8Q9,-622.0
Q8N8R5,-232.0
Q8N8U2,-319.0
Q8N8U3,-261.0
Q8N8Y5,-43.0
Q8N8Z6,-63.0
Q8N8Z8,-375.0
Q8N907,-192.0
Q8N944,44.0
Q8N954,-148.0
Q8N961,-1100.0
Q8N967,-365.0
Q8N972,-233.0
Q8N998,-334.0
Q8N9B8,-503.0
Q8N9F8,-405.0
Q8N9H8,-1079.0
Q8N9K5,-512.0
Q8N9L1,-171.0
Q8N9M1,-292.0
Q8N9N7,-219.0
Q8N9S9,-454.0
Q8N9T8,-67.0
Q8N9U0,-303.0
Q8N9V7,-1094.0
Q8N9W4,546.0
Q8N9W8,-292.0
Q8N9Y4,-116.0
Q8N9Z0,-426.0
Q8N9Z9,-138.0
Q8NA19,-283.0
Q8NA23,-304.0
Q8NA47,-517.0
Q8NA69,-284.0
Q8NA92,-213.0
Q8NAF0,-269.0
Q8NAT2,-680.0
Q8NB25,-971.0
Q8NB37,-288.0
Q8NB42,-444.0
Q8NB46,-1462.0
Q8NB50,-403.0
Q8NBA8,-280.0
Q8NBF6,-440.0
Q8NBH2,-334.0
Q8NBL3,-521.0
Q8NBM8,-469.0
Q8NBR0,-303.0
Q8NBV4,-339.0
Q8NBX0,-305.0
Q8NC44,-350.0
Q8NC74,-102.0
Q8NC96,-29.0
Q8NCA9,-55.0
Q8NCC5,-692.0
Q8NCF0,-384.0
Q8NCI6,-480.0
Q8NCK3,-283.0
Q8NCL9,-576.0
Q8NCN2,-136.0
Q8NCN5,-734.0
Q8NCQ5,-613.0
Q8NCQ7,-46.0
Q8NCR3,-219.0
Q8NCR9,-312.0
Q8NCU1,-146.0
Q8NCV1,-666.0
Q8NCX0,-1154.0
Q8NCY6,-198.0
Q8ND07,-438.0
Q8ND61,-732.0
Q8ND71,-422.0
Q8ND82,-377.0
Q8NDA2,-3312.0
Q8NDA8,-2888.0
Q8NDB6,-87.0
Q8NDD1,-136.0
Q8NDH2,-2956.0
Q8NDV2,-750.0
Q8NDW4,-271.0
Q8NDX6,-105.0
Q8NDX9,-209.0
Q8NDY3,-363.0
Q8NDY6,-176.0
Q8NDZ0,-76.0
Q8NDZ6,-918.0
Q8NE00,-773.0
Q8NE18,-687.0
Q8NE22,-261.0
Q8NE28,-907.0
Q8NE62,-486.0
Q8NE65,-303.0
Q8NEA5,-184.0
Q8NEB7,-306.0
Q8NEC7,-663.0
Q8NEE6,-1078.0
Q8NEF3,-330.0
Q8NEF9,-90.0
Q8NEG0,-292.0
Q8NEG4,-335.0
Q8NEG5,-535.0
Q8NEG7,-750.0
Q8NEK5,-451.0
Q8NEM1,-450.0
Q8NEM2,-513.0
Q8NEN0,-1001.0
Q8NEP7,-310.0
Q8NEP9,-483.0
Q8NET1,-88.0
Q8NEW7,-187.0
Q8NEX9,-335.0
Q8NEY3,-288.0
Q8NF86,-153.0
Q8NFI3,-679.0
Q8NFI4,-73.0
Q8NFJ8,136.0
Q8NFK1,-292.0
Q8NFN8,-510.0
Q8NFQ5,-419.0
Q8NFQ6,-513.0
Q8NFR7,-648.0
Q8NFU0,-549.0
Q8NFU4,-35.0
Q8NFZ6,-746.0
Q8NG04,-811.0
Q8NG35,-59.0
Q8NG41,-111.0
Q8NG48,-1069.0
Q8NG68,-451.0
Q8NG75,-683.0
Q8NG76,-622.0
Q8NG77,-629.0
Q8NG78,-753.0
Q8NG80,-640.0
Q8NG81,-563.0
Q8NG83,-628.0
Q8NG84,-724.0
Q8NG85,-611.0
Q8NG92,-645.0
Q8NG94,-570.0
Q8NG95,-632.0
Q8NG97,-545.0
Q8NG99,-703.0
Q8NGA0,-588.0
Q8NGA1,-693.0
Q8NGA2,-588.0
Q8NGA4,-530.0
Q8NGA5,-696.0
Q8NGA6,-643.0
Q8NGA8,-592.0
Q8NGB2,-704.0
Q8NGB4,-620.0
Q8NGB6,-700.0
Q8NGB8,-641.0
Q8NGB9,-693.0
Q8NGC0,-676.0
Q8NGC1,-670.0
Q8NGC2,-651.0
Q8NGC3,-689.0
Q8NGC4,-711.0
Q8NGC5,-711.0
Q8NGC6,-580.0
Q8NGC7,-619.0
Q8NGC8,-643.0
Q8NGC9,-698.0
Q8NGD0,-695.0
Q8NGD1,-658.0
Q8NGD2,-560.0
Q8NGD3,-701.0
Q8NGD4,-593.0
Q8NGD5,-634.0
Q8NGE0,-625.0
Q8NGE1,-640.0
Q8NGE2,-597.0
Q8NGE3,-705.0
Q8NGE5,-543.0
Q8NGE7,-671.0
Q8NGE8,-600.0
Q8NGE9,-724.0
Q8NGF0,-796.0
Q8NGG2,-701.0
Q8NGG7,-621.0
Q8NGH7,-757.0
Q8NGI2,-632.0
Q8NGI8,-586.0
Q8NGJ2,-721.0
Q8NGK2,-758.0
Q8NGL1,-680.0
Q8NGM9,-637.0
Q8NGN3,-641.0
Q8NGN6,-595.0
Q8NGQ1,-667.0
Q8NGR2,-684.0
Q8NGR6,-669.0
Q8NGS0,-634.0
Q8NGS2,-603.0
Q8NGS8,-673.0
Q8NGV6,-640.0
Q8NGW1,-761.0
Q8NGW6,-747.0
Q8NGX3,-745.0
Q8NGY0,-707.0
Q8NGY3,-651.0
Q8NH06,-624.0
Q8NH10,-623.0
Q8NH19,-690.0
Q8NH43,-650.0
Q8NH48,-587.0
Q8NH59,-790.0
Q8NH67,-726.0
Q8NH69,-585.0
Q8NH85,-680.0
Q8NH87,-538.0
Q8NH92,-653.0
Q8NH94,-723.0
Q8NHC8,-634.0
Q8NHK3,-169.0
Q8NHM4,-133.0
Q8NHP1,-417.0
Q8NHP7,-535.0
Q8NHQ8,-331.0
Q8NHS0,125.0
Q8NHU2,-1612.0
Q8NHY6,-504.0
Q8NI29,-325.0
Q8NI32,-188.0
Q8NI99,-220.0
Q8TAA3,-254.0
Q8TAA5,-292.0
Q8TAE6,-1.0
Q8TAF7,-499.0
Q8TAG6,-161.0
Q8TAK5,-270.0
Q8TAL6,-164.0
Q8TAQ5,-517.0
Q8TAQ9,-355.0
Q8TAV4,-384.0
Q8TB03,-270.0
Q8TB96,-507.0
Q8TBB5,159.0
Q8TBF4,-92.0
Q8TBF5,-397.0
Q8TBP0,-564.0
Q8TBQ9,-203.0
Q8TBY0,-360.0
Q8TBZ0,-580.0
Q8TBZ2,-854.0
Q8TBZ5,-372.0
Q8TC21,-560.0
Q8TC26,-476.0
Q8TC27,-412.0
Q8TC56,-285.0
Q8TC76,-195.0
Q8TCB6,-736.0
Q8TCC3,-172.0
Q8TCD1,-77.0
Q8TCD6,-183.0
Q8TCU3,-952.0
Q8TCV5,-181.0
Q8TCW7,-351.0
Q8TCW9,-679.0
Q8TD22,-447.0
Q8TD94,-58.0
Q8TDE3,-149.0
Q8TDM0,-203.0
Q8TDM5,-43.0
Q8TDN6,-269.0
Q8TDV2,-800.0
Q8TDV5,-636.0
Q8TDW4,-753.0
Q8TDY8,-891.0
Q8TE59,-709.0
Q8TE69,-209.0
Q8TET4,-692.0
Q8TF05,-1090.0
Q8TF39,-416.0
Q8TF64,-302.0
Q8TF68,-93.0
Q8WUA2,-199.0
Q8WUF8,-421.0
Q8WUH1,-119.0
Q8WUN7,-147.0
Q8WUT4,-589.0
Q8WUU8,-18.0
Q8WUX2,-130.0
Q8WV07,-91.0
Q8WV35,-275.0
Q8WV48,-158.0
Q8WV60,-531.0
Q8WVE0,-270.0
Q8WVF2,-105.0
Q8WVL7,-219.0
Q8WVZ7,-415.0
Q8WW27,-247.0
Q8WWW8,-288.0
Q8WWY7,-51.0
Q8WX77,-199.0
Q8WXA2,-159.0
Q8WXB4,-543.0
Q8WXD9,-273.0
Q8WXH4,-562.0
Q8WXH6,-381.0
Q8WXQ8,-387.0
Q8WY22,-340.0
Q8WYN3,-192.0
Q8WYQ4,-173.0
Q8WYQ9,117.0
Q8WZ33,-152.0
Q8WZ60,-786.0
Q8WZ64,-1294.0
Q8WZ79,-302.0
Q8WZ84,-646.0
Q8WZ92,-658.0
Q8WZ94,-627.0
Q902F8,-732.0
Q902F9,-747.0
Q92561,-265.0
Q92617,-805.0
Q92664,-378.0
Q92747,-238.0
Q92771,-984.0
Q92806,-487.0
Q92828,-487.0
Q92901,-338.0
Q92914,-170.0
Q92928,-143.0
Q93073,-132.0
Q969E1,-110.0
Q969I3,-221.0
Q969M1,-342.0
Q969M2,-439.0
Q969N4,-627.0
Q969Q0,-19.0
Q969Q4,-198.0
Q969Q5,-217.0
Q969T3,-324.0
Q969V1,-653.0
Q969W8,-258.0
Q96A00,-89.0
Q96A04,-112.0
Q96A05,-226.0
Q96A23,-408.0
Q96A28,-144.0
Q96A35,-155.0
Q96A46,-323.0
Q96A47,-279.0
Q96A73,-23.0
Q96A84,243.0
Q96A99,-441.0
Q96AC6,-652.0
Q96AM1,-695.0
Q96B23,82.0
Q96B45,-92.0
Q96B77,-291.0
Q96BH3,-94.0
Q96BN6,-206.0
Q96BU1,-10.0
Q96BV0,-246.0
Q96BW9,-471.0
Q96C19,-115.0
Q96C28,-300.0
Q96C34,-582.0
Q96CM4,-203.0
Q96CW6,-69.0
Q96CX2,-100.0
Q96CX3,-186.0
Q96DA0,-100.0
Q96DB5,-311.0
Q96DC8,-310.0
Q96DD7,-202.0
Q96DN6,52.0
Q96DX4,-532.0
Q96DY7,-804.0
Q96E40,-274.0
Q96EF9,-258.0
Q96EK7,-588.0
Q96EN9,-235.0
Q96EY9,-411.0
Q96FC7,-214.0
Q96FN9,-146.0
Q96FV2,-370.0
Q96GA3,-147.0
Q96GC5,-261.0
Q96GE9,-98.0
Q96GX2,-19.0
Q96GX8,-16.0
Q96GY0,-42.0
Q96H78,-395.0
Q96HE9,-292.0
Q96HJ3,72.0
Q96HJ9,-175.0
Q96HL8,-229.0
Q96HP8,-453.0
Q96HQ0,-411.0
Q96HQ2,-85.0
Q96HU8,-196.0
Q96I36,-51.0
Q96I82,-239.0
Q96IG2,-674.0
Q96IK0,-463.0
Q96IQ7,-129.0
Q96IX9,-146.0
Q96J86,-181.0
Q96J88,-228.0
Q96JA4,-175.0
Q96JC4,-367.0
Q96JK4,-306.0
Q96JN8,-533.0
Q96JP2,-885.0
Q96JQ2,-408.0
Q96JT2,-858.0
Q96K49,-833.0
Q96K58,-412.0
Q96KC2,-255.0
Q96KE9,-445.0
Q96KJ9,-107.0
Q96KN1,-162.0
Q96KN9,-329.0
Q96KR1,-561.0
Q96KS9,-261.0
Q96KX0,-118.0
Q96KX2,-519.0
Q96L15,-234.0
Q96L33,-271.0
Q96L94,-177.0
Q96LA9,-701.0
Q96LB4,-12.0
Q96LD1,-286.0
Q96LL3,-163.0
Q96LR9,-435.0
Q96LU5,-111.0
Q96LW2,-486.0
Q96LW9,-329.0
Q96LY2,-63.0
Q96M27,-191.0
Q96M69,-754.0
Q96M83,-713.0
Q96MA1,35.0
Q96MB7,-373.0
Q96MG8,-270.0
Q96MI6,-367.0
Q96MM6,-755.0
Q96MT1,-1226.0
Q96MX6,-186.0
Q96N03,-112.0
Q96N06,-51.0
Q96N23,-4076.0
Q96N28,-235.0
Q96N38,-367.0
Q96ND0,-240.0
Q96NJ3,-258.0
Q96NL0,-414.0
Q96NL1,-188.0
Q96NL3,-521.0
Q96NU0,-641.0
Q96NX9,-304.0
Q96P50,-809.0
Q96P68,-730.0
Q96P69,-663.0
Q96P88,-545.0
Q96PB8,-339.0
Q96PE2,-571.0
Q96PE5,-147.0
Q96PE6,-165.0
Q96PL1,-159.0
Q96PL2,-300.0
Q96PQ7,-734.0
Q96PU9,-45.0
Q96PX9,-908.0
Q96Q07,-646.0
Q96QR1,-140.0
Q96QS1,-480.0
Q96QU6,-597.0
Q96R08,-566.0
Q96R48,-696.0
Q96RA2,-568.0
Q96RC9,-505.0
Q96RI9,-506.0
Q96RJ0,-639.0
Q96RK1,-20.0
Q96RP8,-571.0
Q96RV3,-1826.0
Q96S79,-352.0
Q96S82,-108.0
Q96S90,-98.0
Q96S95,-17.0
Q96S96,-150.0
Q96SE0,-695.0
Q96SE7,-500.0
Q96SK3,-607.0
Q96SL8,-314.0
Q96SM3,-417.0
Q96SN7,-429.0
Q96SR6,-411.0
Q96SY0,-479.0
Q96T25,-135.0
Q96T92,-301.0
Q99218,-22.0
Q99442,-79.0
Q99445,-190.0
Q99463,-560.0
Q99525,-147.0
Q99614,-57.0
Q99618,-18.0
Q99666,-1085.0
Q99742,-310.0
Q99805,-990.0
Q99811,-77.0
Q99819,-258.0
Q99865,-150.0
Q99954,35.0
Q9BPW4,-546.0
Q9BPX5,-104.0
Q9BPY3,-361.0
Q9BQ08,-102.0
Q9BQC6,-157.0
Q9BQI7,-492.0
Q9BQI9,-255.0
Q9BQQ7,-254.0
Q9BQR3,-159.0
Q9BQS6,-96.0
Q9BQW3,-237.0
Q9BQY9,-126.0
Q9BR61,-187.0
Q9BR84,-412.0
Q9BRJ2,-280.0
Q9BRP4,-336.0
Q9BRQ4,-341.0
Q9BRQ5,-318.0
Q9BRT6,0.0
Q9BRT8,-393.0
Q9BRU2,-35.0
Q9BRY0,-484.0
Q9BS18,-36.0
Q9BS31,-332.0
Q9BSE5,-277.0
Q9BSF4,-361.0
Q9BSF8,-248.0
Q9BSG0,-263.0
Q9BSG5,-200.0
Q9BSH3,-273.0
Q9BSH5,-366.0
Q9BSJ5,-252.0
Q9BSK1,-296.0
Q9BSN7,-389.0
Q9BT23,-68.0
Q9BT76,-248.0
Q9BTM1,-118.0
Q9BTT6,-696.0
Q9BTV6,-467.0
Q9BU70,-281.0
Q9BUA3,-40.0
Q9BUG6,-214.0
Q9BUK0,-109.0
Q9BUN1,-154.0
Q9BUT9,40.0
Q9BUV8,-220.0
Q9BV19,-207.0
Q9BV29,-76.0
Q9BV99,-298.0
Q9BVC5,-39.0
Q9BW30,-52.0
Q9BW72,-106.0
Q9BWM7,-361.0
Q9BWU0,-61.0
Q9BWV7,-513.0
Q9BWW8,-401.0
Q9BX82,-444.0
Q9BX93,-98.0
Q9BXA9,-233.0
Q9BXC1,-723.0
Q9BXE9,-533.0
Q9BXG8,-272.0
Q9BXK1,-151.0
Q9BXL5,-58.0
Q9BXT2,-359.0
Q9BY10,-694.0
Q9BY21,-677.0
Q9BY60,-103.0
Q9BYC2,-381.0
Q9BYC8,-123.0
Q9BYC9,-271.0
Q9BYD1,-205.0
Q9BYD2,-292.0
Q9BYD3,-280.0
Q9BYD6,-324.0
Q9BYN8,-267.0
Q9BYQ9,-238.0
Q9BYX7,-325.0
Q9BZ76,-678.0
Q9BZD7,-196.0
Q9BZE1,-491.0
Q9BZI1,-4.0
Q9BZJ4,-497.0
Q9BZJ6,-883.0
Q9BZW2,-884.0
Q9C009,-143.0
Q9C010,11.0
Q9C075,-215.0
Q9C099,-1120.0
Q9C0B6,-895.0
Q9C0D3,-1046.0
Q9C0D7,-228.0
Q9C0E2,-1581.0
Q9C0H5,-485.0
Q9GZK4,-603.0
Q9GZK6,-659.0
Q9GZM6,-623.0
Q9GZN6,-1145.0
Q9GZP1,-212.0
Q9GZP4,-153.0
Q9GZP7,-561.0
Q9GZQ3,-249.0
Q9GZR7,-623.0
Q9GZT6,-286.0
Q9GZZ0,-64.0
Q9H009,-23.0
Q9H019,-265.0
Q9H061,-255.0
Q9H069,-653.0
Q9H091,-517.0
Q9H094,-341.0
Q9H0C3,-606.0
Q9H0H3,-610.0
Q9H0I3,-407.0
Q9H0I9,-642.0
Q9H0U9,-248.0
Q9H0X4,-482.0
Q9H158,-577.0
Q9H159,-600.0
Q9H175,-128.0
Q9H1A3,-383.0
Q9H1C0,-761.0
Q9H1N7,-550.0
Q9H1U4,-92.0
Q9H205,-699.0
Q9H207,-622.0
Q9H209,-584.0
Q9H210,-624.0
Q9H213,-43.0
Q9H2A3,-144.0
Q9H2P9,-337.0
Q9H2T7,-1650.0
Q9H2W6,-251.0
Q9H2X8,-40.0
Q9H2Y9,-667.0
Q9H320,246.0
Q9H330,-1745.0
Q9H336,-268.0
Q9H339,-814.0
Q9H340,-718.0
Q9H341,-667.0
Q9H342,-636.0
Q9H347,-230.0
Q9H3C7,-396.0
Q9H3E2,-1033.0
Q9H3G5,-377.0
Q9H3M9,-235.0
Q9H3S5,-1048.0
Q9H426,-113.0
Q9H446,-114.0
Q9H4A4,-592.0
Q9H4B8,-513.0
Q9H4G1,-182.0
Q9H4I8,-326.0
Q9H4Q3,-213.0
Q9H501,-148.0
Q9H511,-550.0
Q9H5L6,-1199.0
Q9H609,-62.0
Q9H665,-306.0
Q9H6A9,-1681.0
Q9H6D8,-144.0
Q9H6F2,-322.0
Q9H6F5,63.0
Q9H6K4,-249.0
Q9H6V9,-450.0
Q9H6X4,-152.0
Q9H6X5,-289.0
Q9H756,-456.0
Q9H7C9,-24.0
Q9H7R0,-392.0
Q9H7U1,284.0
Q9H7X7,-80.0
Q9H898,-209.0
Q9H8H0,-803.0
Q9H8S5,-489.0
Q9H8Y1,-680.0
Q9H939,-306.0
Q9H967,-411.0
Q9H9H5,58.0
Q9H9Y2,-299.0
Q9HA64,-92.0
Q9HA77,-582.0
Q9HA92,-464.0
Q9HAH1,-176.0
Q9HAS0,-230.0
Q9HAT1,-426.0
Q9HAY2,-299.0
Q9HB09,-381.0
Q9HB40,-301.0
Q9HBA9,-284.0
Q9HBF5,-118.0
Q9HBL6,-437.0
Q9HBQ8,47.0
Q9HBR0,-436.0
Q9HBU9,-470.0
Q9HBV1,-508.0
Q9HC38,-181.0
Q9HC56,-442.0
Q9HCC6,-295.0
Q9HCG1,-583.0
Q9HCI6,-1028.0
Q9HCL0,-724.0
Q9HCN2,-11.0
Q9HCN8,-50.0
Q9HCT0,-203.0
Q9HD33,-311.0
Q9HD64,-24.0
Q9HDB9,-186.0
Q9N2J8,-775.0
Q9NNX1,-388.0
Q9NP08,-88.0
Q9NP92,-639.0
Q9NPA3,-59.0
Q9NPB8,-567.0
Q9NPH6,-123.0
Q9NQ03,-74.0
Q9NQ33,-119.0
Q9NQ34,-321.0
Q9NQ60,-127.0
Q9NQE7,-442.0
Q9NQN1,-600.0
Q9NQS1,299.0
Q9NQT6,-578.0
Q9NR64,-434.0
Q9NRG7,-229.0
Q9NRH1,-180.0
Q9NRJ1,-154.0
Q9NRJ5,-693.0
Q9NRM2,-427.0
Q9NRN5,-275.0
Q9NRR1,-251.0
Q9NRU3,-820.0
Q9NRV9,-51.0
Q9NRX1,-231.0
Q9NRY5,-299.0
Q9NS25,14.0
Q9NS26,25.0
Q9NS28,-172.0
Q9NS66,-665.0
Q9NS67,-665.0
Q9NS93,-787.0
Q9NS98,-542.0
Q9NSI2,-277.0
Q9NSI5,-210.0
Q9NSP4,-296.0
Q9NSY0,-668.0
Q9NTI7,52.0
Q9NTU4,-45.0
Q9NTU7,-151.0
Q9NTX5,-220.0
Q9NTZ6,323.0
Q9NU02,-719.0
Q9NUA8,-1076.0
Q9NUG6,-84.0
Q9NUP1,-143.0
Q9NUP7,-551.0
Q9NUQ6,-90.0
Q9NUQ8,-702.0
Q9NUZ1,-627.0
Q9NV66,-620.0
Q9NV72,-329.0
Q9NVG8,-529.0
Q9NVK5,-297.0
Q9NVL8,-184.0
Q9NVQ4,-162.0
Q9NVR7,-713.0
Q9NVS2,-198.0
Q9NVX7,-652.0
Q9NVZ3,0.0
Q9NW68,-161.0
Q9NWB6,-88.0
Q9NWC5,-501.0
Q9NWH7,-317.0
Q9NWV4,-60.0
Q9NWW0,-115.0
Q9NX08,-223.0
Q9NX20,-203.0
Q9NX38,-198.0
Q9NX45,-439.0
Q9NX78,-951.0
Q9NXF1,-1547.0
Q9NXF7,-180.0
Q9NXG2,-67.0
Q9NXH3,-89.0
Q9NXJ0,-190.0
Q9NXK6,-588.0
Q9NXL2,-874.0
Q9NXL6,-1003.0
Q9NXZ2,-419.0
Q9NY35,-428.0
Q9NY37,-460.0
Q9NY43,-155.0
Q9NY57,-383.0
Q9NYF5,-544.0
Q9NYL4,-288.0
Q9NYM9,-102.0
Q9NYN1,-329.0
Q9NYV8,-667.0
Q9NYV9,-720.0
Q9NYW2,-817.0
Q9NYW3,-755.0
Q9NYW6,-661.0
Q9NYW7,-768.0
Q9NZH5,-98.0
Q9NZL6,-586.0
Q9NZQ0,-197.0
Q9NZQ9,-203.0
Q9NZT2,251.0
Q9NZW5,-500.0
Q9P015,-229.0
Q9P031,-27.0
Q9P055,-657.0
Q9P0J6,-180.0
Q9P0M4,-296.0
Q9P0M9,-124.0
Q9P0S2,-63.0
Q9P0V9,-317.0
Q9P104,-345.0
Q9P1P5,-555.0
Q9P1U0,-40.0
Q9P1U1,-527.0
Q9P1W3,-1327.0
Q9P1Y6,-309.0
Q9P203,-923.0
Q9P206,188.0
Q9P242,-4.0
Q9P244,-837.0
Q9P260,-1321.0
Q9P265,-1437.0
Q9P291,-327.0
Q9P299,-151.0
Q9P2D8,-2943.0
Q9P2E7,-365.0
Q9P2F8,-581.0
Q9P2H5,-1078.0
Q9P2J8,-576.0
Q9P2J9,-678.0
Q9P2N2,-511.0
Q9P2P1,-1581.0
Q9P2T0,-290.0
Q9P2V4,-707.0
Q9QC07,-1028.0
Q9UBG7,-326.0
Q9UBL0,354.0
Q9UBU2,-66.0
Q9UBU6,-396.0
Q9UDX5,-324.0
Q9UEE9,160.0
Q9UF02,-357.0
Q9UGF5,-672.0
Q9UGQ2,-280.0
Q9UH62,-329.0
Q9UHA3,-107.0
Q9UHE8,-672.0
Q9UHF5,-142.0
Q9UHQ4,-308.0
Q9UHR6,-444.0
Q9UHV5,-542.0
Q9UHW5,-224.0
Q9UIF3,-534.0
Q9UII5,-506.0
Q9UIM3,-180.0
Q9UJ04,-80.0
Q9UJ42,-790.0
Q9UJ99,-482.0
Q9UJG1,-288.0
Q9UJK0,-178.0
Q9UJU3,-142.0
Q9UJW7,-63.0
Q9UK08,-67.0
Q9UK11,-322.0
Q9UK13,-139.0
Q9UK85,-227.0
Q9UKB3,-115.0
Q9UKD2,-127.0
Q9UKH3,-747.0
Q9UKJ0,-193.0
Q9UKJ3,172.0
Q9UKL2,-767.0
Q9UKL4,-279.0
Q9UKR3,-102.0
Q9UKU9,-294.0
Q9UKY3,-239.0
Q9UL36,-757.0
Q9UL58,-297.0
Q9ULB4,-539.0
Q9ULE3,-638.0
Q9ULE6,-976.0
Q9ULF5,-754.0
Q9ULI4,-565.0
Q9ULJ7,-1277.0
Q9ULK2,-111.0
Q9ULK6,-402.0
Q9ULL5,25.0
Q9ULR5,58.0
Q9ULS5,-472.0
Q9ULS6,-639.0
Q9ULZ0,-96.0
Q9UMY1,-40.0
Q9UN30,-228.0
Q9UN66,-646.0
Q9UN67,-672.0
Q9UN70,-703.0
Q9UN71,-534.0
Q9UN75,-719.0
Q9UNK9,-636.0
Q9UNL2,-282.0
Q9UNN4,-111.0
Q9UNX9,-482.0
Q9UPU3,-1023.0
Q9UPV7,-348.0
Q9UQ10,-299.0
Q9UQ72,-272.0
Q9UQG0,-1049.0
Q9Y2A4,-409.0
Q9Y2C2,-428.0
Q9Y2D5,-51.0
Q9Y2D9,-231.0
Q9Y2E8,-835.0
Q9Y2G4,-547.0
Q9Y2H8,-195.0
Q9Y2I8,-367.0
Q9Y2L6,-491.0
Q9Y2L8,-464.0
Q9Y2Q1,-533.0
Q9Y2Q9,-125.0
Q9Y2R4,-463.0
Q9Y2R5,-184.0
Q9Y2R9,-313.0
Q9Y2T4,-445.0
Q9Y2T5,-733.0
Q9Y2U2,-470.0
Q9Y305,-412.0
Q9Y330,-356.0
Q9Y334,-727.0
Q9Y3C1,-162.0
Q9Y3X0,207.0
Q9Y421,-84.0
Q9Y471,-428.0
Q9Y4F5,-147.0
Q9Y4I5,-189.0
Q9Y4K1,-37.0
Q9Y4P3,-340.0
Q9Y543,-201.0
Q9Y573,-613.0
Q9Y585,-525.0
Q9Y597,-345.0
Q9Y5E1,-638.0
Q9Y5E2,-789.0
Q9Y5E4,-725.0
Q9Y5E5,-746.0
Q9Y5E6,-644.0
Q9Y5E7,-709.0
Q9Y5E8,-609.0
Q9Y5F0,-800.0
Q9Y5F2,-727.0
Q9Y5F3,-582.0
Q9Y5F6,-496.0
Q9Y5F7,-551.0
Q9Y5F8,-555.0
Q9Y5F9,-640.0
Q9Y5G0,-508.0
Q9Y5G1,-532.0
Q9Y5G2,-598.0
Q9Y5G3,-531.0
Q9Y5G4,-721.0
Q9Y5G5,-637.0
Q9Y5G6,-611.0
Q9Y5G7,-630.0
Q9Y5G8,-583.0
Q9Y5G9,-654.0
Q9Y5H0,-665.0
Q9Y5H1,-645.0
Q9Y5H2,-495.0
Q9Y5H3,-546.0
Q9Y5H4,-466.0
Q9Y5H6,-648.0
Q9Y5H7,-722.0
Q9Y5H8,-528.0
Q9Y5I0,-687.0
Q9Y5I1,-576.0
Q9Y5I4,-568.0
Q9Y5J1,-207.0
Q9Y5J9,-56.0
Q9Y5M8,-342.0
Q9Y5P1,-821.0
Q9Y5P3,-78.0
Q9Y5U2,90.0
Q9Y5Y3,-769.0
Q9Y661,-311.0
Q9Y673,-425.0
Q9Y689,-263.0
Q9Y6C9,-311.0
Q9Y6I0,-29.0
Q9Y6I8,-360.0
Q9Y6N3,-251.0
Q9Y6Q3,-190.0
Q9Y6S9,-544.0
Q9Y6V7,-614.0
Q9YNA8,-131.0
U3KPV4,-440.0
W5XKT8,-435.0
W6CW81,-70.0
A0A075B6S0,-22.0
A0A075B6Y3,-17.0
A0A075B6Y9,4.0
A0A075B700,1.0
A0A075B706,-14.0
A0A075B734,-416.0
A0A087WTH1,-239.0
A0A087WUL8,-2222.0
A0A087WV53,-193.0
A0A087WWA1,-77.0
A0A087WXS9,-334.0
A0A087X1G2,-347.0
A0A096LNP1,-112.0
A0A096LP01,-47.0
A0A096LP49,-296.0
A0A096LPI5,-125.0
A0A096LPK9,-743.0
A0A0A0MT70,-25.0
A0A0A0MT76,-49.0
A0A0A0MT78,-4.0
A0A0A0MT87,-9.0
A0A0A0MT89,-4.0
A0A0A0MT94,-18.0
A0A0A0MTA4,-9.0
A0A0A0MTA7,3.0
A0A0B4J200,-17.0
A0A0C4DH62,-26.0
A0A0D9SF12,-164.0
A0A0G2JMD5,-735.0
A0A0J9YWL9,168.0
A0A0J9YWP8,-25.0
A0A0J9YWX3,-20.0
A0A0J9YX06,-7.0
A0A0J9YX94,-154.0
A0A0J9YXA8,-14.0
A0A0J9YXG5,5.0
A0A0J9YXM7,-7.0
A0A0J9YXQ4,-233.0
A0A0J9YY54,-2.0
A0A0U1RQE8,-212.0
A0A0U1RQI7,891.0
A0A0U1RQS6,-167.0
A0A0U1RR11,-222.0
A0A0U1RR37,-46.0
A0A0U1RRA0,-78.0
A0A0U1RRI6,-223.0
A0A0U1RRK4,-23.0
A0A0U1RRL7,10.0
A0A0U1RRN3,-70.0
A0A0X1KG70,-724.0
A0A183,18.0
A0A1B0GTC6,-111.0
A0A1B0GTD5,-124.0
A0A1B0GTH6,-296.0
A0A1B0GTI1,-84.0
A0A1B0GTI8,-433.0
A0A1B0GTK4,-200.0
A0A1B0GTK5,-74.0
A0A1B0GTL2,-276.0
A0A1B0GTR0,-234.0
A0A1B0GTR3,42.0
A0A1B0GTR4,-25.0
A0A1B0GTS1,34.0
A0A1B0GTU1,-365.0
A0A1B0GTU2,-109.0
A0A1B0GTY4,-273.0
A0A1B0GTZ2,-137.0
A0A1B0GU29,-120.0
A0A1B0GU33,-45.0
A0A1B0GU71,-141.0
A0A1B0GUA5,-185.0
A0A1B0GUA6,-39.0
A0A1B0GUA7,-277.0
A0A1B0GUA9,46.0
A0A1B0GUC4,-60.0
A0A1B0GUI7,-48.0
A0A1B0GUJ8,-124.0
A0A1B0GUQ0,-73.0
A0A1B0GUS0,-140.0
A0A1B0GUT2,-26.0
A0A1B0GUU1,-777.0
A0A1B0GUV1,-43.0
A0A1B0GUV7,-106.0
A0A1B0GUW6,-51.0
A0A1B0GUW7,-116.0
A0A1B0GUX0,-134.0
A0A1B0GUY1,544.0
A0A1B0GV03,335.0
A0A1B0GV22,-73.0
A0A1B0GV85,-301.0
A0A1B0GV90,-81.0
A0A1B0GVD1,-177.0
A0A1B0GVG4,-187.0
A0A1B0GVG6,42.0
A0A1B0GVH4,-220.0
A0A1B0GVH6,-210.0
A0A1B0GVH7,-552.0
A0A1B0GVK7,-73.0
A0A1B0GVM5,-13.0
A0A1B0GVM6,-79.0
A0A1B0GVN3,-235.0
A0A1B0GVQ3,31.0
A0A1B0GVR7,-31.0
A0A1B0GVS7,-114.0
A0A1B0GVT2,-135.0
A0A1B0GVV1,-99.0
A0A1B0GVX0,-187.0
A0A1B0GVY4,-19.0
A0A1B0GVZ2,-56.0
A0A1B0GVZ6,-157.0
A0A1B0GVZ9,-421.0
A0A1B0GW35,-232.0
A0A1B0GW54,-101.0
A0A1B0GW64,-90.0
A0A1B0GWB2,-98.0
A0A1B0GWG4,-140.0
A0A1B0GWH4,32.0
A0A1B0GWK0,-47.0
A0A1W2PP81,-74.0
A0A1W2PP97,-116.0
A0A1W2PPE2,-67.0
A0A1W2PPF3,-141.0
A0A1W2PPG7,-44.0
A0A1W2PPH5,-58.0
A0A1W2PPK0,-20.0
A0A1W2PPL8,-67.0
A0A1W2PPW3,-35.0
A0A1W2PQ09,-25.0
A0A1W2PQ73,-147.0
A0A1W2PQL4,-273.0
A0A1W2PR48,-267.0
A0A1W2PR64,-77.0
A0A1W2PRP0,-18.0
A0A1W2PRV1,-79.0
A0A1W2PS18,-44.0
A0A286YEV6,97.0
A0A286YEX9,82.0
A0A286YEY9,4.0
A0A286YF01,72.0
A0A286YF18,-136.0
A0A286YF46,17.0
A0A286YF58,-270.0
A0A286YF60,32.0
A0A286YF77,82.0
A0A286YFB4,128.0
A0A286YFG1,84.0
A0A286YFK9,-84.0
A0A2R8Y4L2,479.0
A0A2R8Y4Y8,-123.0
A0A2R8Y7D0,-178.0
A0A2R8YCJ5,-54.0
A0A2R8YFL7,-287.0
A0A2R8YFM6,-100.0
A0A3B3IRV3,-186.0
A0A3B3IT52,-165.0
A0A3B3IU63,-143.0
A0A494BZU4,-436.0
A0A494C086,-365.0
A0A494C0N9,-232.0
A0A494C0Y3,-219.0
A0A494C0Z2,-303.0
A0A494C191,-292.0
A0A590UK83,-28.0
A0A5F9ZH02,-151.0
A0A5F9ZHS7,-176.0
A0A6I8PU40,-230.0
A0PG75,-173.0
A0PJX2,26.0
A0PJX8,-647.0
A0PJZ0,-241.0
A1A4G5,-104.0
A1IGU5,-826.0
A1L157,-485.0
A1L162,40.0
A1L168,-87.0
A1L170,-13.0
A1L1A6,-168.0
A1L429,104.0
A1L443,-119.0
A1L4L8,-229.0
A1L4Q6,-102.0
A2A2Z9,-1171.0
A2A368,-191.0
A2A3L6,-383.0
A2RU37,-10.0
A2RU67,-567.0
A2RUG3,-277.0
A2RUQ5,-105.0
A2RUT3,-195.0
A3QJZ6,-755.0
A3QJZ7,-736.0
A4D0T7,-121.0
A4D0Y5,-67.0
A4D1F6,-1022.0
A4D1N5,-212.0
A4D1Z8,-120.0
A4D250,-41.0
A4D263,-174.0
A4IF30,-699.0
A4QMS7,-115.0
A4QN01,-134.0
A5PLL1,-261.0
A5YM69,106.0
A6NC05,-74.0
A6NC57,-714.0
A6NC62,-84.0
A6NC97,-338.0
A6NCF5,-682.0
A6NCF6,-226.0
A6NCI5,-234.0
A6NCI8,17.0
A6NCJ1,-214.0
A6NCL2,-156.0
A6NCL7,-303.0
A6NCM1,-905.0
A6NCN8,-176.0
A6NCQ9,-206.0
A6NCS6,-280.0
A6ND91,-290.0
A6NDE8,104.0
A6NDK9,-330.0
A6NDL7,-384.0
A6NDN8,-123.0
A6NDX4,-116.0
A6NDY2,-65.0
A6NDZ8,-168.0
A6NE01,-1203.0
A6NE02,-698.0
A6NE82,-170.0
A6NEE1,-383.0
A6NEF3,-18.0
A6NEH6,-176.0
A6NEH8,-86.0
A6NEK1,-255.0
A6NEL3,-140.0
A6NEN9,-178.0
A6NEQ2,-89.0
A6NER3,122.0
A6NEV1,-127.0
A6NEY3,-4.0
A6NEY8,-174.0
A6NF01,534.0
A6NF36,-163.0
A6NFA0,-216.0
A6NFE2,-316.0
A6NFE3,-70.0
A6NFF2,-117.0
A6NFH5,-82.0
A6NFN9,-529.0
A6NFT4,-390.0
A6NFU0,-544.0
A6NFU8,-191.0
A6NFY4,-720.0
A6NFZ4,-146.0
A6NGA9,-442.0
A6NGB0,-459.0
A6NGB7,-357.0
A6NGE4,-171.0
A6NGG3,-37.0
A6NGH7,-177.0
A6NGH8,-661.0
A6NGK3,106.0
A6NGN4,-735.0
A6NGN9,-329.0
A6NGR9,-1114.0
A6NGS2,-50.0
A6NGU7,-67.0
A6NGW2,-2302.0
A6NGY1,-63.0
A6NGY3,-119.0
A6NGZ8,-207.0
A6NH11,-393.0
A6NH13,6.0
A6NHG4,-139.0
A6NHN6,-475.0
A6NHP3,-325.0
A6NHR8,-399.0
A6NHS1,10.0
A6NHS7,-261.0
A6NHY2,-692.0
A6NHZ5,-817.0
A6NI47,-55.0
A6NI56,-667.0
A6NI86,-39.0
A6NI87,-242.0
A6NIE6,-397.0
A6NIJ5,-129.0
A6NIK2,-330.0
A6NIL9,-136.0
A6NIN4,-247.0
A6NIU2,-91.0
A6NIV6,-738.0
A6NIY4,-272.0
A6NJ08,-157.0
A6NJ64,-410.0
A6NJ69,-53.0
A6NJ88,-438.0
A6NJG2,-318.0
A6NJI1,-50.0
A6NJI9,-376.0
A6NJJ6,-347.0
A6NJQ4,-94.0
A6NJR5,-335.0
A6NJU9,-865.0
A6NJV1,-93.0
A6NJY1,-471.0
A6NJY4,-209.0
A6NK44,-164.0
A6NKC0,-91.0
A6NKC9,-160.0
A6NKF7,-212.0
A6NKH3,-102.0
A6NKL6,-116.0
A6NKN8,41.0
A6NKP2,-446.0
A6NKU9,-472.0
A6NKW6,-158.0
A6NKX1,-108.0
A6NKX4,-958.0
A6NL05,-111.0
A6NL46,-79.0
A6NL82,-176.0
A6NLC5,-114.0
A6NLC8,-42.0
A6NLE4,-204.0
A6NLU5,-240.0
A6NLX4,-221.0
A6NM36,-408.0
A6NM62,-776.0
A6NM66,-99.0
A6NMA1,-109.0
A6NMB9,-198.0
A6NMD2,-229.0
A6NMK7,-94.0
A6NMK8,-175.0
A6NML5,-330.0
A6NMZ2,-145.0
A6NN06,-52.0
A6NN73,-101.0
A6NN90,-267.0
A6NNA2,304.0
A6NNC1,-183.0
A6NNH2,97.0
A6NNJ1,-69.0
A6NNL0,-163.0
A6NNL5,-168.0
A6NNT2,-948.0
A6NNV3,-363.0
A6NNX1,-98.0
A6NP61,-61.0
A6PVI3,-45.0
A6PVY3,-37.0
A7E2S9,-289.0
A7E2U8,85.0
A8K010,-234.0
A8K554,-85.0
A8K5M9,-136.0
A8MQ14,-829.0
A8MQB3,-174.0
A8MRT5,-887.0
A8MSI8,-104.0
A8MT19,-621.0
A8MT33,-211.0
A8MT66,-38.0
A8MTB9,-343.0
A8MTJ6,61.0
A8MTL0,-303.0
A8MTL3,-89.0
A8MTT3,-62.0
A8MTW9,-26.0
A8MTY0,-484.0
A8MTZ7,-129.0
A8MU10,-63.0
A8MU93,-60.0
A8MUA0,-110.0
A8MUI8,-98.0
A8MUL3,-154.0
A8MUN3,-115.0
A8MUP6,-283.0
A8MUU1,-69.0
A8MUU9,-507.0
A8MUX0,-287.0
A8MV24,-62.0
A8MV57,-42.0
A8MV72,-48.0
A8MVJ9,-246.0
A8MVM7,-578.0
A8MWA6,-82.0
A8MWE9,-96.0
A8MWL6,-233.0
A8MWL7,-132.0
A8MWP4,74.0
A8MWV9,-140.0
A8MX19,-109.0
A8MX34,-2.0
A8MX80,-62.0
A8MXJ8,-68.0
A8MXQ7,-626.0
A8MXT2,-117.0
A8MXV6,-285.0
A8MXZ1,-100.0
A8MY62,-662.0
A8MYA2,267.0
A8MYB1,-370.0
A8MYJ7,-768.0
A8MYX2,-51.0
A8MYZ0,-374.0
A8MYZ5,-221.0
A8MZ25,-1.0
A8MZ97,-135.0
A8MZA4,240.0
A8MZF0,-122.0
A8MZG2,-55.0
A8MZH6,-191.0
B0FP48,-266.0
B1AK76,-95.0
B1AL46,-161.0
B1AMM8,-51.0
B1ANH7,-107.0
B1ANS9,-1032.0
B1ANY3,-177.0
B1ATL7,-47.0
B2RBV5,-118.0
B2RC85,-386.0
B2RD01,-208.0
B2RV13,-214.0
B2RXF0,-402.0
B3EWG3,-42.0
B3EWG6,-42.0
B3GLJ2,-207.0
B3KS81,366.0
B4DH59,-526.0
B4DJY2,-167.0
B4DX44,-406.0
B4DXR9,-408.0
B4DYI2,-387.0
B4DZS4,-306.0
B4E2M5,-146.0
B5MCN3,-372.0
B5MCY1,-2123.0
B5MD39,-178.0
B6SEH8,-398.0
B6SEH9,-406.0
B7Z1M9,-210.0
B7Z368,61.0
B7Z6K7,-236.0
B7ZW38,75.0
B9A014,-315.0
B9A6J9,-338.0
C0HLS1,-70.0
C9J202,-282.0
C9J302,-45.0
C9J3I9,-76.0
C9J3V5,-142.0
C9J442,-213.0
C9J6K1,-236.0
C9J7I0,-81.0
C9JBD0,-183.0
C9JC47,-196.0
C9JFL3,54.0
C9JG80,-915.0
C9JI98,-252.0
C9JJ37,-469.0
C9JL84,-459.0
C9JN71,-339.0
C9JQI7,-903.0
C9JTQ0,-325.0
C9JVW0,-88.0
C9JXX5,-121.0
D3DTV9,-89.0
D6RBM5,-158.0
D6REC4,-685.0
D6RF30,-231.0
D6RGX4,-125.0
E5RG02,-172.0
E5RHQ5,-904.0
E5RIL1,-266.0
E5RJ46,-106.0
E5RJM6,-519.0
E5RQL4,-154.0
E7ERA6,-220.0
E7EW31,53.0
E9PGG2,-226.0
E9PI22,-155.0
E9PIF3,-487.0
E9PJ23,-438.0
E9PJI5,-492.0
E9PKD4,-457.0
E9PQR5,-443.0
E9PRG8,-75.0
F2Z333,-353.0
F2Z398,-97.0
F2Z3F1,-10.0
F2Z3M2,-77.0
F5GYI3,-213.0
F5H4A9,-149.0
F5H4B4,-437.0
F8VTS6,-216.0
F8W0I5,-777.0
F8W1W9,-384.0
F8WBI6,-234.0
F8WCM5,-111.0
F8WFD2,-458.0
G3V211,-85.0
H0UI37,-62.0
H0Y354,-219.0
H0Y7S4,-592.0
H0YKK7,-8.0
H0YL09,-75.0
H0YM25,517.0
H3BMG3,-2.0
H3BNL1,-50.0
H3BNL8,-328.0
H3BPF8,-225.0
H3BPM6,-107.0
H3BQJ8,-202.0
H3BQL2,-219.0
H3BQW9,-99.0
H3BR10,-147.0
H3BRN8,-11.0
H3BS89,-384.0
H3BTG2,-194.0
H3BU77,-65.0
H3BUK9,-172.0
H3BV12,-264.0
H7BZ55,-1478.0
H7C350,-178.0
I3L0S3,-95.0
I3L1E1,-15.0
I6L899,-249.0
J3KSC0,-157.0
K7EIQ3,-109.0
L0R6Q1,-100.0
M0QZC1,-226.0
O00193,86.0
O14603,-143.0
O14609,-390.0
O14683,-304.0
O15225,-59.0
O15428,48.0
O15480,-184.0
O15544,-119.0
O43261,-113.0
O43304,-773.0
O60384,-29.0
O60397,-144.0
O60575,-68.0
O60688,-125.0
O60756,-122.0
O60809,-743.0
O60810,-765.0
O60813,-764.0
O75071,-345.0
O75264,-87.0
O75368,-7.0
O75391,-112.0
O76042,-238.0
O95177,4.0
O95397,-315.0
O95473,-324.0
O95522,-823.0
O95561,-130.0
O95567,-244.0
O95626,-101.0
O95873,-181.0
O96002,-290.0
P01358,12.0
P01858,-1.0
P02728,-1.0
P02729,-3.0
P09565,-89.0
P0C221,-1053.0
P0C2L3,-138.0
P0C2S0,-77.0
P0C2W7,23.0
P0C2Y1,-173.0
P0C5K6,-20.0
P0C5K7,-147.0
P0C671,-231.0
P0C672,-453.0
P0C6C1,-268.0
P0C6P0,-279.0
P0C7I6,-186.0
P0C7L1,-97.0
P0C7M6,-265.0
P0C7M8,-224.0
P0C7N4,-433.0
P0C7P2,-107.0
P0C7Q5,-605.0
P0C7T7,22.0
P0C7T8,-259.0
P0C7U9,-410.0
P0C7V0,-106.0
P0C7V4,-95.0
P0C7V6,-136.0
P0C7V8,-37.0
P0C7V9,-251.0
P0C7W0,-109.0
P0C7W8,-86.0
P0C7W9,-96.0
P0C7X0,-77.0
P0C7X3,-505.0
P0C7X4,-267.0
P0C841,4.0
P0C843,-129.0
P0C853,-26.0
P0C854,-233.0
P0C864,-141.0
P0C866,-256.0
P0C874,-622.0
P0C875,-261.0
P0C879,-52.0
P0C880,-143.0
P0C881,-377.0
P0CAT3,-36.0
P0CB48,-107.0
P0CE67,-133.0
P0CE71,-1.0
P0CF75,-321.0
P0CF97,-938.0
P0CG01,-230.0
P0CG23,125.0
P0CG24,-383.0
P0CG32,-303.0
P0CG33,-335.0
P0CG42,-210.0
P0CG43,-219.0
P0CH98,-258.0
P0CI01,-337.0
P0CJ68,-25.0
P0CJ69,-44.0
P0CJ70,-42.0
P0CJ71,-17.0
P0CJ73,-26.0
P0CJ74,-30.0
P0CJ75,-28.0
P0CJ76,-34.0
P0CJ77,-49.0
P0CJ78,-253.0
P0CJ79,-574.0
P0CJ85,-27.0
P0CJ86,-27.0
P0CJ87,-23.0
P0CJ88,-27.0
P0CJ89,-27.0
P0CJ90,-27.0
P0CJ92,-191.0
P0CK96,-607.0
P0CL80,110.0
P0CL81,110.0
P0CL83,-352.0
P0CL84,-247.0
P0CL85,-239.0
P0CW19,-87.0
P0CW21,-51.0
P0CW24,-366.0
P0CW27,-452.0
P0CZ25,-14.0
P0DH78,-140.0
P0DI80,-103.0
P0DJ93,-141.0
P0DJG4,-389.0
P0DJH9,-170.0
P0DJR0,-208.0
P0DKB6,-124.0
P0DKL9,-50.0
P0DKX0,-534.0
P0DKX4,-177.0
P0DL12,-58.0
P0DM63,-492.0
P0DMB1,-155.0
P0DMB2,-7.0
P0DMP1,-28.0
P0DMQ5,47.0
P0DMQ9,-104.0
P0DMR1,75.0
P0DMR2,-82.0
P0DMR3,-45.0
P0DMU3,-139.0
P0DMU7,-7.0
P0DMU8,-7.0
P0DMV0,-7.0
P0DMV1,-11.0
P0DMV2,-11.0
P0DMW3,-134.0
P0DMW4,-131.0
P0DMW5,-131.0
P0DN24,16.0
P0DN25,-392.0
P0DO92,-52.0
P0DO97,-139.0
P0DOY5,-9.0
P0DP42,-400.0
P0DP71,-74.0
P0DP75,57.0
P0DPA2,-179.0
P0DPA3,-184.0
P0DPD5,-346.0
P0DPE3,-365.0
P0DPF2,-2639.0
P0DPF5,-27.0
P0DPF6,-29.0
P0DPH9,42.0
P0DPI3,-222.0
P0DPI4,-5.0
P0DPP9,-38.0
P0DPQ3,66.0
P0DPR3,0.0
P0DSN6,-766.0
P0DSO1,-117.0
P0DSO2,38.0
P0DSO3,117.0
P0DTE0,-765.0
P0DTF9,-239.0
P0DTW1,114.0
P0DUD1,-292.0
P0DUD2,-292.0
P0DUD3,-303.0
P0DUD4,-303.0
P0DUQ1,-750.0
P0DUX0,-292.0
P0DUX1,-285.0
P0DV60,-48.0
P0DV73,-94.0
P0DV74,-94.0
P0DV75,-62.0
P0DV76,-62.0
P0DV77,53.0
P0DV79,-317.0
P0DW11,-74.0
P0DW12,-74.0
P0DW13,-74.0
P0DW14,-74.0
P13985,-175.0
P22103,1.0
P49223,-61.0
P56555,-154.0
P58417,-174.0
P58505,-246.0
P58512,-91.0
P58513,-83.0
P58550,-107.0
P59020,-113.0
P59022,-105.0
P59036,-88.0
P59037,-70.0
P59051,-57.0
P59052,-65.0
P59090,-75.0
P59091,-139.0
P59095,-136.0
P59646,-95.0
P59773,-206.0
P60002,-29.0
P60606,-124.0
P61568,-174.0
P61571,-46.0
P61572,-37.0
P61573,-37.0
P61574,-32.0
P61575,-46.0
P61576,-49.0
P61578,-22.0
P61579,-37.0
P61580,-3.0
P61581,-3.0
P61582,-3.0
P61583,-5.0
P86434,-11.0
P86478,96.0
P86481,96.0
P86496,96.0
Q05BU3,-13.0
Q05C16,-618.0
Q08AI8,-637.0
Q08E93,-166.0
Q0D2K2,-543.0
Q0D2K5,-10.0
Q0IIN9,-27.0
Q0P140,-90.0
Q0P5P2,-173.0
Q0P641,-160.0
Q0P670,-167.0
Q0P6D6,-502.0
Q0P6H9,-961.0
Q0VAA2,-373.0
Q0VAA5,-336.0
Q0VAF6,-156.0
Q0VDD5,-64.0
Q0VDI3,-396.0
Q0VF49,-298.0
Q0VFX4,17.0
Q0VFZ6,-438.0
Q0VG73,-69.0
Q0Z7S8,-82.0
Q12766,-689.0
Q13070,109.0
Q13166,-128.0
Q13278,-181.0
Q13670,-73.0
Q14236,-162.0
Q14602,-24.0
Q14695,-33.0
Q147U7,-301.0
Q14CX5,-948.0
Q15053,-163.0
Q156A1,271.0
Q15846,-418.0
Q15940,-204.0
Q17RA5,-83.0
Q17RG1,-884.0
Q17RH7,301.0
Q17RM4,-898.0
Q17RP2,-586.0
Q17RQ9,-784.0
Q1A5X6,-81.0
Q1RN00,-131.0
Q1T7F1,-84.0
Q1W209,-258.0
Q2M238,-257.0
Q2M243,-351.0
Q2M2D7,-178.0
Q2M2E5,-121.0
Q2M329,-231.0
Q2M3A8,-54.0
Q2TAM9,-30.0
Q2TB18,-940.0
Q2VPJ9,-451.0
Q2WGJ8,-333.0
Q309B1,-304.0
Q30KP9,-169.0
Q30KQ1,-142.0
Q30KQ7,-110.0
Q32M84,-755.0
Q32M92,-203.0
Q32NC0,-110.0
Q3B7I2,-81.0
Q3B7S5,-128.0
Q3BBV2,-442.0
Q3C1V0,-103.0
Q3C1V1,-73.0
Q3C1V9,-376.0
Q3KRA6,-128.0
Q3LHN0,-36.0
Q3LHN1,13.0
Q3LI54,104.0
Q3LI58,159.0
Q3LI60,18.0
Q3LI62,-61.0
Q3LI63,49.0
Q3LI68,11.0
Q3LI81,23.0
Q3MIP1,-961.0
Q3MIV0,25.0
Q3MJ40,-82.0
Q3SXM0,-454.0
Q3SY05,-72.0
Q3SYA9,-62.0
Q3Y452,-52.0
Q3ZCT8,-598.0
Q3ZCU0,-225.0
Q3ZCV2,62.0
Q3ZLR7,-130.0
Q3ZM63,-38.0
Q494R0,-30.0
Q495D7,-178.0
Q495Y7,-285.0
Q495Y8,-325.0
Q495Z4,-12.0
Q499Y3,-98.0
Q49A33,-186.0
Q49AM3,-338.0
Q49AS3,-152.0
Q4AC99,-743.0
Q4G0G2,-32.0
Q4G0G5,-159.0
Q4G0I0,-160.0
Q4G0N7,1.0
Q4KMX7,-262.0
Q4QY38,-105.0
Q4UJ75,-682.0
Q4V321,114.0
Q4V326,73.0
Q4V339,-385.0
Q4V348,-573.0
Q4VC31,-196.0
Q4VX62,-160.0
Q4VXF1,-95.0
Q4W4Y0,-395.0
Q4W5G0,-302.0
Q4W5P6,-91.0
Q502W7,-364.0
Q502X0,50.0
Q52LC2,-276.0
Q52M75,-75.0
Q537H7,-65.0
Q538Z0,-85.0
Q53H64,-109.0
Q53LP3,-181.0
Q53RE8,-226.0
Q53SZ7,-52.0
Q569G3,-7.0
Q569K6,-475.0
Q56UQ5,-74.0
Q587I9,-355.0
Q58A44,60.0
Q59GN2,-44.0
Q5BKU9,-70.0
Q5BKY1,-445.0
Q5BKY6,-158.0
Q5BKY9,99.0
Q5BLP8,-186.0
Q5CZ79,-690.0
Q5DJT8,-11.0
Q5EBN2,-295.0
Q5FWF7,-149.0
Q5GAN3,-144.0
Q5GAN4,-220.0
Q5GH72,-837.0
Q5H9B9,111.0
Q5H9J9,-601.0
Q5HY64,-623.0
Q5HYC2,-862.0
Q5HYL7,-301.0
Q5HYW3,-130.0
Q5I0X4,-115.0
Q5JNZ5,-169.0
Q5JPB2,-4.0
Q5JQD4,-130.0
Q5JQF7,-40.0
Q5JRK9,47.0
Q5JSJ4,-577.0
Q5JSQ8,-133.0
Q5JTB6,-110.0
Q5JTN6,-289.0
Q5JTZ5,-115.0
Q5JUQ0,-189.0
Q5JUR7,-263.0
Q5JV73,-1017.0
Q5JVX7,-186.0
Q5JWF8,-316.0
Q5JXB2,-187.0
Q5JXX7,-268.0
Q5JYT7,-934.0
Q5K130,-32.0
Q5K131,-229.0
Q5MJ07,15.0
Q5MJ08,35.0
Q5MNV8,-627.0
Q5NE16,-52.0
Q5PR19,-63.0
Q5QJ38,406.0
Q5R3I4,-644.0
Q5RGS3,-109.0
Q5SQ80,-695.0
Q5SQH8,-387.0
Q5SQS7,-464.0
Q5SQS8,-264.0
Q5SR53,-77.0
Q5SRD1,-153.0
Q5STR5,-85.0
Q5SVJ3,-202.0
Q5SVZ6,-1087.0
Q5SWH9,-316.0
Q5SWL7,-841.0
Q5SWL8,-687.0
Q5SY13,-15.0
Q5SY85,-114.0
Q5SZB4,-328.0
Q5T035,111.0
Q5T036,-183.0
Q5T089,60.0
Q5T0J3,-155.0
Q5T0U0,-195.0
Q5T0Z8,20.0
Q5T1J6,-39.0
Q5T2N8,-529.0
Q5T2Q4,-531.0
Q5T319,51.0
Q5T3Y7,-150.0
Q5T4H9,-51.0
Q5T4I8,-18.0
Q5T5F5,-48.0
Q5T5N4,-561.0
Q5T6C5,-80.0
Q5T6M2,4.0
Q5T6R2,-144.0
Q5T6V5,-463.0
Q5T6X4,-71.0
Q5T742,-222.0
Q5T750,168.0
Q5T7N8,-304.0
Q5T7P6,-194.0
Q5T7R7,-199.0
Q5T870,31.0
Q5T8I3,-30.0
Q5T8R8,-194.0
Q5T953,-142.0
Q5T9S5,-1045.0
Q5T9Z0,-432.0
Q5TAA0,-677.0
Q5TBE3,-70.0
Q5TBK1,-134.0
Q5TC04,-3.0
Q5TC84,-77.0
Q5TEZ4,-73.0
Q5TEZ5,-389.0
Q5TF58,-134.0
Q5TG53,-72.0
Q5TGI4,-106.0
Q5TGJ6,45.0
Q5TGL8,-261.0
Q5TGP6,-790.0
Q5TYW2,-708.0
Q5TYX0,-727.0
Q5U3C3,-497.0
Q5U4N7,-204.0
Q5U4P2,-58.0
Q5U5X8,-278.0
Q5U649,-248.0
Q5VSD8,-29.0
Q5VSP4,-124.0
Q5VSR9,29.0
Q5VT03,-104.0
Q5VT28,-47.0
Q5VT33,-116.0
Q5VT40,-226.0
Q5VT98,-810.0
Q5VTA0,-701.0
Q5VTL7,-497.0
Q5VU36,-667.0
Q5VU69,-61.0
Q5VU92,-406.0
Q5VUE5,-96.0
Q5VUR7,-715.0
Q5VUY2,-580.0
Q5VV11,-76.0
Q5VV16,-342.0
Q5VVB8,-251.0
Q5VVC0,-281.0
Q5VVP1,-600.0
Q5VVS0,-131.0
Q5VW00,-311.0
Q5VWI1,-387.0
Q5VWK0,-340.0
Q5VWM3,-742.0
Q5VWM4,-696.0
Q5VWM6,-828.0
Q5VXD3,-35.0
Q5VXH5,-694.0
Q5VXM1,-121.0
Q5VYP0,-653.0
Q5VYY1,-250.0
Q5VZ18,-123.0
Q5VZI3,-422.0
Q5VZQ5,-87.0
Q5VZR2,-115.0
Q5VZR4,-206.0
Q5W064,-401.0
Q5W0N0,-264.0
Q5W150,-96.0
Q5W188,-151.0
Q5XG85,-82.0
Q629K1,-98.0
Q63HN1,-535.0
Q658N2,-588.0
Q658T7,-123.0
Q67FW5,-315.0
Q68CR7,-404.0
Q68D20,117.0
Q68D42,-168.0
Q68DL7,-499.0
Q68EN5,-454.0
Q69YL0,-98.0
Q69YW2,-180.0
Q69YZ2,-282.0
Q6AWC8,-180.0
Q6B9Z1,-122.0
Q6DCA0,-176.0
Q6EEV4,-28.0
Q6GMV1,-176.0
Q6GMV3,-198.0
Q6IC83,-170.0
Q6ICG6,-181.0
Q6ICI0,-273.0
Q6IE37,-781.0
Q6IE38,-108.0
Q6IPW1,-102.0
Q6JVE5,-162.0
Q6MZM9,-64.0
Q6MZN7,-53.0
Q6NSI1,-122.0
Q6NSI3,70.0
Q6NT46,112.0
Q6NUI1,88.0
Q6NUR6,-21.0
Q6NV74,98.0
Q6NVV0,10.0
Q6NVV1,-85.0
Q6NXN4,-357.0
Q6NXP6,-492.0
Q6P047,-343.0
Q6P0A1,-221.0
Q6P1M9,-454.0
Q6P1R3,-331.0
Q6P1X6,-212.0
Q6P2C0,-566.0
Q6P2H8,-518.0
Q6P2I3,-200.0
Q6P2I7,-271.0
Q6P2S7,-1617.0
Q6P3W6,-2125.0
Q6P3X3,-1104.0
Q6P3X8,-516.0
Q6P435,114.0
Q6P575,-205.0
Q6P5R6,-45.0
Q6P6B1,137.0
Q6P7N7,-346.0
Q6P9G0,-249.0
Q6PDB4,-559.0
Q6PEV8,-54.0
Q6PEX7,-164.0
Q6PGQ1,-31.0
Q6PIV7,-341.0
Q6PIY5,-666.0
Q6PK57,-36.0
Q6Q795,-60.0
Q6QAJ8,-359.0
Q6RUI8,-137.0
Q6T311,-218.0
Q6UDR6,-100.0
Q6URK8,-351.0
Q6UWF5,-248.0
Q6UWF9,-276.0
Q6UWH6,-391.0
Q6UWW0,-136.0
Q6UXB0,-133.0
Q6UXD1,-198.0
Q6UXP3,-135.0
Q6UXP7,-160.0
Q6UXP9,-192.0
Q6UXQ4,-100.0
Q6UXQ8,-62.0
Q6UXR4,-369.0
Q6UXR6,-18.0
Q6UXR8,-99.0
Q6UXS0,-130.0
Q6UXU0,-108.0
Q6UXV3,-130.0
Q6UY13,-125.0
Q6UYE1,-164.0
Q6W349,-107.0
Q6WQI6,-130.0
Q6WRX3,-1184.0
Q6X4T0,5.0
Q6XCG6,-217.0
Q6XXX2,-28.0
Q6ZMT9,-620.0
Q6ZMU1,-235.0
Q6ZMV7,-124.0
Q6ZMV8,-428.0
Q6ZN03,-167.0
Q6ZN92,-105.0
Q6ZNB5,-201.0
Q6ZNG2,-200.0
Q6ZNG9,-338.0
Q6ZNM6,-120.0
Q6ZNQ3,-452.0
Q6ZP68,-86.0
Q6ZPA2,24.0
Q6ZQN5,-29.0
Q6ZQQ2,-725.0
Q6ZQT0,-209.0
Q6ZQT7,4.0
Q6ZQV5,-26.0
Q6ZQY2,-295.0
Q6ZQY7,-133.0
Q6ZR03,40.0
Q6ZR54,98.0
Q6ZR85,-197.0
Q6ZRC1,-328.0
Q6ZRG5,27.0
Q6ZRK6,-475.0
Q6ZRM9,-191.0
Q6ZRN7,22.0
Q6ZRP0,-164.0
Q6ZRP5,-364.0
Q6ZRR7,-1768.0
Q6ZRT6,-192.0
Q6ZRU5,-120.0
Q6ZRV3,46.0
Q6ZRX8,-47.0
Q6ZS02,-90.0
Q6ZS46,81.0
Q6ZS49,-101.0
Q6ZS52,-12.0
Q6ZS62,-83.0
Q6ZS92,-150.0
Q6ZSA8,-72.0
Q6ZSB3,-128.0
Q6ZSC3,-422.0
Q6ZSJ8,-13.0
Q6ZSK4,-41.0
Q6ZSN1,39.0
Q6ZSR3,-160.0
Q6ZSR6,-290.0
Q6ZSR9,94.0
Q6ZST2,-11.0
Q6ZST4,-60.0
Q6ZSV7,-103.0
Q6ZT52,-312.0
Q6ZTB9,-118.0
Q6ZTC4,-28.0
Q6ZTI0,-58.0
Q6ZTK2,-607.0
Q6ZTR6,-14.0
Q6ZTY9,-105.0
Q6ZTZ1,-181.0
Q6ZU45,-399.0
Q6ZU69,-972.0
Q6ZUA9,-1957.0
Q6ZUB0,-613.0
Q6ZUF6,-74.0
Q6ZUG5,-613.0
Q6ZUL3,-247.0
Q6ZUS5,-279.0
Q6ZUT4,-131.0
Q6ZUU3,-164.0
Q6ZV60,-174.0
Q6ZV70,-537.0
Q6ZV77,-93.0
Q6ZV80,-74.0
Q6ZVH6,-181.0
Q6ZVK1,-403.0
Q6ZVL8,-218.0
Q6ZVN7,-115.0
Q6ZVQ6,-160.0
Q6ZVS7,-170.0
Q6ZVT6,-78.0
Q6ZVU0,-88.0
Q6ZVW7,-297.0
Q6ZW13,-86.0
Q6ZWC4,-92.0
Q6ZWI9,-350.0
Q71F78,35.0
Q71RG6,-65.0
Q75L30,-78.0
Q75LS8,12.0
Q75MW2,-97.0
Q7L0L9,-194.0
Q7Z2F6,-101.0
Q7Z2R9,-97.0
Q7Z2V1,9.0
Q7Z2X7,70.0
Q7Z3B0,-80.0
Q7Z4B0,-88.0
Q7Z4S9,-186.0
Q7Z4U5,-123.0
Q7Z5D8,-92.0
Q7Z5U6,-186.0
Q7Z6I8,35.0
Q7Z6K3,-592.0
Q7Z7L8,-27.0
Q86SG4,-211.0
Q86SH2,-51.0
Q86SH4,-184.0
Q86SI9,-181.0
Q86SY8,-47.0
Q86T23,-13.0
Q86TA4,-164.0
Q86TI4,-462.0
Q86TS7,-44.0
Q86TU6,-67.0
Q86TZ1,-688.0
Q86U02,-130.0
Q86U17,-482.0
Q86U37,-127.0
Q86UD1,-276.0
Q86UD7,-281.0
Q86UF4,-71.0
Q86UQ5,-210.0
Q86V59,-90.0
Q86V85,-682.0
Q86VQ1,33.0
Q86VZ2,-201.0
Q86WR6,-199.0
Q86WZ0,-1202.0
Q86X40,-592.0
Q86X53,-70.0
Q86X59,47.0
Q86XG9,-203.0
Q86XI8,-740.0
Q86XN7,-102.0
Q86Y27,-46.0
Q86Y28,-27.0
Q86Y29,-118.0
Q86Y30,-136.0
Q86YG4,-475.0
Q8IU53,-39.0
Q8IUF1,-396.0
Q8IUI4,85.0
Q8IV32,-232.0
Q8IV35,-534.0
Q8IV56,46.0
Q8IVB5,-189.0
Q8IVF1,-157.0
Q8IVJ8,-179.0
Q8IVK1,-67.0
Q8IVU9,-199.0
Q8IWA6,-551.0
Q8IWD5,-862.0
Q8IWF7,-58.0
Q8IWF9,-375.0
Q8IWN6,-111.0
Q8IXL9,-397.0
Q8IXM7,-137.0
Q8IXP5,92.0
Q8IXQ3,56.0
Q8IXQ8,-179.0
Q8IXR5,-789.0
Q8IXR9,-869.0
Q8IXS0,-86.0
Q8IY45,-385.0
Q8IYA2,-680.0
Q8IYB0,-84.0
Q8IYD2,-258.0
Q8IYK2,-589.0
Q8IYN6,-12.0
Q8IYQ7,-730.0
Q8IZ63,-4.0
Q8IZM0,-80.0
Q8IZP6,-156.0
Q8IZU2,-1465.0
Q8MH63,-251.0
Q8N0U4,-189.0
Q8N0U7,-341.0
Q8N0V1,-165.0
Q8N0W5,-287.0
Q8N0W7,-200.0
Q8N123,-278.0
Q8N1D5,-173.0
Q8N1I8,-218.0
Q8N1L1,-121.0
Q8N1P7,-99.0
Q8N1V8,-61.0
Q8N1X5,106.0
Q8N1Y9,-165.0
Q8N239,-862.0
Q8N268,-179.0
Q8N2A0,-217.0
Q8N2B8,-108.0
Q8N2C3,-278.0
Q8N2C9,-156.0
Q8N2G6,-173.0
Q8N2R8,-354.0
Q8N2U0,-173.0
Q8N319,-242.0
Q8N326,-168.0
Q8N377,-14.0
Q8N398,-787.0
Q8N3U1,-30.0
Q8N402,-163.0
Q8N412,23.0
Q8N446,-134.0
Q8N485,-275.0
Q8N4B5,-120.0
Q8N4C9,-254.0
Q8N4E4,-194.0
Q8N4K4,-136.0
Q8N4L1,-510.0
Q8N4L4,-212.0
Q8N4M7,-130.0
Q8N4P6,-356.0
Q8N4S7,-464.0
Q8N4W6,-553.0
Q8N535,8.0
Q8N5C1,-445.0
Q8N5N4,-83.0
Q8N5Q1,-417.0
Q8N5S3,-30.0
Q8N5U0,-182.0
Q8N5W8,-149.0
Q8N614,-374.0
Q8N616,-152.0
Q8N6C7,-161.0
Q8N6G2,-252.0
Q8N6K4,-52.0
Q8N6L7,-187.0
Q8N6N2,-187.0
Q8N6Q8,-660.0
Q8N6U2,15.0
Q8N6V4,-95.0
Q8N755,-483.0
Q8N769,-18.0
Q8N7C4,-398.0
Q8N7H1,-41.0
Q8N7L0,-185.0
Q8N7N1,-410.0
Q8N7P7,183.0
Q8N7Q2,-158.0
Q8N7S6,-227.0
Q8N7U9,-138.0
Q8N7X1,1713.0
Q8N7X2,-106.0
Q8N7X8,-103.0
Q8N7Y1,-64.0
Q8N7Z2,137.0
Q8N808,-648.0
Q8N812,-126.0
Q8N813,-155.0
Q8N814,-84.0
Q8N816,-399.0
Q8N888,-36.0
Q8N8A8,-82.0
Q8N8D7,-376.0
Q8N8D9,-159.0
Q8N8E1,48.0
Q8N8G6,-283.0
Q8N8H1,-85.0
Q8N8I0,-215.0
Q8N8I6,22.0
Q8N8J0,-225.0
Q8N8J7,-75.0
Q8N8L6,-287.0
Q8N8P6,-201.0
Q8N8V8,-130.0
Q8N8Z3,-76.0
Q8N910,-73.0
Q8N945,-215.0
Q8N957,-750.0
Q8N976,-198.0
Q8N999,-253.0
Q8N9B4,-430.0
Q8N9C0,-513.0
Q8N9G6,-117.0
Q8N9H9,-265.0
Q8N9L7,-38.0
Q8N9P0,-53.0
Q8N9P6,-215.0
Q8N9R0,-91.0
Q8N9R6,-141.0
Q8N9T2,-126.0
Q8N9U9,150.0
Q8N9V3,-454.0
Q8N9W7,-106.0
Q8N9X3,-97.0
Q8N9X5,-123.0
Q8N9Z2,-186.0
Q8NA03,-216.0
Q8NA57,-71.0
Q8NA66,-421.0
Q8NA70,-543.0
Q8NA75,-364.0
Q8NA96,-88.0
Q8NA97,-91.0
Q8NAA5,-320.0
Q8NAA6,-77.0
Q8NAB2,-577.0
Q8NAE3,-125.0
Q8NAJ2,-135.0
Q8NAP1,-173.0
Q8NAQ8,-134.0
Q8NAV2,-176.0
Q8NBB2,-84.0
Q8NBC4,-32.0
Q8NBE8,-626.0
Q8NBF4,-80.0
Q8NBP0,-945.0
Q8NBP5,-723.0
Q8NBR9,-247.0
Q8NBT3,-671.0
Q8NBZ9,19.0
Q8NC38,-47.0
Q8NC54,-93.0
Q8NCJ5,-150.0
Q8NCL8,-416.0
Q8NCQ2,-76.0
Q8NCQ3,-189.0
Q8NCS4,-292.0
Q8NCT3,-434.0
Q8NCU4,-773.0
Q8ND24,-346.0
Q8ND94,-296.0
Q8NDY4,-151.0
Q8NDY8,-168.0
Q8NEA4,-259.0
Q8NEE0,-16.0
Q8NEE8,-570.0
Q8NEG2,-26.0
Q8NEL0,-351.0
Q8NEQ5,-212.0
Q8NET4,-54.0
Q8NEX5,-108.0
Q8NEX6,-94.0
Q8NF67,-141.0
Q8NFD4,-144.0
Q8NFP0,-207.0
Q8NFV5,-380.0
Q8NGF1,-663.0
Q8NGF3,-790.0
Q8NGF4,-589.0
Q8NGF6,-736.0
Q8NGF7,-684.0
Q8NGF8,-659.0
Q8NGF9,-685.0
Q8NGG0,-665.0
Q8NGG1,-674.0
Q8NGG3,-687.0
Q8NGG4,-612.0
Q8NGG5,-794.0
Q8NGG6,-565.0
Q8NGG8,-583.0
Q8NGH3,-601.0
Q8NGH5,-734.0
Q8NGH6,-751.0
Q8NGH8,-736.0
Q8NGH9,-693.0
Q8NGI0,-623.0
Q8NGI1,-715.0
Q8NGI3,-752.0
Q8NGI4,-590.0
Q8NGI6,-712.0
Q8NGI7,-622.0
Q8NGI9,-560.0
Q8NGJ0,-640.0
Q8NGJ1,-591.0
Q8NGJ3,-748.0
Q8NGJ4,-741.0
Q8NGJ5,-833.0
Q8NGJ6,-731.0
Q8NGJ7,-737.0
Q8NGJ8,-757.0
Q8NGJ9,-810.0
Q8NGK0,-727.0
Q8NGK1,-846.0
Q8NGK3,-828.0
Q8NGK4,-784.0
Q8NGK5,-753.0
Q8NGK6,-632.0
Q8NGK9,-760.0
Q8NGL0,-675.0
Q8NGL2,-660.0
Q8NGL3,-632.0
Q8NGL4,-633.0
Q8NGL6,-644.0
Q8NGL7,-652.0
Q8NGL9,-645.0
Q8NGM1,-627.0
Q8NGM8,-776.0
Q8NGN0,-653.0
Q8NGN1,-798.0
Q8NGN2,-763.0
Q8NGN4,-668.0
Q8NGN5,-649.0
Q8NGN7,-597.0
Q8NGN8,-567.0
Q8NGP0,-658.0
Q8NGP2,-632.0
Q8NGP3,-548.0
Q8NGP4,-643.0
Q8NGP6,-616.0
Q8NGP8,-653.0
Q8NGP9,-588.0
Q8NGQ2,-722.0
Q8NGQ3,-652.0
Q8NGQ4,-785.0
Q8NGQ5,-681.0
Q8NGQ6,-670.0
Q8NGR1,-627.0
Q8NGR3,-711.0
Q8NGR4,-651.0
Q8NGR5,-612.0
Q8NGR8,-604.0
Q8NGR9,-619.0
Q8NGS1,-670.0
Q8NGS3,-667.0
Q8NGS4,-684.0
Q8NGS5,-608.0
Q8NGS6,-688.0
Q8NGS7,-635.0
Q8NGS9,-663.0
Q8NGT0,-622.0
Q8NGT1,-673.0
Q8NGT2,-731.0
Q8NGT5,-625.0
Q8NGT7,-763.0
Q8NGT9,-678.0
Q8NGU1,-662.0
Q8NGU2,-648.0
Q8NGU4,-602.0
Q8NGU9,-666.0
Q8NGV0,-681.0
Q8NGV5,-765.0
Q8NGV7,-635.0
Q8NGX0,-712.0
Q8NGX1,-606.0
Q8NGX2,-627.0
Q8NGX5,-667.0
Q8NGX6,-771.0
Q8NGX8,-706.0
Q8NGX9,-709.0
Q8NGY1,-677.0
Q8NGY2,-757.0
Q8NGY5,-728.0
Q8NGY6,-773.0
Q8NGY7,-599.0
Q8NGY9,-638.0
Q8NGZ0,-543.0
Q8NGZ2,-691.0
Q8NGZ3,-683.0
Q8NGZ4,-643.0
Q8NGZ5,-688.0
Q8NGZ6,-730.0
Q8NGZ9,-595.0
Q8NH00,-627.0
Q8NH01,-632.0
Q8NH02,-644.0
Q8NH03,-581.0
Q8NH04,-647.0
Q8NH05,-701.0
Q8NH07,-594.0
Q8NH08,-780.0
Q8NH09,-672.0
Q8NH16,-635.0
Q8NH18,-680.0
Q8NH21,-594.0
Q8NH37,-687.0
Q8NH40,-687.0
Q8NH41,-657.0
Q8NH42,-658.0
Q8NH49,-611.0
Q8NH50,-651.0
Q8NH51,-763.0
Q8NH53,-638.0
Q8NH54,-755.0
Q8NH55,-727.0
Q8NH56,-745.0
Q8NH57,-716.0
Q8NH60,-743.0
Q8NH61,-756.0
Q8NH63,-675.0
Q8NH64,-791.0
Q8NH70,-720.0
Q8NH72,-651.0
Q8NH73,-525.0
Q8NH74,-589.0
Q8NH76,-776.0
Q8NH79,-744.0
Q8NH80,-702.0
Q8NH81,-724.0
Q8NH83,-568.0
Q8NH89,-505.0
Q8NH90,-528.0
Q8NH93,-672.0
Q8NH95,-293.0
Q8NHA4,-656.0
Q8NHA6,-644.0
Q8NHA8,-624.0
Q8NHB1,-628.0
Q8NHB7,-650.0
Q8NHB8,-678.0
Q8NHC5,-705.0
Q8NHC6,-643.0
Q8NHC7,-596.0
Q8NHR7,-236.0
Q8NHR9,-150.0
Q8NHS2,-412.0
Q8NHS4,-801.0
Q8NHU0,-22.0
Q8NHV5,-347.0
Q8NHW5,-292.0
Q8NHW6,-46.0
Q8NHX4,-65.0
Q8NHY5,-398.0
Q8NHZ7,-166.0
Q8NI28,-276.0
Q8TA94,-264.0
Q8TAA1,-121.0
Q8TAC1,-93.0
Q8TAD7,9.0
Q8TAF5,-65.0
Q8TAI1,-147.0
Q8TAL5,-193.0
Q8TAT8,-79.0
Q8TAV0,-116.0
Q8TAV5,-98.0
Q8TAW3,-375.0
Q8TAY7,-49.0
Q8TB05,-2.0
Q8TB22,-512.0
Q8TB33,-1.0
Q8TB52,-510.0
Q8TB69,-347.0
Q8TBF8,-407.0
Q8TBH0,-427.0
Q8TBP6,-453.0
Q8TBR4,-153.0
Q8TBR5,-98.0
Q8TBR7,-518.0
Q8TBZ9,-376.0
Q8TC17,-63.0
Q8TC90,228.0
Q8TC99,-188.0
Q8TCA0,-185.0
Q8TCB0,-544.0
Q8TCH9,-153.0
Q8TCN5,-538.0
Q8TCP9,-852.0
Q8TCZ7,-60.0
Q8TD33,-92.0
Q8TD35,-158.0
Q8TD47,-298.0
Q8TD55,-75.0
Q8TD86,-67.0
Q8TD90,-605.0
Q8TDS7,-621.0
Q8TDU5,-481.0
Q8TDY3,-433.0
Q8TE82,-1677.0
Q8TE96,-897.0
Q8TEE9,-21.0
Q8TEF2,-196.0
Q8TEQ0,-469.0
Q8TEV8,-127.0
Q8TF08,-98.0
Q8TF20,-590.0
Q8TF21,-868.0
Q8TF27,-405.0
Q8TF32,-400.0
Q8TF44,-75.0
Q8TF45,-215.0
Q8TF61,-719.0
Q8WTP9,105.0
Q8WTQ4,-58.0
Q8WTR8,-393.0
Q8WTU2,-221.0
Q8WTZ4,-285.0
Q8WU43,-13.0
Q8WU49,-62.0
Q8WU76,-932.0
Q8WUB2,-67.0
Q8WUD4,-120.0
Q8WUH6,40.0
Q8WUJ1,-138.0
Q8WUR7,-95.0
Q8WUS8,-465.0
Q8WUT9,-434.0
Q8WUY1,-426.0
Q8WUY8,-256.0
Q8WUY9,-625.0
Q8WV15,-351.0
Q8WV83,-741.0
Q8WVC6,-418.0
Q8WVE6,-231.0
Q8WVF5,-279.0
Q8WVI0,-70.0
Q8WVI7,12.0
Q8WW14,-133.0
Q8WW18,-94.0
Q8WW32,-149.0
Q8WW33,-102.0
Q8WW36,-11.0
Q8WW52,-712.0
Q8WW59,-172.0
Q8WW62,-129.0
Q8WWA1,-6.0
Q8WWF1,-159.0
Q8WWF6,-71.0
Q8WWF8,-197.0
Q8WWM1,58.0
Q8WWR9,-40.0
Q8WWU7,16.0
Q8WWX0,-514.0
Q8WX39,-169.0
Q8WXE0,-337.0
Q8WXF5,50.0
Q8WXJ9,-528.0
Q8WXQ3,-36.0
Q8WXS4,-403.0
Q8WXT5,-352.0
Q8WY50,-188.0
Q8WYK1,-652.0
Q8WZ26,-179.0
Q8WZ69,-305.0
Q8WZ71,-378.0
Q8WZ82,-130.0
Q8WZA0,-140.0
Q8WZA6,-636.0
Q8WZA8,-45.0
Q8WZA9,-475.0
Q8WZB0,-111.0
Q92527,-325.0
Q92545,-679.0
Q92576,-317.0
Q92610,-323.0
Q92623,-142.0
Q92628,-20.0
Q92670,-385.0
Q93075,-251.0
Q93083,-56.0
Q969E4,213.0
Q969H9,-95.0
Q969W3,117.0
Q969Y0,-451.0
Q96A19,-349.0
Q96A22,-34.0
Q96A98,-188.0
Q96AB3,-290.0
Q96AQ1,-67.0
Q96AQ2,-283.0
Q96AQ9,-77.0
Q96AT1,23.0
Q96B33,-277.0
Q96B54,49.0
Q96B70,-419.0
Q96BJ8,-996.0
Q96BM0,-112.0
Q96BQ1,-193.0
Q96BQ3,-589.0
Q96BQ5,-331.0
Q96BT1,-76.0
Q96BW5,-449.0
Q96BX8,-162.0
Q96C01,-121.0
Q96C57,-64.0
Q96C90,-6.0
Q96CB5,-144.0
Q96CD0,-748.0
Q96CH1,-581.0
Q96CN7,-357.0
Q96CP2,-20.0
Q96CS4,-433.0
Q96CT2,-479.0
Q96CX6,-420.0
Q96D70,-246.0
Q96DC7,-766.0
Q96DD0,-408.0
Q96DE9,-209.0
Q96DL1,-813.0
Q96DM1,-428.0
Q96DN5,-1358.0
Q96DS6,-214.0
Q96DU9,-263.0
Q96DY2,-470.0
Q96E16,-89.0
Q96E39,413.0
Q96E66,-194.0
Q96EE4,-149.0
Q96EH5,-36.0
Q96EH8,-358.0
Q96EI5,117.0
Q96EK2,-429.0
Q96EK9,-313.0
Q96EL2,-284.0
Q96ER3,-575.0
Q96ES6,-757.0
Q96ET8,-303.0
Q96EV2,416.0
Q96EX1,-127.0
Q96EX2,-514.0
Q96EZ4,-414.0
Q96F63,-174.0
Q96F83,-106.0
Q96FA7,-234.0
Q96FB5,-656.0
Q96FF7,-132.0
Q96FK6,-190.0
Q96FN5,-593.0
Q96FQ7,6.0
Q96FV0,-193.0
Q96G27,-89.0
Q96GE5,-370.0
Q96GE6,-97.0
Q96GI7,-86.0
Q96GK7,-166.0
Q96GT9,29.0
Q96GU1,47.0
Q96H12,-229.0
Q96H35,-157.0
Q96H40,-375.0
Q96H79,-297.0
Q96HA4,-111.0
Q96HG1,-151.0
Q96HH4,-204.0
Q96HM7,-327.0
Q96HP4,-428.0
Q96HV5,-547.0
Q96HZ7,-97.0
Q96I13,-384.0
Q96I23,-98.0
Q96I45,-65.0
Q96IC2,-804.0
Q96ID5,-419.0
Q96IM9,-89.0
Q96IR2,-827.0
Q96IR3,5.0
Q96IT6,-86.0
Q96IW2,-89.0
Q96J77,-122.0
Q96JF6,-602.0
Q96JM4,-1315.0
Q96K17,-63.0
Q96K31,-313.0
Q96K37,-600.0
Q96K62,-313.0
Q96K75,-267.0
Q96KC9,-179.0
Q96KD3,-341.0
Q96KF2,-16.0
Q96KF7,-83.0
Q96KJ4,-877.0
Q96KT0,-80.0
Q96KT6,-92.0
Q96KT7,-609.0
Q96KV6,-493.0
Q96KW2,-49.0
Q96KW9,-21.0
Q96KX1,-132.0
Q96L03,-423.0
Q96L11,-69.0
Q96LB0,-742.0
Q96LI9,-330.0
Q96LK8,-118.0
Q96LM1,-85.0
Q96LM9,-111.0
Q96LP2,-293.0
Q96LP6,-276.0
Q96LQ0,-476.0
Q96LR4,-152.0
Q96LR7,-59.0
Q96LS8,-47.0
Q96LT6,-456.0
Q96LU7,-493.0
Q96LW1,-481.0
Q96LZ2,-197.0
Q96M15,-190.0
Q96M19,-100.0
Q96M20,-685.0
Q96M34,-6.0
Q96M42,-137.0
Q96M43,-336.0
Q96M53,-201.0
Q96M60,-581.0
Q96M66,27.0
Q96M78,-190.0
Q96M85,-137.0
Q96M89,-701.0
Q96M93,-510.0
Q96M95,-320.0
Q96MC4,-346.0
Q96MC5,-222.0
Q96MC6,-791.0
Q96MC9,-237.0
Q96MD7,-180.0
Q96ME1,-1057.0
Q96ME7,-276.0
Q96MF0,-84.0
Q96MF4,-11.0
Q96MF6,-207.0
Q96MH6,-566.0
Q96MH7,-471.0
Q96MK2,-763.0
Q96MN5,-257.0
Q96MP5,-635.0
Q96MR6,-1007.0
Q96MR7,-107.0
Q96MR9,-720.0
Q96MS3,-377.0
Q96MT0,-134.0
Q96MT4,-59.0
Q96MU5,-199.0
Q96MU6,-520.0
Q96MW1,-91.0
Q96MW7,-578.0
Q96MY1,53.0
Q96MZ0,-501.0
Q96MZ4,-63.0
Q96N11,-692.0
Q96N20,-161.0
Q96N22,-453.0
Q96N35,-285.0
Q96N46,-421.0
Q96N53,-88.0
Q96N68,-144.0
Q96NA8,-336.0
Q96ND8,-361.0
Q96NG8,-460.0
Q96NI8,-460.0
Q96NJ1,-26.0
Q96NJ5,-817.0
Q96NJ6,-299.0
Q96NK8,-96.0
Q96NR7,-24.0
Q96NS1,-150.0
Q96NS5,-632.0
Q96NS8,-85.0
Q96NT1,53.0
Q96NU7,-490.0
Q96P64,-431.0
Q96P67,-644.0
Q96PG1,-146.0
Q96PG2,-448.0
Q96PI1,77.0
Q96PP4,-119.0
Q96PQ5,-14.0
Q96PS1,-157.0
Q96PS6,-136.0
Q96PT3,-174.0
Q96PT4,-178.0
Q96PX6,-98.0
Q96PY0,92.0
Q96QA6,-137.0
Q96QD5,-499.0
Q96QE4,-661.0
Q96QH8,-213.0
Q96QK8,-114.0
Q96QU4,-67.0
Q96QZ0,-721.0
Q96R05,-84.0
Q96R09,-507.0
Q96R27,-660.0
Q96R28,-678.0
Q96R30,-660.0
Q96R45,-742.0
Q96R47,-715.0
Q96R54,-548.0
Q96R67,-695.0
Q96R69,-593.0
Q96R72,-610.0
Q96R84,-601.0
Q96RB7,-569.0
Q96RD0,-574.0
Q96RD1,-677.0
Q96RD2,-811.0
Q96RD3,-759.0
Q96RM1,-40.0
Q96RT6,-380.0
Q96RY5,-130.0
Q96S07,-55.0
Q96S19,-245.0
Q96S86,-251.0
Q96SA4,-816.0
Q96SF2,-694.0
Q96SJ8,-442.0
Q96SK2,-356.0
Q96T17,2.0
Q96T59,-236.0
Q96T75,-66.0
Q96TA0,-724.0
Q99440,-88.0
Q99457,-26.0
Q99470,6.0
Q99603,-144.0
Q99676,-334.0
Q99679,-694.0
Q99680,-787.0
Q9BPW5,-302.0
Q9BPW8,-324.0
Q9BPX7,-435.0
Q9BQ13,-241.0
Q9BQ48,-82.0
Q9BQ49,-123.0
Q9BQ75,-224.0
Q9BQD1,-37.0
Q9BQE6,26.0
Q9BQM9,-148.0
Q9BQN1,-313.0
Q9BQP9,-344.0
Q9BQY6,-81.0
Q9BR09,-355.0
Q9BR10,-68.0
Q9BR11,-653.0
Q9BR26,-997.0
Q9BR46,-46.0
Q9BR77,-486.0
Q9BRH9,-222.0
Q9BRJ6,-132.0
Q9BRN9,-183.0
Q9BRP1,-250.0
Q9BRP7,-690.0
Q9BRP9,-32.0
Q9BRR8,-72.0
Q9BS91,-692.0
Q9BS92,-249.0
Q9BSC4,-621.0
Q9BSJ1,-520.0
Q9BSK0,-355.0
Q9BSY4,-108.0
Q9BT73,-136.0
Q9BTA0,-90.0
Q9BTD1,-136.0
Q9BTE0,-127.0
Q9BTF0,-579.0
Q9BTK2,-35.0
Q9BTV7,-337.0
Q9BTX7,-483.0
Q9BTY7,-522.0
Q9BU68,-7.0
Q9BUA6,-167.0
Q9BUJ0,-397.0
Q9BUV0,-93.0
Q9BUW7,-10.0
Q9BUY7,-196.0
Q9BV87,-632.0
Q9BV97,-209.0
Q9BVG4,-33.0
Q9BVM2,-160.0
Q9BVR0,-1344.0
Q9BVV8,-99.0
Q9BVW6,-71.0
Q9BWD3,-102.0
Q9BWG4,337.0
Q9BWJ2,-19.0
Q9BWM5,-382.0
Q9BWT6,-136.0
Q9BWV2,-284.0
Q9BWW9,-323.0
Q9BX51,-119.0
Q9BX69,-315.0
Q9BX73,-254.0
Q9BXJ2,87.0
Q9BXM9,-238.0
Q9BXN6,3.0
Q9BXQ6,-401.0
Q9BXU2,-269.0
Q9BXU3,-184.0
Q9BXU8,-268.0
Q9BXW3,-89.0
Q9BXW7,-334.0
Q9BXX2,-785.0
Q9BXX3,-881.0
Q9BXY0,-181.0
Q9BXY5,-395.0
Q9BY19,-183.0
Q9BY31,-531.0
Q9BY71,-453.0
Q9BY89,-140.0
Q9BYB4,-386.0
Q9BYD9,-398.0
Q9BYE4,-49.0
Q9BYG7,-259.0
Q9BYJ0,-90.0
Q9BYL1,-192.0
Q9BYS8,-473.0
Q9BYT5,-102.0
Q9BYU5,-113.0
Q9BZ19,-401.0
Q9BZ68,-410.0
Q9BZ81,-306.0
Q9BZ97,-62.0
Q9BZ98,-143.0
Q9BZA0,-6.0
Q9BZA5,-37.0
Q9BZE3,-188.0
Q9BZE7,-192.0
Q9BZK3,-25.0
Q9BZK8,-88.0
Q9BZP3,-93.0
Q9BZS9,-69.0
Q9BZW5,-681.0
Q9C002,-97.0
Q9C073,-158.0
Q9C0B2,-1276.0
Q9C0B7,-1450.0
Q9C0B9,-26.0
Q9C0D4,-455.0
Q9C0H6,-526.0
Q9C0I3,-285.0
Q9C0I4,-658.0
Q9C0I9,-501.0
Q9C0K3,-231.0
Q9GIP4,-276.0
Q9GZK3,-688.0
Q9GZK7,-719.0
Q9GZL8,-24.0
Q9GZM3,-179.0
Q9GZN8,-193.0
Q9GZP8,155.0
Q9GZU0,-227.0
Q9GZU3,-837.0
Q9GZW5,-202.0
Q9GZY1,-206.0
Q9H098,-42.0
Q9H0A3,-227.0
Q9H0H9,-46.0
Q9H0K4,-87.0
Q9H0M5,-326.0
Q9H0P7,-166.0
Q9H0Q0,-403.0
Q9H0R4,-315.0
Q9H0V1,-1292.0
Q9H0W7,-227.0
Q9H106,-158.0
Q9H114,-138.0
Q9H195,-494.0
Q9H1A7,-173.0
Q9H1C3,-478.0
Q9H1C7,14.0
Q9H1E5,-145.0
Q9H1F0,-96.0
Q9H1H1,-70.0
Q9H1K6,-424.0
Q9H1L0,-60.0
Q9H1M0,-162.0
Q9H1M3,-114.0
Q9H1Q7,-365.0
Q9H1X3,-502.0
Q9H1Z4,-468.0
Q9H1Z9,-330.0
Q9H208,-597.0
Q9H246,20.0
Q9H299,-41.0
Q9H2C5,-810.0
Q9H2C8,-766.0
Q9H2I8,-198.0
Q9H2J1,25.0
Q9H2U6,-73.0
Q9H2Z4,-34.0
Q9H321,327.0
Q9H322,75.0
Q9H343,-648.0
Q9H344,-684.0
Q9H346,-783.0
Q9H354,-196.0
Q9H379,-140.0
Q9H3H9,130.0
Q9H3V2,-367.0
Q9H3W5,-806.0
Q9H3Y0,-245.0
Q9H3Y8,-19.0
Q9H3Z7,-572.0
Q9H425,-3.0
Q9H478,-2.0
Q9H489,-290.0
Q9H496,-158.0
Q9H4G8,16.0
Q9H4I0,-328.0
Q9H4I3,-425.0
Q9H4K1,-339.0
Q9H4R4,25.0
Q9H521,6.0
Q9H560,-447.0
Q9H568,-307.0
Q9H579,-753.0
Q9H5J0,-235.0
Q9H606,-157.0
Q9H607,-97.0
Q9H628,-260.0
Q9H693,-159.0
Q9H6A0,-480.0
Q9H6B1,-226.0
Q9H6K5,-348.0
Q9H6N6,-977.0
Q9H6Y2,-235.0
Q9H6Y5,-141.0
Q9H720,-939.0
Q9H765,-376.0
Q9H7B7,-189.0
Q9H7F4,-814.0
Q9H7J1,-195.0
Q9H7L2,-277.0
Q9H7M6,-1381.0
Q9H7R5,-432.0
Q9H7T0,-1045.0
Q9H7T3,-10.0
Q9H7X2,-117.0
Q9H7Y0,-552.0
Q9H819,-281.0
Q9H841,-548.0
Q9H853,-285.0
Q9H857,-712.0
Q9H8G1,-474.0
Q9H8G2,99.0
Q9H8J5,-293.0
Q9H8M1,-363.0
Q9H8Q6,-184.0
Q9H8U3,-3.0
Q9H8V8,-143.0
Q9H8W2,-42.0
Q9H8W3,-31.0
Q9H8X3,-67.0
Q9H920,-569.0
Q9H930,-250.0
Q9H963,-81.0
Q9H972,-206.0
Q9H9A6,-698.0
Q9H9L3,-101.0
Q9H9R9,-32.0
Q9H9S3,-706.0
Q9H9S4,-449.0
Q9H9Y4,-449.0
Q9HA72,-527.0
Q9HA90,-592.0
Q9HAA7,-113.0
Q9HAE3,-147.0
Q9HAH7,-162.0
Q9HAU6,-164.0
Q9HB14,-526.0
Q9HB15,-723.0
Q9HB31,-76.0
Q9HBI5,-107.0
Q9HBJ0,-159.0
Q9HBL7,-166.0
Q9HBT7,-646.0
Q9HBX3,-228.0
Q9HC44,175.0
Q9HC47,-145.0
Q9HC57,-156.0
Q9HCE3,-587.0
Q9HCJ3,-371.0
Q9HCJ5,-1274.0
Q9HCJ6,-223.0
Q9HCK1,-517.0
Q9HCL3,-631.0
Q9HCM7,-272.0
Q9HCS5,-367.0
Q9HCZ1,-431.0
Q9HD45,-745.0
Q9HD87,-212.0
Q9HDB8,-107.0
Q9NNX9,207.0
Q9NNZ3,-199.0
Q9NNZ6,84.0
Q9NPB0,-149.0
Q9NPD7,-193.0
Q9NPI7,-79.0
Q9NPU4,-56.0
Q9NQ32,-359.0
Q9NQ35,-255.0
Q9NQ39,-152.0
Q9NQ89,-636.0
Q9NQF3,-189.0
Q9NQR7,-519.0
Q9NQX6,-373.0
Q9NQZ5,-281.0
Q9NRC9,-85.0
Q9NRD0,-393.0
Q9NRI6,-50.0
Q9NRI7,-53.0
Q9NRJ2,-178.0
Q9NRP2,-99.0
Q9NRP4,-68.0
Q9NRX3,-119.0
Q9NS85,-274.0
Q9NSG2,-1356.0
Q9NSJ1,-260.0
Q9NSQ0,-40.0
Q9NSY2,-82.0
Q9NU23,-92.0
Q9NU53,-299.0
Q9NUB4,-190.0
Q9NUC0,-21.0
Q9NUD7,-364.0
Q9NUG4,-168.0
Q9NUJ7,-426.0
Q9NUR3,-157.0
Q9NV39,-152.0
Q9NVA4,-711.0
Q9NVE4,-908.0
Q9NVM1,-219.0
Q9NVM6,-235.0
Q9NVP4,-471.0
Q9NVR0,-646.0
Q9NVV2,-111.0
Q9NW07,-96.0
Q9NW61,-137.0
Q9NW82,-79.0
Q9NWL6,-634.0
Q9NWM3,36.0
Q9NWW7,-453.0
Q9NX00,-170.0
Q9NX05,-556.0
Q9NX31,-12.0
Q9NX36,-394.0
Q9NX77,-688.0
Q9NXD2,-659.0
Q9NXH8,-601.0
Q9NXN4,-544.0
Q9NXP7,-495.0
Q9NXS3,-664.0
Q9NXT0,-345.0
Q9NXU5,-222.0
Q9NXZ1,-428.0
Q9NY87,-2.0
Q9NYF3,-16.0
Q9NYJ1,-30.0
Q9NYL9,-249.0
Q9NYP8,-324.0
Q9NYS7,-371.0
Q9NYT0,-296.0
Q9NYT6,-183.0
Q9NYW1,-728.0
Q9NZ32,-586.0
Q9NZ38,-139.0
Q9NZ63,-90.0
Q9NZF1,-66.0
Q9NZH4,-81.0
Q9NZP0,-667.0
Q9NZP2,-677.0
Q9NZP5,-743.0
Q9NZY2,-106.0
Q9P016,-78.0
Q9P1A2,-328.0
Q9P1C3,-97.0
Q9P1D8,-17.0
Q9P1F3,-88.0
Q9P1G2,-39.0
Q9P1J3,-37.0
Q9P1P4,-554.0
Q9P1Q5,-527.0
Q9P1V8,-77.0
Q9P1Z9,-1463.0
Q9P215,-308.0
Q9P217,-1431.0
Q9P227,-719.0
Q9P255,-433.0
Q9P281,-601.0
Q9P298,-151.0
Q9P2B7,-44.0
Q9P2C4,-782.0
Q9P2D6,-1105.0
Q9P2F5,-262.0
Q9P2N5,-246.0
Q9P2S6,-762.0
Q9P2W6,-82.0
Q9P2X7,-62.0
Q9P2X8,-46.0
Q9P2Z0,-125.0
Q9UBI9,-303.0
Q9UBK7,-138.0
Q9UBP8,-46.0
Q9UC06,-253.0
Q9UD57,-83.0
Q9UDX4,-342.0
Q9UEU5,118.0
Q9UF47,-192.0
Q9UF83,-227.0
Q9UFN0,-283.0
Q9UFV1,-176.0
Q9UFV3,-84.0
Q9UG63,-649.0
Q9UGF6,-654.0
Q9UGF7,-680.0
Q9UGV2,-235.0
Q9UH36,-393.0
Q9UH64,-81.0
Q9UH90,-492.0
Q9UHA2,-100.0
Q9UHL3,-78.0
Q9UHP9,35.0
Q9UHQ7,-36.0
Q9UHT4,-183.0
Q9UHU1,-35.0
Q9UI15,-85.0
Q9UI25,17.0
Q9UI54,-110.0
Q9UI72,-48.0
Q9UIG5,-113.0
Q9UIY3,-295.0
Q9UJ72,-363.0
Q9UJC5,3.0
Q9UJH8,-318.0
Q9UJJ7,-371.0
Q9UJN7,-119.0
Q9UJQ7,-98.0
Q9UJT0,-421.0
Q9UJV8,-67.0
Q9UK00,-136.0
Q9UK10,-390.0
Q9UK12,-280.0
Q9UK28,-310.0
Q9UKI3,-128.0
Q9UKQ9,-227.0
Q9UKR8,-227.0
Q9UKY7,202.0
Q9UL59,-150.0
Q9ULD9,349.0
Q9ULE4,-618.0
Q9ULG3,-257.0
Q9ULI1,-2373.0
Q9ULL0,290.0
Q9ULL1,-687.0
Q9ULM0,-939.0
Q9ULN7,-185.0
Q9UMS5,-921.0
Q9UND3,-465.0
Q9UNX3,-56.0
Q9UNX4,-965.0
Q9UNZ5,-10.0
Q9UPC5,-685.0
Q9UPR6,-360.0
Q9UQ74,-345.0
Q9XRX5,-86.0
Q9Y236,-448.0
Q9Y291,-70.0
Q9Y2B9,24.0
Q9Y2E4,-1438.0
Q9Y2G7,-531.0
Q9Y2G8,-872.0
Q9Y2H5,-133.0
Q9Y2P8,-406.0
Q9Y2S6,55.0
Q9Y312,-438.0
Q9Y324,-265.0
Q9Y343,-254.0
Q9Y3B1,-196.0
Q9Y3B9,3.0
Q9Y3D5,-143.0
Q9Y3F1,-99.0
Q9Y3N9,-637.0
Q9Y3P4,-477.0
Q9Y3T6,-248.0
Q9Y426,-470.0
Q9Y442,-132.0
Q9Y485,-2410.0
Q9Y4A0,-454.0
Q9Y4A9,-653.0
Q9Y4E6,-1738.0
Q9Y4M8,-57.0
Q9Y519,-622.0
Q9Y534,-21.0
Q9Y536,-55.0
Q9Y546,-415.0
Q9Y581,-152.0
Q9Y5L5,-78.0
Q9Y5M1,-27.0
Q9Y5P0,-672.0
Q9Y5P2,-41.0
Q9Y5V0,37.0
Q9Y614,-345.0
Q9Y651,-134.0
Q9Y675,-46.0
Q9Y693,-248.0
Q9Y6C7,-186.0
Q9Y6F7,-377.0
Q9Y6J3,-33.0
Q9Y6R6,-642.0
Q9Y6U7,-533.0
Q9Y6X4,-71.0
Q9Y6Z2,-42.0
Q9Y6Z4,-77.0
Q9Y6Z5,12.0
S4R3P1,-42.0
S4R3Y5,-51.0
X6R8D5,-43.0
X6R8R1,-287.0
