UniProt_ID,ParSe2_score
A0A087X1C5,4.968327329144998
A0A0B4J2F0,0.0
A0A0B4J2F2,86.41900984280481
A0A0C5B5G6,
A0A0K2S4Q6,18.72888759970312
A0A0U1RRE5,23.77112579454575
A0A1B0GTW7,38.93084685852862
A0A5B9,3.4023684405638446
A0AV02,29.755735915239562
A0AV96,80.4199964694829
A0AVF1,0.23672497494549075
A0AVI4,0.0
A0AVK6,202.18351411343423
A0AVT1,29.270175038276413
A0FGR8,147.40222709270765
A0FGR9,24.58825115585218
A0JLT2,43.85818603086512
A0JNW5,176.40943827120293
A0JP26,130.7792596987055
A0M8Q6,10.762403651001575
A0MZ66,41.878389442718714
A0PJK1,4.386626674157688
A0PJY2,4.954226852718737
A0PK00,0.0
A0PK11,0.0
A1A4S6,112.04741503216103
A1A4Y4,39.9442168440269
A1A519,45.99817495265579
A1A5B4,8.94172453812149
A1A5C7,151.340011696193
A1E959,23.78089797554637
A1KXE4,160.86454261466548
A1KZ92,89.98666373107065
A1L0T0,6.030941856106395
A1L167,0.0
A1L190,0.0
A1L390,237.8951501145311
A1L3X0,0.0
A1L4H1,551.0639438100523
A1L4K1,28.58231986775613
A1X283,126.30970627767876
A1XBS5,4.319080079143191
A1Z1Q3,3.0673612778844914
A2A288,63.52155116800672
A2A2Y4,0.0
A2IDD5,43.59898581947334
A2PYH4,69.38906684857429
A2RRP1,21.308883597358665
A2RTX5,3.0503121051537114
A2RU14,0.0
A2RU30,28.685005842708843
A2RU49,20.303938116142106
A2RUB1,199.21647245066703
A2RUB6,138.5538651529084
A2RUC4,6.0883806686528565
A2RUH7,7.7077293240873095
A2VDJ0,241.24896054423326
A2VEC9,1060.1130017144756
A3KMH1,141.62728827982122
A4D0S4,243.56809362327866
A4D126,32.485656641912435
A4D161,17.68443928712423
A4D1B5,5.384660595766954
A4D1E9,52.88999051334633
A4D1P6,55.048016655570784
A4D1T9,1.2333808341907857
A4D256,6.740833274174203
A4D2B0,37.01084491170802
A4D2B8,50.673788085948495
A4GXA9,31.27546865698735
A4UGR9,346.53401094339813
A5D8T8,0.7386399743601417
A5D8V6,99.85782202300749
A5D8V7,7.083349469262065
A5D8W1,35.64628033508629
A5LHX3,21.16652676781095
A5PKW4,243.4658639071881
A5PLL7,0.0
A5PLN9,1.9233584819822598
A5X5Y0,9.455573448552748
A5YKK6,194.79921555886656
A5YM72,7.279907623378733
A6BM72,222.8806128556591
A6H8Y1,150.39922519535654
A6H8Z2,21.1876634485237
A6NC98,51.13996707484132
A6NCS4,186.1954055056347
A6ND01,6.816002569402613
A6ND36,102.63241283484541
A6NDB9,54.00311730827629
A6NDE4,375.5077198461199
A6NDG6,7.416652244962664
A6NDV4,11.547265242991433
A6NED2,26.60945392473657
A6NEM1,73.00192041273435
A6NFA1,25.278335650961715
A6NFQ2,11.321446833296495
A6NFX1,19.0104300181096
A6NFY7,27.013352494690213
A6NGG8,214.27682185967876
A6NGQ2,0.0
A6NGU5,22.56725161931383
A6NHR9,65.61307049488258
A6NI15,66.73474903413381
A6NI61,0.0
A6NI73,17.622780456570933
A6NIH7,0.3558856306624916
A6NIX2,212.3079373046669
A6NJ46,101.4426606324175
A6NJ78,22.177661781517966
A6NK06,8.735630057055479
A6NK58,1.563484318897729
A6NK89,64.32249161523119
A6NKB5,415.2092284043475
A6NL88,318.2705121188595
A6NMY6,4.519012851471202
A6NMZ7,560.2030024903029
A6NNB3,0.18987066056403104
A6NNM8,12.032654025046723
A6NNY8,52.570206985068324
A6NNZ2,30.5476806184398
A6PVC2,47.468683946248326
A7E2V4,562.0690627098436
A7E2Y1,28.124296345290023
A7KAX9,379.81719495118296
A7MCY6,23.347421037415774
A7MD48,322.5565146093752
A7XYQ1,336.4622833815214
A8CG34,973.3398435317832
A8K0Z3,60.77694129776909
A8K2U0,104.08888024104131
A8K4G0,27.6493487974389
A8K7I4,71.94195584986804
A8K8P3,14.08158346954324
A8K8V0,2.942871262829243
A8MPY1,6.802623845161747
A8MQ03,38.308523828488326
A8MQ27,65.39351460476071
A8MT69,0.0
A8MTA8,5.8319446871202025
A8MTJ3,0.7022596793951241
A8MTQ0,3.8307016867902512
A8MTZ0,1.2136517906182493
A8MU46,23.75726535323378
A8MUP2,10.018172387290953
A8MV65,59.280086859448495
A8MVW5,30.81902127319028
A8MW95,26.072478163871676
A8MW99,10.378498733938116
A8MWX3,66.2314061151408
A8MXD5,8.493241181959
A8MXV4,16.04364970954226
A8MYU2,62.26794843465436
A8MZ59,35.200236328732494
A8TX70,630.7322182228727
A9UHW6,0.0
A9YTQ3,97.00055082263219
B0I1T2,33.13502620405807
B0L3A2,1.3003311773930015
B0YJ81,18.906147270252724
B1AK53,177.65101922761508
B1AL88,109.69031073194373
B2RTY4,133.61131663102742
B2RUY7,2.083234610144742
B2RUZ4,14.469540911672073
B2RXF5,7.6010469424269225
B2RXH2,133.54172894743948
B3KU38,227.55621367213251
B6A8C7,27.836562569062394
B7U540,16.788024520920278
B7Z8K6,23.578245562328362
B7ZAQ6,9.569950298211257
C4AMC7,59.47029581409232
C9JE40,7.488701174647981
C9JLW8,13.513380571147163
C9JR72,6.925653128478777
C9JRZ8,15.738762664706021
D3W0D1,0.0
D6RGH6,29.04851217721929
E0CX11,0.0
G2XKQ0,0.0
H0YL14,0.0
K7EJ46,0.25389781963366076
K9M1U5,0.0842312062530705
M0R2J8,75.52649361918508
O00115,99.87716697011723
O00116,46.848739927054034
O00124,23.478972074958534
O00139,94.36431097515052
O00141,18.622073370278834
O00142,2.1725588359033994
O00144,54.161717141281265
O00148,5.323864289720744
O00151,41.03405475283052
O00154,8.28664873369284
O00155,14.470370740651898
O00159,51.977724287587264
O00160,80.84942765555228
O00161,81.45022144629112
O00165,29.02417768313785
O00167,255.71515430232606
O00168,3.97760104227586
O00170,7.764134738443803
O00175,0.0
O00180,0.0
O00182,28.772530580607622
O00186,0.8393177397191958
O00187,97.6364654975344
O00189,55.29811478776565
O00192,204.6486390357892
O00194,18.548755417084077
O00198,0.0
O00203,9.23166239702037
O00204,3.578288126810421
O00206,3.404034642866797
O00212,6.147950904859702
O00213,82.93899491317299
O00214,6.972241855211639
O00217,7.1447331428166025
O00219,0.0
O00220,86.67136709500059
O00221,95.49566732086097
O00222,31.88311881818411
O00230,2.4276691442507405
O00231,0.0
O00232,0.9575216390244912
O00233,10.638166909489138
O00237,25.857390526871033
O00238,12.270990393230457
O00241,20.75547108289536
O00244,0.0
O00253,0.0
O00254,3.1898290837044163
O00255,48.63701482813913
O00257,52.59205189535216
O00258,0.0
O00264,4.174715488064877
O00267,484.1382163572501
O00268,207.50198081421723
O00270,0.4805876643089512
O00273,5.730661477216016
O00287,95.20687287850232
O00291,22.008366338978867
O00292,4.227873117496587
O00294,21.530361082007218
O00299,0.0
O00300,28.954904450128055
O00303,2.937197276946728
O00305,143.8559104462381
O00308,183.33104113696072
O00311,63.317109046862726
O00322,0.0
O00327,205.3562965956402
O00329,9.174683325892797
O00330,22.036853034327216
O00337,1.957998892316438
O00338,4.816281464196505
O00339,14.989239750355937
O00341,1.8337274804392312
O00358,178.68234936459015
O00370,10.3073549521859
O00391,6.318791895670322
O00400,22.097415336870927
O00401,28.461194539084566
O00408,3.435546355480774
O00409,161.02844827108703
O00410,7.922158803847635
O00411,58.960102539932834
O00418,75.09559334880817
O00421,5.075992283833241
O00422,38.804667822298356
O00423,95.24059966968771
O00425,35.16175816548416
O00429,68.43381206173866
O00442,5.724843552828604
O00443,120.88868460736904
O00444,361.0943954497645
O00445,8.952214712187388
O00451,37.69094180243044
O00453,5.891603493358307
O00459,27.605573172874244
O00461,10.6908161106074
O00462,22.24756393479448
O00463,15.474481160408141
O00468,341.67305429066664
O00469,54.21766586549888
O00470,223.81618305851427
O00471,12.75329215327075
O00472,108.3284749139702
O00476,12.343447050570834
O00478,22.359548308389503
O00481,22.87944975212541
O00482,65.92107184357148
O00483,2.829310657157577
O00487,10.90352395748251
O00488,0.821687857992984
O00499,30.52030778700931
O00501,3.5833490204702847
O00505,1.2851504589345215
O00506,3.6923643412073774
O00507,208.53225715204434
O00512,999.3775788113323
O00519,96.78537785701685
O00522,13.647104524303511
O00526,4.150767788279401
O00533,96.38392153873188
O00541,2.817029757294611
O00548,245.57556780805578
O00555,418.3710147979512
O00559,11.003979324051112
O00560,0.20087836708557372
O00562,225.01410282024943
O00566,5.727144760962111
O00567,0.6691740939282926
O00571,461.42641975890683
O00574,8.35444116712216
O00584,0.4937019253466094
O00585,2.8741546782774745
O00587,7.2217015117914
O00590,0.941299706460498
O00591,0.5541779484128526
O00592,338.960174350959
O00602,103.95630674356941
O00622,31.989057687204973
O00623,0.0886021721875179
O00625,19.066601285855658
O00626,0.0
O00628,0.5083641699996294
O00629,6.066553456734184
O00631,0.0
O00635,12.858265845209267
O00712,102.18974628488874
O00716,141.89965934478414
O00743,0.4132601987385882
O00744,56.52574158629745
O00746,18.02205485149244
O00748,32.61154119470802
O00750,170.07349982209757
O00754,64.31033988236928
O00755,43.11252559628757
O00757,6.526586383514127
O00762,0.9427335765202741
O00763,117.94348499324263
O00764,8.892718201716086
O00767,22.04848527297266
O14490,208.0724303764962
O14492,46.74973320357035
O14493,0.0
O14494,0.16483207971317634
O14495,9.613132161497965
O14497,1872.952636375633
O14503,48.48743699330764
O14508,16.646696557613083
O14511,376.95912281153085
O14512,127.0026472321756
O14514,238.76041613926898
O14519,81.41548486844498
O14520,11.256271388572289
O14521,0.0
O14522,161.3976053261004
O14523,120.67669896652134
O14524,18.014615883358534
O14525,114.12094967544482
O14526,131.93438464702737
O14529,258.92968594538434
O14530,5.393299111518749
O14531,26.146074655562018
O14543,21.387273469469857
O14544,71.92813447058104
O14556,15.51991574873836
O14558,0.2602499801710338
O14559,341.11226876198293
O14561,0.0
O14569,0.0
O14576,44.26889887025957
O14578,49.84559104835938
O14579,0.6985540854661627
O14593,18.416931013181596
O14594,185.98630540361205
O14595,0.0
O14607,342.85758411763936
O14610,1.832039078447944
O14613,20.493830289988935
O14617,22.044462281397077
O14618,79.01096002595425
O14625,0.0
O14627,273.8145020429271
O14628,44.44661088206364
O14633,45.08182737603988
O14638,43.47117585339315
O14639,238.75765497675485
O14640,293.83838818225894
O14641,383.2767925406104
O14645,1.1016428362326396
O14646,358.6144583549144
O14647,250.833735554849
O14649,151.17166450263693
O14653,1.9793359614242054
O14654,787.1339944936994
O14656,0.31757806258557386
O14657,0.0009210431097589589
O14662,1.4181783559148098
O14669,3.0869099186987143
O14672,88.05329576429729
O14678,3.9406638837764296
O14681,1.7460891397989498
O14682,3.8407135653985756
O14684,3.844294686083599
O14686,1293.4339061343494
O14713,100.00605485147477
O14717,8.833760774210717
O14727,19.9074453134466
O14730,7.669158051147683
O14732,3.1128076604718222
O14733,27.515516652258057
O14734,7.996966705643931
O14735,0.0
O14737,0.0
O14744,19.316941655692084
O14745,27.305409895517016
O14746,55.87180593103063
O14756,0.10688136240596877
O14757,44.87805887660898
O14763,36.8714809762212
O14764,21.335270147114915
O14770,210.51128235387012
O14771,33.83293435375494
O14772,0.0
O14773,73.85869452838071
O14775,11.715528817206081
O14776,149.70769563444742
O14777,25.237685354083986
O14782,161.42770772306847
O14786,148.30818049662685
O14787,0.8692706796153262
O14788,12.29219420409239
O14791,17.357453356536496
O14792,8.489249354241924
O14793,17.939390411731626
O14795,134.2976438316927
O14796,0.0
O14798,52.022171227497196
O14802,74.80373929604292
O14807,0.0
O14810,0.19098022157964212
O14813,95.72057866963516
O14815,11.960337214858209
O14817,0.0
O14818,3.6257057753633344
O14827,103.60852839227158
O14828,4.270842182539306
O14829,46.16916162327263
O14830,31.926147757720656
O14832,15.577364072028228
O14836,50.32395699895187
O14841,224.76256150258118
O14842,10.058706496701795
O14843,7.399512977108063
O14862,0.37755417136147085
O14863,46.57006074415851
O14867,38.097196190535016
O14874,20.09759336799869
O14879,13.418566782005227
O14880,0.0
O14893,2.509459456812261
O14894,0.0
O14896,22.377294943228733
O14901,47.95482346225221
O14904,29.459897187078536
O14905,32.509905886902814
O14907,10.916701479588621
O14908,78.75536439459066
O14910,17.608996693163274
O14917,276.9091279488329
O14920,37.01205092781091
O14924,441.13201074198366
O14925,41.27183268808406
O14926,19.6507173222859
O14929,0.004180731862042535
O14931,4.932588660455316
O14933,0.0
O14936,102.07662810656234
O14939,18.96039840351342
O14944,0.6169135027308474
O14948,34.10504714598129
O14949,0.0
O14950,0.0
O14957,0.0
O14958,0.16586998152378965
O14960,17.977276432735874
O14964,163.4257151146748
O14965,2.502142945591408
O14966,22.578190076619457
O14967,1.1758562752826172
O14972,2.734235196371186
O14974,353.79948560374476
O14975,1.7692955493859195
O14976,232.23889320599704
O14977,4.493520140411169
O14978,61.66444680318686
O14979,267.6998059392846
O14980,3.327270315824949
O14981,52.214232603874066
O14983,11.931047403573327
O14986,46.72342368535638
O14994,112.61581402314029
O15013,76.02522811167236
O15014,570.3385375937415
O15015,307.3710626893984
O15018,771.2199164833332
O15020,89.52632094457341
O15021,696.2169587092376
O15027,791.1237096045804
O15031,157.87884954065873
O15033,23.06061177685112
O15040,129.0878018112725
O15041,50.35199226221319
O15042,99.81915162579466
O15047,519.6944597268217
O15049,118.76476847070133
O15054,451.1694749053705
O15055,295.8822406256731
O15056,120.28795121863413
O15060,103.89688614898101
O15061,373.9110472905609
O15062,119.4318834525431
O15066,67.1341794693239
O15067,171.02704741459337
O15068,62.57165036949814
O15072,130.27901943805796
O15075,96.5992986647899
O15078,19.316681379288312
O15079,172.7455715347403
O15083,161.4430142539629
O15084,41.59925973014925
O15085,212.97235942186504
O15091,5.453600233484627
O15105,86.08379666466175
O15111,22.383059965662323
O15116,0.0
O15117,142.82284638436738
O15118,50.46640981182615
O15119,91.97114551286212
O15120,4.32739036485486
O15121,0.0
O15123,60.67297105217104
O15126,39.12439952696845
O15127,6.205037782208814
O15130,8.351120851200776
O15131,0.0
O15143,35.325593485813926
O15144,0.0
O15145,4.729626651644893
O15146,56.60246850519279
O15151,45.20827123917373
O15155,26.085134773150866
O15156,102.30097798350236
O15160,8.823200380805815
O15162,104.1527788403737
O15164,264.39043879828887
O15165,93.01023273530635
O15169,189.12321650990717
O15173,27.80215242052495
O15178,178.53855931848102
O15182,0.6758112289643627
O15194,3.0130544466750595
O15195,97.76851240959523
O15197,132.06047912000048
O15198,40.533373077134556
O15204,11.057887674736971
O15205,0.5284873748429533
O15209,440.21519217661194
O15211,206.06719822973986
O15212,0.0
O15217,0.0
O15226,87.21698021123946
O15228,0.1876030039372668
O15229,0.0
O15230,443.724580657716
O15231,204.03341326744393
O15232,36.23301616836264
O15234,253.00223803503346
O15239,0.0
O15240,10.845722316006963
O15243,0.0
O15244,13.605559473704618
O15245,0.21524500614390432
O15247,0.3207306256651004
O15254,9.188750215171156
O15258,0.0
O15259,12.386160134726515
O15260,1.4914376244072756
O15263,0.0
O15264,8.355041228571594
O15265,337.62276742346876
O15266,79.0635676093989
O15269,5.946310321590469
O15270,10.974235207051061
O15273,0.0
O15287,0.5097417192441811
O15294,32.53167449539746
O15296,11.794514513230766
O15297,23.806801265213664
O15303,97.00601046396874
O15304,9.722937581820586
O15305,9.064723137485636
O15315,6.447847359002288
O15318,0.28212802083699506
O15327,22.438909654983892
O15342,0.0
O15344,35.97456542732145
O15347,5.09774613141428
O15350,184.27560784409872
O15353,220.04757331651393
O15354,48.96381577084777
O15355,100.58279939131567
O15357,83.35167923222016
O15360,28.46564208107109
O15370,23.066145985282333
O15371,40.345548268948136
O15372,37.09318845723223
O15374,28.036183657332277
O15379,3.2375095682598722
O15381,50.334218069072946
O15382,0.0
O15389,66.49283939734367
O15391,21.621005368877412
O15392,0.0
O15393,82.23224626395037
O15394,74.77269257986251
O15397,0.0
O15399,204.04535032617866
O15400,13.496298849816139
O15405,99.24450412552915
O15409,215.4794605939193
O15427,0.32088288802587417
O15431,54.681491572036826
O15438,35.01927028274681
O15439,47.07903726438871
O15440,60.54198562498861
O15444,5.660263078199742
O15446,29.460877259179846
O15455,0.0
O15457,207.33260385916896
O15460,10.709362346521731
O15466,0.0
O15467,0.4083076221182959
O15479,27.084424049983028
O15481,13.942238707384316
O15484,22.856538136058706
O15488,92.66721262646826
O15492,21.822786754529336
O15496,0.0
O15498,2.6296764083259543
O15499,18.092170486972716
O15503,16.128999343312227
O15504,410.43866556989644
O15511,0.7484163474805539
O15514,0.0
O15516,262.4347521124356
O15519,3.1685905168142092
O15520,46.795103776679376
O15522,33.05621176551422
O15523,422.41613635613646
O15524,3.043737257171383
O15525,0.5053607347540916
O15527,14.728401361777852
O15528,5.7304615490629
O15529,7.387761600272695
O15530,88.03320763108127
O15533,31.049990035280807
O15534,573.382358837762
O15535,13.781625745832528
O15537,10.981898257283293
O15540,0.0
O15541,26.259308734846222
O15547,48.509535804966404
O15550,562.0556579760049
O15551,12.29299106258449
O15552,26.508856116828746
O15553,145.46062355359805
O15554,1.798146734202919
O42043,11.23295524143602
O43143,56.4599827826339
O43147,68.15599077446689
O43148,23.024278937410973
O43149,94.43459162807602
O43150,94.85470360677971
O43151,412.4856822182991
O43155,77.87128011894814
O43156,13.132391627223484
O43157,210.66547755136716
O43159,24.44803522861205
O43164,49.082186647520025
O43166,717.1509367380279
O43167,30.63624771356313
O43169,15.842443690461677
O43172,12.020077023949863
O43173,2.2772075939288126
O43174,0.8127674343119088
O43175,11.643093178882717
O43181,1.4006971466252682
O43182,328.10690566294784
O43184,63.26202570418843
O43186,136.24094719208512
O43187,41.1629339018634
O43189,205.72168860946434
O43193,31.658656771368285
O43194,27.332016286522485
O43196,23.787126872067297
O43236,9.326882174117584
O43237,99.03118702568528
O43240,18.964935430875737
O43242,0.10400858560567433
O43248,57.53070585220456
O43251,100.15079856586539
O43252,9.37499377286628
O43255,47.58882157506395
O43257,2.276290155855624
O43264,0.753279313311434
O43272,16.599281202314536
O43278,45.66808422137514
O43280,41.05623875128562
O43281,22.084848541491034
O43283,102.21725901167457
O43286,25.80224494290418
O43290,31.86934125671299
O43291,19.642689249714515
O43292,15.63797015918278
O43293,2.2026426866557745
O43294,94.32005463505809
O43295,121.03400929576853
O43296,76.63739844288713
O43298,41.59213024902281
O43299,22.257141817407316
O43300,37.28019515459156
O43303,89.90560345958723
O43306,50.50809513288357
O43307,12.647862842595156
O43309,3.6843116004031473
O43310,88.59843552520528
O43312,264.2530586469563
O43313,96.0924754004514
O43314,116.66005888082978
O43315,0.0
O43316,38.43056447165069
O43318,139.0960391565872
O43320,11.298573220942725
O43323,11.20991944988679
O43324,13.158094294101932
O43353,52.553819268375754
O43364,90.49024076924917
O43365,277.68485859088696
O43374,21.922023214687123
O43379,155.58986216850275
O43390,257.6168130483682
O43395,8.76079252931579
O43396,4.426952859239667
O43399,49.899579388447165
O43402,0.0
O43405,47.95901104250462
O43422,1.5133320073972512
O43424,104.52063814353805
O43426,235.805230147759
O43427,0.0
O43432,234.70198488572464
O43435,37.84671180019898
O43439,178.71724332102625
O43447,14.84966789842594
O43451,347.5758710490695
O43462,115.353326872162
O43463,3.9239461840112995
O43464,31.883715362083215
O43474,253.53278377587023
O43482,15.943479525505687
O43488,11.560381801541867
O43490,43.91567359493615
O43491,74.30957532482279
O43493,126.49479604060886
O43497,445.43653102208606
O43502,6.190446147515818
O43504,0.0
O43505,2.113897939067599
O43506,54.588451824247535
O43508,16.912714974999936
O43511,18.813918731805856
O43513,5.341769311565999
O43516,434.1851601899087
O43520,10.033755525827956
O43521,65.42768455405194
O43524,408.4865946834019
O43525,172.16312899684988
O43526,150.8212188469488
O43529,0.2924113393757633
O43541,70.01334179633609
O43542,11.267463166753881
O43543,3.6189619817745444
O43548,45.29478244910714
O43556,40.16349827726138
O43557,14.140497918582266
O43559,82.6962134156127
O43561,82.61135574673678
O43566,115.73169502571929
O43567,11.160369925546764
O43570,46.614919532232676
O43572,58.33244013563855
O43581,14.738377799174426
O43583,2.592708817228084
O43586,15.183913615683721
O43592,1.200734555500795
O43593,223.53216400825048
O43597,95.1191978259312
O43598,10.66124692412778
O43602,74.54903298571783
O43603,23.189442576007544
O43609,97.19017363171376
O43610,43.70574745375532
O43612,2.3668740513877617
O43613,15.835077023118755
O43614,9.498524296263039
O43615,28.900994402853037
O43617,0.12277351612368681
O43623,46.09201573431324
O43633,9.862518468823959
O43639,35.327941978257414
O43653,0.0
O43660,40.12995785331299
O43663,65.6565644901095
O43665,32.45445099565539
O43670,195.99957950564968
O43674,0.3993976866006398
O43676,0.0
O43678,0.0
O43679,34.17466797931873
O43680,11.769015086894207
O43681,3.9196895555539024
O43683,90.46515805527642
O43684,11.052547779706757
O43687,17.45079797027911
O43688,1.4851264515062454
O43699,50.962853724214696
O43704,4.081300966551137
O43707,49.857102370108066
O43708,0.0
O43709,1.4962443016211382
O43711,59.098910932492515
O43715,0.0
O43716,9.208079222503182
O43719,25.85252507907599
O43731,0.0
O43734,64.9704512936786
O43739,3.7860098366837978
O43741,27.70885939668164
O43745,5.7926757430055
O43747,16.488629826249387
O43749,0.0
O43752,40.23172176273028
O43759,22.144047197437796
O43760,12.4354848663846
O43761,22.142897204347758
O43763,208.62906512787055
O43765,74.51840221589799
O43766,8.126109306849285
O43768,15.525396508875248
O43772,3.4252841102084064
O43776,12.090797619452816
O43781,114.9175339532849
O43790,43.636759370874785
O43791,2.1213003149891
O43795,18.24331314161509
O43805,0.014562905031972391
O43808,0.0
O43809,1.5807594168103656
O43813,8.948935057361311
O43815,75.15066052668219
O43818,17.873930596007565
O43819,34.236412447203755
O43820,1.314901818615027
O43822,27.073740759043588
O43823,334.0866059198633
O43825,70.57282499050373
O43826,3.68467232375571
O43827,18.1579524812969
O43829,20.51905308686375
O43837,4.326882914435266
O43847,46.16632778111736
O43852,0.5152183731944509
O43854,33.94045955675972
O43861,39.92990819698826
O43865,37.032008656289584
O43866,23.074378555361708
O43868,29.590737066385095
O43889,2.446131701876202
O43895,22.2469855855447
O43896,88.86931271777291
O43897,101.52114480698746
O43900,91.0469049741617
O43903,31.470422915322448
O43909,57.40369396215933
O43913,1.4116839411320474
O43914,3.9996734134234844
O43915,9.539457674555496
O43916,4.682366748042739
O43918,75.50290876533109
O43920,0.0
O43921,33.745193574411154
O43924,0.0
O43927,0.0
O43929,0.0
O43933,94.58559378713048
O60216,3.7852065558712624
O60218,14.016799078101618
O60220,0.0
O60229,210.99608837334392
O60231,9.181548887722451
O60232,0.15679729220014993
O60235,29.378710725331324
O60237,124.94953401902734
O60238,85.32169077644565
O60239,121.15202869717191
O60240,13.056150787451111
O60241,230.75287935439394
O60242,128.39825258839414
O60243,5.242790833025829
O60244,268.75149126907786
O60248,105.48758199563856
O60256,2.299204759945848
O60258,12.24166624768955
O60259,101.95103521297052
O60260,59.791422935751
O60264,43.36423087276867
O60266,83.98736388745148
O60269,78.14395525210668
O60271,203.68705317213966
O60281,381.2372483786379
O60282,55.45088054946721
O60284,207.13817308464067
O60285,50.618091015340745
O60291,12.136647428868262
O60292,462.65615955014124
O60293,271.98255166807746
O60294,27.566493989918424
O60296,161.52625630493563
O60303,155.8562890380444
O60304,47.153616903829246
O60306,24.074491173446056
O60307,378.5801701792014
O60308,7.362768864550117
O60312,122.13023359639121
O60313,16.312930843216783
O60315,231.4482099386648
O60318,381.4831318488922
O60331,42.47589440343829
O60333,252.86283806238458
O60336,137.02601793793764
O60337,13.7557913448552
O60341,49.315452651333416
O60343,164.54019464360874
O60346,224.34588192762834
O60353,110.95173191050299
O60356,12.261383599126113
O60359,33.43156989402849
O60381,102.26996416417128
O60383,7.386539068696765
O60391,23.649105264002642
O60393,152.31566169515833
O60423,67.34643579308779
O60427,7.418607441881672
O60437,24.10818723198239
O60443,19.52246128983059
O60447,108.15152873920401
O60449,51.26013188460059
O60462,163.18374697501213
O60469,213.6530924049757
O60476,28.41681614334873
O60477,23.750100870442147
O60478,27.208478044087787
O60479,95.88017808936254
O60481,212.93949277237397
O60486,34.00510312751982
O60487,7.6348462258906995
O60488,71.19556299916462
O60493,11.705308447466784
O60494,906.7192438129553
O60496,20.435069082832467
O60499,0.4654604833578618
O60500,60.62506324250795
O60502,24.30037005763973
O60503,245.8904217107482
O60504,265.65642206151426
O60506,225.36558917598506
O60507,7.549614405337726
O60508,11.680019866537826
O60512,76.99282005464927
O60513,3.963451753082782
O60519,4.209675679192649
O60524,6.930227267833442
O60543,1.0902566101119087
O60547,25.156731805085116
O60548,213.1264267078025
O60551,9.772787950027894
O60563,232.66579404312918
O60565,26.48782786192745
O60566,42.95162940868959
O60568,52.481913917405386
O60573,14.32223073153968
O60583,306.23083376819255
O60602,5.706952755728536
O60603,55.11487049852113
O60609,1.9145891728495466
O60610,83.64189387486272
O60613,0.0
O60635,8.246580899911653
O60636,7.621210707872349
O60641,173.09408692101024
O60645,8.580477303882303
O60656,2.560237575326407
O60658,21.681509616168213
O60662,1.7494134485868735
O60663,26.253063011258227
O60664,31.637079842346466
O60667,42.31432408252177
O60669,7.919640706380045
O60671,5.70418711392073
O60673,414.260111807717
O60674,39.15497285021969
O60675,0.0
O60678,1.706732175820071
O60682,24.543838210394078
O60683,26.967935347645273
O60684,12.009185273312019
O60687,85.82316170343881
O60701,2.2928307533743673
O60704,31.48720127736551
O60706,41.39055177393519
O60711,0.1732483675753071
O60716,307.36337306875333
O60721,79.91195659256567
O60725,3.638846884613951
O60729,16.484645214411945
O60733,13.626141287216576
O60741,252.97562103066554
O60749,8.90564424510213
O60755,37.50457857939037
O60759,82.5117854969169
O60760,0.0
O60762,6.24087145675162
O60763,32.59896239507915
O60779,7.1358256726668365
O60783,0.0
O60784,43.04566344865643
O60806,173.68895797584383
O60812,12.379873461937228
O60814,0.0
O60825,13.911371518927648
O60826,5.497258715001857
O60828,45.93200071209791
O60829,4.119681560688088
O60830,2.6232078869383306
O60831,0.0
O60832,6.649007071526776
O60840,236.97384965473856
O60841,26.824200410511843
O60844,79.41891229898444
O60858,0.07463628210573343
O60861,118.37996843986849
O60869,0.34113121376067085
O60870,37.74045001871935
O60879,55.04395493736477
O60880,7.968037479408167
O60882,20.408154552391753
O60883,62.24106276177709
O60884,63.29213925656181
O60885,74.08592251145224
O60888,48.92677404583765
O60890,24.139209226001547
O60894,0.0
O60895,14.350734156229606
O60896,0.0
O60902,242.6341043512083
O60906,8.601651417698083
O60907,101.48811003971855
O60909,62.6526051015539
O60911,46.40310727224898
O60921,0.11178898276477957
O60925,0.0
O60927,5.617157904015073
O60928,5.963656619370552
O60930,6.530626223584414
O60931,3.956442359068764
O60934,99.00263853479291
O60936,43.65567365061548
O60938,0.0
O60939,6.273480161311149
O60941,97.58589173200059
O60942,6.467566108928098
O75015,5.669792813034022
O75019,45.53048243902161
O75022,106.90729576905316
O75023,73.30072785641185
O75027,28.186530208081145
O75030,83.9576489152858
O75031,0.0
O75037,127.32907394716918
O75038,235.75097091145477
O75044,139.9857897962785
O75051,121.0211881826927
O75052,54.765615354048016
O75054,58.223608312981185
O75056,46.95284895763615
O75061,396.21483461587826
O75063,1.548130757410529
O75069,194.90387279948916
O75072,5.076755337566228
O75074,176.82594115322965
O75077,127.36366504906962
O75078,160.5896393718099
O75081,157.58233144778117
O75083,62.43096495686093
O75084,80.18538075705708
O75093,107.0237235640781
O75094,45.22251307809546
O75096,220.78700158249788
O75106,47.875429304757205
O75110,14.717725550699466
O75112,166.8964694302361
O75113,95.33736196589507
O75116,14.062084340511294
O75121,1.8490823326845316
O75122,408.8220320433722
O75127,28.41114080648463
O75128,265.008797247407
O75129,105.018879240913
O75131,39.26506527140055
O75132,107.67784908017626
O75140,255.23588889023085
O75143,97.39025687323716
O75144,16.61713910547412
O75145,161.2557677479158
O75146,12.242714471750105
O75147,69.37836202762696
O75150,30.878848988324826
O75151,134.83418337654427
O75152,71.56066096242303
O75154,55.66891847445406
O75155,6.740182678310736
O75159,111.62780840850142
O75161,84.65853821168037
O75164,81.86774781773845
O75165,42.771213135198586
O75167,50.13854377733309
O75170,77.5633514960422
O75173,125.95672931524325
O75175,422.16056052033673
O75177,508.3065129719922
O75179,1034.4576281867949
O75182,72.50336755576824
O75185,11.31591803493022
O75190,166.54074952957973
O75191,17.32507367504191
O75192,0.0
O75197,154.74340881998125
O75204,0.6052133616133701
O75208,8.043404091556926
O75223,11.43610923215492
O75251,13.072040951581165
O75293,0.5074824810809655
O75298,72.06322188200686
O75306,2.6794450364796703
O75309,40.31313595522874
O75310,0.7028545548700064
O75311,24.43263005508119
O75312,21.872647183448983
O75317,12.98664624159583
O75319,32.745780768765535
O75323,0.0
O75324,0.0
O75326,26.45252784560106
O75330,4.557503325711925
O75334,109.38192598079809
O75339,83.68915437360718
O75340,25.24390059566008
O75342,9.210906967607494
O75343,13.130924321518602
O75344,2.1823469269966047
O75347,0.0
O75348,0.0
O75351,12.126001155169343
O75354,30.461044441715575
O75355,51.38181696671044
O75356,1.6331931022552226
O75360,44.21521322796801
O75362,177.38037378707475
O75364,60.5878325446073
O75365,0.0
O75366,22.039397070527855
O75367,6.3940583126102855
O75369,363.99789616916496
O75376,676.1945257882935
O75379,3.6299799511808306
O75380,15.447136065684226
O75381,53.28753503399911
O75382,74.23127202613604
O75385,429.7271728180084
O75386,32.73261831937526
O75387,22.46948530282836
O75390,4.551434979138386
O75396,0.0
O75398,50.11204380293536
O75400,145.52917999495023
O75409,25.628582451640096
O75410,81.19492257466406
O75414,33.74551201413569
O75417,258.05056179495335
O75419,7.797125509388702
O75420,283.7326594321797
O75425,15.62089750807803
O75427,113.01881556868067
O75431,0.0
O75436,0.7989756200156843
O75438,0.0
O75439,2.499059273130028
O75443,96.01507432984029
O75444,291.51563827440725
O75445,445.6902147517933
O75446,67.69049300622643
O75448,23.57259006222945
O75449,12.780819703609383
O75452,0.0
O75460,91.42832662676472
O75461,17.61265934542658
O75462,53.906928010792186
O75469,16.2397617476339
O75473,31.806328629741408
O75475,21.509409455796447
O75477,6.129615114461031
O75478,32.22858978265812
O75486,32.538604944310826
O75487,54.432938186819214
O75489,0.5796213606569642
O75494,17.415224953332263
O75496,25.510188897846504
O75503,6.858396105395826
O75506,0.0
O75508,7.8563417590816105
O75509,119.33347927927875
O75521,38.804709240495214
O75525,48.153768128581675
O75528,19.037580691159864
O75529,48.989460930595726
O75530,13.959158425515247
O75531,1.719302676218886
O75533,190.08250426958114
O75534,70.44375985126679
O75553,74.54018889020406
O75554,18.313266812037984
O75556,0.0
O75558,0.0
O75563,15.72958004624992
O75564,13.426460166740458
O75569,10.970075774686675
O75575,5.630947561734931
O75578,102.81442563072096
O75581,291.8587907394447
O75582,78.6861152861325
O75586,0.0
O75592,696.3346173159968
O75593,86.98027352406322
O75594,10.327906469775408
O75600,32.8902580961739
O75602,0.0
O75603,52.23612824864239
O75604,214.37653729387864
O75607,8.148902229323985
O75608,0.0
O75610,5.521959202804925
O75616,49.84711183455454
O75618,2.123980101197896
O75626,160.96969055349433
O75629,18.12119861791095
O75631,59.39849349297124
O75636,70.81997879003309
O75638,141.34626131365002
O75643,19.977327117861194
O75648,6.4791488499811525
O75663,1.8159130390658835
O75665,27.45944074170378
O75674,27.534941683830933
O75676,56.89541693122814
O75677,11.707216066699887
O75679,12.165278913123467
O75688,35.13282841026021
O75689,10.407307689455003
O75691,15.730572515224864
O75694,147.3248820842048
O75695,6.47147221105859
O75712,10.59258380892167
O75716,0.24153815686134295
O75717,98.5599570006414
O75718,0.0
O75746,10.513849022115446
O75747,37.04046676677215
O75751,3.7252642414962978
O75752,0.0
O75762,14.328806471452916
O75771,8.726366441154678
O75781,20.20010307758016
O75783,19.613889869153688
O75787,0.0
O75791,69.61575498893373
O75792,6.367471069249042
O75795,1.23982164758393
O75800,8.141638769601565
O75807,54.343821439728956
O75808,114.22096493383117
O75815,95.10221749540304
O75817,0.0
O75818,9.121609913869776
O75821,14.849577493575433
O75822,26.512439192070683
O75828,3.589310370421729
O75829,18.922602915457873
O75832,5.437412853794289
O75838,0.0
O75840,31.172076151328362
O75841,38.08163693020282
O75843,1.0743115207547875
O75844,0.0
O75845,26.192804139077413
O75864,41.44235141104154
O75865,11.697698227502588
O75871,23.550308238485
O75874,22.34575292126558
O75879,34.58330439242126
O75880,18.35015942814415
O75881,0.10798975303272322
O75882,134.13049794636916
O75884,7.446897647676457
O75886,183.8731599563912
O75888,37.25862363119158
O75891,24.241398064214536
O75896,11.176068935194017
O75897,0.0
O75899,46.0293757312235
O75900,0.4077549512355732
O75907,18.3634175050106
O75908,14.196995485744857
O75909,82.85458709080739
O75911,0.0
O75912,114.34616788225182
O75914,36.445452978543074
O75915,0.0
O75916,66.99292692785224
O75920,1.354093189453214
O75923,29.10816013302583
O75925,170.5562240303613
O75928,118.64877778199116
O75934,2.012575691231798
O75935,0.9726561958403397
O75936,5.988238640369948
O75937,8.210488477819887
O75940,26.29106660019979
O75943,46.262398552058386
O75951,0.0
O75952,32.68748395265534
O75955,20.98167402755491
O75962,589.1702293431738
O75969,131.64906723890806
O75970,236.40119781781073
O75971,0.5801925099836862
O75976,225.159984634416
O76003,0.0
O76011,29.482004074919036
O76013,7.9688459466551596
O76014,51.972757541095305
O76015,32.85229873795726
O76021,2.7351930823584745
O76024,5.999476802670028
O76027,0.6004427496587905
O76031,89.78760473290296
O76036,1.847866373623618
O76039,337.8067895643841
O76041,84.71381868418028
O76050,139.32940657519177
O76054,33.98790347047394
O76061,32.83436466765441
O76062,4.3152218607818575
O76064,23.604094368754872
O76070,0.0
O76071,3.800594890054276
O76074,34.983750063852234
O76075,14.358880955653262
O76076,32.30601011182163
O76080,104.7008159282936
O76081,15.628777668135596
O76082,0.0
O76083,4.088044037656661
O76090,5.51024260232481
O76093,3.1736990043992526
O76094,56.8346929772124
O76095,7.569699691197683
O76096,24.412553433112965
O77932,58.31827191792144
O94759,48.86831154162629
O94760,0.19546151383792906
O94761,61.94504139276997
O94762,115.89857997672658
O94763,45.95352307660867
O94766,20.375720849692726
O94768,35.95901085890357
O94769,22.162565508192106
O94776,59.83163619281237
O94777,0.0
O94778,2.920159986072581
O94779,135.81982291641242
O94782,55.84646402155778
O94788,26.79004905792628
O94804,57.852820743639064
O94805,14.988722358795954
O94806,58.99720291640239
O94808,30.28536980984309
O94810,23.458687103695812
O94811,40.6741575073555
O94812,29.506258643927943
O94813,49.29533524141759
O94817,0.38930910266297886
O94818,224.25422406269564
O94822,5.424746085192624
O94823,85.45843131457113
O94826,78.97916564607515
O94827,239.53001292256585
O94829,0.5484354373648632
O94830,80.58208794292786
O94832,39.08227755689797
O94842,84.58139183178622
O94844,1.5846422273432488
O94850,155.86296231288355
O94851,265.0107103228997
O94855,329.25490846433416
O94856,153.43671258161356
O94864,33.41937999878252
O94868,40.814483539160435
O94874,16.112541606903505
O94875,291.0465243174311
O94876,139.86889663050104
O94885,298.10411075060574
O94886,45.93605270428233
O94887,95.68857556150604
O94888,18.96753373680535
O94898,54.26716469228994
O94900,133.96048836239962
O94901,98.23494924409925
O94905,5.391326066602425
O94906,156.5537456247808
O94907,70.89160611437237
O94910,300.62744314343297
O94911,37.021425824511404
O94915,358.37131637125185
O94916,671.2130661936762
O94919,10.961631209119515
O94921,15.829013517193832
O94923,11.799633888524617
O94925,34.971197756000706
O94927,8.756480585585665
O94929,190.04157910341473
O94933,207.77860617335142
O94941,105.81676098327821
O94953,14.775164304684646
O94955,22.810176256770987
O94956,42.55065977510448
O94964,146.98548338640126
O94966,114.45885191880456
O94972,114.83735696945769
O94973,38.41414321516325
O94979,331.54841365866525
O94983,173.1508209375558
O94985,40.08096785885395
O94986,148.78938380181756
O94989,79.55813597543556
O94991,174.59721925158325
O94992,13.020188498825
O94993,99.42091426903417
O95045,0.0
O95047,0.0
O95049,160.7881257061
O95050,0.3636961761918117
O95057,0.0
O95059,0.0
O95067,1.16375242628947
O95069,1.647409741132332
O95070,45.16671573922953
O95071,436.8237021057602
O95072,0.0
O95073,24.694459465397767
O95096,23.32138360711594
O95104,207.79038620484135
O95125,4.8585233995560175
O95136,17.741834518153315
O95139,0.0
O95140,14.603688954779747
O95147,3.465256705904202
O95149,13.143432774598248
O95150,12.338445023336355
O95153,363.21073719289177
O95154,4.277918407565043
O95155,238.6655284816895
O95159,24.143802235111174
O95163,63.22434180221579
O95166,0.0
O95167,6.2035428155818035
O95168,0.0
O95169,16.00303676182467
O95171,220.79368358279282
O95178,22.24485656325751
O95180,300.2385618456158
O95182,11.213829119099382
O95183,5.9522230657351685
O95185,32.752177327183304
O95196,97.53017030666018
O95197,188.08632344217196
O95198,11.035953043684577
O95201,36.92324469010224
O95202,8.574014830566954
O95206,155.01536383111682
O95208,269.7923830120215
O95210,82.88691642675195
O95214,0.0
O95218,39.679012464663096
O95219,1.0204324495082138
O95229,21.618097782452434
O95231,120.8362766262831
O95232,13.33983847506828
O95235,43.20429054486796
O95236,12.745835398423875
O95237,16.82734510344257
O95238,9.116827875205743
O95239,63.34486956705572
O95243,53.15874193004174
O95248,211.28036537586087
O95249,60.29559227675536
O95251,49.74178534341831
O95255,48.29961730339972
O95256,7.4531298595641395
O95257,0.06417391468891907
O95258,1.9858831693649484
O95259,85.8444453308793
O95263,67.51607644801638
O95264,0.6545216299207253
O95267,27.504041294747683
O95271,235.8239176091794
O95273,0.0
O95274,78.52238315912582
O95278,9.004066716487657
O95279,47.166615375172555
O95292,7.946158011144266
O95294,9.040513294091694
O95295,7.288077500275401
O95297,57.93189562972501
O95298,0.0
O95299,39.475201130797565
O95302,14.147508626400455
O95319,113.07942856411562
O95340,20.76313297792533
O95342,53.09826809922819
O95343,278.45252527575485
O95347,29.16865877526543
O95352,29.011826163839547
O95359,390.39926600233787
O95361,13.277350613950528
O95363,6.935069576444608
O95365,80.62439134977929
O95372,0.0
O95373,5.044604686269402
O95376,2.264932336831629
O95377,8.864571640293672
O95379,0.0
O95382,29.30013308171791
O95388,0.9167905879837543
O95389,43.332948570902346
O95390,26.980172781101203
O95391,20.110293564206643
O95393,6.080875266634007
O95394,13.640936999775011
O95395,4.038923079146855
O95396,0.0
O95398,18.444738345449053
O95399,10.992122196825155
O95400,14.86236311377434
O95402,130.30515304664763
O95405,256.1852970184987
O95406,0.0
O95407,82.29408925132338
O95409,459.16534233933373
O95415,11.534290050806481
O95416,48.6107257566525
O95425,198.29446239121668
O95427,30.292760418642313
O95428,484.8279764882222
O95429,575.6076468854772
O95433,9.084511476659417
O95436,2.831614720092564
O95445,11.811015013800322
O95447,131.90860277032417
O95450,102.97932952884975
O95452,0.0
O95453,31.258572843951704
O95456,1.5556671354063742
O95460,25.70722672086382
O95461,29.549353656427144
O95466,14.966077660468082
O95467,1.4489898173791125
O95470,13.0372008246684
O95471,7.287548269041147
O95475,17.166290804573695
O95476,5.435421581369092
O95477,107.778164725692
O95479,11.936672082389464
O95484,5.765507413850198
O95486,369.65993402213167
O95487,463.48442685281833
O95490,188.8613159940365
O95497,45.517924549931465
O95498,32.094342342547726
O95500,7.3042304797816024
O95503,51.11528123712853
O95528,29.915631285025423
O95544,29.725182538146143
O95551,2.7107100457198303
O95562,0.4398492294824091
O95563,0.0
O95568,5.130431061757998
O95571,2.158501545465943
O95573,32.64025133057319
O95600,85.7764489681605
O95602,34.26127793536259
O95613,169.57544814906842
O95619,1.303464068835357
O95622,170.95520699207526
O95628,198.11499114412368
O95630,3.658780889017286
O95631,44.02191640279246
O95633,32.52962375184353
O95639,47.495742937365144
O95644,274.6334063206597
O95665,15.9323928552065
O95670,4.547752221024991
O95671,3.309493926864275
O95672,9.679950194980943
O95674,0.19232378026423722
O95677,432.2129363620381
O95678,453.86113148554364
O95684,32.07166869744599
O95696,65.99744035151055
O95704,67.52172406471676
O95707,0.44693118988399444
O95711,6.3913179856758395
O95714,553.7436691909189
O95715,0.0
O95716,23.97093822287124
O95718,108.34465221381795
O95721,23.950565708683104
O95727,27.44401198420963
O95741,33.620390412274354
O95747,14.94189879389227
O95749,0.0
O95750,0.0
O95751,0.350920835465702
O95754,38.718403797156284
O95758,82.27633315794978
O95760,7.99967244611855
O95772,4.7192717862662175
O95777,0.0
O95782,37.282977594190385
O95785,136.0939561060552
O95786,26.396955145487624
O95789,96.18885638249438
O95793,86.7586076341522
O95801,4.462880719756786
O95803,9.516929947530967
O95807,7.981780300184909
O95810,26.113991114328666
O95813,4.62583671118341
O95816,3.0007366585111717
O95817,119.65163418924227
O95819,185.5752061611345
O95822,0.0
O95831,18.10165717919483
O95832,0.37140080083898996
O95833,4.994200570852032
O95834,24.84212162449097
O95835,353.9926194050357
O95837,7.184641534535832
O95843,15.174132532460547
O95848,19.026240087521856
O95858,2.74615374892488
O95859,7.4957043274470845
O95861,0.0
O95863,23.416337344302143
O95864,1.8888216755679696
O95865,22.820663330822978
O95866,35.68494989199042
O95867,22.20989237334205
O95868,38.085362150169324
O95870,11.593741026591474
O95872,48.205932740209406
O95876,6.078561331622927
O95881,11.445896493890189
O95886,517.2041595562256
O95897,9.070513676118297
O95900,25.455460122724283
O95905,24.050837481502633
O95907,17.10432643473946
O95922,5.340318577035706
O95925,10.107241469986079
O95926,3.225451957177402
O95931,5.145502785988278
O95932,52.682677238758764
O95935,309.7872379128982
O95936,368.9099754850868
O95944,35.98751217297082
O95947,65.78261859758796
O95948,326.39761379212223
O95954,13.63059811497311
O95967,4.612534529519095
O95968,0.0
O95970,4.551684439763336
O95971,8.206343483247604
O95972,27.35883764870109
O95977,47.98903021885015
O95980,47.32626283254571
O95983,6.578825793819565
O95985,16.46024268930369
O95988,0.0
O95989,22.77429489954473
O95990,0.0
O95992,0.0
O95994,0.0
O95995,0.0
O95996,299.85615337945745
O95997,19.82758697937033
O95998,18.23802393964941
O95999,44.26917718868875
O96000,0.0
O96004,5.1066883362424385
O96005,55.55339986434946
O96006,3.4363131844664463
O96007,0.0
O96008,73.58581720583058
O96009,4.306173895571639
O96011,87.91651123667049
O96013,97.26172579232221
O96014,114.20374280936784
O96015,0.0
O96017,160.25384783310517
O96018,36.58908470901777
O96019,28.423995581258346
O96020,5.9183649574165695
O96024,15.828365613886358
O96028,57.38127818783745
O96033,0.0
O97980,0.0
P00156,0.1664114882855625
P00167,2.7411653101836913
P00325,16.959298452567886
P00326,18.692243465319855
P00338,4.464111080088184
P00352,16.307246172147693
P00367,25.231233793310764
P00374,0.0
P00387,5.3242753041123745
P00390,25.650446308497397
P00395,8.706942483602464
P00403,0.5657831805548441
P00414,4.191374494635225
P00439,5.013204293344021
P00441,52.67643762063388
P00450,82.7498964795881
P00451,187.5598109679852
P00480,0.11909887212378058
P00488,37.98885178146649
P00491,22.536058519951037
P00492,9.449699150913743
P00505,11.980065841100895
P00519,153.06709109958578
P00533,117.00586760333425
P00540,24.651826723113466
P00558,31.723891576012626
P00568,22.09713015683871
P00709,0.0
P00734,93.78958924160605
P00736,59.57814379091249
P00738,4.229101499553685
P00739,1.7960722286462114
P00740,33.40186718267995
P00742,45.99076905484765
P00746,36.0901822628842
P00747,251.73756604491442
P00748,24.46187119900919
P00749,54.31553117838904
P00750,118.64229682427774
P00751,100.37613613307659
P00797,31.201335505577536
P00813,1.0707276637054868
P00846,0.0
P00915,42.33472765143077
P00918,7.362452980293165
P00966,5.173547045506445
P00973,38.05508350989218
P00995,6.3148186817418965
P01008,6.707022433020301
P01009,0.9436158540623649
P01011,0.0
P01019,0.0
P01023,46.527688310941194
P01024,64.78906179094308
P01031,56.42099092517205
P01033,0.0
P01034,6.503334612505556
P01036,0.0
P01037,0.0
P01040,0.0
P01042,85.16525229955148
P01100,75.59592545660288
P01106,95.89195297013212
P01111,1.6295351058288712
P01112,0.24671314885661733
P01116,2.853337607180295
P01127,12.536575863788025
P01130,47.59008595232072
P01133,87.13704423722635
P01135,0.0
P01137,8.596241454064131
P01138,20.082836846178367
P01148,6.0944619860834734
P01160,20.143925238639707
P01178,10.460720153266774
P01185,17.48941952091045
P01189,47.58158303928322
P01210,12.438113814982913
P01213,29.32578296230216
P01215,0.0
P01222,0.0
P01225,0.0
P01229,22.955930175721512
P01236,3.0895754009664538
P01241,14.846136772760953
P01242,14.74274303691113
P01258,20.253347961714613
P01266,232.30240641918257
P01270,0.0
P01275,11.979031573654803
P01282,10.004932582282901
P01286,0.5546348946718753
P01298,0.0
P01303,2.8722185399115965
P01308,12.443420506230426
P01344,3.7114165428797894
P01350,3.843340465748078
P01374,0.3325441272700563
P01375,1.2188945404414602
P01562,0.0
P01563,0.0
P01566,0.0
P01567,0.0
P01568,0.0
P01569,0.0
P01570,0.0
P01571,0.0
P01574,0.0
P01579,0.2990798593693811
P01583,3.331166874859172
P01584,5.790403027806882
P01588,0.0
P01589,30.02151348977546
P01591,0.5730695246747326
P01593,38.57187331804974
P01594,38.57187331804974
P01597,44.04719621448054
P01602,37.097063134078795
P01611,55.13779606568099
P01615,40.679366224283854
P01619,46.03780405279191
P01699,100.64568860279596
P01700,84.26006804646626
P01701,82.53090720231015
P01704,109.05543339821388
P01705,85.43304306340536
P01706,104.32021703148276
P01709,104.12244117587547
P01721,97.21456516788393
P01730,38.36207784789528
P01732,0.17466392748605822
P01742,8.377485639664265
P01743,36.06590323898101
P01762,8.630545330707015
P01763,4.686241768634046
P01764,34.26254786172619
P01766,15.404696180573401
P01767,6.6848538060507
P01768,6.244717800176604
P01772,4.494125257754646
P01780,4.773861958085037
P01782,6.326437154082884
P01814,6.030968909067777
P01817,1.8725253032975995
P01824,18.26165426812171
P01825,18.166402281177362
P01833,52.75314139162509
P01834,11.363053000072114
P01848,15.482321871040277
P01850,3.4023684405638446
P01854,38.93607858915055
P01857,19.738685526251146
P01859,34.35378303457018
P01860,43.46454102528803
P01861,29.967132708863097
P01871,46.38713673751985
P01876,89.1844342293688
P01877,76.59384789890893
P01880,34.332473605023424
P01889,54.57193863817915
P01893,29.787642252089604
P01903,1.5359705342639904
P01906,5.542436769619772
P01909,9.520774072529772
P01911,1.0331354371642838
P01920,1.5250206091806877
P02008,0.8280482370666867
P02042,0.7517645230769847
P02100,0.0008763040777440612
P02144,0.0
P02452,1948.232488405468
P02458,1956.8161677470325
P02461,2405.0436968781783
P02462,2854.156384396945
P02489,3.1846572352741407
P02511,24.091029463300057
P02533,447.1189150740714
P02538,597.8891228642839
P02545,229.4647029044774
P02549,6.095962601243548
P02585,3.908413461456802
P02647,0.0
P02649,0.1747435544183197
P02652,0.0
P02654,0.2838856077593174
P02655,0.0
P02656,1.560305094714463
P02671,676.1464856829385
P02675,103.30543597742388
P02679,32.780278996360785
P02686,105.07594255520549
P02689,1.7550302964953635
P02708,3.8702724916151747
P02724,54.551747021051156
P02730,26.389912369474203
P02741,4.069048138524756
P02743,3.724618516211369
P02745,99.75975146476779
P02746,114.65165926088397
P02747,118.25216035947918
P02748,13.221404172483483
P02749,2.023941549927046
P02750,5.087337824512699
P02751,671.5126364507964
P02753,0.5486997605790214
P02760,29.710459082169095
P02763,0.0
P02765,11.724228246227494
P02766,3.778508442944341
P02768,0.0
P02771,10.16193913639687
P02774,16.68199780677666
P02775,1.3205675563976706
P02776,0.0
P02778,0.0
P02786,59.196644946452096
P02787,12.621753014244149
P02788,32.06390411197917
P02790,74.28502362872369
P02792,0.0
P02794,2.587653795449933
P02795,0.0
P02808,1.0627266309323693
P02810,44.254573624646866
P02812,109.19626960334358
P02814,11.112391779452551
P02818,1.7729814181874657
P03372,85.33997091878733
P03886,0.0
P03891,0.0
P03897,2.0075518014444134
P03901,0.0
P03905,0.0
P03915,1.743061760501151
P03923,0.0
P03928,0.0
P03950,9.17657276709567
P03951,34.18924161074975
P03952,120.93795665351102
P03956,38.49241446886393
P03971,32.84708777112217
P03973,7.412596789776604
P03999,6.8637593960095815
P04000,47.024856315635475
P04001,47.024856315635475
P04003,26.412255881648612
P04004,22.610022873494948
P04035,34.056518476279564
P04040,68.37815188779642
P04049,116.54109336337359
P04053,22.041021637017725
P04054,5.023333113789018
P04062,34.5234184227585
P04066,24.671919341805054
P04070,2.945540583883257
P04075,43.64876716852342
P04080,0.2815476450915942
P04083,34.66320042070058
P04085,2.4297623338669556
P04090,4.10951487544805
P04114,277.99389446126656
P04118,6.932883444879994
P04141,3.35086180541309
P04150,213.2568214744633
P04155,8.517077544787831
P04156,270.56423753247515
P04179,19.399095860805545
P04180,6.1873541963334
P04181,24.08502360739471
P04183,3.8042801047033254
P04196,133.14132287942877
P04198,60.956858160714255
P04201,16.59402122498178
P04216,11.25913244709441
P04217,31.339477607560852
P04233,13.147068574198446
P04234,4.97583660547218
P04259,599.6669640867182
P04264,1431.961401603825
P04271,0.0
P04275,146.8225055489361
P04278,12.900372963970193
P04279,181.16819507617873
P04280,95.06331017946373
P04350,21.12489837694235
P04406,21.618580229538445
P04424,8.801110494352622
P04439,45.40904191714134
P04440,6.842425622399984
P04553,0.0
P04554,2.1284820064140915
P04626,89.48512177663305
P04628,60.995051575127476
P04629,59.346843609629744
P04632,296.00263575059773
P04637,11.131267168180973
P04731,0.0
P04732,0.0
P04733,0.0
P04746,138.0712504299284
P04792,9.797605452301928
P04798,7.665798374699728
P04818,9.513928133226177
P04839,8.205062146914688
P04843,13.121381089623675
P04844,4.522732342139339
P04899,0.573217250003886
P04908,0.0
P04920,93.09780245203622
P04921,8.720470606328492
P05000,0.0
P05013,0.0
P05014,0.0
P05019,13.448732381955175
P05023,40.53365520724475
P05026,15.293610395497806
P05060,19.458212610369287
P05062,22.53816289297064
P05067,34.798135208902536
P05089,13.813259920366699
P05090,1.7574859074750266
P05091,26.281368126319474
P05093,8.447471356129435
P05106,67.03662545000184
P05107,71.81937475245859
P05108,22.999967052347884
P05109,0.0
P05111,24.486663263243734
P05112,0.0
P05113,0.0
P05114,0.0
P05120,41.205788491334154
P05121,17.925458867371308
P05129,48.36303128336057
P05141,1.8105315215132878
P05154,2.729030079008261
P05155,62.355046879348315
P05156,23.219443889216947
P05160,31.13496125603063
P05161,2.5859653207917335
P05162,8.266830333477595
P05164,15.812570401736771
P05165,28.645613324857912
P05166,8.557592656171414
P05177,7.790855595498966
P05181,0.717594554843082
P05186,66.32062663035383
P05187,44.06420692566948
P05198,0.0
P05204,0.6620460284452435
P05230,7.527111872326012
P05231,0.9367921008270116
P05305,1.9910640872939624
P05362,33.29829940490932
P05386,16.551173072415455
P05387,4.044656312930959
P05388,0.7559635601220014
P05408,4.9434101696517825
P05412,130.31376437896665
P05413,0.0
P05423,17.030994221688914
P05451,0.203754082904863
P05452,24.20507071394707
P05455,3.0683610448594196
P05496,6.823592475260799
P05538,1.9650275177132224
P05543,7.596967070592247
P05546,3.8841495087458178
P05549,96.21457840304124
P05556,85.80557016666538
P05771,19.91243120032893
P05783,142.6199742991542
P05787,276.17870924514614
P05813,21.317757128711925
P05814,0.0
P05937,3.0311509618324437
P05976,10.958603954910394
P05981,14.728856480788515
P05997,2231.559321844533
P06028,37.13407047133844
P06126,1.8642591376862225
P06127,45.899661284331565
P06132,0.9833664360460701
P06133,8.170704332375978
P06213,104.60852359185176
P06239,16.43260609827342
P06241,116.86334462505012
P06276,31.21983735870132
P06280,0.6188210154855852
P06307,4.602335891636179
P06312,29.89746391848264
P06331,26.482001343870635
P06340,18.08913564028184
P06396,37.76595820803858
P06400,6.614453989983165
P06401,127.13172553930096
P06454,0.0
P06493,1.235475904810449
P06576,27.577833056220932
P06681,96.26460220639777
P06702,0.0
P06703,0.0
P06727,6.2285474907398335
P06729,3.163659877309864
P06730,5.131391582782241
P06731,141.43907717502364
P06732,48.664210193247
P06733,17.87460791070852
P06734,29.43797872626702
P06737,20.611380040322764
P06744,50.38896004206345
P06746,10.497814727109004
P06748,1.164059620217118
P06753,0.0
P06756,41.29284378993947
P06850,16.78410780526159
P06858,26.994207236011636
P06865,36.87281712936365
P06870,11.185389525246821
P06881,0.2245687445519229
P06899,0.0
P07093,0.7100319944595737
P07098,21.228080482588087
P07099,7.486844882445782
P07101,25.29534217193276
P07108,3.7021931595855655
P07148,0.0
P07195,1.3274787766971847
P07196,57.126792546085966
P07197,133.42678891274505
P07199,35.1210689554221
P07202,96.60788054449705
P07203,1.9854596615728037
P07204,69.02175899022473
P07205,42.62433567738207
P07225,42.19481890350941
P07237,7.183076328111181
P07288,30.231310644702095
P07305,2.4116934817102345
P07306,26.535545037663212
P07307,42.460598008891246
P07315,0.8974724156742862
P07320,2.515225503717371
P07327,17.900905435925782
P07332,37.39329528498086
P07333,132.9357620510869
P07339,57.43538671845593
P07355,4.519012851471207
P07357,69.95648883491567
P07358,35.06908601814179
P07359,37.96679054588383
P07360,0.0
P07384,17.59885784698585
P07437,21.93642651199478
P07438,0.0
P07451,17.959870221212093
P07476,0.0
P07477,39.211478198313536
P07478,32.403661427160074
P07492,44.097627458787436
P07498,0.0
P07510,11.34388744046257
P07550,57.06455989913232
P07585,23.458318773112705
P07602,11.083593616047217
P07686,2.602391835225606
P07711,29.672608937935088
P07737,12.379175241208035
P07738,1.9842065901807016
P07741,0.0
P07766,15.711341143293433
P07814,83.40622879377962
P07858,69.28778529143092
P07864,8.157155802383663
P07900,27.1585319247469
P07902,12.483832367110404
P07910,15.685058223454702
P07911,45.70854978439262
P07919,0.0
P07942,208.28421992820046
P07947,142.89171261561899
P07948,16.988547481018088
P07949,168.34905239444657
P07951,0.0
P07954,31.217714413984005
P07988,4.255390907423194
P07992,6.807379988707461
P07996,255.2286071501561
P07998,45.12867097037671
P08034,13.239700506775906
P08047,706.9366162958518
P08048,14.375123982494138
P08069,103.43104052121885
P08100,1.952185913300168
P08118,14.354028345844954
P08123,2129.7499429007776
P08133,11.322327122565849
P08134,0.0
P08138,39.78131466433862
P08151,593.7172492490567
P08172,86.37155043233906
P08173,33.823987884928314
P08174,63.53213777422219
P08183,33.66113621984739
P08185,2.289277719191369
P08195,35.441731039898286
P08217,61.187752791266526
P08218,35.43479683155827
P08235,466.6819473103708
P08236,14.22497300776148
P08237,57.27227070779182
P08238,23.56882148767742
P08240,35.197474632914634
P08243,1.6156187613547717
P08246,1.4681189951921008
P08247,177.37313649102484
P08253,86.18035302576318
P08254,5.943248939841391
P08263,0.0
P08294,39.14363419072416
P08311,10.251666886753092
P08319,5.369666079912051
P08397,1.208878507915713
P08473,35.834305796286515
P08476,16.487334461557666
P08493,0.0
P08514,66.01524579521535
P08519,1045.5943036197584
P08559,30.735833231651814
P08567,7.857722196912071
P08571,11.424577799374848
P08572,2504.7933188001816
P08574,3.9527276352192535
P08575,236.67207323134846
P08579,40.86698365758333
P08581,48.509243691305805
P08582,50.98781172687409
P08588,9.02137986047523
P08590,1.4469081744833079
P08603,168.12908650246365
P08620,0.21051326809758905
P08621,89.68456134723618
P08631,79.56808503070239
P08637,3.406281928189994
P08648,66.95067632060741
P08651,176.225672346794
P08670,64.51491726993457
P08684,5.04500168738099
P08686,0.6099767512938838
P08697,35.01023423411245
P08700,0.0
P08708,1.6308850144218048
P08709,87.44476563533763
P08727,156.30103990832134
P08729,152.35438541371076
P08754,0.30499541000043345
P08758,0.7659728961097981
P08779,444.66434992915663
P08833,5.639244994539792
P08842,50.3976951071011
P08861,83.56457876286838
P08865,0.232114259935915
P08887,58.931925164564
P08908,59.43262391067863
P08910,2.9859993423888125
P08912,21.30675344395194
P08913,69.48336842612531
P08922,51.323277158885276
P08949,15.33874794612862
P08962,5.5385689984986985
P08F94,177.18933661415633
P09012,14.007107719991163
P09016,135.75453672234417
P09017,60.593915063908256
P09038,70.0105304050842
P09067,195.95173311946462
P09086,253.26458162674925
P09104,19.251159108040483
P09110,58.42899544251725
P09132,0.22657427907966482
P09172,15.782312189991066
P09210,0.0
P09211,0.0
P09228,0.0
P09234,11.044671112877188
P09237,64.03285990720784
P09238,6.186036374761498
P09326,0.5735128174086516
P09327,51.422052581019805
P09341,1.6968510355262176
P09382,14.54869541690762
P09417,11.873169991319621
P09429,0.9699240395953558
P09430,0.0
P09455,4.454391520297516
P09466,0.0
P09467,7.7497348607758
P09471,6.058529961302252
P09486,0.6712009601759533
P09488,0.3429002722861212
P09493,0.0
P09496,8.82670081555565
P09497,13.355337250862691
P09525,2.9200415436207976
P09529,43.39129708843306
P09543,26.33153913357281
P09544,32.560652301625545
P09564,13.56264613127094
P09601,1.1161869669016884
P09603,145.02023051128185
P09619,39.423106662940015
P09622,25.809629728805014
P09629,110.03865469873291
P09651,861.0481614305709
P09661,10.094998679717055
P09668,27.237943684865954
P09669,0.0
P09681,11.982894114575366
P09683,4.7610267115826606
P09693,6.3087354256853265
P09758,50.46941033818355
P09769,31.40416328618291
P09848,117.16139886989731
P09871,81.12645231158439
P09874,54.76876289893475
P09884,19.79873980355766
P09912,13.62086298079587
P09913,1.813976660537764
P09914,0.0
P09917,5.509237257981422
P09919,0.0
P09923,51.281599707208336
P09936,0.20570857419469213
P09958,116.57555570107436
P09960,1.0629447397899752
P09972,16.336426964993567
P0C024,0.782421097693625
P0C0L4,158.2354671876862
P0C0L5,152.01337975978993
P0C0S5,0.0
P0C0S8,0.0
P0C1S8,72.8071941491709
P0C1Z6,2.3509640653067407
P0C264,10.557087855736006
P0C2W1,89.56556915731542
P0C5Y9,7.132974592950003
P0C5Z0,7.132974592950003
P0C7P0,0.6408093627647422
P0C7P3,9.712609317131523
P0C7T5,120.0745581000046
P0C7W6,0.0
P0C7X2,3.6787941648762597
P0C869,8.370089788425034
P0C870,1.9347684449700393
P0CAP1,8.188983830714728
P0CAP2,71.77874714135557
P0CB47,40.00246795432332
P0CF74,38.60033005826165
P0CG04,11.505031670441685
P0CG20,131.66819634090714
P0CG30,0.0
P0CG37,21.534303719443404
P0CG47,0.08713929592259786
P0CG48,0.2614178877687001
P0CW18,61.04453214754212
P0DI81,0.0
P0DI82,0.0
P0DI83,15.452668219440445
P0DJD3,375.4735765908555
P0DJD7,40.60281516905853
P0DJD8,40.6028151690588
P0DJD9,40.60281516905853
P0DJI8,12.415912449361802
P0DJI9,20.815684740000638
P0DJJ0,4.441531115481705
P0DMC3,0.0
P0DME0,3.443509343278066
P0DML2,10.296843812221098
P0DML3,10.296843812221098
P0DMM9,2.0878959461562836
P0DMN0,2.0878959461562836
P0DMS8,0.0
P0DMS9,9.971393272630149
P0DMV8,83.83896287162874
P0DMV9,83.83896287162874
P0DMW2,0.0
P0DN84,0.0
P0DN86,30.476335926356555
P0DOY2,22.345632143312464
P0DOY3,21.82206825039625
P0DP23,7.947854168909654
P0DP24,7.947854168909654
P0DP25,7.947854168909654
P0DP57,0.0
P0DP58,0.0
P0DP91,51.90501910058779
P0DPB3,202.21809322314377
P0DPB6,0.06892627555325673
P0DPD6,66.63034186638272
P0DPD7,0.0
P0DPD8,33.103125039514026
P0DPH7,26.733507760712648
P0DPH8,26.733507760712648
P0DPK2,0.0
P0DPK3,4.459759164778732
P0DPK4,58.20467416767423
P0DPK5,0.0
P0DSE1,31.52433310199637
P0DSE2,6.204362965916508
P0DTE4,0.012589884410933956
P0DTE5,0.012589884410933956
P0DTE7,126.58881240635009
P0DTE8,126.58881240635009
P0DTU3,20.460992790047495
P0DTU4,15.445378206768606
P0DUB6,126.58881240635009
P10070,661.1866737920275
P10071,680.8814184491249
P10073,61.6408905267279
P10074,41.74078786639859
P10082,12.195203026981494
P10092,1.5728567076744335
P10109,36.82144703907236
P10114,0.0
P10124,73.7743114740625
P10144,22.518252985228074
P10145,0.0
P10147,0.0
P10153,13.813372297303502
P10155,2.5881026398354896
P10163,111.84745804476654
P10176,0.0
P10242,55.49721500334637
P10243,72.54996969772698
P10244,78.86607139896076
P10253,56.293934367379215
P10265,4.260970692188335
P10275,377.321707154229
P10276,110.43131685777065
P10301,54.787003664057494
P10321,79.13664297481697
P10323,34.105520281110145
P10398,114.10780959612514
P10412,0.24361731941254308
P10415,10.691755953338173
P10451,9.344165133248175
P10515,51.32508681318473
P10523,0.4048270472183456
P10586,118.5348159596742
P10588,54.4935429174593
P10589,152.60508852850768
P10599,0.0
P10600,9.798733618068992
P10606,11.62145267258664
P10619,17.571484715650712
P10620,0.5640139323284674
P10632,22.672180711646526
P10635,3.1068541242745256
P10636,189.82864884648424
P10643,107.24455817419883
P10644,0.6546945493075088
P10645,10.200219856934698
P10646,22.856465537839334
P10696,34.301927171681854
P10720,0.0
P10721,83.7431670735858
P10745,48.05321772816984
P10746,1.7012264590640385
P10747,2.906338537073414
P10767,5.8198943873514235
P10768,14.608184029267388
P10809,18.053858338810176
P10826,47.63047440626088
P10827,29.25819939268341
P10828,7.518760334123505
P10909,9.821243587643458
P10911,30.607539158530592
P10912,51.56272287308474
P10914,36.98792642616523
P10916,0.0
P10966,0.0
P10997,11.017551933305619
P11021,27.859481092628975
P11047,215.50391881167727
P11049,5.08744240752479
P11055,7.174298539969405
P11086,2.6260970292012233
P11117,0.5325607231147215
P11137,199.98704461819688
P11142,87.57538498601488
P11150,15.191743740718707
P11161,274.59819031663915
P11166,9.231121652822175
P11168,0.0
P11169,3.660706809830136
P11171,54.669308997428665
P11172,11.50188931623815
P11177,4.17276415089675
P11182,5.494137152946867
P11215,63.11729906707674
P11216,24.354915018208704
P11217,16.55337903899564
P11226,134.56276344362513
P11229,56.71436037878976
P11230,37.66749662548436
P11233,0.27076978127569784
P11234,0.732188085966465
P11245,3.140421835210229
P11274,202.5721686113117
P11277,22.88174151317422
P11279,78.75243512111113
P11308,150.0389682872372
P11309,4.171768516487834
P11310,7.401826492350927
P11362,44.94198856479632
P11387,0.15421837962037246
P11388,67.02425541759266
P11413,15.91721492010397
P11441,0.0
P11464,48.47874563946888
P11473,109.57899101901434
P11474,5.12537796575124
P11487,14.139286761794642
P11488,1.2145043329594758
P11498,47.17676857366781
P11509,6.134162372937725
P11511,0.0
P11532,74.364011395176
P11586,42.84907846589719
P11597,0.0
P11678,0.4319903019308866
P11684,0.0
P11686,18.053690031777567
P11712,3.414368055316502
P11717,218.93830398220604
P11766,0.7677476926196245
P11801,9.681936749231362
P11802,28.197458079811266
P11831,324.31953202988046
P11836,11.512044518942718
P11908,1.5090986696144706
P11912,11.172881301617398
P11926,3.12420941933077
P11940,4.486302640189956
P12004,13.416087455099177
P12018,9.498900545287452
P12034,90.502476031242
P12035,1099.4255684131324
P12036,93.22265139435854
P12074,9.85206241376408
P12081,7.051415639740802
P12104,5.816291602473987
P12107,1798.8871005328558
P12109,467.399300446118
P12110,499.1526556390213
P12111,758.0949364193284
P12235,1.1011749610022372
P12236,1.605033133911377
P12259,211.81191810643494
P12268,10.06416572538771
P12270,192.13971370959734
P12271,1.1902196979103286
P12272,35.855817029270035
P12273,0.0
P12277,32.227909160162454
P12314,68.14839917947728
P12318,61.85104978834956
P12319,4.485493748028674
P12429,6.026223007035214
P12524,48.91068620910388
P12532,32.694860613499635
P12544,57.558461467137505
P12643,9.044613122501517
P12644,7.030147597883657
P12645,18.763999958019305
P12694,45.63429312257166
P12724,1.529781337458815
P12755,49.83620319567262
P12757,55.23059622946522
P12814,2.409287743937781
P12821,26.797583649697795
P12829,7.58622194864172
P12830,42.82075988209105
P12838,1.2240172438327053
P12882,12.07381701504428
P12883,11.24569642223922
P12931,50.2985937271539
P12955,16.381053554502742
P12956,34.63786020863232
P12980,28.67993128491335
P13010,64.65215350904558
P13051,5.916564330938517
P13056,57.88751221221021
P13073,0.0
P13164,1.0570025286634082
P13196,111.77729205337161
P13224,3.0023518291328966
P13232,0.0
P13236,0.0
P13284,1.5054387913248743
P13349,52.31798151269955
P13378,81.49917399156378
P13385,4.18176476660411
P13473,92.30522558454243
P13489,0.0
P13497,150.39741616615467
P13498,0.0
P13500,0.0
P13501,0.0
P13521,23.929898424290673
P13533,29.86637689250716
P13535,18.26352547696021
P13569,52.7395275165172
P13584,0.4745502432404821
P13591,45.956621250486556
P13598,5.0651567610121555
P13611,259.805143807993
P13612,65.90900391478762
P13631,39.97831386067856
P13637,36.140307220251565
P13639,6.587385911575584
P13640,0.0
P13645,1566.6319196682666
P13646,434.49146073347254
P13647,833.4428229366608
P13667,19.872708543795234
P13671,146.09216557243298
P13674,6.118511709656211
P13682,8.80765116674799
P13686,12.62699971662499
P13688,149.54595263828756
P13693,1.26787665664339
P13716,1.861565388335007
P13725,4.9461478837528645
P13726,13.62569934313836
P13727,0.0
P13747,17.943831507612764
P13762,2.727774356889161
P13765,3.712825667780308
P13796,16.592233436567593
P13797,20.10116572038769
P13798,46.34233448939382
P13804,30.82876724148109
P13805,0.0
P13807,48.157195061192866
P13861,25.542053261248945
P13866,2.3651951627564385
P13928,4.175913475596618
P13929,18.402620221050114
P13942,1884.9937044823287
P13945,4.6237697526698565
P13984,5.772832807980735
P13987,0.0
P13994,34.44441082366161
P13995,11.40103500159934
P14060,4.689035607804222
P14061,0.912919203924696
P14091,52.36088851977602
P14136,10.229233889461048
P14138,41.50942970285347
P14151,7.455519896115193
P14174,2.2177152847728445
P14207,13.633827194206416
P14209,57.83384185836884
P14210,111.55190524579822
P14222,36.11978270066665
P14314,51.11716856039848
P14316,26.307250089016893
P14317,85.98320490788714
P14324,0.9333441248770216
P14373,6.499215277839349
P14384,14.081892584191927
P14406,0.0
P14410,133.12707126841008
P14415,27.293020003311252
P14416,27.681337468915252
P14543,142.66556499561634
P14550,7.057457524531693
P14555,1.1808248813185767
P14598,9.432764941405756
P14616,43.55183279414644
P14618,23.230890878986777
P14625,22.08405719057142
P14635,0.0
P14649,8.243317302077687
P14651,465.6990901000677
P14652,54.22964026529836
P14653,257.35911820804245
P14672,15.392348164571526
P14678,64.12092691848875
P14679,60.35135909641276
P14735,22.44913285425909
P14770,0.0
P14778,15.066078203922977
P14780,135.40929812127447
P14784,60.51996932204001
P14854,0.17064328750348587
P14859,214.4208319456496
P14866,348.63975443866485
P14867,21.207726825849175
P14868,9.834801543598218
P14902,8.508761894862754
P14920,9.64473124604436
P14921,41.53622888754303
P14923,49.70339261383925
P14927,0.0
P15018,6.99533244497316
P15036,57.29005203076534
P15056,152.48065294736972
P15085,35.05257211781347
P15086,49.41508849242569
P15090,0.4344200791745063
P15104,80.60686582495143
P15121,4.1293442601929815
P15144,39.71159452056115
P15151,85.667470077375
P15153,0.0
P15169,35.581569112725866
P15170,0.22606952459989613
P15172,97.47911154334582
P15173,45.09655104233218
P15248,3.1995943973625978
P15259,1.111229412136386
P15260,67.23561406842376
P15289,58.2005206826753
P15291,104.6076419384863
P15309,5.187212452437416
P15311,1.1082225277234041
P15313,29.23705800812804
P15328,10.525076473551747
P15336,98.34739390864621
P15374,1.2120641632697846
P15382,9.239287296705125
P15391,147.0939669844094
P15407,101.20619903696178
P15408,134.9260160469443
P15428,0.0
P15498,6.518918960343089
P15502,603.1147609805276
P15509,9.628218030604097
P15514,18.401245836474246
P15515,0.0
P15516,0.0
P15529,32.99965006191841
P15531,17.510249406882853
P15538,0.0
P15559,10.277774255428792
P15586,25.408858504665986
P15622,31.489786070803376
P15692,0.66451660313537
P15735,0.30206943956382887
P15812,15.307921851561465
P15813,14.631926106112587
P15814,43.144844847450884
P15822,571.0567763940726
P15848,35.84181981151584
P15863,161.84273618566453
P15880,69.99566605769151
P15882,4.017962502862224
P15884,817.5686676140484
P15907,51.02252715968422
P15918,26.382977648919653
P15923,734.2210052482344
P15924,346.0311719660533
P15927,102.42996159436683
P15941,1047.8771367042204
P15954,1.9785031634179036
P15976,165.90829551862117
P16035,2.4857387504624375
P16050,8.247498169403006
P16066,54.03790753057119
P16070,391.95784784330664
P16083,9.923518486772961
P16104,0.0
P16109,61.16439826531677
P16112,744.2075352768591
P16118,13.041654714333031
P16144,316.9802699663735
P16150,384.36546614744276
P16152,4.867853747689021
P16157,111.81789245086432
P16219,21.38582260119358
P16220,38.754705807639894
P16233,90.11675898559099
P16234,31.060072207162044
P16278,28.640337499391567
P16284,23.096726752601242
P16298,12.719572084967979
P16333,30.47697919858468
P16383,26.442250945320637
P16389,22.004171962283976
P16401,0.6001328757212513
P16402,0.48723463882508616
P16403,0.24361731941254308
P16410,1.614459370964371
P16422,8.558375803577933
P16435,9.285207183621957
P16442,2.5447103997318132
P16444,11.97107159150697
P16452,62.957306141640416
P16455,23.415045551752883
P16471,49.72319566149236
P16473,2.988618275989478
P16499,19.315372918155475
P16519,141.31339886112096
P16520,3.826444230001397
P16581,32.096153765901676
P16591,15.378378705368695
P16615,14.914803938517277
P16619,0.0
P16662,3.0930696356478946
P16671,3.920995446247269
P16860,20.632540219907916
P16870,57.79749129729569
P16871,17.65731263803299
P16885,12.915533070007344
P16930,21.363479648798496
P16949,0.0
P16989,28.343775652732404
P17010,12.778900488864176
P17014,30.98646248212488
P17020,59.07346333680739
P17021,48.90379727493615
P17022,13.919741838642786
P17023,38.67474407282497
P17024,49.52074888363241
P17027,60.011925157809266
P17028,3.805689359221512
P17036,36.07810935394368
P17040,142.92753473711926
P17041,9.981617825870478
P17050,0.568580978053753
P17066,62.28783001189638
P17081,0.0
P17096,0.07217321571579166
P17152,7.171404941653046
P17174,23.886582614687782
P17181,8.880165993454373
P17213,42.78114807900637
P17252,20.00808671746075
P17275,332.7024604068757
P17301,48.53552523500338
P17302,107.3909234138778
P17342,125.72085312273158
P17405,39.76342172481148
P17480,8.327205040121743
P17481,46.99602161019241
P17482,25.49439160688906
P17483,40.843706186106715
P17509,116.93192863875865
P17516,0.0
P17535,70.6039270275208
P17540,11.24451741867744
P17542,117.42867984031042
P17544,98.0552947420253
P17568,0.0
P17600,197.27805151150181
P17612,1.6947029744547812
P17643,126.0548711775701
P17655,16.405696044651215
P17658,90.4171180144082
P17661,98.68737710374873
P17676,77.07380462718004
P17677,0.0
P17693,11.591742153199139
P17706,29.505043367415176
P17707,7.875913794892423
P17735,18.154270252039755
P17752,0.27410211226362347
P17787,17.366447035414577
P17812,43.95685782288272
P17813,53.85881191623668
P17844,209.91158559870593
P17858,41.9862242019494
P17861,7.828371672600138
P17900,1.442745280644687
P17927,287.36712686572145
P17931,209.9924258791661
P17936,35.17653864603329
P17947,2.2823931651076665
P17948,54.36146620432707
P17980,3.1439861396274336
P17987,5.340202906274913
P18031,24.50271359620869
P18054,15.07305932311311
P18065,25.501488084336515
P18074,2.9156605785721688
P18075,24.453853104571458
P18077,0.339804957253114
P18084,40.48760427467342
P18085,0.178258561037769
P18089,12.86936605008507
P18124,7.319894863276501
P18146,450.4789685255328
P18206,18.637806975610097
P18283,5.968687261754716
P18405,0.6557697713083355
P18428,3.9516087303801344
P18433,145.35979171167102
P18440,0.0
P18505,9.442575654622352
P18507,1.4706302712770885
P18509,44.77855477590704
P18510,4.919242171687388
P18545,7.118432851489453
P18564,42.47137337377533
P18577,1.338219712802064
P18583,146.82161460546442
P18615,44.37619152940833
P18621,0.708409190722895
P18627,31.3678246671306
P18669,3.6277602869160788
P18754,33.612948675174394
P18825,108.63388538693434
P18827,31.064777768216082
P18846,145.80337843043225
P18847,0.73874563363605
P18848,60.16275245939917
P18850,111.51128809504522
P18858,34.45505749551227
P18859,2.7722294965004677
P18887,34.270050563545254
P19012,447.9843730226709
P19013,497.02350010379337
P19021,61.041375652966806
P19022,131.275687962596
P19075,0.6936986503636438
P19086,0.0
P19087,3.334908352338771
P19099,0.0
P19105,0.0
P19113,19.21276749851381
P19174,42.535649752367306
P19224,3.866001642347987
P19235,49.11295006258567
P19237,0.0
P19256,0.0
P19320,90.83474040061998
P19338,229.4473964469495
P19367,17.512365053385707
P19387,25.31126167106631
P19388,3.064339177519795
P19397,25.85095473485982
P19404,24.873125137219535
P19419,103.64586557512604
P19429,0.04776749826935405
P19438,99.71890801900705
P19440,25.95971764412355
P19447,81.52420849459654
P19474,20.235476893740863
P19484,55.75932795059448
P19525,59.298798254892894
P19526,35.59081153534104
P19532,65.39248501476835
P19544,143.91035855200698
P19622,332.68260452700315
P19623,0.6018508609502929
P19634,36.876260281500564
P19652,6.080134699741708
P19784,0.33929865540084714
P19793,190.52953399295157
P19801,17.20741926667837
P19823,37.90542029940573
P19827,73.84739654030018
P19835,124.76305182227836
P19838,261.8172015283822
P19875,0.0
P19876,0.08729492183790609
P19878,1.1964204445017612
P19883,5.474180523057564
P19957,12.246288726698042
P19971,18.255722661321997
P20020,95.17225857229965
P20023,148.40141826986365
P20036,5.112127440401385
P20042,7.045119696117814
P20061,16.557878406734112
P20062,3.436031146765383
P20073,383.23117398050505
P20132,2.6277184954990727
P20138,73.46590197381084
P20142,65.95647669485442
P20151,7.922179517910983
P20155,0.0
P20160,39.649476892318546
P20226,53.07169289409591
P20231,32.63569679186557
P20248,1.434723079930297
P20264,460.0509070725876
P20265,335.90057084604234
P20273,83.83921809298661
P20290,25.778150006609145
P20292,3.4742852171013565
P20309,112.28913194059346
P20333,162.03813566827142
P20336,0.6863889455991335
P20337,18.99534853060737
P20338,2.560061641335567
P20339,12.64697635005546
P20340,0.6860467374511648
P20366,0.0
P20393,389.3206443218352
P20396,10.735645944063004
P20472,0.4090851018908391
P20585,64.7459709129047
P20591,10.923518521324436
P20592,40.573711241718755
P20594,33.36809011984267
P20618,20.71814581022534
P20645,19.91335967604417
P20648,11.937726609544413
P20671,0.0
P20674,2.948334760989063
P20700,22.136090348493
P20701,72.29581912767473
P20702,25.90853527518165
P20711,3.9867551291184253
P20718,36.19982553618807
P20719,213.04509326881094
P20742,55.54696865663427
P20749,87.04245519954347
P20774,0.0
P20783,8.05334859347596
P20794,82.1153228046351
P20800,6.179403560612662
P20807,71.15666000072588
P20809,2.2846815758244334
P20810,23.95062041876527
P20813,0.0
P20815,1.9115208330738427
P20823,149.0871902064589
P20827,0.05423492408642644
P20839,20.728670145480557
P20848,0.2879378431947721
P20849,1040.1232263327129
P20851,15.272272291310463
P20853,4.674262139512707
P20908,1809.7365829152127
P20916,15.864261551793936
P20929,119.1196559405214
P20930,5454.312938470133
P20933,27.775949389309048
P20936,109.01456568120203
P20941,8.547047704052233
P20963,18.487774328540205
P21108,0.0
P21127,24.539982820701088
P21128,9.874648685828074
P21145,0.0
P21217,22.231485170780214
P21246,18.72386262463744
P21266,0.0
P21281,18.424240175146572
P21283,4.200911827969817
P21291,36.44539566845057
P21333,538.4499329002854
P21359,176.53142637870485
P21397,25.081949951384583
P21399,29.55329643063269
P21439,27.363281833906285
P21452,28.730476778981355
P21453,7.704006882071692
P21462,4.343268834651006
P21549,8.947780026315288
P21554,9.806752928599616
P21579,0.45993372891998446
P21580,51.94865835666296
P21583,15.257000694644926
P21589,27.13341038356264
P21673,0.32201472165933415
P21675,118.32946902206662
P21695,1.949946120095729
P21709,191.4097775780587
P21728,34.54023815462392
P21730,4.34961788224245
P21731,0.0
P21741,30.234974340469208
P21754,19.20665301092251
P21757,157.8592617737065
P21781,15.29857003303258
P21796,33.51795240460725
P21802,52.2262689558531
P21810,7.052058061257382
P21815,110.46593302917333
P21817,164.47535533609653
P21854,36.33579029470328
P21860,214.8619462425389
P21912,0.5298067743249286
P21917,31.872640984555545
P21918,28.815829994410695
P21926,3.1970532773785516
P21941,63.47930331251128
P21953,2.02081641090321
P21964,0.0
P21980,16.45095666104178
P22001,114.0345240647238
P22003,44.08438336251004
P22004,71.93632918830575
P22033,27.854092134799735
P22059,283.0255912248964
P22061,6.3829399346755045
P22079,5.435734996734505
P22083,23.23101794377996
P22087,254.7244076561858
P22102,44.178697783003294
P22105,815.3923416267326
P22223,35.687121868754545
P22234,11.340553758368827
P22301,27.416737159396305
P22303,21.414981223041167
P22304,37.017343803367346
P22307,45.524242507735785
P22309,2.560237575326407
P22310,3.1581033607374223
P22314,36.82754011871992
P22352,27.947798097812058
P22362,0.0
P22392,17.510249406882878
P22413,55.450452350157896
P22415,105.40703831016484
P22455,84.16449516469935
P22459,86.27484008130246
P22460,100.10052956653732
P22466,16.210141447000286
P22492,0.0
P22528,0.0
P22557,39.45655204605156
P22570,2.8355361469018625
P22607,82.1583711105508
P22612,9.850888453087434
P22626,761.9355757485926
P22670,515.9758734585316
P22674,26.052316749171005
P22680,9.860516881547953
P22681,180.46911847836773
P22692,12.639543559964915
P22694,5.574410099538941
P22695,17.899499336082705
P22732,0.0
P22735,168.64902173855023
P22736,197.6405084516046
P22748,2.675052942966225
P22749,0.43652101947469035
P22760,10.341863622270612
P22792,7.407321040367171
P22794,77.69721323682607
P22830,6.1589237270575214
P22888,40.921470034667934
P22891,8.952879966010132
P22894,65.38124946646329
P22897,130.16592301873317
P22914,0.43145236955103006
P23025,0.7416213318968472
P23083,23.055357349979595
P23109,14.28313511459524
P23141,29.743821402556126
P23142,38.56629978536054
P23193,29.8197671396028
P23219,8.930398012403943
P23229,50.15472807352051
P23246,502.0117928811057
P23258,18.49682433060781
P23276,11.97168796102725
P23280,17.242342658912484
P23284,37.43510388943879
P23297,0.0
P23327,41.15968867928045
P23352,28.083707071437445
P23368,7.170369469551112
P23378,86.81786416142529
P23381,14.091710395023586
P23396,0.0
P23409,27.116712530472487
P23415,30.279311325872783
P23416,28.089182845905693
P23434,0.0
P23435,19.8737016946653
P23443,24.45801908311402
P23458,12.971677868062677
P23467,242.77770819937106
P23468,157.66355083491382
P23469,19.412209337485088
P23470,200.6496203135561
P23471,293.2030486558873
P23490,1813.7203645830175
P23497,77.57721652877706
P23508,123.15167935664527
P23510,0.0
P23511,114.80868944062031
P23515,70.68885502373763
P23526,0.0
P23527,0.0
P23528,0.0
P23560,43.956752863106665
P23582,10.756048362316577
P23588,426.9358542108224
P23610,17.3596541399714
P23634,52.65301273961457
P23677,38.276937031143696
P23743,39.974781521782816
P23759,210.47044603364694
P23760,256.84946782952204
P23763,18.832389429646764
P23769,254.90666432595634
P23771,226.63263785763982
P23786,35.94462503102267
P23919,0.0
P23921,19.230879148327265
P23942,18.290505017021804
P23945,40.8190669696135
P23946,15.406054684656322
P23975,6.078384350338572
P24001,4.374905789669446
P24043,276.92024100373965
P24046,7.83956707962009
P24071,1.084925095229863
P24158,15.868898274237349
P24278,21.82263942904683
P24298,14.930353231588096
P24310,0.0
P24311,0.7896924513011294
P24347,18.537867419538145
P24385,1.7237662226613506
P24386,1.3237146611697124
P24387,4.922499263024861
P24390,0.0
P24394,130.3620520909836
P24462,5.314280662649777
P24468,105.22350338868982
P24522,0.0
P24530,9.073504299207476
P24534,10.169178908095077
P24539,0.3600322456035521
P24557,6.923342935997271
P24588,17.184036055951374
P24592,100.20962369459721
P24593,0.0
P24666,26.11947768823883
P24723,33.2662087835136
P24752,44.1029031129538
P24821,162.5810965339492
P24844,0.0
P24855,2.1179470533124864
P24863,8.1944901610128
P24864,14.687756720546
P24903,3.435069801940242
P24928,1323.5654198291393
P24941,0.10090223649817853
P25021,10.796455480728616
P25024,0.0
P25025,15.880860826411253
P25054,892.7636810697093
P25063,73.20243437383803
P25067,855.439097966691
P25089,0.0
P25090,0.0
P25092,18.087495316157757
P25098,2.29445159204003
P25100,231.35160295304442
P25101,35.58746216238839
P25103,29.417352629189654
P25105,9.492434424496036
P25106,0.0
P25116,24.40871910892039
P25189,9.849349250905561
P25205,37.72698633056228
P25208,4.937560778602962
P25311,10.362718251311756
P25325,9.053933412316244
P25391,410.35765520503077
P25398,0.0
P25440,102.48664211396068
P25445,14.777790256682225
P25490,121.94433248726342
P25685,107.04435328658084
P25686,130.38561404582214
P25705,9.474363201590588
P25713,1.5919740754878247
P25774,12.765568276354252
P25786,0.0
P25787,0.6951287257161226
P25788,0.0
P25789,17.31933155177139
P25791,0.0
P25800,0.8351047196374107
P25815,1.9378120861268662
P25874,4.903899566728905
P25929,1.7444040860194217
P25940,1812.160094584615
P25942,3.490389709580323
P25963,0.2406593790594137
P26006,53.80346047639396
P26010,96.03376435856495
P26012,31.682406024434222
P26022,0.07777790151405621
P26038,0.0
P26045,85.53122361215745
P26196,101.03483022190554
P26232,32.994706142687704
P26358,78.14850387470068
P26367,314.9093799896292
P26368,20.349216845653636
P26371,115.06473357226484
P26373,0.17285178621587455
P26374,25.47824441310827
P26378,103.47071444284036
P26436,38.88427286380596
P26439,4.361927649938732
P26440,2.3181884254350145
P26441,6.046626901816503
P26447,1.2751972442811796
P26572,5.041614148148333
P26583,0.5932227319683325
P26599,62.11538324880545
P26639,10.509197965040592
P26640,41.74082438318427
P26641,0.6557825914289914
P26651,231.23961225589872
P26678,0.0
P26715,4.249810058077295
P26717,4.8888526031438175
P26718,0.014451282500250495
P26842,7.752828949761499
P26885,1.6008116515179447
P26927,107.35677413429521
P26951,9.339608405281771
P26992,27.492665481109654
P26998,4.389590712771023
P27037,12.748012212574789
P27105,5.251288307299886
P27144,5.562227200722859
P27169,3.5403966805755815
P27216,5.117767738867149
P27338,31.123394008285636
P27348,1.5843535990932902
P27352,35.77313913731015
P27361,21.17383316288113
P27448,214.44143540900015
P27449,0.9917379695549732
P27469,0.0
P27487,12.004872697368754
P27539,14.395603129956932
P27540,282.9132067079138
P27544,7.634479032141477
P27635,1.194479311740589
P27658,768.2597882421161
P27694,115.23579518524426
P27695,8.160273659101085
P27701,21.763787770593037
P27707,0.998997359738607
P27708,64.82954460725654
P27797,11.252359263369666
P27815,178.16032199260152
P27816,130.52445171710204
P27824,10.704879947789548
P27918,40.652881784386935
P27930,2.08159281170754
P27986,25.385060410595102
P27987,391.44944858564565
P28039,70.11451614417643
P28062,98.3936879552839
P28065,22.107214129151487
P28066,5.184651789438645
P28067,0.0
P28068,10.69939194050436
P28069,3.0550175697781556
P28070,23.266649006326197
P28072,13.143884529149584
P28074,12.895561707586443
P28161,0.3429002722861212
P28221,10.023968400536683
P28222,56.93676611189416
P28223,22.37897029791168
P28288,5.073728896743514
P28289,2.004282095258813
P28290,175.08963569633875
P28300,86.21867561626041
P28324,51.3576338883534
P28325,12.965476609446398
P28328,6.900529871326963
P28329,83.08422904558003
P28330,19.104379404551757
P28331,17.560312484965564
P28332,2.7469694476780724
P28335,0.013278404990222405
P28336,5.999327561025439
P28340,47.546246149755355
P28347,34.308461502690236
P28356,265.5787848456606
P28358,57.218988871155474
P28360,45.389444078012865
P28370,2.2918448937931206
P28472,34.92959462580994
P28476,4.712500670995102
P28482,0.9903890596056351
P28562,29.978574418906334
P28566,8.735408251684891
P28676,28.05495257848245
P28698,43.721448656284736
P28702,229.5039150726485
P28715,103.02330597395743
P28749,45.77907494421896
P28799,37.005437206227995
P28827,182.83433237206378
P28838,18.96738742655065
P28845,0.0
P28906,272.71878777474274
P28907,4.328375709777246
P28908,77.40503509019166
P29016,20.372567202253933
P29017,2.9376442950126016
P29033,0.0
P29034,0.0
P29074,78.88450901452528
P29083,8.42242376872037
P29084,43.74961814492477
P29120,151.5010544971996
P29122,111.35017287128602
P29144,124.22665095958354
P29218,0.12681616750235264
P29274,86.21737119109059
P29275,11.582628028438545
P29279,15.903723208054437
P29317,51.329274216171825
P29320,64.39808668329577
P29322,50.407118866298774
P29323,74.13111043329636
P29350,27.03986537114154
P29353,110.44936243048556
P29371,43.66480484327879
P29372,10.352621585745506
P29373,1.3177424039711143
P29374,83.66205198641205
P29375,25.159488877734653
P29376,332.75671254160244
P29400,2815.877031811978
P29401,16.82441627229976
P29459,0.0
P29460,43.73390235021321
P29466,29.467959397378813
P29474,60.85441506964179
P29475,104.20228810159995
P29508,15.602188829615748
P29536,13.144299547268188
P29558,108.73852631996004
P29590,36.56393274578874
P29597,39.9081708218486
P29622,3.2178113001224222
P29692,37.73622691831973
P29728,34.134923127418105
P29803,47.451471877699156
P29965,3.1051356962719106
P29966,10.662947123351286
P29972,28.016837248558637
P29973,16.98637161822798
P29992,3.2219817454479345
P30038,59.96799898041958
P30039,7.084058007242289
P30040,0.06705420702659803
P30041,0.0
P30043,12.802943910947569
P30044,11.606509451359061
P30046,4.2287487471691705
P30047,0.31023861057140767
P30048,4.0208906388204175
P30049,3.241007764270595
P30050,6.453099068514424
P30084,2.6330904970488627
P30085,20.142717229460807
P30086,31.849271459474007
P30101,12.122172956418476
P30153,0.0
P30154,1.9062665624861623
P30203,96.0691419993241
P30260,127.65269843348284
P30273,10.551733666637391
P30279,0.0
P30281,21.540304051009024
P30291,52.490825833703184
P30301,1.5252408949023037
P30304,52.62821476269775
P30305,47.457954053086425
P30307,48.94856884637851
P30405,83.19255792011575
P30411,11.127497330664928
P30414,490.7575695244362
P30419,5.3627317399136745
P30511,40.952355486193234
P30518,34.57095790326793
P30519,3.978677568268932
P30520,25.11130220414959
P30530,66.81460327812111
P30531,0.0
P30532,33.41696222294985
P30533,10.399786054750797
P30536,0.0
P30542,0.0
P30550,11.044155376298619
P30556,17.516786848192908
P30559,10.058631428301334
P30566,7.4798089549960425
P30613,24.27096315929116
P30622,76.71962633871922
P30626,72.04063717382812
P30679,10.857844533926034
P30711,0.0
P30740,2.3440735282741487
P30793,0.0
P30825,28.639967380065016
P30837,17.198527259492472
P30838,28.628344770212582
P30872,80.64770590633786
P30874,27.22079758250571
P30876,38.22313293878072
P30926,45.445049537057784
P30939,10.65170357815271
P30968,5.175545293770938
P30988,0.7115533228514448
P30989,12.680690245628883
P30990,0.0
P31025,7.232146109361176
P31040,53.96803545054307
P31146,5.853486589626893
P31150,14.176964785858605
P31151,1.645890634005848
P31152,10.716273078472536
P31153,37.30308742368174
P31213,0.0
P31249,232.38313753352264
P31260,341.7521257431834
P31268,50.925392463320975
P31269,15.921961423503173
P31270,80.68664803124302
P31271,50.08310322422818
P31273,90.29403455500488
P31274,59.080769343779124
P31276,193.96610725248902
P31314,317.0039440959106
P31321,4.221557681440621
P31323,32.946223796799465
P31327,34.02497420642524
P31350,3.2975573234034385
P31358,35.84649657721888
P31371,5.1457637819560595
P31391,2.4690385554090066
P31415,1.3869237231329976
P31431,2.2908677915975266
P31483,101.5636265711221
P31512,3.0070434318366317
P31513,8.841455694480812
P31629,505.4568354946665
P31639,0.7880086434726865
P31641,1.682002177750825
P31644,36.595579048119326
P31645,45.04504044114031
P31689,42.150066391364035
P31749,1.4804715466363125
P31751,7.358056361370739
P31785,35.098508250224505
P31930,4.4722473429186795
P31937,70.97528085690905
P31939,4.378005102534962
P31941,9.24877232744718
P31942,637.5612295021959
P31943,368.8716876693386
P31944,0.8563351915145427
P31946,11.907661394911656
P31947,1.0673735898874785
P31948,10.516121892859372
P31949,2.8926482260121364
P31994,74.95010080153878
P31995,80.19979085373826
P31997,41.547242986347776
P32004,114.46116451072768
P32019,63.08765155347014
P32119,5.661364213318473
P32121,2.8126812132258356
P32189,3.7658921657250146
P32238,17.82002467334261
P32239,97.04726977726145
P32241,50.14170757280363
P32242,235.13004269930482
P32243,205.85023585312777
P32245,18.021791224483948
P32246,0.5555301366848038
P32247,49.29031645322767
P32248,0.0
P32249,6.123511032831521
P32297,7.755879432950118
P32298,5.052442861099512
P32302,4.02544193915476
P32320,0.0
P32321,11.182308349002298
P32322,13.278543839791512
P32418,23.052990926904307
P32455,2.223996926705683
P32456,11.68902147075628
P32519,71.60988886256621
P32745,21.9425799957437
P32754,6.713595413835174
P32780,63.033026870749225
P32856,7.813165856797027
P32881,0.0
P32926,271.25801247684194
P32927,203.98176405429018
P32929,30.86791589067692
P32942,7.6421475664163365
P32969,0.0
P32970,8.492487451784559
P32971,18.542058903679052
P33032,10.728884097764599
P33076,46.466599653991686
P33121,21.23696489132528
P33151,36.79751748208387
P33176,54.15703854973661
P33240,343.5614748968384
P33241,11.058698904733037
P33260,1.5343353797312411
P33261,4.254216785475002
P33316,28.14000130324362
P33402,12.383241978596683
P33527,84.449093416142
P33681,0.0
P33763,0.0016659613148174801
P33764,0.0
P33778,0.0
P33897,15.363522436121317
P33908,59.096234198000055
P33947,0.0
P33981,116.91546208622694
P33991,75.24233550599155
P33992,33.79431078310356
P33993,29.88644813534404
P34059,41.71015802961418
P34096,17.004756720448157
P34130,40.303818902879854
P34741,0.2507641720057443
P34810,267.0929899862688
P34896,22.99358803203513
P34897,21.777725115970558
P34903,43.36600816270043
P34910,153.4109891337095
P34913,13.336142029593383
P34925,51.33856604526295
P34931,42.12398248505754
P34932,3.765408368909787
P34947,25.554439826147345
P34949,5.059372446936108
P34969,7.498638454138477
P34972,9.904812259034571
P34981,44.48680370661454
P34982,0.0
P34995,45.93407859913249
P34998,0.9853721667580805
P35030,18.40008626967648
P35052,70.4275774671944
P35070,7.904795513762486
P35080,14.110286509399458
P35125,220.12805191621337
P35212,47.75906192828427
P35218,4.616237245773668
P35219,0.3508146385419877
P35221,12.440236482645526
P35222,66.62886944043643
P35225,0.0
P35226,125.3930867027915
P35227,127.8361016025045
P35228,28.778958454043632
P35232,0.0
P35236,10.266776314174209
P35237,27.427537907616333
P35240,6.957607764129692
P35241,0.0
P35243,0.0
P35244,0.8502307298732957
P35247,302.12407345517556
P35249,7.1638610181751465
P35250,1.8663375529427126
P35251,49.742014475388714
P35268,5.282443249636727
P35269,68.68517472148132
P35270,4.0150280096749995
P35318,7.12663757687298
P35321,0.0
P35326,0.0
P35346,44.72439236362011
P35348,20.03203818827684
P35354,9.677278880070485
P35367,51.72109765751853
P35368,142.37262814664686
P35372,94.76387617970882
P35398,4.199312070052509
P35408,80.07386812613251
P35414,95.15182685268255
P35442,126.608831842923
P35443,85.66888816183967
P35452,55.022474535826504
P35453,102.00884594367501
P35462,27.820770004479794
P35475,23.864458623527828
P35498,115.57430781215982
P35499,93.59415206982969
P35503,2.560237575326407
P35504,3.1581033607374223
P35520,27.979017036720244
P35523,58.238808200152036
P35527,1657.2767736819203
P35548,12.331720011260966
P35555,250.99018467389203
P35556,449.7666424018589
P35557,8.677179515734265
P35558,19.755794327352255
P35568,951.2991729716164
P35573,34.092482909029556
P35575,37.28478132133974
P35579,18.9364563476327
P35580,13.701655327801962
P35590,61.29716477524654
P35606,17.71153215006398
P35609,4.63648920328863
P35610,5.511583405458526
P35611,85.87344869990267
P35612,18.574858174536654
P35613,32.054791823457144
P35625,0.0880018796258773
P35626,7.120085895953475
P35637,1593.2659909123433
P35638,0.0
P35658,1830.5387636192731
P35659,2.7254980104344235
P35670,169.11045271814993
P35680,193.0148671802043
P35711,143.73877946764
P35712,209.37081364277788
P35713,29.856862191305176
P35716,205.9813162593184
P35749,15.81680484755468
P35754,0.0
P35789,11.377758071870343
P35790,17.23393194856953
P35813,41.64984012939138
P35858,6.750276983693482
P35869,68.29762570147771
P35900,72.33677933946203
P35908,1231.6115724218434
P35913,4.356585423309086
P35914,8.038020928208852
P35916,38.44384625245808
P35968,76.82394078070533
P35998,1.3427002229947282
P36021,3.6160315482030767
P36222,59.328663214210536
P36268,15.970177008186921
P36269,93.66173453088106
P36382,55.383503768599816
P36383,16.92384464531979
P36402,25.74729732830943
P36404,1.7704168472128716
P36405,0.31110798853412736
P36406,4.234407269951962
P36507,15.809536148953768
P36508,52.46317126178437
P36542,2.2937608593357917
P36543,0.014914304737590856
P36544,0.16659732134004387
P36551,68.14904098015526
P36575,0.5357436085849885
P36578,27.64421988046036
P36639,11.627713630057972
P36776,43.12192127279952
P36871,30.93298565010115
P36873,0.5490772420071861
P36888,60.49056826200298
P36894,26.765801696077435
P36896,0.07477887381518414
P36897,5.936876737954631
P36941,64.17994675560792
P36952,1.2836186549258521
P36954,0.0
P36955,2.2824832267274693
P36956,268.64553682844195
P36957,9.646136205446828
P36959,17.61458899541951
P36969,0.0
P36980,18.976897309904963
P37023,18.108710464316296
P37058,0.0
P37059,15.288229064555356
P37088,96.39739850782327
P37108,0.3892466330287839
P37173,10.022188469473718
P37198,506.9270814272413
P37231,0.03897669810815143
P37235,2.234741787686184
P37268,7.1189425041293575
P37275,185.31776090301315
P37287,35.01697342251123
P37288,55.880933321099135
P37802,45.09055619185415
P37837,1.8168522466853432
P37840,6.731286570806889
P38117,1.459831073807123
P38159,602.9847604573752
P38398,239.9304929405567
P38405,1.4668666843707625
P38432,141.9280702626693
P38435,12.761743983341338
P38484,0.958743111232603
P38567,0.9573868618440551
P38570,28.495646261545446
P38571,12.751836781677552
P38606,24.46882335043138
P38646,32.05913858266711
P38919,7.239709834382497
P38935,33.92912102867899
P38936,48.938951471928995
P39019,16.69703497657393
P39023,6.322444229470641
P39059,639.0025700529317
P39060,1263.1278696304644
P39086,57.62121681420953
P39210,0.0
P39656,13.672601111051375
P39687,3.183086276704196
P39748,6.476731427226984
P39877,0.0
P39880,269.6140749507636
P39900,14.142449401410488
P39905,2.029979994952157
P40121,4.813599714046301
P40123,41.52960000268445
P40126,33.610150727573846
P40145,241.36040387057892
P40189,156.442467157178
P40197,14.157437277201167
P40198,11.804006786462061
P40199,65.89586176680027
P40200,175.82861002418318
P40222,42.08307135321866
P40225,111.08239385369257
P40227,5.61699168354079
P40238,40.6347187163159
P40259,0.0
P40261,0.0
P40305,6.277027129878272
P40306,1.4949787763528566
P40337,6.787981824100849
P40394,6.955970633558845
P40424,211.3509798617697
P40425,366.542854798347
P40426,227.51958473067162
P40429,0.0
P40616,0.0
P40617,0.0
P40692,85.82550960339685
P40763,41.422019716976806
P40818,82.1546517542063
P40855,11.90621960409148
P40879,52.07809078479864
P40925,5.981737971515597
P40926,6.644216191093347
P40933,0.0
P40937,1.1167648300243547
P40938,3.4502254439743774
P40939,9.477837932313541
P40967,52.89997347570115
P41002,84.82698637030782
P41091,29.67874363860703
P41134,19.352240846157642
P41143,22.647007036346654
P41145,16.949681595793404
P41146,0.0
P41159,0.0
P41161,60.946786948954724
P41162,108.87177883708215
P41180,74.54913452687425
P41181,3.7360615966345816
P41182,111.9746625291589
P41208,3.808624913674565
P41212,21.279950374156627
P41214,14.994823729186606
P41217,21.54668210780652
P41218,56.26664191034395
P41219,76.52802326800207
P41220,1.0049173170366907
P41221,32.68934817769933
P41222,4.605682474559618
P41223,0.0
P41225,209.38420796872614
P41226,8.943685293823531
P41227,4.971976206748245
P41229,38.8815162361287
P41231,5.9025514070449505
P41235,44.7858082291563
P41236,2.9660432763342914
P41238,0.5078870033043704
P41240,4.318331150882868
P41247,0.0
P41250,30.07645870985431
P41252,10.804479453380615
P41271,17.46988475761212
P41273,3.228141306123492
P41279,2.3648366835992247
P41439,15.608291676776114
P41440,21.949840033528254
P41567,1.104200490763171
P41586,20.712855500620996
P41587,36.91252247799086
P41594,224.6271801839122
P41595,11.410166635538404
P41597,10.812946140290919
P41732,14.754059980824145
P41743,45.41327746229816
P41968,2.703530577702951
P41970,29.71770142411915
P42025,0.0
P42081,3.5216981339779694
P42126,14.74479951541902
P42127,4.397485039978097
P42166,96.8198859514786
P42167,66.3322417471857
P42224,6.852098655741399
P42226,44.449200632864795
P42229,15.01378499888911
P42261,173.58236303026064
P42262,89.55157042180218
P42263,91.95329610535113
P42285,28.960339549883834
P42330,0.0
P42331,67.73570301035906
P42336,19.14272216739169
P42338,0.9732071950413292
P42345,72.74734047956869
P42356,155.2438294795514
P42357,19.355892614389493
P42566,86.37752700218206
P42568,309.91395461495733
P42574,24.169401460074894
P42575,8.008535815734996
P42658,80.28832823178435
P42677,0.0
P42679,7.561429495884754
P42680,29.111111829991053
P42681,0.26967600648006385
P42684,225.71011458412394
P42685,12.605639373024378
P42694,204.70174096053083
P42695,96.27310599287483
P42701,75.59495265379584
P42702,83.87377042191906
P42704,1.5507148616679824
P42765,26.337015726610424
P42766,0.0
P42768,103.08734231359905
P42771,4.996855036320099
P42772,8.627995477822786
P42773,6.9499648882788385
P42785,16.013272229372504
P42830,0.0
P42857,0.0
P42858,143.08879700194524
P42892,70.4910736327932
P42898,91.37682125999098
P43003,1.5674144548929632
P43004,8.954568437880328
P43005,17.74519994367508
P43007,26.070682698196848
P43026,60.96314321386451
P43034,26.030003077997833
P43080,0.0
P43088,1.491991192505292
P43115,38.52895585402767
P43119,25.552062718094874
P43121,61.27992728531135
P43146,173.47744943424075
P43155,22.07373972120654
P43166,28.552810558579175
P43220,24.248341420490473
P43234,3.9775203884291765
P43235,32.22739072128143
P43243,204.79915546694482
P43246,15.86072394139521
P43250,6.755126169732836
P43251,18.062182603644995
P43268,112.72352048168342
P43304,29.16214902221496
P43307,1.8499054688976648
P43320,21.13570344361485
P43351,69.62617990233468
P43353,15.297087752913134
P43354,120.78527014348526
P43355,22.496443195280474
P43356,29.847351630776128
P43357,11.52914975293271
P43358,16.727109079602982
P43360,11.52914975293271
P43361,16.041817318435157
P43364,4.94232124136996
P43365,16.871903524620464
P43378,25.329330740262257
P43403,38.08425928644455
P43405,36.844761363085574
P43487,0.0
P43489,63.28571022612996
P43490,11.981607687311627
P43626,89.75891050842353
P43628,91.94257611581759
P43629,133.06561882401186
P43630,60.81929435299684
P43631,98.29667239130629
P43632,79.44943835629286
P43652,6.4227875984715475
P43657,4.925445705286065
P43681,21.248803288428256
P43686,0.5387623044627446
P43694,361.0519429615203
P43699,240.2263797660317
P43897,21.891989502879994
P45378,0.0
P45379,0.0
P45381,0.49728758742905
P45452,15.694200255418249
P45844,21.239900023976524
P45877,19.018547193857906
P45880,61.04522930758198
P45954,10.490509322638534
P45973,0.6738336380177381
P45974,47.97437272926057
P45983,49.533996385583116
P45984,22.95619636955847
P45985,96.24201908782523
P46013,256.8332648515447
P46019,142.53433291185644
P46020,79.39603746577052
P46059,29.943620063580553
P46060,4.568722077610916
P46063,17.556454115014077
P46087,43.3156018372257
P46089,27.061748614091933
P46091,0.0
P46092,3.0758231721199136
P46093,3.1818977930650845
P46094,0.0
P46098,39.3533801180785
P46100,279.72523094748306
P46108,47.95126990316237
P46109,53.9160892027331
P46199,5.4038091285503365
P46379,344.7959927906565
P46439,0.023851792510086203
P46459,9.973021368317687
P46527,22.23752804869428
P46531,594.8523128963775
P46597,5.659406194678999
P46663,0.0
P46695,9.16524890792515
P46721,4.1559004724716235
P46734,6.591926954120259
P46736,8.35014181669091
P46776,5.793652673411486
P46777,20.45590539917827
P46778,0.13877280115465887
P46779,0.1803206469468786
P46781,1.1347811721696066
P46782,3.1219414587836507
P46783,6.275811636208253
P46821,297.67684854106744
P46926,4.167959181003951
P46934,415.08116330874947
P46937,184.74184506775518
P46939,65.85400517408077
P46940,5.709536186874166
P46952,1.8722028516963225
P46976,2.310568367023987
P46977,22.57912542510516
P47211,5.100750551334171
P47224,1.300940214177334
P47710,0.6500119083320566
P47712,11.410847192341588
P47736,150.6614422108399
P47755,0.0
P47756,27.45978978680553
P47804,0.0
P47813,0.0
P47869,13.75164034441346
P47870,20.058159212267867
P47871,59.54275740617596
P47872,14.93582090465353
P47895,1.5696560552033483
P47897,3.946185495799966
P47898,10.00053437932696
P47900,25.954403151208524
P47901,33.19329709375159
P47902,90.66220426417101
P47914,0.0
P47928,13.318524197100974
P47929,10.08364448870357
P47974,327.39631662979133
P47985,6.06030207628828
P47989,93.91343813210277
P47992,7.813139166268213
P48023,3.7368266937563077
P48029,39.70564359533405
P48039,7.588140384754791
P48047,3.308134811507193
P48048,2.2238207004299477
P48050,11.869407910223874
P48051,1.1977102011766587
P48052,75.83602447300758
P48058,71.3751785914435
P48059,0.0
P48061,0.0
P48065,26.975954946657186
P48066,7.3270559190402285
P48067,19.29726360385792
P48145,2.202040318255704
P48146,30.180248722215197
P48147,48.91847470828458
P48163,11.424921290100793
P48165,26.21582484059749
P48167,26.968468770058863
P48169,71.72578559156563
P48200,67.28020842360148
P48201,38.35363483744365
P48230,0.0
P48304,60.17036713958783
P48307,2.2871801095189435
P48357,65.07183174422224
P48378,80.42678684489547
P48380,213.98331465362682
P48382,130.53161024481088
P48426,23.4131753450396
P48431,322.4016437141781
P48436,199.76310481622573
P48443,138.93297413050396
P48444,30.438097594136543
P48448,22.479045568814886
P48449,8.187685524471561
P48454,6.566271846341165
P48506,48.93177960166203
P48507,2.6634951057555565
P48509,10.093085133955533
P48539,4.483882337210355
P48544,1.3687921161403271
P48546,43.25230478486435
P48547,26.55147070175238
P48549,45.612526336695424
P48551,37.97409423573206
P48552,282.2769925163858
P48553,40.253472179347156
P48556,24.280763075884106
P48594,3.2748305380482456
P48595,18.82693376565345
P48634,903.2494112169741
P48637,4.628345737373401
P48643,12.714877064080207
P48645,0.0
P48651,19.553506189201762
P48664,16.168159543460703
P48668,594.145183427125
P48681,123.01371509735398
P48723,38.33368741488789
P48728,24.362632369008292
P48729,10.072759855030046
P48730,58.701127519206516
P48735,5.222281721556588
P48736,12.317128825967806
P48739,1.8326146799555034
P48740,38.58010198964924
P48742,103.18870687746923
P48745,10.184151813526029
P48751,114.0938798541179
P48764,13.841428987622301
P48775,28.316256214858416
P48788,0.0
P48960,134.59587179230408
P48995,28.789104673233233
P49005,2.222862309463971
P49006,21.819445419827943
P49019,52.51484599023002
P49023,232.11269521042826
P49069,65.03473750226715
P49116,65.35509073857304
P49137,0.7836777219058233
P49146,0.0
P49184,15.408117794001146
P49189,20.677077375761492
P49190,19.348612305357324
P49207,0.0
P49221,48.34128456202585
P49238,27.124814301583342
P49247,143.5358819553407
P49257,51.644742353019694
P49279,43.20140862728225
P49281,28.68199817524595
P49286,15.348076273718506
P49321,79.05975324230481
P49326,6.934316965638531
P49327,98.3599628635163
P49335,104.79462782835023
P49336,141.11285237936715
P49354,6.220995302062473
P49356,9.383842539296628
P49366,7.161849260682974
P49368,8.38816027786912
P49407,1.9737216948071956
P49411,4.467931795893795
P49418,30.7476950362819
P49419,79.2660423324538
P49427,0.7361774242791091
P49441,42.16925390721029
P49447,0.0
P49448,24.666373637729677
P49450,5.589946452325801
P49454,118.55778856576315
P49458,0.0
P49459,1.333622325938212
P49585,15.67423305076449
P49588,90.00421259393607
P49589,5.284239088866528
P49590,6.227139062211482
P49591,1.4858417278571023
P49593,1.7378257050936707
P49619,14.91339384706454
P49638,0.8823014016751851
P49639,189.04286674074606
P49640,178.53237173362598
P49641,20.17552983667936
P49642,0.3041874953879978
P49643,17.53092947810177
P49662,2.219108754133899
P49674,19.09385687059206
P49675,7.943862716290828
P49682,18.242960424968455
P49683,12.972449386272931
P49685,1.425190328501546
P49703,2.187812691248422
P49711,21.569085888709832
P49715,124.62597757376045
P49716,14.503291399661373
P49720,0.0
P49721,0.0
P49736,45.96153933804765
P49746,125.42748269762257
P49747,120.47334648896718
P49748,33.19990295640672
P49750,567.8669661635847
P49753,6.562632113954762
P49754,1.3808362317234508
P49755,11.37562076087341
P49756,35.884148124959694
P49757,105.4451003449138
P49758,7.21862583901076
P49759,51.450144039225854
P49760,80.51671747229587
P49761,94.86491188432913
P49763,17.91723097596787
P49765,9.407422186133429
P49767,0.3277621634591332
P49768,28.930293412058738
P49770,8.867451519038784
P49771,0.0
P49773,8.948864864665802
P49788,2.2953137806558264
P49789,3.8191506200512935
P49790,1352.5327289985548
P49792,667.5936919092981
P49795,3.368304024124734
P49796,96.18293054930771
P49798,6.974647965372101
P49802,24.798928275725967
P49810,3.2857175742586104
P49815,162.81703699341887
P49821,29.48461145930537
P49840,407.0057846342869
P49841,61.515272245251225
P49842,49.6622023674036
P49848,186.76902265724846
P49862,52.30522698260894
P49863,50.98512573326914
P49888,6.645843833707948
P49895,0.0
P49901,19.604134132159118
P49902,9.836644466607645
P49903,0.5792375939537707
P49908,13.840091985772418
P49910,32.044117713133126
P49913,11.743331936248559
P49914,0.2692070994629361
P49915,7.439820806168157
P49916,66.81578720572651
P49917,47.35984934385702
P49918,19.444012546965567
P49959,66.94283449139058
P49961,3.0471359774876623
P50052,11.096364100108172
P50053,16.245349393181794
P50135,0.0
P50148,7.026460679869481
P50150,0.13778990489463042
P50151,0.0
P50213,16.98076891831724
P50219,219.10853902867504
P50221,116.53710753494629
P50222,127.58683459008083
P50225,0.9831206754834033
P50226,1.040552554207323
P50238,15.317782663503333
P50281,51.679130188718474
P50336,0.7178135286116061
P50391,11.569005301406428
P50395,13.105804567551948
P50402,95.01046147431938
P50406,52.35097641552702
P50416,12.163114667440212
P50440,6.024896213388605
P50443,21.986112319819533
P50452,0.8107461999944475
P50453,0.0
P50454,1.8373664395993283
P50458,70.39377814140391
P50461,35.77531912751297
P50479,135.67632384950628
P50502,102.59953179709386
P50539,17.74842463133978
P50542,16.483514600325435
P50548,209.33846413232394
P50549,52.023357087707524
P50552,85.16271719206362
P50553,36.238983769934855
P50570,28.763246695871565
P50579,8.97974035876149
P50583,0.0
P50591,4.903417870208698
P50607,75.11458463937649
P50613,3.7734558827450035
P50616,79.30725134036962
P50747,36.156510964469334
P50748,27.69162882641649
P50749,35.85979530620165
P50750,6.0694328064041585
P50851,224.37401352232092
P50876,0.3694069934435874
P50895,127.91422561031897
P50897,0.0
P50914,0.0
P50990,7.385930683543394
P50991,25.740957652095943
P50993,48.522352539085276
P50995,264.0476265907742
P51003,110.18035984536515
P51114,122.90281398592916
P51116,248.60037950807362
P51124,15.821008182015373
P51148,13.07438322153463
P51149,1.4114633575400162
P51151,3.299998934512914
P51153,15.567443678852495
P51157,6.143079736908999
P51159,13.62069472626725
P51160,10.312948981363924
P51161,37.256055715127346
P51164,5.3595296011736915
P51168,28.687476119239967
P51170,14.943617911302098
P51172,78.25195950062698
P51178,14.100530373975381
P51397,0.7855217537138803
P51398,5.163707904113833
P51449,97.78559486493462
P51451,3.901198706717241
P51452,0.7761733935338031
P51460,4.272423313980921
P51511,50.43821402143678
P51512,35.687042984183705
P51513,109.20243510563805
P51530,12.944074618309578
P51531,226.43690815992306
P51532,381.73789259040575
P51553,23.52679070497981
P51570,4.092113460494232
P51571,3.1989431122843888
P51572,0.37890541935100064
P51575,7.226692564234467
P51580,1.954844298562132
P51582,9.27980695709211
P51587,328.46992248609763
P51589,4.178942394588281
P51606,10.250396401261629
P51608,35.69202842052194
P51610,590.1493723166386
P51617,117.3845858656536
P51636,0.0
P51648,19.705766895743075
P51649,17.987102472512056
P51654,6.436925349669519
P51659,78.62536234406542
P51665,0.5712159102871676
P51668,0.8968718558219726
P51671,0.0
P51674,0.0
P51677,0.49635087312247583
P51679,0.0
P51681,1.443093474543964
P51684,16.130006516063826
P51685,10.52152872336333
P51686,0.21243391125093455
P51687,35.2289837534058
P51688,40.61116402412324
P51690,64.65558380642378
P51692,25.30358578268705
P51693,85.95520621527008
P51784,38.10714974873464
P51787,77.45497323311874
P51788,29.938367279550608
P51790,27.080354359268892
P51793,3.994217695287415
P51795,59.01623269032916
P51797,9.364723656445454
P51798,23.331183536750537
P51800,17.4897187851898
P51801,19.258929426755337
P51805,97.5416206769602
P51808,0.0
P51809,0.0
P51810,8.837067009194156
P51811,3.905102377182376
P51812,7.8494629948408825
P51813,82.61580343306923
P51814,92.05581277889956
P51816,276.1819295917114
P51817,0.505025314677634
P51825,359.2124985304937
P51826,398.5212206065872
P51828,51.978753816936674
P51841,43.336967149795484
P51843,41.487659580890174
P51854,23.201923914318424
P51857,20.65628783787794
P51858,7.331165154838667
P51864,3.1148448488369724
P51878,8.488989298853323
P51884,1.087758883029021
P51888,0.0
P51946,0.04943691208674698
P51948,0.27677729239181265
P51955,6.64125198088634
P51956,11.078575196964367
P51957,70.50736975687556
P51959,0.0
P51965,28.142346260442533
P51970,1.0776596842582205
P51991,821.7288061958693
P51993,17.303050407056492
P52179,118.6923309441557
P52198,4.622862584881096
P52209,41.169063766510874
P52272,443.877174945571
P52292,33.27452601946247
P52294,0.6598165977778147
P52298,49.75713354132181
P52306,6.075428278627264
P52333,25.625211834094763
P52429,0.0
P52434,0.0
P52435,0.0
P52564,9.355292133832636
P52565,6.014850455108677
P52566,5.54042612232837
P52569,56.05977455368346
P52594,446.82110802227226
P52597,117.87150632342926
P52630,31.349149899048655
P52655,1.51467619286718
P52657,0.0
P52701,64.10705206646234
P52732,25.76050700948806
P52735,45.44219216493623
P52736,41.58198711567863
P52738,10.533955376392477
P52739,16.49110651535471
P52742,144.16535202514947
P52744,0.9629797854169482
P52747,59.373712476161096
P52756,192.65647040765737
P52757,4.3908859737810815
P52758,2.08201806099735
P52788,8.288607697804341
P52789,6.832359229290794
P52790,23.462560116475366
P52797,74.26281786058958
P52798,40.06861354194557
P52799,133.70731857161252
P52803,7.848801083849279
P52815,0.17616143611418156
P52823,0.28262470066587286
P52824,74.28626202077996
P52848,1.4260783412319091
P52849,43.96706114355275
P52888,5.615483817964678
P52895,0.0
P52907,0.3020673357895361
P52926,0.48820551196813844
P52945,8.50308071950582
P52948,1298.7323082999685
P52951,19.436704500742636
P52952,59.06657526383985
P52954,25.041196593104473
P52961,5.1507917896605715
P53004,0.0
P53007,6.7785017800764855
P53041,22.36009552847721
P53350,2.215566236794836
P53355,56.85906388950968
P53365,121.68221957436647
P53367,20.55287610409362
P53370,20.1274798427422
P53384,36.618857593920275
P53396,61.515212597046265
P53420,2521.4035232860942
P53539,177.91131236635928
P53567,26.15589843871434
P53582,3.3733509314640435
P53597,35.09595560680328
P53602,14.940878045878467
P53609,42.09507493929166
P53611,0.0
P53618,4.429013262499311
P53621,25.97666069500016
P53634,8.608050004532723
P53667,107.31891045272954
P53671,19.387061065442772
P53672,26.730186250556205
P53673,2.1780055587044793
P53674,29.77889509308568
P53675,7.370007328845123
P53677,35.23277136747338
P53680,0.0
P53701,27.268272907273616
P53708,36.99812241078137
P53778,1.7467600884952663
P53779,34.94752087128245
P53794,5.162021639657558
P53801,0.37791754233455693
P53803,0.0
P53804,139.25379525203206
P53805,2.63951137113053
P53814,293.39971178247526
P53816,5.895838022983127
P53985,0.08991451473885759
P53990,110.6567954070866
P53992,495.1983157540096
P53999,19.052268043883036
P54098,88.46569060279896
P54105,7.7232869796846675
P54107,1.949617704228773
P54108,11.296971506807898
P54132,157.36649573272425
P54136,2.0052975281914756
P54198,92.52785075066834
P54219,9.358251373561115
P54252,50.55479037890835
P54253,221.04323360208895
P54257,54.453813819956935
P54259,715.7313983948679
P54274,11.472165637922924
P54277,87.46077650706792
P54278,72.2520508432538
P54284,31.532944892579707
P54289,39.74484138625693
P54296,60.19832533722615
P54315,28.438175258013203
P54317,25.49073116964039
P54368,87.25161452645757
P54577,3.944122253834167
P54578,12.295770776963662
P54619,1.164611200030688
P54646,91.58528015804657
P54652,94.64694069093694
P54687,20.757623655572843
P54707,29.000167469249305
P54709,3.632130537487555
P54710,12.847280624212114
P54725,23.16757847362706
P54727,131.71356144938235
P54750,41.62898178215878
P54753,92.4178452572163
P54756,48.220048107346194
P54760,93.49531010128072
P54762,62.96703267655014
P54764,97.00257037239405
P54802,26.045464386210202
P54803,35.44233360508792
P54819,0.18902626872164563
P54821,44.84183270936914
P54829,18.398645716471197
P54840,28.38027131816089
P54845,53.50584873554542
P54849,0.0
P54851,4.637099748877234
P54852,0.0
P54855,1.23982164758393
P54868,27.842859469617686
P54886,9.215615453561615
P54920,1.2919942898173509
P54922,23.298827637583685
P55000,6.634399896643875
P55001,0.14498124238523852
P55008,0.0
P55010,9.444034030559898
P55011,151.80824593311183
P55017,20.75823140372256
P55036,17.84875620305766
P55039,7.481842609799296
P55040,36.59510775329667
P55042,29.990451833310424
P55055,88.52011487936454
P55056,0.0
P55058,7.797680607265981
P55060,1.0067774264465468
P55061,0.0
P55064,7.982218806746957
P55072,105.87433889370858
P55073,11.980287529290237
P55075,2.786742416653367
P55081,12.233051231409029
P55083,7.678043980434765
P55084,10.987682595533183
P55085,28.48085098776221
P55087,2.3433249332678097
P55089,21.607894902856124
P55107,3.092354452727527
P55145,0.0
P55157,34.24505042004911
P55160,0.0
P55196,220.49782693627697
P55197,764.5587916470931
P55198,646.7192127690838
P55199,90.31272657793974
P55201,209.62200241972855
P55209,0.03325170172695017
P55210,5.673497422182378
P55211,15.195801799662988
P55212,2.0517059440251297
P55259,65.7099741204719
P55263,0.26635262036628593
P55265,91.76904849947944
P55268,259.70255949496715
P55273,13.927516729021365
P55283,135.09664258487769
P55285,114.89158713372868
P55286,81.26631077601294
P55287,80.91150450026024
P55289,33.82137650096689
P55290,43.39012012754685
P55291,14.101826733503696
P55316,197.78292599819108
P55317,413.078152408124
P55318,159.43555173100808
P55327,56.17329664889536
P55344,0.0
P55345,2.5174716460346733
P55347,30.661679049516835
P55735,11.277415257323154
P55769,0.0
P55771,85.39396913369102
P55773,0.0
P55774,0.0
P55786,13.083679061346553
P55789,17.11149838522376
P55795,391.74849175931865
P55809,35.79035002449471
P55851,7.68464406623646
P55854,2.3374032355924848
P55884,0.0
P55895,18.59051327347693
P55899,55.01796644608267
P55916,11.938195807454639
P55957,11.000383592935986
P56134,0.0
P56159,33.14938839399822
P56177,223.39027876748423
P56178,151.9585064703935
P56180,1.049690037472877
P56181,4.238457801194621
P56182,1.7065258835952677
P56192,9.853135340364428
P56199,101.58778225396011
P56202,9.44583355218465
P56211,3.8117536740693163
P56270,84.23808807905317
P56278,0.0
P56279,0.0
P56282,38.37838378002617
P56373,22.236497213569955
P56377,0.0
P56381,0.0
P56470,51.71407271694422
P56524,193.27769280319984
P56537,3.7408464801106316
P56539,0.0
P56545,13.052567835845927
P56556,2.191963934109346
P56557,6.005725780709136
P56559,0.0
P56589,2.063333344123662
P56597,2.8642456248256662
P56645,396.59831727536465
P56693,249.94333031541305
P56696,116.68308822137595
P56703,66.23113959808109
P56704,66.44386651067995
P56705,16.30931069649675
P56706,72.59516824512991
P56715,331.30454644344394
P56730,85.0094793843206
P56746,12.718604505821098
P56747,21.728971549598935
P56748,4.914418790924304
P56750,1.3398648629149854
P56817,22.823692194974207
P56851,1.0874055286616995
P56856,39.59771594343333
P56915,47.477976673053035
P56937,5.285593895668416
P56945,151.84983334419198
P56962,2.863917086628902
P56975,209.44247267350312
P57052,76.89317767537352
P57053,0.0
P57054,5.678781806442721
P57055,114.4758584927397
P57057,33.94051652335951
P57059,85.7057598192284
P57071,89.48871148789667
P57073,174.60511031997206
P57075,22.39532685054584
P57076,4.949667065652325
P57078,69.9688797405703
P57081,5.11695856657787
P57082,48.419701182946305
P57086,3.508010465774726
P57087,63.8797782393797
P57088,3.364104877290593
P57103,55.01666614184868
P57105,32.50638689022015
P57678,3.082841943665349
P57679,61.91649402315932
P57682,34.71007473716455
P57721,30.535454972271474
P57727,15.813921063878322
P57729,0.0
P57730,0.5432749462865982
P57735,11.444398330901693
P57737,105.97243896787059
P57739,6.09633475989422
P57740,37.89401799319946
P57764,59.73095317910588
P57768,122.75032959937275
P57771,0.7095039961930799
P57772,3.6387415772003986
P57789,31.306894396979985
P57796,45.76481327903089
P58004,26.744267223262867
P58005,0.0
P58012,125.0798926500185
P58107,194.2875506705879
P58215,80.64642774125929
P58304,32.087879712962554
P58335,22.20526743083714
P58340,48.71403823356146
P58397,205.96262945619316
P58400,159.15452708015448
P58401,113.843539138572
P58418,0.0
P58499,11.666937979094788
P58546,3.8653769106748586
P58743,1.0091938268347267
P58753,45.765439227133285
P58876,0.0
P59044,21.282096523981895
P59046,33.97665132044046
P59047,4.563087811218023
P59103,1.8029064024325943
P59190,0.5186740645682435
P59510,298.7007466050992
P59542,0.0
P59665,0.0
P59666,0.0
P59780,0.0
P59817,230.2560852482797
P59827,77.2102667189353
P59861,0.0
P59901,45.34207817799482
P59910,10.168823469133697
P59923,67.27928129533511
P59942,28.810050133520747
P59990,0.0
P59991,0.0
P59998,0.0
P60006,0.0
P60008,1.4599410707200382
P60014,18.66680835752682
P60022,10.44807363699031
P60033,0.0
P60059,0.0
P60174,3.751265404428424
P60201,18.241142881251797
P60228,3.907070825109524
P60321,34.27465562114885
P60323,37.35009165168936
P60328,0.0
P60329,0.0
P60368,16.339031289596626
P60370,19.01776238761602
P60371,13.37330713049184
P60372,8.47107414418653
P60409,10.649538208835573
P60410,47.52069475382331
P60411,8.253506617873612
P60412,17.24317222070765
P60468,42.45510504661329
P60484,4.263513010965982
P60507,36.657568490144314
P60508,37.79962723277799
P60510,7.7467934617683305
P60520,0.0
P60568,0.0
P60602,6.19062939851956
P60604,0.0
P60660,11.322289699749602
P60709,28.60824458232434
P60763,0.0
P60842,2.1870789124652146
P60852,134.226145870367
P60866,0.0
P60880,3.9555404385562634
P60891,1.8764832398407916
P60896,0.0
P60900,3.1193079856917594
P60903,0.0
P60953,0.0
P60981,0.0
P61006,7.017060088897605
P61009,2.7883062234736453
P61011,9.504759773577819
P61018,10.455411227579841
P61019,18.43538124457746
P61020,12.638359742007605
P61024,0.0
P61026,16.26009984171484
P61073,12.559834313493514
P61077,4.099045096396088
P61081,0.0
P61086,0.09208677999322189
P61088,0.0
P61106,9.232670155673706
P61158,7.775421367865524
P61160,0.0
P61163,0.0
P61165,0.0
P61201,0.8836588026723022
P61204,0.0
P61218,0.33629288221214393
P61221,10.824229857231783
P61224,0.0390096798078119
P61225,0.0
P61244,46.42755136755678
P61247,4.640967344619994
P61254,0.0
P61266,0.7477971276618762
P61278,0.0
P61289,0.44708725489096734
P61296,37.35663580286673
P61313,0.45714692453497935
P61326,0.0
P61328,10.253882001940132
P61353,8.782961676291539
P61371,42.67421224405267
P61421,0.7006795924451833
P61457,0.0
P61513,0.0
P61586,2.2310360963835905
P61587,7.1765091136542924
P61599,0.0
P61601,1.7187975918894156
P61604,17.564808025894685
P61619,4.367133055536126
P61626,28.222297226845235
P61647,26.47945588272161
P61758,3.0215249022958615
P61764,5.3781752079384875
P61769,0.0
P61803,0.0
P61812,13.585883111038925
P61916,3.552126762690686
P61923,0.03995345449919324
P61925,6.816660541115473
P61927,0.0
P61952,0.3648765098755753
P61956,3.3792349263130834
P61960,2.902141684494504
P61962,5.390013542162945
P61964,3.256217321696286
P61966,0.0
P61968,12.684035868135256
P61970,0.3120211914508448
P61978,133.3613871677283
P61981,1.7751847512738725
P62068,0.35686771880772256
P62070,9.392063170359494
P62072,0.0
P62079,2.01670033778899
P62081,0.4929687488129085
P62136,5.27163643555022
P62140,3.1292404008611325
P62166,0.0
P62191,6.822582457836458
P62195,7.4332235641950355
P62241,0.0
P62244,0.20949276811628173
P62249,0.0
P62253,0.0
P62256,0.0
P62258,0.009954335927081377
P62263,6.741272470084905
P62266,0.0
P62269,0.021856718663444914
P62273,0.0
P62277,0.0
P62280,0.0
P62304,0.0
P62306,0.0
P62308,0.0
P62310,0.0
P62312,0.6807457608472374
P62314,0.0
P62316,0.0
P62318,0.0
P62324,19.35466630464885
P62328,0.0
P62330,0.0
P62333,0.7043818403903708
P62341,0.0
P62380,0.0
P62424,0.5753316256806597
P62487,0.35800832664411375
P62491,15.414379478690863
P62495,0.0
P62508,116.53269274783841
P62633,41.3003423258201
P62699,0.0
P62701,8.328756474257315
P62714,23.052210872049905
P62736,25.665796368396443
P62745,0.0
P62750,0.0
P62753,1.5569050442143437
P62760,2.3013392141261138
P62805,0.0
P62807,0.0
P62820,5.109035726364659
P62826,3.0120556651234383
P62829,4.205482686173304
P62834,0.0
P62837,3.8687484821905844
P62841,0.0
P62847,5.58269310956744
P62851,0.47754266722851235
P62854,0.0
P62857,5.34090495742657
P62861,0.0
P62873,13.205231458278664
P62875,0.0
P62877,0.9078812368231751
P62879,15.288682072610177
P62888,0.0
P62891,0.0
P62899,1.0383690239369345
P62906,0.32558606943489904
P62910,0.0
P62913,0.0
P62917,18.592216047382358
P62937,24.511009170320147
P62942,18.709755613126376
P62945,0.0
P62952,0.0
P62955,29.351542044373772
P62979,2.3472663476396693
P62987,0.029046431974213627
P62993,2.027968474584207
P62995,166.60920343901302
P63000,0.0
P63010,35.81068854596069
P63027,2.363763326915276
P63092,8.617335185260249
P63096,0.0
P63098,0.7166800312515723
P63104,0.0
P63128,77.00431139596057
P63146,2.429193937231429
P63151,9.15807724199328
P63162,47.79453869472975
P63165,0.0
P63167,0.0
P63172,5.726829743428609
P63173,0.0
P63208,0.0
P63211,0.44779099305334585
P63218,2.8982500923343233
P63220,0.7864226881537064
P63241,3.9404398392639757
P63244,23.182956569833912
P63252,7.229753053697186
P63261,27.430928270036766
P63267,24.003665665793264
P63272,0.0
P63279,7.714627581393937
P63316,1.0027116731327268
P67775,23.052210872049905
P67809,102.58963359746593
P67812,9.117900825258069
P67870,6.245417338560332
P67936,0.0
P68032,24.823246370993065
P68036,0.0
P68104,28.10886828003911
P68106,16.640818232520402
P68133,30.843039045566456
P68363,27.07326873287472
P68366,21.556102291012635
P68371,23.701807598888333
P68400,85.05572182277392
P68402,0.0
P68431,0.0
P68871,0.4533813498641317
P69891,0.0
P69892,0.0
P69905,2.1356896395102196
P78310,79.64941692619678
P78314,49.20198551973775
P78316,9.040821713920876
P78317,28.490860647246777
P78318,10.500567389740144
P78324,41.610419815322444
P78325,64.02910183398593
P78329,0.837164207031012
P78330,5.955782785880206
P78332,500.4102640372557
P78333,52.5908424414843
P78334,13.184019055157535
P78337,185.92016687347376
P78344,153.78086309377397
P78345,0.0
P78346,1.644258673545715
P78347,64.31861615594211
P78348,21.668947898451865
P78352,94.06872201662031
P78356,37.394972465186754
P78357,138.41776836405998
P78358,142.79636211212284
P78362,16.165338877030685
P78363,107.82033760509306
P78364,438.1023674984048
P78367,82.25606154680064
P78368,57.41645134930844
P78369,35.32928836271489
P78371,11.42552316617665
P78380,1.6527015550562676
P78381,43.67934797248099
P78382,3.3220105281218544
P78383,4.923275956098621
P78385,18.674180809200678
P78386,92.14454794595136
P78395,0.0
P78396,9.55793748280309
P78406,54.788357655904726
P78410,11.660508123777038
P78411,274.43065421434636
P78412,38.898710539565315
P78413,109.77371365800376
P78415,112.8207430678883
P78417,5.724333392106551
P78423,75.64229756800295
P78424,185.445521560398
P78426,196.82086315648394
P78504,325.01094883191644
P78508,3.0630840617529658
P78509,155.5116993883018
P78524,196.37006501882684
P78527,84.93877201823457
P78536,40.46315515841012
P78537,5.60321877102317
P78539,37.11913413470975
P78540,6.154932284591583
P78543,0.028764997137424895
P78545,105.35210254509919
P78549,8.119326690238715
P78552,31.32455582641582
P78556,0.0
P78559,297.20928084761135
P78560,12.242852290146876
P78562,22.845287946758273
P78563,174.0537159274299
P79483,2.4294317793143474
P79522,56.809026874021185
P80075,0.0
P80098,0.0
P80108,82.41957805468142
P80162,0.0
P80188,0.0
P80192,175.06770216587103
P80217,3.51647292618134
P80294,0.0
P80297,0.0
P80303,0.0
P80365,4.550861192924465
P80370,78.0322683758044
P80404,4.452233598426082
P80511,0.0
P80723,0.6303290523506202
P81172,2.4465004976346467
P81274,63.76380012889497
P81277,2.872836557945691
P81534,0.0
P81605,2.463976878954879
P82094,136.22735837152274
P82251,0.31818304929845725
P82279,146.63759600632304
P82650,1.3322594308524438
P82912,5.76743611127081
P82930,0.0
P82979,2.529219069061718
P82987,123.89667215080001
P83105,41.702599974608454
P83110,38.905825862316156
P83111,6.029680528499162
P83369,70.71891690291051
P83436,4.380390915604276
P83731,0.0
P83876,0.34634501882018537
P83881,0.44347725834361473
P83916,0.769210445144479
P84022,13.607536999177226
P84074,1.0523730787657222
P84077,0.0
P84085,0.4234923177680211
P84090,0.3315977977108215
P84095,0.21750779705772255
P84098,0.09447628883806856
P84103,4.870475295971167
P84243,0.0
P84550,625.3228936570976
P84996,36.26131385264877
P85037,181.89873755444356
P85298,2.2629904570123287
P85299,98.78724620733837
P86397,0.0
P86452,78.33580502466256
P86479,4.3875742902557455
P86480,4.3875742902557455
P98066,29.99289237176706
P98073,90.48856004376819
P98077,55.7119662078705
P98082,284.16256454675187
P98088,6366.151534459503
P98095,97.44324998607156
P98153,32.40988634908578
P98155,113.82540445582657
P98160,923.6479348070889
P98161,377.38638296882664
P98164,387.0140506334604
P98168,159.24811919290582
P98170,58.12411417722372
P98171,65.11248954314236
P98172,96.17359477782001
P98174,89.69891451103449
P98175,253.59973757584106
P98177,88.0299210565649
P98179,217.30089174720706
P98187,0.10942774939796644
P98194,19.030017277362216
P98196,59.518571488574565
P98198,38.214807947156004
P99999,14.42516515149377
Q00005,5.420177997204278
Q00013,22.11446275644698
Q00056,82.79033230092632
Q00059,0.0
Q00169,0.7869681844774499
Q00266,46.96665162299099
Q00325,26.42343225605403
Q00341,30.55647017605655
Q00403,66.48417614858872
Q00444,23.100367016283524
Q00526,7.425582747018934
Q00532,0.0
Q00534,0.0
Q00535,0.0
Q00536,37.17362999304366
Q00537,40.02868569751787
Q00577,247.36249096622146
Q00587,240.65795442618295
Q00597,8.677413383399674
Q00604,8.395987221373032
Q00610,23.139235825741878
Q00613,62.684967376242234
Q00653,265.10896556259127
Q00688,1.6098092963864936
Q00722,43.45100284467306
Q00765,0.0
Q00796,4.755069889659555
Q00839,273.5252906215911
Q00872,25.29017556149537
Q00887,21.807944747861285
Q00888,28.702965218314493
Q00889,46.443000935236455
Q00973,13.63205091037835
Q00975,319.83217680026064
Q00978,13.791852750680034
Q00987,19.418503832694277
Q00994,11.791246766860382
Q00G26,3.724490248857685
Q00LT1,1.1158856287481385
Q01064,4.50652630596025
Q01081,50.79474328069088
Q01082,54.66531412788937
Q01085,45.28252419878071
Q01094,23.19557334067614
Q01101,133.46387474791334
Q01105,6.257732511401384
Q01113,74.90817817671372
Q01118,59.11696400820818
Q01130,22.090108743471102
Q01151,44.645003340165296
Q01167,228.8888514671953
Q01196,158.44910781159038
Q01201,112.30515501286317
Q01344,22.160549098294926
Q01362,4.425798439854439
Q01415,14.728474641811133
Q01432,18.57614800526165
Q01433,33.23542515342973
Q01449,0.2368947723688578
Q01453,11.19430456762311
Q01469,4.25404424217119
Q01484,231.7861130734504
Q01518,47.04290221435075
Q01523,11.538074218032218
Q01524,0.0
Q01534,2.259635154955249
Q01538,391.11832379761495
Q01543,217.95702767168922
Q01546,1041.035607941461
Q01581,13.189842444130559
Q01628,1.9652205564652854
Q01629,0.9025109295665732
Q01638,25.61211791133271
Q01650,4.665219562694775
Q01658,0.2118148268738238
Q01664,16.39346438258706
Q01668,272.38213410406894
Q01718,0.49084039104573307
Q01726,0.0
Q01740,1.092158701182181
Q01780,29.484194988928238
Q01804,170.75442033534043
Q01813,40.3088454066832
Q01814,118.59755518101403
Q01826,41.91433836814484
Q01831,26.11688666986952
Q01844,1141.142139440719
Q01850,11.396649063801997
Q01851,333.86742449817
Q01860,143.15026247549298
Q01892,0.050029960794129615
Q01954,136.42700728265135
Q01955,2372.3905189534858
Q01959,45.26092838312237
Q01968,19.121365847313953
Q01970,102.80271344767074
Q01973,217.5276001436552
Q01974,222.72075178321006
Q02040,41.447023219774316
Q02078,286.7235691261312
Q02080,143.06333862562866
Q02083,2.7945669000601745
Q02086,99.48407296450863
Q02094,4.337406054093137
Q02108,10.106799367379601
Q02127,23.651037414139942
Q02153,18.871528032849795
Q02156,19.72468519453993
Q02161,1.0322296816986203
Q02218,23.481399377069312
Q02221,5.231452849417407
Q02223,6.8272367389047535
Q02224,68.31809265088307
Q02241,102.93829437719387
Q02246,127.57715725854533
Q02252,19.570381094259872
Q02297,230.06861954256425
Q02318,0.9534707691478969
Q02363,19.160577314621634
Q02383,264.59151234374406
Q02388,2867.0331211473126
Q02410,63.17882001905928
Q02413,505.00164547986867
Q02446,353.82379758600337
Q02447,261.5084189555266
Q02487,187.9028663568475
Q02505,4219.092707046188
Q02535,1.0826183846144826
Q02539,3.429308574563053
Q02543,5.700947100983954
Q02548,265.5769715300264
Q02556,7.384578620100465
Q02575,68.27021683823854
Q02577,3.6619526345184292
Q02641,153.27240206937344
Q02643,1.03089253259857
Q02742,0.7097071371621155
Q02747,0.0
Q02750,17.09922082765801
Q02763,14.315254904515655
Q02779,155.44041086165421
Q02790,3.663559961750935
Q02809,25.044935768755998
Q02817,6676.64893324675
Q02818,0.29280223531636024
Q02833,22.741326463012054
Q02846,85.6864446691419
Q02878,0.7391776494140374
Q02880,78.7199178163422
Q02928,5.104275506942298
Q02930,164.4246699687816
Q02952,41.17567816062601
Q02962,284.55879170145084
Q02978,6.150980728299479
Q02985,53.052728039219
Q03001,418.74558158340534
Q03013,0.3429002722861212
Q03014,20.19382985596588
Q03052,305.9092358332135
Q03060,84.95966955098088
Q03111,54.656889368126926
Q03112,141.9976808851667
Q03113,0.0
Q03135,0.8851696392068683
Q03154,4.094725638325485
Q03164,1243.822766596021
Q03167,73.00552956950108
Q03181,44.16420610934725
Q03188,117.37451014257017
Q03252,91.8676639263389
Q03393,11.01581327484677
Q03395,1.9314936633708408
Q03403,18.0595939087604
Q03405,63.26150894772278
Q03426,23.393463788269894
Q03431,34.38672487720747
Q03468,129.37933657555595
Q03518,23.112026602879318
Q03519,14.503185749790909
Q03591,64.00312557139664
Q03692,865.3528038518327
Q03721,119.9487979626405
Q03923,9.791318226042922
Q03933,54.651069760620416
Q03989,65.67134313646899
Q04118,159.38385714593505
Q04206,47.1471803539586
Q04323,18.763057086965183
Q04446,22.298327125999606
Q04609,102.57636326490871
Q04637,244.2414811341819
Q04656,102.37654018342265
Q04671,54.759438030082244
Q04695,228.89672411573306
Q04721,253.11205597755543
Q04724,128.15357182844951
Q04725,91.95480735548738
Q04726,178.74292579437034
Q04727,137.9280650859415
Q04741,63.38244360562394
Q04743,7.536979778351785
Q04756,109.3892510846466
Q04759,1.1707654198402027
Q04760,8.952769879908018
Q04771,32.64837497765689
Q04828,0.0
Q04837,2.5521993562795346
Q04844,7.597339523643615
Q04864,264.6369991277084
Q04900,96.881584901534
Q04912,93.29107241545978
Q04917,0.0
Q04941,0.6506806063587556
Q05066,19.89330666652916
Q05084,13.827424289923961
Q05086,19.671960759271805
Q05193,46.22601407481784
Q05195,33.391175485469745
Q05209,106.86201706447619
Q05215,64.6728334844228
Q05315,0.5865639563345822
Q05329,39.341818521795666
Q05397,150.14585942835924
Q05469,100.66700418602653
Q05481,12.830614770553488
Q05513,21.705871455236107
Q05516,68.08975103592279
Q05519,144.5547900192752
Q05586,56.953915359132424
Q05639,25.404226096028495
Q05655,32.994038368078556
Q05682,33.035706786458206
Q05707,731.604993728542
Q05823,24.100886134735592
Q05901,4.567779274697256
Q05923,16.006917580778758
Q05925,197.0249392034815
Q05932,11.42443338280657
Q05940,15.820074792667775
Q05996,66.17561202712244
Q05BQ5,19.91055183524385
Q05D60,34.33267040726971
Q06033,35.27896131766684
Q06055,4.751828937651119
Q06124,59.1792523498663
Q06136,1.2452324428962713
Q06141,8.538744111951015
Q06187,18.89370803211248
Q06190,123.37842113064146
Q06203,28.519639405796198
Q06210,46.8933565977265
Q06265,0.0
Q06278,41.45429658031939
Q06323,0.22412159790343433
Q06330,56.55892988144547
Q06413,294.6445785134358
Q06416,123.15864810172812
Q06418,110.96745841589097
Q06432,2.2652935871546536
Q06455,292.5412425968674
Q06481,11.594003630536376
Q06495,11.396732010620523
Q06520,0.0
Q06546,18.085412681814297
Q06547,26.01102290003625
Q06587,253.06667588413322
Q06609,3.9243511996632243
Q06643,34.682871621421924
Q06710,255.2905219523524
Q06730,20.707202495828298
Q06787,172.9236417109748
Q06828,8.936862291789978
Q06830,8.472221520226402
Q06889,46.962698607076476
Q06945,358.4775724075421
Q07001,18.00581916581524
Q07002,18.856488070385645
Q07011,58.201576583381126
Q07020,0.39954077345633365
Q07021,1.4058764096097742
Q07065,77.50956458530037
Q07075,75.00867940981723
Q07092,1910.9774585601592
Q07108,6.749682732972998
Q07157,179.852772000384
Q07283,6.998807311120496
Q07325,0.0
Q07326,0.0
Q07343,70.57558502308585
Q07352,114.23717991106356
Q07444,5.840437291531941
Q07617,58.68969819413063
Q07627,62.24631051862073
Q07654,0.0
Q07666,66.245508118647
Q07687,401.6890128433987
Q07699,0.0769137353058155
Q07812,9.003453365308584
Q07817,17.186130423219623
Q07820,56.42052016829715
Q07837,123.33763314269828
Q07864,38.611584140899325
Q07866,33.279457500767656
Q07869,53.24771264265014
Q07889,102.33353483766257
Q07890,76.3779692819299
Q07912,89.84115628769564
Q07954,430.96429845174623
Q07955,117.4598921208138
Q07960,0.15362235373584535
Q07973,4.749063325306362
Q08043,5.615947271043347
Q08050,80.05048979260476
Q08116,1.6087427139113415
Q08117,15.980592495379067
Q08170,64.47627315054993
Q08174,138.3940720679316
Q08188,130.73413924393844
Q08209,32.51454386865528
Q08211,508.6695771344683
Q08257,23.212413527166994
Q08289,178.841864935483
Q08334,7.765405742877514
Q08345,101.18625284192787
Q08357,92.71590378216007
Q08378,208.15487473018393
Q08379,37.7623435965101
Q08380,44.354207406150095
Q08397,201.8256721333202
Q08426,18.98266418828457
Q08431,42.59548500460901
Q08462,41.172015504313634
Q08477,0.0
Q08493,44.177270635554436
Q08495,160.51270629370646
Q08499,85.5393383545169
Q08554,132.98237260006363
Q08623,0.43551358393326317
Q08629,22.123976119177527
Q08648,3.4165840594089367
Q08708,48.363958096398164
Q08722,7.031449607806524
Q08752,28.11530093961187
Q08828,75.66464143617205
Q08830,44.38810077857311
Q08881,6.6162767230280295
Q08945,22.337830320700547
Q08999,181.9373213816803
Q08AD1,289.3430600787745
Q08AE8,48.22727972733121
Q08AF8,40.78625912081862
Q08AG5,40.70904920625769
Q08AG7,0.0
Q08AH1,8.489814409362982
Q08AH3,20.39418242153257
Q08AM6,64.12182480987693
Q08ET2,37.05893132574205
Q08J23,5.98268637531176
Q09013,22.733747485428886
Q09028,53.84931991280707
Q09161,0.6261719085063443
Q09327,14.085400754391195
Q09328,37.91734604393449
Q09428,14.749517475905822
Q09470,19.520960272225686
Q09472,932.7127108105249
Q09666,900.9385475997501
Q09FC8,52.08172889196061
Q0D2H9,39.34028468033273
Q0D2I5,78.20927589424288
Q0D2K0,0.7381746990760332
Q0D2K3,13.689311149510885
Q0GE19,0.0
Q0IIM8,83.84241568818369
Q0JRZ9,151.11718123310413
Q0P5N6,21.169698368934203
Q0PNE2,0.041190393772840825
Q0VAK6,33.70382352309124
Q0VAM2,12.804581818173617
Q0VAQ4,0.0
Q0VD83,78.2838274601348
Q0VD86,2.208016607959972
Q0VDD7,167.96901904463195
Q0VDD8,88.75478440785314
Q0VDF9,2.697506164262834
Q0VF96,137.7416606063454
Q0VG06,54.82426043437704
Q0VG99,228.86575093957626
Q0VGL1,0.0
Q0WX57,27.857693938290687
Q0ZGT2,4.109312296714152
Q0ZLH3,1.8626977623968863
Q10469,23.600840596551205
Q10471,65.90294533349422
Q10472,4.764386312847164
Q10567,18.331275545881436
Q10570,26.747251431853176
Q10571,1132.7990859014162
Q10586,94.65811077259977
Q10587,28.831527557625922
Q10588,15.03524966207712
Q10589,2.817280560967755
Q10713,37.41923426817106
Q10981,0.15016158560699253
Q11128,23.55490479446115
Q11130,1.7207879401567403
Q11201,27.921749877175614
Q11203,4.175959149478768
Q11206,4.143931135756163
Q12756,107.0946322694563
Q12768,31.58549348552086
Q12769,25.699503125277406
Q12770,129.41493305079666
Q12772,231.50643305418296
Q12774,214.3514476888517
Q12778,329.9753598842042
Q12789,87.45099462667909
Q12791,284.34560047728183
Q12792,0.3338689092014382
Q12794,4.252199579288494
Q12797,77.09821372220594
Q12798,1.2273932322499492
Q12800,49.76865695236427
Q12802,464.9416307049062
Q12805,34.171070777922516
Q12809,215.6368225306196
Q12815,85.80491768574763
Q12816,2064.1382756478824
Q12824,8.181202919203233
Q12830,677.4196618628949
Q12834,38.28408165470715
Q12836,57.297294753608966
Q12837,330.99103318350666
Q12840,129.76614529265854
Q12841,14.936650649236963
Q12846,3.452830909321377
Q12849,2.629437781741999
Q12851,12.370813209053097
Q12852,248.56173714294135
Q12857,215.54860521616266
Q12860,168.59506718732302
Q12864,72.57836246765872
Q12866,28.018899789346786
Q12870,53.422244684599356
Q12873,88.9546916049398
Q12874,12.447784575367415
Q12879,149.38050094315895
Q12882,74.48353950470856
Q12884,18.61243355721018
Q12887,0.0665502612020635
Q12888,349.1005440579224
Q12889,185.53869234865678
Q12891,2.7143999159307657
Q12893,8.55751084660384
Q12899,1.382339884429416
Q12901,62.75754630791359
Q12904,22.729121034516506
Q12905,22.54690602193335
Q12906,985.3630286676121
Q12907,39.18885287994469
Q12908,1.0059671386457378
Q12912,95.74260317792137
Q12913,287.1351212475231
Q12918,13.698043922883087
Q12923,454.95966824588623
Q12929,136.87552167795852
Q12931,10.795611275736686
Q12933,3.1106629921146483
Q12934,19.984322957693532
Q12946,215.13144312011855
Q12947,282.70643571184667
Q12948,484.3343041226143
Q12951,223.9761524565931
Q12952,72.47863832983808
Q12955,488.965067951353
Q12959,135.28142413181192
Q12962,44.54077252420134
Q12965,105.81415576101145
Q12967,112.02727477309945
Q12968,464.1027234695671
Q12972,65.02878475563718
Q12974,0.0
Q12979,40.75764378173007
Q12980,54.1731430056401
Q12981,4.7834877991132725
Q12982,3.4145184150130756
Q12983,59.83463875963852
Q12986,107.29953544728346
Q12996,1.1537988373692223
Q13002,29.173346483692917
Q13003,19.820383939104502
Q13007,0.0
Q13009,248.00061071315804
Q13011,10.888419440606633
Q13015,5.993355747999251
Q13017,75.86188639448642
Q13018,68.00103430888896
Q13021,0.010847670982037464
Q13023,347.5842790963096
Q13029,237.52879259906575
Q13033,130.96883913165257
Q13042,1.5353505378767502
Q13043,22.77957425428076
Q13045,3.4841884074832494
Q13049,12.112132482283103
Q13057,12.631261498421264
Q13061,36.005904220788985
Q13064,71.80705279874317
Q13075,1.5828315240711044
Q13077,25.31341243868496
Q13084,0.0
Q13085,64.99483475373825
Q13087,7.576828259463183
Q13093,11.253888479225637
Q13094,50.261807361233096
Q13098,14.712995615812016
Q13099,100.35939416000289
Q13105,56.25383367468805
Q13107,224.6524092844066
Q13111,173.8089169409223
Q13112,36.3607715925566
Q13113,13.67435879911221
Q13114,34.705317088892784
Q13115,65.02251353080905
Q13117,23.27852311136194
Q13118,14.266646084816932
Q13123,10.801217436908436
Q13126,0.0
Q13127,93.32704913780177
Q13129,148.036934548071
Q13131,60.12090956318793
Q13133,15.454099327377904
Q13136,184.04614215712667
Q13137,50.83527900494585
Q13144,59.73856826977896
Q13145,52.091430412687714
Q13148,402.1230672907166
Q13151,573.3878813694015
Q13153,51.63558459243257
Q13155,13.647923389393847
Q13156,17.291529574466917
Q13158,7.875101435901451
Q13162,3.417411431512636
Q13163,37.92577570467853
Q13164,103.09072982371661
Q13177,29.983597406151535
Q13183,13.474911246393331
Q13185,4.863296601767044
Q13188,20.332992781730802
Q13190,22.075340710937756
Q13191,163.24461434949475
Q13200,37.223705881217164
Q13201,233.97861900302232
Q13202,92.86840773331019
Q13206,4.922703104776083
Q13207,125.11816023479696
Q13214,42.680369175942644
Q13216,27.31421108256819
Q13217,38.16337645562602
Q13219,122.42656042829525
Q13224,272.6683676157228
Q13227,113.34130465267168
Q13228,16.05946468611066
Q13231,73.28530659012756
Q13232,7.3346841971907875
Q13233,371.46413895295683
Q13237,15.407395635371328
Q13239,6.681373290568486
Q13241,2.9906948610240227
Q13242,88.31509707432295
Q13243,0.17649284448063238
Q13247,71.2413675532734
Q13253,20.539090700034777
Q13255,111.19562715640588
Q13257,0.0
Q13258,1.1693059756446242
Q13261,88.34375615830515
Q13263,171.99188339340833
Q13268,2.3982054404036615
Q13275,49.03638935387983
Q13277,0.0
Q13283,80.65906280488132
Q13285,12.004653416923002
Q13286,44.9956304717573
Q13287,30.681531543547493
Q13291,31.447066686606
Q13303,13.597436803252986
Q13304,12.691445273762163
Q13308,66.57680782006106
Q13309,0.1937360126999044
Q13310,41.205586113410554
Q13315,26.567937851108034
Q13316,88.76305226424697
Q13319,55.076734661338165
Q13322,25.241761420315626
Q13323,0.0
Q13324,0.9476531308188977
Q13325,6.727603483350112
Q13326,12.054054989335091
Q13330,89.65874225576692
Q13332,127.11348498937255
Q13336,4.996400711330724
Q13342,26.62171535869242
Q13347,36.034004465179045
Q13349,27.251310186501556
Q13351,103.29250575949226
Q13352,15.502309468234758
Q13356,99.18524073882568
Q13360,83.92069038377107
Q13361,0.758112969382003
Q13362,0.7499253638896602
Q13363,4.680377215643016
Q13367,25.7659160318899
Q13370,229.86729131965026
Q13371,0.47553483958570875
Q13387,184.4901058903187
Q13393,50.8938226590939
Q13394,0.6682402152178207
Q13395,9.521272301395772
Q13398,78.86803312036366
Q13402,79.33613152266742
Q13404,1.914985612952238
Q13405,2.1463117990369316
Q13409,65.82994391396421
Q13410,5.316820249407625
Q13415,16.226424730214525
Q13416,46.9186317629681
Q13418,5.5705935425464626
Q13421,23.706825423803945
Q13422,62.25698669366066
Q13423,37.77846616560289
Q13424,63.75878610864014
Q13425,100.84342028686642
Q13426,0.8869329681319602
Q13427,68.47096855284323
Q13428,102.07247185017121
Q13432,16.54249742904666
Q13433,64.41807887869167
Q13435,94.81338818039931
Q13438,23.42185088471612
Q13439,37.408374616734854
Q13443,165.39026772019906
Q13444,90.60138326471157
Q13445,0.25129929078976987
Q13449,28.806144615670636
Q13451,32.24599397159205
Q13454,16.459836766809286
Q13459,82.20776113683576
Q13461,15.36051798170227
Q13464,44.06195713595983
Q13467,32.43855697911399
Q13469,198.9407094030243
Q13470,79.38009146998323
Q13472,214.7990963421753
Q13474,46.53032698626701
Q13477,34.59501690658098
Q13478,14.41626512700301
Q13480,258.10969567351924
Q13485,156.99288670847886
Q13487,5.132363723495021
Q13488,1.4676168576478985
Q13489,116.0865644466384
Q13490,61.932032938121566
Q13491,0.0
Q13492,128.83026374712634
Q13495,244.06274076647637
Q13496,55.03254207648929
Q13501,56.66423260542679
Q13503,5.537685006085567
Q13505,49.08986941837886
Q13506,36.96614882778275
Q13507,33.82821070693538
Q13508,21.240260367378703
Q13509,19.626422181891613
Q13510,9.0454054118379
Q13515,18.287999813625945
Q13516,226.33308525923132
Q13519,0.0
Q13520,7.42889822544524
Q13522,7.00758651958329
Q13523,26.822636887876627
Q13526,63.197242379466026
Q13530,31.301846405132665
Q13535,24.901763853789717
Q13541,59.853347674050525
Q13542,24.227116179649336
Q13546,113.91803351748088
Q13547,11.816903332090787
Q13554,86.28129903277713
Q13555,22.981887908968204
Q13557,16.490511482738583
Q13561,53.95985412820939
Q13562,43.05872980086049
Q13563,137.11029341860743
Q13564,16.032014389122075
Q13568,18.1853608135473
Q13569,43.0694079411836
Q13571,0.5577545400488437
Q13572,41.470690318721275
Q13573,30.66663335911455
Q13574,27.576722412238936
Q13576,13.210980559026336
Q13585,25.31670079934264
Q13586,86.40331493689987
Q13588,0.432302251526188
Q13591,167.37639673011844
Q13595,194.27124340562884
Q13596,6.39232558463484
Q13601,0.0
Q13608,45.79140348414781
Q13609,0.5633502263399526
Q13610,17.27656701780282
Q13613,82.12770742020832
Q13614,82.33898021593075
Q13615,184.8317166713281
Q13616,6.668148778343179
Q13617,1.1600539604177313
Q13618,35.86585525729659
Q13619,0.3035413181641207
Q13620,110.66907054311234
Q13621,42.08480606999441
Q13625,124.0800204982519
Q13627,423.5636832165971
Q13630,23.58270924673199
Q13634,101.84297483908753
Q13635,208.83939011814851
Q13636,5.997920013927245
Q13637,11.8485744941263
Q13639,7.287115320494638
Q13641,18.366057665468034
Q13642,1.8972466467408837
Q13643,8.581972084086967
Q13651,122.04878513768831
Q13671,80.95381499221355
Q13683,38.999808097213915
Q13685,37.72450721754683
Q13686,4.379921197536792
Q13698,127.03992540843859
Q13702,1.1318271807761648
Q13705,17.03064279241647
Q13724,110.15358040711136
Q13733,29.202118121752747
Q13740,30.07558154803668
Q13751,120.78994246801207
Q13753,187.02802081309719
Q13761,271.6353251144643
Q13765,0.0
Q13769,19.799651502223735
Q13772,55.21148129574172
Q13790,7.122167163238291
Q13794,0.0
Q13795,0.1173729373375138
Q13796,480.99288572983613
Q13797,68.70491762889665
Q13813,23.589688707208392
Q13822,23.713949687344446
Q13823,12.015272369437744
Q13825,2.425800818249544
Q13829,17.78266872853913
Q13835,186.61546550491815
Q13838,10.478179933343903
Q13867,2.2120615069215965
Q13868,16.7184216826467
Q13873,251.01301992020737
Q13875,0.0
Q13882,2.8844486024125287
Q13884,114.12626350979657
Q13885,28.473153271609593
Q13886,1.7754839004129188
Q13887,17.26542505272592
Q13888,5.478057520734017
Q13889,28.62248150138059
Q13895,1.2699667180660104
Q13901,0.0
Q13905,141.10818105479146
Q13907,0.21899632714220457
Q13936,216.32128555616518
Q13946,18.31573875056184
Q13948,11.855830807273374
Q13950,353.55912408725095
Q13951,2.004272975825927
Q13952,129.21798093268228
Q13956,6.7009348064261784
Q13972,35.418067962360695
Q13976,24.381885713106115
Q14002,31.973713476152653
Q14003,219.78857164764455
Q14004,560.4600906088796
Q14005,247.19716488580335
Q14008,103.253363554213
Q14011,235.4969952644374
Q14012,13.330689477110273
Q14019,0.46137307230133767
Q14028,21.416549152367743
Q14031,2562.6808783939514
Q14032,0.5837274266885325
Q14050,1030.7130894789389
Q14055,1040.8009489073256
Q14061,0.0
Q14088,0.0
Q14103,242.03745143916547
Q14106,189.29887082708262
Q14108,9.213530138087757
Q14112,169.6848897991272
Q14114,124.57548421120899
Q14116,3.777827951335039
Q14117,27.9529040004012
Q14118,52.6055836125154
Q14119,134.73794931958366
Q14123,130.66905507472734
Q14126,177.91178147857693
Q14129,2.4072075528911188
Q14134,200.76968815177656
Q14135,41.98630605477376
Q14137,6.328305552421107
Q14139,10.073991017652606
Q14140,30.806990049312326
Q14141,5.315187420831396
Q14142,26.557221667181935
Q14145,73.29623681413905
Q14147,29.945239311003984
Q14149,96.19383362467103
Q14151,317.0583555296293
Q14152,174.9317739509747
Q14153,152.74755496432238
Q14154,117.00888696462552
Q14155,60.14626365820047
Q14156,28.57966097253671
Q14157,1024.5715746652754
Q14159,96.64800467786492
Q14160,171.6708560413528
Q14161,149.08865264782628
Q14162,155.80089733175933
Q14164,4.47473786969465
Q14165,15.775602007563577
Q14166,0.1490355027194845
Q14168,35.6118837899091
Q14181,57.98582116548813
Q14183,59.783297353243924
Q14184,12.85435572446946
Q14185,100.7827637537446
Q14186,144.68851632657123
Q14188,41.29926808268965
Q14190,26.134652334944438
Q14191,41.39641429619113
Q14192,0.5686562046496376
Q14194,62.965216867972025
Q14195,87.23954202808233
Q14197,34.909885423476204
Q14202,116.14330694576
Q14203,69.20358510727672
Q14204,36.05580792807278
Q14207,249.37562228007357
Q14209,15.692820067801133
Q14210,23.23289261851781
Q14213,0.8753524098167783
Q14232,0.14889024695467662
Q14240,3.7414787574332253
Q14241,79.13800749080684
Q14242,51.107162164859346
Q14244,152.70014339689527
Q14246,120.32961513529769
Q14247,159.80503347310693
Q14249,17.788597320150796
Q14254,0.0
Q14257,0.0
Q14258,13.143879106481666
Q14264,45.51659887363233
Q14289,11.498575307335674
Q14296,56.06121010631784
Q14314,60.10125484504695
Q14315,536.4074310720182
Q14318,13.964745479365446
Q14320,0.6188797003515444
Q14330,0.0
Q14331,1.746398273735953
Q14332,63.254908384427786
Q14344,9.284909228653486
Q14353,0.0
Q14376,28.43039297081782
Q14392,71.16483887929105
Q14393,28.48653900625674
Q14397,15.628613800524299
Q14406,17.162216154554677
Q14410,10.9380551632082
Q14416,76.11672820470142
Q14432,199.56665309350072
Q14435,23.11739272017966
Q14442,2.462699665664071
Q14444,309.2574272835642
Q14449,41.191174528812034
Q14451,35.020510246174304
Q14457,38.37144858785315
Q14469,75.95317314188033
Q14493,21.364102076165544
Q14494,181.72307499186897
Q14498,14.045882333261966
Q14500,22.034630800492536
Q14508,0.40365362788112047
Q14511,225.00144852074004
Q14512,0.43230935193048825
Q14515,26.618191841383226
Q14517,332.6539564492699
Q14520,58.79793007818544
Q14524,184.1291287322044
Q14525,13.501352819370226
Q14526,197.3975503160094
Q14527,83.46192185567463
Q14532,48.128206997947956
Q14533,18.15750272495497
Q14534,10.961386062447492
Q14541,46.914661680990754
Q14542,12.506155012190721
Q14554,0.0
Q14558,1.3402741754172887
Q14562,26.41608969130048
Q14563,56.18439461469118
Q14565,8.707756115964417
Q14566,55.30116069454875
Q14571,98.88408771136008
Q14573,106.03487400816904
Q14574,178.5200236091065
Q14584,71.61186517929244
Q14585,78.39555713213487
Q14587,49.88183683976901
Q14592,8.446980844611158
Q14596,56.05185553418595
Q14623,6.444626701529371
Q14624,60.061713982578205
Q14626,40.07750258418928
Q14627,0.563308214427477
Q14642,3.298410191147674
Q14643,161.33271244948088
Q14644,23.623363965127716
Q14651,15.18610689318161
Q14653,37.04608672961804
Q14654,0.0
Q14656,0.0
Q14657,54.74111812214669
Q14669,302.6869272409351
Q14671,682.8510360977559
Q14674,35.282469104884626
Q14676,183.84062160900828
Q14677,391.1360242403562
Q14678,365.3481413792276
Q14679,172.00450151208733
Q14680,18.1401798918434
Q14683,17.814289107305818
Q14684,53.572667050040124
Q14686,1012.3582784851293
Q14687,140.1817642934458
Q14689,137.69626896962217
Q14690,22.97680243155821
Q14691,10.472242540622396
Q14692,29.91812735614173
Q14693,123.71670151278295
Q14694,147.04874440337866
Q14696,12.453882279962551
Q14697,28.606928161322156
Q14699,96.33221723579086
Q14703,127.87865528374385
Q14714,1.4923087760767357
Q14721,127.06712586121199
Q14722,6.133724604416249
Q14738,7.336579532814679
Q14739,5.916793632356942
Q14746,30.787094428271967
Q14749,8.977624925690439
Q14764,36.21864082272003
Q14765,21.238637943254435
Q14766,132.79068471719378
Q14767,277.08280779314487
Q14773,19.939166920369114
Q14774,219.77040166666677
Q14781,151.30765786313214
Q14789,34.248332499031015
Q14790,3.2722753108063642
Q147X3,37.21519690418607
Q14802,2.098038890094231
Q14807,34.8011257303686
Q14814,148.7420955680198
Q14831,64.53989148415678
Q14832,47.72021293101886
Q14833,48.30973807146549
Q14839,52.23862974205089
Q14847,39.956488690909126
Q14849,12.928660168993273
Q14863,3.6055907444696107
Q14865,141.34159825948763
Q14872,100.37027686371096
Q14894,3.6627191944015296
Q14896,86.89988055407142
Q14914,3.8463517877063285
Q14916,9.697453369192775
Q14919,29.178121823425947
Q14929,86.32544460257625
Q14934,353.4614908436355
Q14938,179.30649086074152
Q14940,36.275629910993906
Q14943,125.33971591911347
Q14953,89.99072369329924
Q14954,84.49079898690856
Q14956,36.95209216377033
Q14957,195.79768069001017
Q14964,0.8502861467384113
Q14966,175.46921605242883
Q14973,6.428652341604806
Q14974,6.494605867536581
Q14978,31.41823667137036
Q14980,106.37916973348658
Q14982,16.23455114601206
Q14990,0.0
Q14993,1264.4140534054875
Q14994,0.682852569419941
Q14995,158.37701304996727
Q14997,9.188772061475696
Q14999,80.24452418202891
Q149M9,13.739816661505197
Q149N8,53.872671151379066
Q14BN4,23.151994625173387
Q14C86,129.4653721961107
Q14CB8,6.987700242684917
Q14CM0,175.2526267590515
Q14CN2,47.41377449107186
Q14CN4,129.75995738966844
Q14CS0,39.71540750910898
Q14CW9,74.25511432754087
Q14CX7,17.277540494166118
Q14CZ7,2.3576667899784254
Q14CZ8,20.95607955130403
Q14D04,19.80007729981335
Q14D33,87.94701029735596
Q15003,33.323465999344734
Q15004,15.362530202485736
Q15005,93.12775197414504
Q15006,0.0
Q15007,201.04027439831137
Q15008,0.3676483957435469
Q15011,41.13691882247187
Q15012,0.0
Q15013,0.0
Q15014,10.035381752700713
Q15018,69.44534047308836
Q15019,5.242430499618374
Q15020,1.5653021557634974
Q15021,40.94976751299461
Q15022,229.22635084460288
Q15024,4.873237656819685
Q15025,32.38097554569056
Q15027,108.1836497870074
Q15029,12.44675370421896
Q15031,7.148992637109187
Q15036,57.110229726084285
Q15038,41.06011903110168
Q15040,2.5004349814471625
Q15041,0.0
Q15042,17.450608732970295
Q15043,3.0046904529144127
Q15046,15.649225346167773
Q15047,258.9705139476751
Q15049,3.233882921881637
Q15050,23.504251032415127
Q15051,0.0
Q15052,112.87691946463632
Q15054,14.634180677800975
Q15056,204.6446432077733
Q15057,64.59528009262274
Q15058,121.01611668712955
Q15059,81.89162905541738
Q15061,14.782128596542575
Q15063,18.02925714568233
Q15067,3.6169347884970735
Q15070,8.76746838310684
Q15072,17.916515911924133
Q15075,26.257785669773188
Q15077,0.0
Q15078,24.429488497755653
Q15080,2.2001674764033012
Q15084,80.28294392685011
Q15102,2.767039529980166
Q15109,55.93773190211641
Q15111,28.817180203055035
Q15113,73.72498252635913
Q15116,40.08041093287987
Q15118,65.19641488065237
Q15119,35.58515217201112
Q15120,6.579504654054638
Q15121,0.0
Q15124,55.7230428968318
Q15125,0.0
Q15126,0.07802551003643232
Q15131,0.0
Q15139,48.48127002665056
Q15147,8.350358513938058
Q15149,281.41621351646353
Q15154,319.04074942193716
Q15155,44.589775806812995
Q15165,6.660479420840436
Q15166,6.745692978697987
Q15170,1.096252211690993
Q15172,4.601435898141404
Q15173,12.334505108919371
Q15185,1.7409623257816267
Q15208,5.28156888771031
Q15223,51.47346700427248
Q15233,33.96399711742764
Q15256,11.031394292756056
Q15257,2.9625086046421174
Q15262,34.73941600950705
Q15274,0.907867025743931
Q15276,66.30891718401894
Q15283,27.359432066660155
Q15286,0.0
Q15287,193.87147015589056
Q15291,7.199147301751397
Q15293,0.2665616646342803
Q15303,116.10780479760169
Q15306,31.15460751092605
Q15311,27.402311125501797
Q15319,39.21260548042636
Q15323,3.6072233966351313
Q15326,9.279858628525032
Q15327,0.09304972113616851
Q15329,35.76394262994876
Q15334,39.08503668850252
Q15345,43.428960514946624
Q15349,20.07371618928914
Q15361,25.205465912663612
Q15363,19.11478903750026
Q15365,62.61918148368181
Q15366,95.83224573258818
Q15369,1.0320953685231682
Q15370,6.04413048689804
Q15375,56.78267321036656
Q15382,0.0
Q15386,5.0879788547512845
Q15388,0.0
Q15389,21.205769288180008
Q15392,0.0
Q15393,5.028395445930268
Q15397,7.009070093646928
Q15398,51.785058034628946
Q15399,6.36770026055925
Q15406,72.74699181026226
Q15413,157.64073223860487
Q15415,395.9024983508681
Q15417,66.10518587505258
Q15418,35.81077063837168
Q15424,315.33739005077393
Q15427,178.3401508273155
Q15428,64.8012819803532
Q15431,24.023535046253897
Q15435,0.0
Q15436,32.304810632151
Q15437,28.42516881824314
Q15438,6.038786383189784
Q15459,4.768696398058003
Q15464,207.11274011585544
Q15465,115.92599364624651
Q15466,9.467394609029286
Q15468,112.55361847194516
Q15475,59.77885904994523
Q15477,51.09651690220832
Q15485,78.23096376235488
Q15493,17.200709104836815
Q15506,0.07030910565053197
Q15517,1238.184032949658
Q15526,17.260209899209272
Q15528,1.0371333281699322
Q15532,565.7235876549386
Q15542,198.1112329661541
Q15543,0.0
Q15544,0.0
Q15545,4.112304660426371
Q15546,0.0
Q15554,59.59787431750021
Q15555,25.309959419705923
Q15560,2.4736043333447455
Q15561,46.05116078737379
Q15562,54.180298756793206
Q15569,145.24135975922115
Q15572,53.04016862634541
Q15573,0.8539823988162252
Q15582,5.933868042335862
Q15583,147.4558455835511
Q15596,821.6696167251299
Q15599,82.24635707007063
Q155Q3,117.48302166061481
Q15628,12.601586524564187
Q15629,18.107279742071007
Q15631,0.0
Q15633,39.76965997560688
Q15637,303.9124053387895
Q15642,53.35689773668864
Q15643,88.08029791238995
Q15645,0.7213397440973541
Q15646,3.272594041168384
Q15648,1056.518965139388
Q15649,0.0
Q15650,6.5787722238207245
Q15651,0.0
Q15652,376.2646700829079
Q15653,14.576477654700703
Q15654,144.34449213946894
Q15661,32.63569679186557
Q15669,0.264235087504575
Q15672,184.16289049177465
Q15678,69.43410832762156
Q15691,4.245246917846088
Q15696,41.752322786031655
Q15697,14.83512209117292
Q15699,117.65102377855325
Q15700,114.55467901633901
Q15714,650.9898610161365
Q15717,16.092217986134244
Q15722,37.34044662298062
Q15723,49.14991568773804
Q15726,35.48331319672716
Q15735,246.09209387371058
Q15738,1.946750811073228
Q15742,110.11676125950375
Q15743,4.980776236603377
Q15744,51.77354317937803
Q15746,177.43199919871557
Q15750,158.17160813283985
Q15751,710.2586882874568
Q15758,11.528157430557663
Q15759,0.27114946132694745
Q15761,11.74153931540781
Q15762,38.638798722828106
Q15768,102.05758357564503
Q15771,5.4141125588359
Q15772,333.20245586735734
Q15776,59.67594750571775
Q15777,17.97931600997035
Q15782,39.02922713361235
Q15784,86.33452776762036
Q15785,0.48126041420920795
Q15788,820.6160619733523
Q15796,37.71747124320141
Q15797,100.86782020836858
Q15800,0.0
Q15811,108.18921872608323
Q15813,15.600338429180315
Q15814,1.2379882350877047
Q15818,69.18798542881862
Q15819,9.734606548024114
Q15822,16.52866202367165
Q15825,0.0
Q15828,2.1901404580695525
Q15831,7.018007603043465
Q15833,51.56197660983058
Q15834,67.5399024081877
Q15835,43.319439797395646
Q15836,6.129406021854528
Q15842,5.928093163967683
Q15843,0.458765363508528
Q15848,113.45261047302162
Q15849,9.802727351420327
Q15853,66.67930972984468
Q15858,91.10701253261237
Q15878,270.4308891322826
Q15904,0.6301784385747432
Q15906,15.295906373812024
Q15907,12.73805146244783
Q15910,29.40497099012687
Q15911,931.4194605127522
Q15915,187.58983934442853
Q15916,15.073002059539894
Q15928,1.4046244967732529
Q15935,40.87017483929229
Q15942,57.953866692021535
Q15973,53.80279201568071
Q16082,2.4656247448402784
Q16099,10.955893546099148
Q16134,19.45526277996474
Q16143,8.638264927721405
Q16181,7.651368342306214
Q16186,159.99497814796544
Q16204,249.87739105344494
Q16206,12.947172847790053
Q16222,26.754756441976582
Q16236,52.35000528985323
Q16254,152.89636511900557
Q16270,86.70177942860842
Q16280,8.9705445377082
Q16281,40.79732655447125
Q16288,54.38305399095263
Q16322,79.89570094839138
Q16342,1.2085098427015242
Q16348,23.89873101485501
Q16352,54.29283479001841
Q16363,61.8330593795397
Q16384,12.202212647687883
Q16385,14.332557071801844
Q16394,24.238564696208947
Q16401,0.1886452583403322
Q16445,7.067314321022851
Q16478,63.7069948946738
Q16512,140.4026370340783
Q16513,54.91799224223114
Q16514,33.80177572990802
Q16515,14.490600803526293
Q16518,2.0257276395927692
Q16520,14.696406110242776
Q16526,134.41221046637074
Q16527,46.376506074030345
Q16531,54.147645845882494
Q16533,5.359615281089008
Q16534,28.169312620691713
Q16537,0.0
Q16539,0.0
Q16540,3.261587918000659
Q16543,2.9127648763849954
Q16548,3.2244984275073465
Q16549,111.03820563402051
Q16552,50.892619620525345
Q16553,0.0
Q16555,28.672480409026456
Q16558,6.453219896210119
Q16560,2.033718647169933
Q16563,21.06794623612887
Q16566,31.350719818255623
Q16568,0.375370098631901
Q16570,1.8760634946547219
Q16572,15.858366510757875
Q16576,33.33506083018222
Q16581,11.92356436749812
Q16584,222.80947247491065
Q16585,47.14717164715108
Q16586,5.948521709711918
Q16587,10.670767134974376
Q16594,67.63493285124406
Q16595,16.01319534078351
Q16600,46.22111127385136
Q16602,40.76999774455655
Q16610,73.48128654092058
Q16611,5.146649240778709
Q16612,3.0252053926624747
Q16613,0.1550864702008474
Q16617,1.4173595881313623
Q16619,2.4905189583545906
Q16620,88.19247916425812
Q16621,11.194976153303466
Q16623,1.177461228498953
Q16625,144.4039621842154
Q16627,5.454123066211357
Q16629,18.407585103144083
Q16630,184.57585098555535
Q16633,10.48082886300839
Q16635,0.0
Q16637,27.503459910783974
Q16643,39.98971839108659
Q16644,21.884667177022205
Q16647,1.6799686612329003
Q16649,105.92135895623159
Q16650,284.69571544087705
Q16651,22.383430279668378
Q16653,9.530408632452437
Q16654,12.132041891041418
Q16655,2.7448445025925885
Q16656,9.583942293803032
Q16658,42.18581349430936
Q16659,2.4904793973667303
Q16663,0.0
Q16665,50.22216729066005
Q16666,78.51890508946174
Q16667,0.9119209439763506
Q16670,11.167701134690013
Q16671,52.986356921528504
Q16674,2.3863045846395172
Q16676,159.5724392188281
Q16678,2.0938082010968646
Q16690,12.432171576580984
Q16695,0.0
Q16696,2.9529918050741335
Q16698,14.440655796495843
Q16706,45.01671695605491
Q16718,0.0
Q16719,0.3193451449311939
Q16720,105.79246411983108
Q16739,0.0
Q16740,9.7696948480555
Q16760,51.49205627238841
Q16762,12.182649777497307
Q16763,36.069916520007865
Q16769,4.028502818701208
Q16772,0.0
Q16773,16.223717030574573
Q16774,22.472866129392926
Q16775,7.3679185009636745
Q16777,0.0
Q16778,0.0
Q16787,420.2580119711899
Q16790,24.87257398375317
Q16795,5.5974221501951575
Q16798,8.03167498737496
Q16799,82.35523289777342
Q16816,0.36497525949859255
Q16819,67.37812587325894
Q16820,103.68249677710651
Q16821,196.4019073526921
Q16822,73.43181666804222
Q16825,151.44708982156652
Q16827,34.12913303191952
Q16828,30.726765195205097
Q16829,134.48647757872442
Q16831,0.4830763137227001
Q16832,100.05437745623752
Q16836,0.0
Q16842,52.106884177481525
Q16849,99.72261353632005
Q16850,5.441390012170805
Q16851,9.130595404921635
Q16853,64.01239497413823
Q16854,8.710422753325833
Q16864,0.0
Q16873,0.0
Q16875,32.5691738421702
Q16877,13.060194257091213
Q16878,2.317170519571153
Q16880,11.161563943855
Q16881,8.435531965029288
Q16890,49.02617271865217
Q16891,5.001794260408853
Q17R60,36.44764551540256
Q17R89,165.18789262137972
Q17R98,238.11076178053452
Q17RB8,21.794656466119132
Q17RD7,134.77128672653762
Q17RS7,59.745118934804964
Q17RW2,1665.09829193749
Q17RY0,291.08115881195477
Q18PE1,209.8289566946039
Q19T08,218.3491587096037
Q1EHB4,16.542273675409348
Q1HG43,6.1535626474298475
Q1HG44,6.424043383659262
Q1L5Z9,9.357863438752442
Q1MSJ5,107.72687748464375
Q1MX18,9.58017049234506
Q1RMZ1,0.19968530710977853
Q1W6H9,57.986876552927185
Q24JP5,101.54896217618621
Q27J81,76.84530929432933
Q29980,47.60676067909425
Q29983,33.00287718589921
Q29RF7,67.21659443657536
Q2HXU8,18.308492888884984
Q2I0M4,5.04409497246403
Q2I0M5,25.774506958447567
Q2KHM9,60.57578343403189
Q2KHN1,22.280549151981287
Q2KHR2,624.9923550408982
Q2KHT3,158.8042225287162
Q2KHT4,6.140144567982623
Q2LD37,1002.1359502824124
Q2M1K9,107.63557139753206
Q2M1P5,46.89610286278911
Q2M1Z3,232.51776805688587
Q2M2E3,57.997734569041285
Q2M2I5,743.5403010529869
Q2M2I8,237.20298546262774
Q2M2Z5,123.83033284974539
Q2M385,65.2864184763975
Q2M389,3.169972049623712
Q2M3C6,79.41916669854419
Q2M3C7,292.8383366794924
Q2M3G0,10.980568737201065
Q2M3M2,7.044722266080274
Q2M3R5,4.916829198962302
Q2M3T9,11.726136080997522
Q2MKA7,12.8176422472869
Q2MV58,29.79091817209779
Q2NKJ3,34.28578198007034
Q2NKQ1,212.3448619381585
Q2NKX8,77.21184831866448
Q2NL67,12.17223637168995
Q2PPJ7,179.53489569569476
Q2Q1W2,179.7167978029623
Q2QGD7,119.72547034063783
Q2QL34,8.185856075636035
Q2T9J0,85.52878719081636
Q2TAA5,0.0
Q2TAC2,97.58705555088204
Q2TAK8,114.81028030698302
Q2TAL6,30.949560758944767
Q2TAL8,45.21491580559586
Q2TAY7,14.506066569962474
Q2TAZ0,139.2193927072835
Q2TB90,11.21283291092444
Q2TBA0,0.48737612372524214
Q2TBE0,82.8758969327426
Q2UY09,918.1388640905184
Q2V2M9,202.9825357140095
Q2VIQ3,81.51182393058515
Q2VPA4,58.68859321494107
Q2VPK5,66.82821527543933
Q2VWA4,348.46804355051387
Q2WEN9,29.045701435279568
Q2WGJ6,4.014516808852884
Q2Y0W8,42.835100689824344
Q2YD98,81.607919999575
Q30154,3.1745778459899165
Q30201,0.015055051030982352
Q30KQ6,0.0
Q32M45,39.652637858245505
Q32M88,50.50336655817206
Q32MK0,93.75697752147389
Q32MQ0,72.96659316848398
Q32MZ4,103.25814946562386
Q32NB8,0.5575845210246988
Q32P28,53.88910204854015
Q32P41,0.0
Q32P44,298.342877725496
Q330K2,8.946637263623046
Q33E94,206.93269617930136
Q38SD2,90.54242003988782
Q3B7T1,22.234130957672484
Q3B820,35.06362080385741
Q3KNS1,20.179651750262728
Q3KNS6,13.70295735116719
Q3KNV8,5.665765571378823
Q3KNW5,3.1955845059051677
Q3KP44,16.060432562472123
Q3KP66,81.32061864856612
Q3KQV3,93.10996506662389
Q3KR16,56.85000619151499
Q3KR37,99.28397875558997
Q3KRA9,0.6595932819460496
Q3KRB8,2.7366042135506
Q3L8U1,727.0303494539361
Q3LHN2,0.0
Q3LI59,13.099805213923899
Q3LI64,0.0
Q3LI66,0.0
Q3LI70,0.0
Q3LI72,26.442721067092307
Q3LI76,4.566343403599228
Q3LXA3,35.19121267992935
Q3MHD2,0.0
Q3MII6,88.81856294590627
Q3MIR4,37.7589108545307
Q3MIT2,32.4124415836107
Q3MIW9,133.20764663606488
Q3MJ16,15.345753790806366
Q3MJ62,12.974363530413623
Q3MUY2,0.0
Q3SXM5,0.013202708251313788
Q3SXP7,1.789094847088213
Q3SXR2,67.56508969935432
Q3SXY7,154.5801416254837
Q3SXY8,7.170592776348917
Q3SXZ7,18.377722231021977
Q3SY00,110.21631784845613
Q3SY46,12.895388782705044
Q3SY56,51.393829706441345
Q3SY69,28.854289524425
Q3SY84,210.71873244718947
Q3SYB3,39.06731037362491
Q3SYC2,3.6446858226447656
Q3SYF9,0.0
Q3SYG4,19.82001894520059
Q3T8J9,127.4050529877541
Q3T906,157.98900941989862
Q3V5L5,17.116741561896216
Q3V6T2,231.38059052265714
Q3YBM2,9.817277953752388
Q3YBR2,41.91157060042474
Q3YEC7,82.36049897928174
Q3ZAQ7,0.0
Q3ZCM7,15.480797221535774
Q3ZCQ8,9.353865583152269
Q401N2,11.1878983997656
Q460N3,75.49280029631535
Q460N5,127.40175399458141
Q494R4,0.0
Q494U1,242.05149406224606
Q494V2,87.58122773564247
Q495A1,17.470539514912645
Q495C1,7.856610709324426
Q495M3,3.0891404277782732
Q495M9,71.81281344474665
Q495T6,37.70644533366464
Q495W5,22.726462299705304
Q496A3,104.05778799970575
Q496F6,7.5111029941850775
Q496J9,7.664322830633372
Q496M5,48.85555925997439
Q49A17,3.9904886950140255
Q49A26,27.676196265855037
Q49A88,104.50216809353151
Q49AJ0,237.3209974085222
Q49AM1,3.9939438400913607
Q49AN0,14.246598139553573
Q49MG5,35.47361040471744
Q49MI3,7.763564202660948
Q4AC94,211.39191070695477
Q4ADV7,140.7279828157265
Q4FZB7,190.43468606983927
Q4G0J3,15.150169169369908
Q4G0N4,56.904822668629464
Q4G0N8,4.991538283337118
Q4G0P3,187.45083706886118
Q4G0S4,17.870421128419757
Q4G0U5,6.058617598384934
Q4G0W2,1.1172442124506827
Q4G0X4,10.652779188269786
Q4G0X9,42.51197315139169
Q4G163,89.08901428098011
Q4G176,14.82289282811455
Q4J6C6,3.54830135400487
Q4JDL3,30.024139796675847
Q4KMG0,235.09127826565475
Q4KMG9,0.0
Q4KMP7,141.92332010145137
Q4KMQ1,102.67634445084367
Q4KMQ2,24.02527819298538
Q4KWH8,194.9119382820162
Q4L180,83.5958122211828
Q4L235,23.316927981387614
Q4LDE5,304.1792153602196
Q4LDG9,0.0
Q4LDR2,0.7042958327058041
Q4LE39,108.48777013109427
Q4U2R8,17.492946877722748
Q4V328,52.675980819392514
Q4V9L6,40.80117484539858
Q4VC05,11.500498136527051
Q4VC12,19.525146812747515
Q4VC44,12.184230717512882
Q4VCS5,267.20604181358897
Q4VNC1,32.32522710734411
Q4ZG55,223.77398170057705
Q4ZHG4,352.93243989011125
Q4ZJI4,0.010861146472238412
Q502W6,76.57634935523046
Q504Q3,27.57357916442129
Q504Y0,58.63651661896685
Q504Y2,60.42007984561634
Q504Y3,0.0
Q52LG2,5.94799390402266
Q52LJ0,570.8060877345487
Q52LR7,141.20279467505304
Q52LW3,118.82309537097947
Q53EL6,89.57402026802218
Q53EL9,95.92593566685207
Q53EP0,213.02483516816187
Q53ET0,503.4558514892044
Q53EU6,6.4342279707989745
Q53EZ4,0.5961501989553899
Q53F19,26.64089481342655
Q53F39,8.972245038142555
Q53FA7,10.973186891665275
Q53FD0,155.55949497145178
Q53FP2,0.0
Q53FT3,12.23861189215885
Q53FV1,0.08281183995603277
Q53FZ2,38.439849139280696
Q53G59,36.47523115633155
Q53GA4,0.0
Q53GD3,13.424635252155051
Q53GG5,148.06180977675947
Q53GL0,9.82660160436224
Q53GL7,163.8556798304628
Q53GQ0,15.567854968319145
Q53GS7,37.87952191322722
Q53GS9,5.01413382297935
Q53GT1,10.999362100349733
Q53H12,2.735082055649723
Q53H47,22.481196841878802
Q53H54,4.248657553758541
Q53H76,16.645845058336157
Q53H80,14.258830558862448
Q53H82,2.597411011755232
Q53H96,2.795759993119078
Q53HC0,25.954305187044593
Q53HC9,25.671599325961168
Q53HI1,7.616837684587654
Q53HL2,17.597729714095458
Q53HV7,0.5115243076854135
Q53QV2,0.0
Q53R12,31.440169347665744
Q53R41,0.0
Q53RT3,9.485416908067982
Q53S33,0.0
Q53T94,35.10750886593177
Q53TN4,39.25887189079555
Q53TQ3,252.79277144351957
Q53TS8,113.21564516917655
Q562E7,271.9925234502513
Q562F6,100.45702702673236
Q567U6,3.0630505688643623
Q569K4,127.18172193164713
Q56NI9,25.980239868505812
Q56P03,57.1446005085848
Q56P42,0.0
Q56UN5,37.65946512138875
Q587J8,4.9834870535459945
Q58A45,328.273743089261
Q58DX5,72.85310144751891
Q58EX2,393.94408276555197
Q58EX7,110.8723878130167
Q58F21,77.81727914343355
Q58HT5,0.0
Q58WW2,124.69640556348307
Q59EK9,29.328796508737717
Q59H18,97.53096301882374
Q5BJD5,25.060821334977604
Q5BJF2,0.0
Q5BJF6,18.319532153898685
Q5BJH2,0.0
Q5BJH7,35.70095897793197
Q5BKT4,0.0
Q5BKX5,7.172408368691265
Q5BKX8,0.0
Q5BKZ1,527.0505914608383
Q5BVD1,0.0
Q5C9Z4,31.213941034957678
Q5CZC0,487.8960925618619
Q5D0E6,5.427485062273789
Q5D1E8,170.575458419958
Q5D862,6226.355606244795
Q5DID0,199.20809845420135
Q5DX21,94.54473219976555
Q5EB52,1.696667117525092
Q5EBL4,5.713192562394316
Q5EBL8,0.0
Q5EBM0,3.3834634951054854
Q5EE01,0.0
Q5EG05,0.39929923976336335
Q5F1R6,5.63084005398302
Q5FBB7,28.239210660563522
Q5FVE4,2.7849993980362715
Q5FWF4,6.8034183124286525
Q5FWF5,55.843797501677884
Q5FYB1,36.46854958284871
Q5GFL6,41.732255138661216
Q5GH76,227.18407861134415
Q5GJ75,7.036820936755247
Q5GLZ8,134.98391835267643
Q5H8A4,24.93959365864533
Q5H8C1,110.23578266488616
Q5H9F3,245.761907870607
Q5H9I0,86.96656397930013
Q5H9J7,13.049356903174882
Q5H9R7,32.41837971521122
Q5H9S7,1.6017809920964692
Q5HYA8,17.59259806666318
Q5HYI8,4.568443376877795
Q5HYJ3,47.5919909235342
Q5HYK3,0.0
Q5HYK7,67.94217886171532
Q5HYN5,46.967056147848524
Q5HYW2,440.6372105157031
Q5I7T1,0.0
Q5IJ48,106.460103946201
Q5J8M3,70.7769400140648
Q5J8X5,0.0
Q5JPE7,47.94973690045054
Q5JPH6,9.963765224310308
Q5JPI9,17.955834753069194
Q5JQC9,74.49682334248646
Q5JR59,299.9508584304428
Q5JR98,42.49134477635087
Q5JRA6,182.24568323886018
Q5JRX3,33.39103069590805
Q5JS13,105.89220010336972
Q5JSH3,91.86908208675919
Q5JSP0,103.90433722533245
Q5JST6,17.797669914273293
Q5JT25,0.580273884272193
Q5JTC6,193.20599936770537
Q5JTD0,30.79616879569606
Q5JTH9,14.507871156479341
Q5JTJ3,0.0
Q5JTV8,123.6880500416768
Q5JTW2,38.58930149873752
Q5JTZ9,65.91399071635746
Q5JU85,610.1386786188509
Q5JUK2,87.85071288335382
Q5JUK3,175.41531292764324
Q5JVF3,0.0
Q5JVL4,2.7169340755440277
Q5JVS0,104.66622717916219
Q5JWF2,85.88189349419437
Q5JX71,4.235070075915891
Q5JXC2,122.12053381511878
Q5JY77,78.4894356116349
Q5JZY3,65.3393888667602
Q5K4E3,81.56773187211539
Q5K4L6,42.92710971688335
Q5K651,16.16722406919568
Q5KSL6,37.50274646607479
Q5KU26,290.2362694565862
Q5M775,187.9046616781746
Q5M7Z0,46.57642613485945
Q5MIZ7,111.12132217227685
Q5MJ10,3.5923278159041443
Q5MJ70,60.71946293372637
Q5MNZ6,1.7970850059097943
Q5MNZ9,31.276387512782446
Q5MY95,21.335699914833352
Q5NDL2,7.363509641569221
Q5NUL3,0.0
Q5PRF9,156.52379751604406
Q5PSV4,0.4593093313753487
Q5QGS0,316.16632442204957
Q5QGT7,4.299683774526977
Q5QGZ9,5.910487244239606
Q5QJE6,77.69511597815097
Q5QJU3,0.0
Q5QNW6,0.0
Q5QP82,107.22266756236002
Q5R372,40.25913684904542
Q5R3F8,158.54056648999727
Q5RI15,0.023112647214312308
Q5RKV6,36.04087793396042
Q5RL73,49.314621941292145
Q5S007,42.65244614944045
Q5SGD2,6.071083526040543
Q5SNT2,155.8761299673092
Q5SQ64,9.729971986599587
Q5SQI0,74.95228569013022
Q5SQN1,6.120653740046766
Q5SQQ9,57.96650716530997
Q5SR56,26.695287007438928
Q5SRE5,41.9434593594743
Q5SRE7,26.086383939816336
Q5SRR4,45.206035205601296
Q5SSG8,1180.205518265166
Q5SSJ5,6.3769822060764465
Q5ST30,15.051326718625734
Q5SVS4,6.400505467557773
Q5SW24,186.44062394168856
Q5SW79,272.6990401305651
Q5SW96,21.44483043795442
Q5SWA1,64.21238932697788
Q5SWW7,21.94800799859164
Q5SXH7,55.723235766953955
Q5SXM2,253.76780509174824
Q5SY16,5.4076380943977895
Q5SYB0,212.6938610396446
Q5SYC1,5.32880749319059
Q5SZK8,182.6283913898907
Q5SZL2,186.18177596517197
Q5SZQ8,49.82460189577874
Q5T011,429.08688143279073
Q5T0F9,4.905455056021994
Q5T0J7,19.54925505400065
Q5T0N1,40.119208812763944
Q5T0N5,67.24015350001717
Q5T0T0,37.73438667077954
Q5T0W9,205.55852751507052
Q5T124,82.18805203186133
Q5T160,20.255928940341427
Q5T197,6.21826777341553
Q5T1C6,0.3474772138251867
Q5T1H1,176.58450938983316
Q5T1M5,95.86849014670632
Q5T1R4,589.084347032626
Q5T1V6,8.434021768263323
Q5T200,315.6126241733441
Q5T230,19.672854052147326
Q5T280,9.331921915083235
Q5T2D2,125.48872701746818
Q5T2D3,29.055784291648244
Q5T2R2,24.309332166047138
Q5T2S8,22.708771681016195
Q5T2T1,11.611882534419507
Q5T2W1,14.2344379722567
Q5T3J3,158.3421965199603
Q5T3U5,23.10576857619329
Q5T440,23.671614403057873
Q5T442,51.22984517073753
Q5T447,44.92767105530352
Q5T481,335.01019886342226
Q5T4B2,34.16364091850884
Q5T4D3,0.08375870057566802
Q5T4F4,1.4375854329070479
Q5T4F7,0.0
Q5T4S7,390.1436169449689
Q5T4W7,5.925648033768427
Q5T5A8,73.8900609110912
Q5T5B0,92.74095805837138
Q5T5C0,167.24853276670385
Q5T5P2,420.53705696760306
Q5T5U3,495.9755719512004
Q5T5X7,68.74314190280329
Q5T5Y3,169.46082240913486
Q5T601,15.36761099028967
Q5T619,83.44437100979528
Q5T655,11.489563528445899
Q5T686,0.28824115870841943
Q5T6F0,24.131237426039114
Q5T6F2,946.0532495110859
Q5T6S3,47.36077517934242
Q5T6X5,42.33114622819777
Q5T700,25.229672246543867
Q5T749,160.4636085544779
Q5T751,234.29140679876284
Q5T752,232.9236134012846
Q5T753,241.6832008662161
Q5T754,207.6097666448429
Q5T7B8,273.39055397729624
Q5T7M4,2.8389071854002763
Q5T7N3,121.99555266785515
Q5T7P2,181.83763319591276
Q5T7P3,233.9037137310567
Q5T7P8,10.592603705207784
Q5T7V8,38.23834920950128
Q5T7W0,89.75351452588711
Q5T7W7,10.917576605527842
Q5T890,85.4663071578941
Q5T8A7,350.0105800711357
Q5T8D3,167.90509365524088
Q5T8I9,16.359099145717217
Q5T9A4,50.864965077057256
Q5T9C9,10.227873192098283
Q5T9G4,1.1622292447933145
Q5T9L3,2.6141202841174747
Q5TA31,0.2118913783135176
Q5TA45,0.0
Q5TA50,0.7071334469915764
Q5TA76,93.90361529987251
Q5TA77,68.01324458898867
Q5TA78,107.44036953173645
Q5TA79,136.84431921602334
Q5TA81,109.48888741385015
Q5TA82,128.1119327398413
Q5TA89,0.0
Q5TAB7,22.3743041537469
Q5TAP6,10.774936682331457
Q5TAQ9,38.58554064368438
Q5TAT6,783.7004428307597
Q5TAX3,167.84595904397227
Q5TB30,41.15808125373985
Q5TB80,52.01278727708177
Q5TBA9,337.2600024316243
Q5TBB1,9.456017088618204
Q5TC82,223.5019784148886
Q5TCH4,7.561686346005997
Q5TCM9,159.19509601880017
Q5TCQ9,199.85791324864732
Q5TCS8,14.929431333832813
Q5TCX8,175.42728819606356
Q5TCY1,198.25419849664863
Q5TCZ1,200.8530511198152
Q5TD94,34.17998275566778
Q5TD97,0.0
Q5TDH0,33.08391220397481
Q5TEJ8,6.032598059252017
Q5TEU4,19.66101237170234
Q5TGU0,0.0
Q5TGZ0,0.0
Q5TH69,199.50541375641143
Q5THJ4,373.59815755629836
Q5THR3,90.61470637564494
Q5TKA1,19.22979443399842
Q5TZA2,64.43648054681762
Q5TZF3,2.784352949602794
Q5TZK3,0.540722648327424
Q5U5Q3,260.3033669289671
Q5U5X0,0.0
Q5U5Z8,47.140652939235544
Q5U651,201.08810625538544
Q5UCC4,54.43313800459433
Q5UE93,37.049691817006455
Q5UIP0,258.4856504323811
Q5VIR6,30.094078745411547
Q5VSL9,4.705202983451258
Q5VST6,14.404485125257713
Q5VST9,541.6773778302465
Q5VSY0,47.9709166935905
Q5VT06,448.9191720932157
Q5VT25,136.17028380056152
Q5VT52,854.1503893126418
Q5VT66,4.571974993996852
Q5VT99,1.2798044200019687
Q5VTB9,54.89140737005094
Q5VTD9,13.455626619983265
Q5VTR2,7.33995301312937
Q5VTT5,61.07779326679793
Q5VTY9,0.0
Q5VU43,327.492611326156
Q5VU57,19.041623955399395
Q5VUA4,406.42026327068896
Q5VUB5,177.2539183451353
Q5VUG0,27.0707697101319
Q5VV41,43.05097157734042
Q5VV42,64.35844897102731
Q5VV43,114.32949649347263
Q5VV67,387.93427426733615
Q5VVJ2,26.395009996619507
Q5VVQ6,24.243387103874642
Q5VVX9,0.5494910342934877
Q5VVY1,6.839548233459919
Q5VW38,39.23967610668153
Q5VWC8,0.0
Q5VWG9,92.80105261531584
Q5VWJ9,47.204762538671424
Q5VWK5,49.61063417128073
Q5VWN6,280.3379230044943
Q5VWP2,0.0
Q5VWP3,71.24239881384628
Q5VWQ8,198.60762907807327
Q5VWT5,57.76861658278466
Q5VWX1,32.00136592361707
Q5VWZ2,1.8241531249997287
Q5VX71,49.8554282120311
Q5VXI9,20.16265056995675
Q5VXU9,57.5959643120886
Q5VY09,27.454678025917413
Q5VY43,358.28766981966214
Q5VY80,9.915717449401235
Q5VYJ5,188.72215784117134
Q5VYK3,154.98698307455936
Q5VYS8,78.45903108881934
Q5VYX0,14.496227943685676
Q5VZ89,234.15185482961397
Q5VZE5,6.985127533402624
Q5VZF2,12.918040964622762
Q5VZK9,113.02276163135949
Q5VZL5,144.8555312197134
Q5VZM2,0.6625441202633323
Q5VZV1,15.478551194764579
Q5VZY2,5.7771861004223055
Q5W0B1,106.51559032111999
Q5W0Q7,159.9427626177935
Q5W0Z9,39.62072860032874
Q5W111,5.701663421040132
Q5W5X9,1.226695793349505
Q5XG87,389.6267648622866
Q5XKE5,367.6034538143671
Q5XKP0,0.02722901792650603
Q5XKR4,152.5775019003914
Q5XLA6,11.825765174229806
Q5XPI4,28.355705181757596
Q5XUX0,30.053519746645744
Q5XXA6,28.398770269188184
Q5ZPR3,58.27968054561934
Q60I27,106.90865887625789
Q63HK5,318.7811280338899
Q63HN8,104.47276193659357
Q63HQ0,55.27931039037005
Q63HQ2,90.46559410719651
Q63HR2,410.78976219088054
Q63ZY3,136.36842882943708
Q63ZY6,17.389018155264466
Q641Q2,97.26630776040837
Q643R3,35.9756126657669
Q64LD2,81.65220208229952
Q658P3,3.5486850465695103
Q659A1,133.5194399803052
Q659C4,204.92626421241334
Q66GS9,20.43106371938397
Q66K64,49.00753419420776
Q66K74,88.40790231336815
Q66K79,55.76394967188916
Q66K80,113.9932841903035
Q66K89,33.04372402117949
Q66PJ3,78.50279022692756
Q674R7,192.6453366614732
Q674X7,127.90208134517941
Q676U5,29.987461822175824
Q684P5,171.28684791109058
Q685J3,4033.4508500814673
Q687X5,2.45234065255099
Q68CJ6,2.2478871727653758
Q68CJ9,86.2541810727355
Q68CK6,17.81345371608932
Q68CL5,42.714917076336576
Q68CP4,42.8153551445392
Q68CP9,656.1106766613209
Q68CQ1,176.46363919686547
Q68CQ4,30.612576377848477
Q68CZ1,32.36898110226183
Q68CZ2,462.77650496517447
Q68CZ6,11.331523136543263
Q68D06,4.221731588311945
Q68D10,352.47846673683335
Q68D85,20.264215494086017
Q68D86,40.84722852361204
Q68D91,1.6215452973944695
Q68DA7,134.39540263190878
Q68DC2,295.5708032257676
Q68DD2,24.923189852704922
Q68DE3,1097.9211522780965
Q68DK2,126.65440940777634
Q68DK7,73.73056836980535
Q68DQ2,260.431574512624
Q68DV7,181.62991928848658
Q68DX3,127.8125384857512
Q68E01,55.01773953012147
Q68EA5,53.81381029902934
Q68EM7,219.38285389482868
Q68G74,50.59756253987914
Q68G75,1.1722818542753444
Q68J44,0.0
Q69383,0.0
Q69384,14.703681764021649
Q693B1,22.867236899015275
Q695T7,9.478947409825722
Q69YG0,0.09100401761583683
Q69YH5,150.7549812589627
Q69YI7,58.2274480708721
Q69YN4,176.0069015162103
Q69YQ0,157.62889503360546
Q6A162,25.971987277686882
Q6A163,78.1637804723166
Q6AI14,56.93675870612659
Q6AI39,620.5052126935695
Q6AWC2,212.15460772492338
Q6AZY7,261.0239177238738
Q6AZZ1,5.465404250902778
Q6B0I6,14.133847898894455
Q6B8I1,0.0
Q6BAA4,32.357231859549586
Q6BCY4,18.316274172364547
Q6BDI9,0.16462080442373317
Q6DD88,18.495378764727473
Q6DHV7,0.5032248215231577
Q6DJT9,56.36825613840419
Q6DKI2,17.41147792556285
Q6DKI7,57.92098346411593
Q6DKJ4,9.879852481669271
Q6DKK2,11.88518285247094
Q6DN03,3.936215848410262
Q6DN12,51.02509135818787
Q6DN14,156.86768914621342
Q6DN72,23.421264290150248
Q6DN90,199.20843986213478
Q6DRA6,3.936215848410262
Q6DT37,97.97989396828693
Q6E0U4,1034.241594935587
Q6E213,0.0
Q6EEV6,0.16871305572280965
Q6EIG7,0.0
Q6EMB2,222.60082559455088
Q6EMK4,57.22677052993842
Q6F5E8,199.67891901278432
Q6FHJ7,0.0
Q6FI13,0.0
Q6FI81,4.300701697400413
Q6FIF0,58.2453125787607
Q6GMR7,46.62964706408696
Q6GMV2,0.0
Q6GPH4,0.5074121277079316
Q6GQQ9,269.36564250952483
Q6GTS8,19.21241498363554
Q6GTX8,22.924397997052424
Q6GYQ0,166.21211790013035
Q6H3X3,15.358164304714274
Q6H8Q1,263.7473213462618
Q6HA08,78.43534729909858
Q6I9Y2,1.0089590728066158
Q6IA17,32.43422531743232
Q6IA69,5.684534381837235
Q6IA86,2.721628086240668
Q6IAA8,3.9063259865551876
Q6IAN0,20.675846181288737
Q6IB77,0.4463720706594928
Q6IBS0,0.9493572668555661
Q6IBW4,6.935172482997105
Q6IC98,14.555061816771994
Q6ICB0,24.54208519359792
Q6ICB4,36.69790353895789
Q6ICG8,189.4131715982039
Q6ICL3,1.6743235736696875
Q6ICL7,0.8842977876164547
Q6IE81,72.86337261534578
Q6IEG0,14.28456736082291
Q6IMI6,3.2580001986370086
Q6IMN6,259.0227334315504
Q6IN84,7.1228312211671145
Q6IN85,143.57482744804304
Q6IPM2,24.833263619415206
Q6IPU0,12.410363642252559
Q6IQ16,29.00047111208162
Q6IQ19,25.106968795055
Q6IQ20,4.408243531913527
Q6IQ22,20.065273348877458
Q6IQ23,239.08241586366194
Q6IQ26,35.39020205057693
Q6IQ49,28.49117262885619
Q6IQ55,182.11220671044066
Q6IS24,11.421356106282126
Q6ISB3,36.58414041556249
Q6ISU1,70.83102272821584
Q6IV72,10.556262028695878
Q6IWH7,17.403761545406837
Q6J4K2,28.01270219948201
Q6J9G0,18.528381395089774
Q6JBY9,25.66771560573931
Q6JQN1,38.20337530484831
Q6K0P9,76.18076152308149
Q6KB66,74.31021239414586
Q6KC79,458.54529088483673
Q6KCM7,7.086876741878304
Q6KF10,20.312855993162223
Q6L8G4,205.5742253606353
Q6L8G8,201.71627029506297
Q6L8G9,156.0428722964659
Q6L8H1,755.582881840096
Q6L8H2,219.19002720431592
Q6L8H4,670.9876814724801
Q6L8Q7,15.785761250961997
Q6L9W6,8.52376532994355
Q6MZM0,120.10728126292915
Q6MZP7,149.49840238833104
Q6MZQ0,1.424312679588934
Q6N021,577.8678016856541
Q6N022,326.21027963318363
Q6N043,168.13705306583887
Q6N069,0.0
Q6N075,0.0
Q6NS38,13.313223104516933
Q6NSI4,65.92121540793433
Q6NSJ0,2.8518202913899593
Q6NSJ5,7.5633822849143195
Q6NSW7,64.14739157644864
Q6NT55,20.859120909651722
Q6NT76,199.35994553286525
Q6NTE8,77.08475385616023
Q6NTF7,0.4958120264931408
Q6NTF9,129.95011453949937
Q6NUI2,55.8630511346543
Q6NUI6,5.021485553577068
Q6NUJ2,124.75204878496248
Q6NUJ5,45.34041329320008
Q6NUK1,1.5184956284927162
Q6NUN0,26.73630554814832
Q6NUN9,282.5860844000811
Q6NUP7,123.62839652020016
Q6NUQ1,3.7594828011319277
Q6NUQ4,18.40064985550686
Q6NUS6,66.48532869284716
Q6NUT2,1.7855132315223092
Q6NUT3,2.8620182361900284
Q6NVH7,19.924496081266707
Q6NVU6,13.432911137921174
Q6NVY1,0.0
Q6NW40,77.79274930111579
Q6NWY9,64.62601904722494
Q6NX45,71.92396946867038
Q6NXG1,41.74621749117842
Q6NXR4,0.0
Q6NXS1,3.560099497295341
Q6NXT2,0.0
Q6NXT4,49.13188735921504
Q6NXT6,48.705071044184244
Q6NYC1,70.56261809566527
Q6NYC8,30.430978291355764
Q6NZ36,10.036729831735041
Q6NZI2,2.4252835165464974
Q6NZY4,73.15682865348337
Q6NZY7,30.558443009461037
Q6P050,36.22625420022534
Q6P087,15.841159657178387
Q6P0N0,120.74047383599196
Q6P0Q8,529.7006974472089
Q6P158,168.87464376350752
Q6P179,16.240561458055375
Q6P1A2,9.225290169014912
Q6P1J6,165.93627796660348
Q6P1J9,17.790656027802353
Q6P1K1,0.0
Q6P1K2,15.623763895603819
Q6P1L5,388.70178502693665
Q6P1L6,51.101662911811225
Q6P1M0,11.7875997923367
Q6P1M3,40.54515588555972
Q6P1N0,8.95773918578467
Q6P1Q0,0.0
Q6P1Q9,0.07025161246352853
Q6P1W5,93.69367739138534
Q6P1X5,33.831344819605185
Q6P2C8,2.137003208367635
Q6P2D0,13.771589042023733
Q6P2D8,8.406588075913252
Q6P2E9,223.17157567440617
Q6P2H3,154.88073931206873
Q6P2M8,6.701465283457624
Q6P2P2,22.730320076827205
Q6P2Q9,74.40254297992135
Q6P3S1,60.08712846469271
Q6P3W2,0.0
Q6P3W7,251.00980359391826
Q6P4A7,0.010457174097924009
Q6P4A8,49.70690132136677
Q6P4F1,0.6769068022528388
Q6P4F2,48.784206928128846
Q6P4H8,2.271972143735444
Q6P4I2,73.88723877030445
Q6P4Q7,71.11410571588075
Q6P4R8,253.64264514455283
Q6P531,80.42388259413107
Q6P587,0.3112847051926575
Q6P597,12.63481833635976
Q6P5Q4,82.17551390708007
Q6P5S7,0.0
Q6P5W5,64.43984647567704
Q6P5X5,6.533606606820646
Q6P5Z2,11.677217598492579
Q6P6C2,35.0184832846559
Q6P988,25.475135207696628
Q6P9A2,3.07904669213992
Q6P9B6,31.460260455501597
Q6P9B9,146.2819152456632
Q6P9F0,21.417395989011144
Q6P9F5,0.004159480718599384
Q6P9F7,17.5525514019429
Q6P9G9,1.3375097110085343
Q6P9H4,92.5700794067319
Q6PCB0,39.563368788010465
Q6PCB6,5.928546713134512
Q6PCB7,12.970236479763637
Q6PCD5,53.163852700234344
Q6PCE3,17.667308600038787
Q6PCT2,97.60775707946063
Q6PD62,70.93935171245067
Q6PD74,20.884118482081263
Q6PEW1,35.16762080202217
Q6PEX3,21.857089823871487
Q6PEY1,0.0
Q6PEY2,26.6029349276799
Q6PF05,0.0
Q6PF06,0.04702322330488721
Q6PF18,40.88110252382505
Q6PFW1,196.00748399893575
Q6PGN9,25.96219937148133
Q6PGP7,10.334965181006648
Q6PGQ7,206.58071034309825
Q6PH85,0.5876986758619038
Q6PHR2,0.09307942182863894
Q6PHW0,0.9051473001679924
Q6PI25,0.0
Q6PI26,28.401273844596076
Q6PI48,13.481502264585373
Q6PI77,29.87803121962895
Q6PI78,0.8133931416870221
Q6PI98,22.941298523950472
Q6PID8,124.7375949466519
Q6PIF2,17.4288360332721
Q6PIF6,20.872505991124676
Q6PIJ6,263.6622055732941
Q6PIL6,2.792629927257553
Q6PIU1,1.4035678918680514
Q6PIU2,3.607511004663428
Q6PIV2,1.5599934597938914
Q6PIW4,70.16814695720231
Q6PIY7,2.5832175777530195
Q6PIZ9,3.796441148339243
Q6PJF5,45.5182703868066
Q6PJG6,10.40117931220099
Q6PJG9,106.7741494291151
Q6PJI9,110.46425428223655
Q6PJP8,122.81563667388636
Q6PJT7,89.58128533505199
Q6PJW8,22.31450176631375
Q6PKC3,51.75604730870734
Q6PKG0,183.425611958616
Q6PKX4,14.120604470715824
Q6PL18,42.12228387244407
Q6PL24,53.6325837027524
Q6PL45,1.3119899390708099
Q6PML9,5.148287986445399
Q6PRD1,286.53121369094123
Q6PRD7,88.20463395933592
Q6PUV4,0.0
Q6PXP3,0.0
Q6Q0C0,93.59123896226538
Q6Q4G3,32.86346997074776
Q6Q759,68.53755052776707
Q6Q788,3.406485389314768
Q6QHC5,1.806872364968044
Q6QHF9,24.257111600750296
Q6QHK4,27.966245147848035
Q6QN14,0.873019417671179
Q6QNK2,114.08070779648793
Q6QNY0,13.368268435044813
Q6QNY1,0.0
Q6R327,250.09920497585856
Q6R6M4,32.86568901233768
Q6RFH5,33.53017320401472
Q6RFH8,100.2597839653443
Q6RI45,216.9532086626818
Q6RVD6,11.288151986557121
Q6RW13,0.195427997380303
Q6S5L8,158.61372824773937
Q6S9Z5,34.67730764106068
Q6SA08,0.0
Q6SJ93,11.944561348221256
Q6SPF0,80.53279871608238
Q6STE5,29.43287511662033
Q6SZW1,119.91234030757263
Q6T4R5,395.16344856705575
Q6TCH4,0.0
Q6TCH7,0.0
Q6TFL4,10.18698441355191
Q6TGC4,15.903204649931851
Q6U736,0.0
Q6U7Q0,3.572909371280301
Q6U841,57.28501001071816
Q6UB28,0.0
Q6UB35,113.82042294812553
Q6UB98,227.9710687281957
Q6UB99,169.72657181775554
Q6ULP2,125.37959967863156
Q6UN15,142.85853659316066
Q6UUV7,274.2583567338973
Q6UUV9,344.51956632133533
Q6UVJ0,114.71066933580413
Q6UVK1,134.99188823492707
Q6UVM3,54.44832734132606
Q6UVW9,1.846576360257353
Q6UVY6,20.5901326117502
Q6UW15,5.247047005588894
Q6UW56,11.292069418834561
Q6UW60,117.62726403564304
Q6UW63,17.83209010699995
Q6UW68,10.8015428327769
Q6UW78,5.4881334600183935
Q6UW88,0.5306222428718699
Q6UWB1,20.86381860516899
Q6UWB4,41.51354501594762
Q6UWE0,0.113384999318062
Q6UWF3,0.0
Q6UWI2,130.6030875306693
Q6UWK7,0.0
Q6UWL6,102.57010135494203
Q6UWN5,33.896327096715304
Q6UWP2,2.9454311579244
Q6UWP7,3.851638231241723
Q6UWR7,7.604677544076438
Q6UWU4,1.639505897520649
Q6UWV6,14.269783029921193
Q6UWW8,9.397600604788481
Q6UWY0,12.206397155707254
Q6UWY2,23.31104175260566
Q6UWZ7,8.62665266685784
Q6UX01,5.196615538208247
Q6UX04,53.67583999314692
Q6UX06,187.90212830500462
Q6UX15,22.096245765866207
Q6UX27,6.977134792319765
Q6UX34,1.927900171845228
Q6UX39,72.62735183699908
Q6UX40,0.0
Q6UX41,20.422513764982206
Q6UX46,3.4287702810314356
Q6UX65,0.44381800257680215
Q6UX71,26.940902554518175
Q6UX98,0.0
Q6UXB2,5.797587579733759
Q6UXB4,6.5875386663961395
Q6UXB8,95.79268375359125
Q6UXD5,152.8210098130292
Q6UXF1,258.3811394632851
Q6UXG2,196.2104637346771
Q6UXG3,71.98832642678414
Q6UXG8,20.402637786921556
Q6UXH0,0.0
Q6UXH1,156.0145164040021
Q6UXH8,195.56266056419418
Q6UXI9,86.77475849971144
Q6UXK2,29.265482147146663
Q6UXL0,0.0
Q6UXM1,148.67235499698955
Q6UXN8,39.23251582705163
Q6UXN9,2.773793430043434
Q6UXS9,28.462535673498465
Q6UXT8,3.6971747362504432
Q6UXV0,8.257257158929537
Q6UXV4,3.8863568913191466
Q6UXX9,2.105395474183001
Q6UXY1,183.8177305497778
Q6UXZ0,35.73816471878665
Q6UXZ3,25.903160720809865
Q6UXZ4,35.154984255302395
Q6UY09,7.109574261474606
Q6UY14,380.4601436306001
Q6V0I7,586.7350719397948
Q6V0L0,25.56555975171044
Q6V1X1,33.9662754448875
Q6VAB6,74.04997214505663
Q6VB84,37.211490886445205
Q6VEQ5,59.38503901847281
Q6VMQ6,253.52585177982309
Q6VN20,358.42085389338354
Q6VVB1,11.885693010005827
Q6VVX0,2.2087573876066475
Q6VY07,268.1900386422984
Q6W0C5,12.87398408097419
Q6W2J9,249.11730458067183
Q6W4X9,1776.9910122999759
Q6W5P4,9.919132462503999
Q6WCQ1,89.82916626184397
Q6WKZ4,193.1673243245517
Q6WN34,44.432809908909974
Q6WRI0,276.5493027925306
Q6X4U4,34.235659028611586
Q6X4W1,66.68031532293384
Q6XD76,3.620122856422669
Q6XE24,108.54416526007644
Q6XPS3,9.039576630714972
Q6XQN6,32.36931666339797
Q6XR72,35.797416702533056
Q6XUX3,65.44357009092897
Q6XYQ8,40.34832139719656
Q6XZB0,19.93648441522917
Q6XZF7,200.02173116407428
Q6Y1H2,17.914978830819102
Q6Y288,6.373945900072057
Q6Y7W6,249.66711576992833
Q6YBV0,1.6085135671135626
Q6YHK3,72.65372981055611
Q6YHU6,27.380455866937783
Q6YN16,18.5722768817212
Q6YP21,1.8792947909950375
Q6ZMB0,10.01517476792592
Q6ZMC9,11.133493067888054
Q6ZMG9,35.966223351111935
Q6ZMH5,40.800173153835146
Q6ZMI0,6.008078542717215
Q6ZMI3,163.409752148236
Q6ZMJ2,117.04411701027362
Q6ZMJ4,17.036217101523466
Q6ZMM2,14.381420480582559
Q6ZMQ8,258.4642345360472
Q6ZMR5,7.7763356572966815
Q6ZMS7,20.534015983368896
Q6ZMT1,39.5117497672295
Q6ZMT4,158.95196440660925
Q6ZMU5,7.060410988465136
Q6ZMZ0,126.61854080426741
Q6ZMZ3,6.175003633996969
Q6ZN04,524.4142060271828
Q6ZN16,47.180060616046106
Q6ZN17,46.57531023648204
Q6ZN18,382.98678200579326
Q6ZN30,136.7583914463306
Q6ZN44,92.45717304392801
Q6ZN55,26.18122208661736
Q6ZN57,44.73487012881053
Q6ZNA4,326.77427608799263
Q6ZNB7,3.3700786081425687
Q6ZNC8,0.6127158588695473
Q6ZNE5,46.61584014012598
Q6ZNE9,86.13037019023353
Q6ZNG0,36.625276774313086
Q6ZNH5,50.83256655490532
Q6ZNJ1,204.35571278141958
Q6ZNK6,0.0
Q6ZNL6,125.0519733691788
Q6ZNX1,2.0653674852364934
Q6ZP29,0.0
Q6ZP80,4.611022060087604
Q6ZP82,53.7941953331256
Q6ZPD8,0.0
Q6ZQN7,20.04930512771049
Q6ZQW0,10.548778237202987
Q6ZQX7,47.482267354967135
Q6ZQY3,3.446936617716361
Q6ZR08,49.996296955099254
Q6ZR37,13.473330832646461
Q6ZRF8,36.300644473127136
Q6ZRI0,176.65070936953634
Q6ZRP7,33.128867613448435
Q6ZRQ5,0.0
Q6ZRS2,636.9107120089631
Q6ZRV2,187.3120013582709
Q6ZRY4,25.043733218467157
Q6ZS10,6.270631530237317
Q6ZS17,396.10490602096684
Q6ZSA7,0.10645945046470677
Q6ZSB9,82.11800304209001
Q6ZSG1,4.147488243135362
Q6ZSJ9,49.69007453508175
Q6ZSM3,2.283971965323808
Q6ZSS7,54.24073752771099
Q6ZSY5,178.15016482956622
Q6ZSZ5,206.41909664980335
Q6ZSZ6,292.9920138738171
Q6ZT12,119.72540857906506
Q6ZT21,28.44001409593859
Q6ZT62,57.53949634758988
Q6ZT89,5.41610170119258
Q6ZT98,88.38440160531707
Q6ZTN6,20.055328714082812
Q6ZTQ4,72.47560201140688
Q6ZTR5,97.8035439539324
Q6ZU15,5.620438377911902
Q6ZU35,52.058082135816605
Q6ZU52,157.1107229632989
Q6ZU64,55.91361036663325
Q6ZU80,124.20510548740383
Q6ZUI0,5.698134208847925
Q6ZUJ8,81.23707848786323
Q6ZUM4,73.27096530536501
Q6ZUT1,21.934159355066207
Q6ZUT3,22.244216868031675
Q6ZUX7,38.10855995465851
Q6ZV29,51.98164899792451
Q6ZV65,0.012564019105690034
Q6ZV73,121.78849897790226
Q6ZVD7,110.92349219124148
Q6ZVD8,129.8585962289169
Q6ZVE7,0.0
Q6ZVK8,9.747000928813952
Q6ZVM7,81.73633662011211
Q6ZVN8,169.03713454324333
Q6ZVT0,47.006492180717224
Q6ZW31,148.84478232507263
Q6ZW49,35.194438593440076
Q6ZW61,20.89193650302058
Q6ZW76,33.494557885088625
Q6ZWH5,94.80946988588875
Q6ZWJ1,33.93407891417896
Q6ZWK4,7.173880053502201
Q6ZWL3,11.060555749953277
Q6ZWT7,34.222328304114974
Q6ZXV5,12.417823390421987
Q6ZYL4,0.0
Q701N4,332.3294485448629
Q702N8,265.4022505678021
Q709C8,60.083673428423495
Q709F0,5.498325251901091
Q70CQ1,14.828837212295394
Q70CQ2,204.2431504751796
Q70CQ3,40.39038986150944
Q70CQ4,272.6647573211629
Q70E73,189.77983618040196
Q70EK9,88.55837912220915
Q70EL1,508.9465289057125
Q70EL2,63.60382508571479
Q70EL3,0.0
Q70EL4,228.42916539559513
Q70HW3,5.917789841205137
Q70IA6,51.40383925706383
Q70IA8,2.723471884311507
Q70J99,11.335876276998185
Q70JA7,70.8514358850907
Q70SY1,50.348921491146996
Q70UQ0,33.054724011300365
Q70YC4,35.73579394550349
Q70YC5,30.834601728148733
Q70Z35,59.590784719666004
Q70Z44,33.40559473715431
Q712K3,4.6177357108972
Q719H9,9.50808551445957
Q71DI3,0.0
Q71F23,14.92323029227853
Q71F56,689.3464437249029
Q71H61,203.4876922815011
Q71RC2,136.0473106212944
Q71RG4,30.352791177105882
Q71RH2,14.733181431462127
Q71RS6,24.304167447753848
Q71SY5,130.43802600940992
Q71U36,27.07326873287472
Q71UI9,0.0
Q71UM5,0.0
Q75N03,52.77771997711218
Q75N90,228.790894632117
Q75QN2,8.900061856288886
Q75T13,1.3195424522193968
Q75V66,14.806974381644642
Q75WM6,34.3571308522347
Q765P7,294.7388104936924
Q76EJ3,0.8560156627043236
Q76FK4,102.53031348691897
Q76I76,109.43040528009006
Q76L83,468.7714741078767
Q76LX8,213.26743960043444
Q76M96,74.91628725446299
Q76MJ5,47.626856710869575
Q76N32,220.3177030989092
Q76N89,178.6869866278371
Q76NI1,133.06708265470905
Q7KYR7,7.137995412069078
Q7KZ85,179.42535628895428
Q7KZF4,25.580004501999014
Q7KZI7,159.77914803551369
Q7KZN9,5.5963194286104105
Q7L014,19.562419476446745
Q7L099,22.7212908260249
Q7L0J3,31.920569085177593
Q7L0Q8,37.872490104474494
Q7L0X0,28.93922540065992
Q7L0Y3,1.5045367209123994
Q7L190,0.8465951443056239
Q7L1I2,11.680159232582536
Q7L1Q6,0.0
Q7L1S5,20.902776357878583
Q7L1T6,3.22362740554347
Q7L1W4,47.42404926262893
Q7L266,48.13285199496842
Q7L273,4.065404289049476
Q7L2E3,33.76801429279299
Q7L2H7,0.0
Q7L2J0,178.93745362226016
Q7L2R6,26.354525956809134
Q7L2Z9,0.0
Q7L3B6,13.954957640723077
Q7L3V2,54.215918445104855
Q7L4E1,99.32592065985901
Q7L4I2,14.141352477385832
Q7L4P6,0.1928437701177474
Q7L513,23.87312995448715
Q7L523,0.0
Q7L576,24.53583005593428
Q7L590,43.96392972237234
Q7L591,119.06993645974612
Q7L592,1.8473518140188108
Q7L5A3,190.94277153529578
Q7L5A8,2.389115362006403
Q7L5D6,19.522287456799084
Q7L5L3,0.35741857838624697
Q7L5N1,10.575872538071936
Q7L5N7,14.154138405330965
Q7L5Y1,7.960949291154913
Q7L5Y6,2.3466400396266645
Q7L5Y9,22.83764816283784
Q7L622,13.810757723394703
Q7L775,1.9714396088250274
Q7L7L0,0.0
Q7L7V1,0.0
Q7L7X3,222.46740440265887
Q7L804,104.40032428331502
Q7L8A9,19.320406080272665
Q7L8C5,25.512666023543375
Q7L8J4,51.20502655546351
Q7L8L6,39.09033505781435
Q7L8S5,0.0
Q7L8W6,0.8883658932087564
Q7L9L4,1.0775060581488698
Q7LBC6,488.817812758989
Q7LBE3,32.11651867551832
Q7LBR1,2.1653436087897964
Q7LC44,48.62935203967628
Q7LDG7,15.07216707751208
Q7LFL8,150.95018132643023
Q7LFX5,27.338218789351643
Q7LG56,0.8116567201049023
Q7LGA3,1.7703081277280392
Q7LGC8,16.582075663600747
Q7RTN6,71.80562666927807
Q7RTP0,4.785023322643877
Q7RTP6,175.57305912808107
Q7RTR0,1.5476387319072384
Q7RTR2,62.8532497485627
Q7RTS1,32.194163256555406
Q7RTS3,192.68158051163766
Q7RTS7,181.15319544481855
Q7RTS9,32.32199711836545
Q7RTT9,21.31503977014372
Q7RTU1,30.91984397443224
Q7RTU3,67.22559447982451
Q7RTU4,71.44873718106392
Q7RTU7,19.78537673315325
Q7RTV0,2.7936998601393794
Q7RTW8,29.24457967145134
Q7RTX0,29.439559024722236
Q7RTX1,4.550278730393271
Q7RTX7,48.83991062434337
Q7RTY0,2.4340865662913274
Q7RTY1,1.1804711027284465
Q7RTZ1,61.35858647049011
Q7Z2D5,265.6608438234493
Q7Z2E3,8.699868411835894
Q7Z2H8,28.97393639416788
Q7Z2K6,58.05232578608204
Q7Z2W4,227.2883941765654
Q7Z2W7,28.411065179224764
Q7Z2X4,4.774020810693624
Q7Z2Y5,189.47809820503895
Q7Z2Z1,288.8164057720173
Q7Z2Z2,22.248858324678203
Q7Z333,227.61364321517755
Q7Z353,213.2710798914681
Q7Z392,11.038838152192485
Q7Z3B1,34.13367935421178
Q7Z3B3,302.33759911915877
Q7Z3B4,324.36513542249554
Q7Z3C6,85.70546124188502
Q7Z3E1,41.578424967715804
Q7Z3E5,73.46517835453783
Q7Z3H0,19.501121392640982
Q7Z3I7,62.0634323052032
Q7Z3J2,50.7296266884685
Q7Z3K3,251.82194207918084
Q7Z3K6,22.727795134139924
Q7Z3S7,3.3326065655766985
Q7Z3S9,5.508907626394388
Q7Z3T8,194.7686147878125
Q7Z3U7,119.28833524327274
Q7Z3Y7,216.69107044435614
Q7Z3Y8,276.7496123200765
Q7Z3Y9,107.197165171954
Q7Z3Z0,278.6701116111651
Q7Z3Z2,0.014733806894847986
Q7Z3Z4,106.0813603388238
Q7Z401,275.3845285171499
Q7Z403,36.31237283819547
Q7Z406,77.43501171942022
Q7Z407,809.0147555041215
Q7Z410,130.76684556831484
Q7Z412,4.098645714873516
Q7Z417,344.1070646234196
Q7Z418,0.6796286391893638
Q7Z419,0.1315870279800457
Q7Z429,184.80749849693925
Q7Z434,161.56204763986034
Q7Z442,149.40468130722155
Q7Z443,45.79622832392147
Q7Z449,0.0
Q7Z460,461.67466560320594
Q7Z465,26.171085230548048
Q7Z478,52.9416604653548
Q7Z494,79.17752080718998
Q7Z4F1,50.823059307280595
Q7Z4G1,0.0
Q7Z4H4,11.967427944007273
Q7Z4H7,53.860262283733874
Q7Z4H8,7.729494954744374
Q7Z4I7,0.0
Q7Z4K8,75.6135961001511
Q7Z4L5,2.0872426358173337
Q7Z4N2,56.279539520244015
Q7Z4N8,13.202379586419907
Q7Z4P5,104.73378623398138
Q7Z4S6,121.42995671876075
Q7Z4T8,10.71770631837244
Q7Z4T9,22.342558697332002
Q7Z4V0,102.15922406682753
Q7Z4V5,58.287620928142424
Q7Z4W1,2.0742174225300305
Q7Z4W3,26.26769005283025
Q7Z569,11.949473176406737
Q7Z570,77.17066883102297
Q7Z589,290.28949199851104
Q7Z591,253.25936274461645
Q7Z5A7,2.4707295317540034
Q7Z5B4,49.72556479760746
Q7Z5G4,0.0
Q7Z5H3,199.15681417065707
Q7Z5J1,0.17245254940421387
Q7Z5J4,584.0984417681229
Q7Z5K2,92.40821878060301
Q7Z5L2,112.7944875237154
Q7Z5L7,9.839274457615003
Q7Z5L9,127.26671829027505
Q7Z5N4,286.5342560155054
Q7Z5P4,0.0
Q7Z5P9,14249.267846905514
Q7Z5Q1,218.21187084692943
Q7Z5Q5,58.72116952590094
Q7Z5R6,70.7383451327039
Q7Z5V6,79.71581508758705
Q7Z5W3,0.0
Q7Z5Y6,8.30111155588303
Q7Z602,0.0
Q7Z614,37.537398825672106
Q7Z624,23.232539566900737
Q7Z628,63.546682452164234
Q7Z698,80.48250107176247
Q7Z699,33.293407655077935
Q7Z6A9,9.089824824092918
Q7Z6B0,8.69255043155495
Q7Z6B7,116.75113492789782
Q7Z6E9,396.4004443976813
Q7Z6G3,10.272201572224606
Q7Z6G8,240.69168520845403
Q7Z6I5,24.32711280558851
Q7Z6I6,126.63071928518711
Q7Z6J0,258.32250502446306
Q7Z6J4,13.516932400347649
Q7Z6J6,36.26516338698027
Q7Z6J8,2.8158894079001406
Q7Z6J9,73.2701177479634
Q7Z6K1,26.413302693485207
Q7Z6K5,31.024891763588265
Q7Z6L0,36.78816918395999
Q7Z6L1,153.46999176765615
Q7Z6M1,66.17289073740294
Q7Z6M3,14.306145347474066
Q7Z6M4,0.2979377830673253
Q7Z6R9,48.38282188811141
Q7Z6V5,3.260434570098761
Q7Z6Z7,530.5151390859976
Q7Z739,306.78843271742466
Q7Z769,0.0
Q7Z794,717.5951202002964
Q7Z7A1,99.14745942697714
Q7Z7A4,74.38694653805017
Q7Z7B0,161.24321570312145
Q7Z7B1,0.0
Q7Z7C7,13.809498099051913
Q7Z7C8,36.037602689172545
Q7Z7D3,10.122280446927448
Q7Z7E8,98.03962640249961
Q7Z7F0,191.87886869386082
Q7Z7G0,115.13034818217335
Q7Z7G1,49.972121178622466
Q7Z7G2,4.615271233113637
Q7Z7G8,221.238980501188
Q7Z7H3,17.569019324580527
Q7Z7H5,22.297902790382278
Q7Z7H8,0.0
Q7Z7K6,8.345489060841945
Q7Z7L1,3.877629916348927
Q7Z7M0,707.1510470455557
Q7Z7M8,40.7318249701715
Q7Z7M9,39.34361395077791
Q7Z7N9,0.0
Q86SE5,25.832419342842687
Q86SE8,0.0
Q86SE9,0.4266430898764114
Q86SF2,30.08893438824616
Q86SG2,13.137228117050862
Q86SG3,47.25683397242023
Q86SG5,1.304602989749532
Q86SG6,86.02868377569165
Q86SJ2,20.06319777412197
Q86SJ6,120.53642747606636
Q86SK9,17.73354080592601
Q86SQ0,280.23456604927907
Q86SQ3,51.20456701736531
Q86SQ4,165.4936073473724
Q86SQ6,117.13267241045097
Q86SQ7,23.406858593123474
Q86SQ9,0.05376543355793003
Q86SR1,30.64594338296721
Q86SS6,32.351167063017286
Q86SU0,72.02930403688723
Q86SX6,50.47090645590602
Q86SZ2,2.394128308944494
Q86T03,100.71980074551936
Q86T13,127.74310708889867
Q86T24,137.24245198519452
Q86T26,11.4971905823543
Q86T65,41.895229787425194
Q86T82,140.06393552006506
Q86T90,87.24381771628813
Q86T96,57.49132038264253
Q86TB3,362.3411104763835
Q86TB9,33.45979710299588
Q86TC9,178.70246207464268
Q86TG1,28.472622756645436
Q86TG7,12.090714663922922
Q86TH1,187.76272982558265
Q86TI0,36.581179690065284
Q86TI2,14.678040986233611
Q86TJ2,29.315078782599443
Q86TL0,47.20479694826743
Q86TL2,31.12748638752247
Q86TM3,78.76968070129305
Q86TM6,48.050632642374566
Q86TP1,2.452766401959981
Q86TS9,9.732589445242661
Q86TU7,18.38020955535251
Q86TV6,21.45515327428725
Q86TW2,3.880118184473975
Q86TX2,5.241250684600397
Q86U06,65.5199291772914
Q86U10,22.31084848094892
Q86U28,4.1771595635308625
Q86U42,41.18248988647268
Q86U44,32.54749007211014
Q86U70,86.76515200695444
Q86U86,211.49340443868817
Q86U90,10.826256879420802
Q86UA6,14.325781573131518
Q86UC2,42.11122204108544
Q86UD0,18.47589586621385
Q86UD3,5.090541451746308
Q86UD4,87.13060853566958
Q86UD5,0.0
Q86UE4,219.0437808986394
Q86UE6,18.363429905889664
Q86UE8,168.73975624418907
Q86UF1,3.0582788043999676
Q86UG4,16.3248215572619
Q86UK0,94.26261258807114
Q86UK5,34.81798447153647
Q86UK7,112.9759118444264
Q86UL3,3.756786654865641
Q86UL8,207.7531608515099
Q86UN2,4.283215082354599
Q86UN3,43.51478080008921
Q86UN6,0.08288003551724411
Q86UP0,147.4526823446432
Q86UP2,2.5111228841383793
Q86UP3,630.1485554318181
Q86UQ0,6.7002393078106754
Q86UQ4,96.41141259731693
Q86UQ8,41.78409549537055
Q86UR1,68.14625187671979
Q86UR5,270.72598370998674
Q86US8,229.4922726444926
Q86UT5,30.28131166201019
Q86UT6,21.31958861861897
Q86UT8,22.681356182245548
Q86UU0,999.3876733935986
Q86UU1,320.363753906687
Q86UU5,161.80047081132415
Q86UU9,0.0
Q86UV5,20.702778702073488
Q86UV6,2.6004218847930836
Q86UW1,1.2253226782362143
Q86UW2,0.0
Q86UW6,201.59481825075054
Q86UW7,44.98231595541694
Q86UW9,142.64774062174712
Q86UX2,92.96855537849844
Q86UX6,8.779698471086014
Q86UX7,33.94243983984933
Q86UY5,121.18744393062408
Q86UY6,6.268194645723485
Q86UZ6,127.81518629616468
Q86V15,215.12619125590416
Q86V20,15.077199517127521
Q86V24,17.645783535455678
Q86V25,7.81016690807302
Q86V40,7.548385984052363
Q86V42,95.66507931174901
Q86V48,255.08412898460517
Q86V81,105.59750384551641
Q86V86,2.8078097779393976
Q86V97,35.67927324814884
Q86VB7,133.16600075667196
Q86VD1,18.31151587646729
Q86VD7,1.2248024958546488
Q86VD9,0.0
Q86VE0,14.981995808804724
Q86VE9,1.25878077952091
Q86VF2,130.44335582152002
Q86VF5,0.0
Q86VF7,53.85169582759938
Q86VH2,92.59412823943882
Q86VH5,25.107285463172023
Q86VI3,1.8937888030102359
Q86VI4,1.2046194246087085
Q86VK4,104.43866550923622
Q86VL8,19.816235511968742
Q86VM9,256.3041304809162
Q86VN1,6.1198039551742935
Q86VP1,42.566735453137326
Q86VP3,113.63870819368168
Q86VP6,2.0546269889199213
Q86VQ0,157.25786689615873
Q86VQ3,0.692311337537366
Q86VQ6,5.6505753454217675
Q86VR2,50.65640342741453
Q86VS8,7.417832941498262
Q86VV4,19.730575770926812
Q86VV8,179.28913591053868
Q86VW0,11.613581397127081
Q86VW1,17.348699995622226
Q86VW2,159.8988415261723
Q86VX9,23.106755056558903
Q86VY4,30.67684608174978
Q86VZ4,79.75261747572773
Q86VZ5,18.42386862211644
Q86VZ6,53.89677612456913
Q86W10,0.0
Q86W24,1.3089646166820734
Q86W26,19.54174339286213
Q86W42,9.814907229165804
Q86W47,6.9704193583661365
Q86W50,18.786525352288834
Q86W54,0.0
Q86W56,82.58356995010533
Q86W74,10.703566430531282
Q86W92,84.25598378785597
Q86WA6,3.7668118017890295
Q86WA8,3.9651193243812193
Q86WA9,20.215828427600293
Q86WB0,75.32174415837707
Q86WB7,16.266904473503565
Q86WC4,9.661202275429996
Q86WD7,11.362128797956897
Q86WG3,10.47435510161926
Q86WG5,103.04387337115335
Q86WH2,38.04494995216288
Q86WI1,481.45521753349726
Q86WI3,10.417301907503006
Q86WJ1,4.894144276078219
Q86WK6,58.09407870332958
Q86WN1,12.53259994134935
Q86WP2,189.16561671069343
Q86WQ0,3.071422699071059
Q86WR0,1.3756210678371423
Q86WT6,8.16582220619844
Q86WU2,31.688283811084453
Q86WV1,31.499382522297473
Q86WV5,1.7002561650002912
Q86WV6,2.416115700989079
Q86WX3,0.0
Q86X02,43.184983096232926
Q86X24,19.523494984493897
Q86X29,211.20037800630445
Q86X45,11.025478897987929
Q86X51,266.0626156216235
Q86X52,60.99108771484537
Q86X55,248.36164514521164
Q86X67,1.3714111846119148
Q86X95,82.29266398514909
Q86XA0,0.0
Q86XE0,0.9860196668868886
Q86XE5,1.4145779488521337
Q86XF0,1.1897089580992262
Q86XF7,8.485748866015483
Q86XI2,0.586778692323859
Q86XJ1,52.83502232819676
Q86XK2,58.29904010186813
Q86XK3,13.842946185448902
Q86XK7,37.0982966149674
Q86XL3,124.66237603702709
Q86XM0,18.040102647531402
Q86XN8,206.02716408665992
Q86XP0,51.07626184858785
Q86XP1,35.32837541154893
Q86XP3,496.41790632051715
Q86XQ3,2.6576787069668972
Q86XR7,19.364367044298525
Q86XR8,61.85894312829261
Q86XS8,26.280646913846788
Q86XT2,9.297303830548266
Q86XT4,13.130052644171961
Q86XX4,242.13701806342831
Q86Y01,65.69980087211871
Q86Y07,49.91826065724042
Q86Y13,36.84318842928397
Q86Y26,267.24194880949386
Q86Y33,47.026320003124226
Q86Y34,33.069820507157125
Q86Y37,16.54255735281761
Q86Y38,150.99596783026067
Q86Y39,2.751269696113901
Q86Y46,243.6126181436423
Q86Y56,0.0
Q86Y78,10.405442711308108
Q86Y82,17.40348556021319
Q86Y91,85.38867171616107
Q86Y97,6.387788647555165
Q86YA3,115.69952037800415
Q86YB8,5.811900407900122
Q86YC2,148.65362348948855
Q86YC3,9.158847116573208
Q86YD1,16.08325215373738
Q86YD3,36.61049064703376
Q86YD5,44.07083708794582
Q86YD7,76.5736785516596
Q86YF9,28.33702106388423
Q86YH6,16.122748179197547
Q86YI8,39.87441923818848
Q86YJ5,102.87168563715804
Q86YJ6,12.399049690462805
Q86YJ7,141.38251393506172
Q86YL7,12.644772214142645
Q86YM7,7.297812215924358
Q86YN6,64.58857935447122
Q86YP4,121.42998394981561
Q86YR5,58.79362062882866
Q86YR7,74.38647788284455
Q86YS3,85.16797809133098
Q86YS6,3.8550453623505514
Q86YS7,138.1897192095419
Q86YT5,1.3692384932694786
Q86YT6,122.30180039299731
Q86YT9,8.56803779194221
Q86YV0,67.48945666129165
Q86YV5,654.1361181508296
Q86YV9,27.189683196027538
Q86YW0,3.5977484899065844
Q86YW5,70.72565519151523
Q86YW7,0.0
Q86YW9,311.8526993087918
Q86YZ3,9927.036701792855
Q86Z02,334.3529605388087
Q86Z14,42.08380131380297
Q86Z20,30.14901096098258
Q86Z23,84.60263117279433
Q8HWS3,304.64494815438456
Q8IU54,4.100997273486369
Q8IU57,91.52204575500149
Q8IU60,55.225499340986055
Q8IU68,60.715367511263835
Q8IU80,27.48880630194112
Q8IU81,150.965359687171
Q8IU85,44.302880378950604
Q8IU89,0.19750267210853453
Q8IU99,9.229602826056187
Q8IUA7,47.018471754432184
Q8IUB9,73.88828502878945
Q8IUC1,2.0759874346041305
Q8IUC2,0.0
Q8IUC3,5.011934288429576
Q8IUC4,6.818281767965559
Q8IUC6,133.29806717406245
Q8IUC8,6.989435308743997
Q8IUD2,161.20794548201508
Q8IUD6,18.55035155342781
Q8IUE6,0.0
Q8IUF8,20.70978391823805
Q8IUG1,62.0947340231894
Q8IUG5,295.7312870333634
Q8IUH3,40.87139576036089
Q8IUH4,25.53861734502419
Q8IUH5,11.521322437547536
Q8IUH8,15.392313621862527
Q8IUI8,38.52251506523651
Q8IUK5,74.60521663334418
Q8IUM7,34.88359659981588
Q8IUN9,27.229106934533412
Q8IUQ0,13.165986695359804
Q8IUQ4,10.82848522416961
Q8IUR0,0.0
Q8IUR5,38.05877077498266
Q8IUR6,33.044593332184874
Q8IUR7,0.0
Q8IUW3,10.803995926446852
Q8IUW5,99.75469317743584
Q8IUX1,1.4113722370906392
Q8IUX4,0.0
Q8IUX7,71.36030599243786
Q8IUX8,41.061639656377736
Q8IUY3,22.469596182227566
Q8IUZ5,0.7766319459677952
Q8IV01,71.12120127526188
Q8IV04,49.52348654241947
Q8IV08,33.9359383639313
Q8IV16,39.59354097704042
Q8IV20,12.608457626401892
Q8IV31,7.062280248701741
Q8IV36,24.254264613546702
Q8IV45,43.47614673193684
Q8IV48,13.319808406036021
Q8IV53,107.03710775795113
Q8IV61,27.28843007680076
Q8IV63,54.16399509154624
Q8IV76,13.078559376123303
Q8IV77,2.932543973305103
Q8IVB4,8.124864414924023
Q8IVD9,8.675150936594285
Q8IVE3,202.797394328099
Q8IVF2,313.4987755511039
Q8IVF4,46.47592221770571
Q8IVF5,301.10960413035167
Q8IVF7,1.3047394652873383
Q8IVG5,26.681711073881434
Q8IVG9,
Q8IVH2,225.17054804583822
Q8IVH4,44.77707384194845
Q8IVH8,54.44736232641017
Q8IVI9,43.263099327915164
Q8IVJ1,53.55315391183316
Q8IVL0,993.5582872637758
Q8IVL1,1160.9771206486148
Q8IVL5,60.045825618880755
Q8IVL6,4.822906723305001
Q8IVL8,21.601090732821532
Q8IVM0,14.483701669166042
Q8IVM8,0.0
Q8IVP5,0.0
Q8IVP9,6.782763297741161
Q8IVQ6,1.3629128741490422
Q8IVS2,6.697833052916062
Q8IVS8,23.387219790925244
Q8IVT2,125.06302404336472
Q8IVT5,193.68874202069526
Q8IVU3,102.89837047111894
Q8IVV7,16.40311052058319
Q8IVW4,67.94015520504543
Q8IVW6,149.51596449899571
Q8IVW8,80.7292861251291
Q8IW00,2.494161569176854
Q8IW19,85.88207126910797
Q8IW35,23.39093221705486
Q8IW40,0.44593181973584717
Q8IW41,1.2542979968748378
Q8IW45,47.82601111901322
Q8IW52,52.27380449356855
Q8IW75,0.10919386576358853
Q8IWA4,3.4896364245723244
Q8IWA5,49.2761249003239
Q8IWB1,4.753749373393971
Q8IWB6,190.8650388027753
Q8IWB7,1.4345559935493966
Q8IWC1,41.53727464174522
Q8IWD4,21.139100773397978
Q8IWE2,66.55205440652688
Q8IWE4,29.69500858766865
Q8IWE5,119.4953746789764
Q8IWF2,7.421300757474764
Q8IWG1,3.739969466342214
Q8IWI9,501.4889218907408
Q8IWJ2,8.261283568820296
Q8IWK6,236.24613439356864
Q8IWL1,193.54210237534866
Q8IWL2,164.66462303732698
Q8IWL3,24.164667307363406
Q8IWL8,28.070386488078626
Q8IWN7,701.3150960132668
Q8IWQ3,97.7348575675983
Q8IWR1,0.0
Q8IWS0,44.07021856799539
Q8IWT0,0.0
Q8IWT1,14.926425716290426
Q8IWT3,121.31811470791516
Q8IWT6,37.004004108001986
Q8IWU2,133.60854067307193
Q8IWU4,6.756321655230241
Q8IWU5,74.26653420212222
Q8IWU6,85.27470835473443
Q8IWU9,21.253135037451685
Q8IWV1,35.77114444201706
Q8IWV2,106.40238989536472
Q8IWV7,44.801990238928376
Q8IWV8,62.63339558121392
Q8IWW6,220.421442534098
Q8IWW8,44.36623376434466
Q8IWX5,1.7183315361185003
Q8IWX7,11.594509260186504
Q8IWX8,164.04986310454115
Q8IWY4,278.0227373650739
Q8IWY9,147.2672075736898
Q8IWZ3,772.8749777748812
Q8IWZ4,0.0
Q8IWZ5,93.9025840311971
Q8IWZ6,22.191582953706924
Q8IWZ8,79.48396175930353
Q8IX01,172.24698667227966
Q8IX03,178.04388023372178
Q8IX04,17.901567300644526
Q8IX05,4.163892787577733
Q8IX07,157.38329947425723
Q8IX12,20.640719413880845
Q8IX15,115.64682755844869
Q8IX19,16.186095625447845
Q8IX21,202.61220022593918
Q8IX30,250.87193671650988
Q8IX90,22.504642571819172
Q8IXA5,52.79918844276442
Q8IXB1,11.451415579892181
Q8IXB3,4.693832602315691
Q8IXF0,328.12151822793464
Q8IXH6,1.9274557398430785
Q8IXH7,1.0943923459752691
Q8IXH8,31.121560572497245
Q8IXI1,18.029933878049988
Q8IXI2,0.6419332758064236
Q8IXJ6,15.32141196596319
Q8IXJ9,512.0227129234862
Q8IXK0,365.22672100204124
Q8IXK2,2.1253373045871085
Q8IXL6,28.36468195856058
Q8IXL7,30.17491836325363
Q8IXM2,4.561822277943132
Q8IXM3,0.0
Q8IXM6,4.369038373559009
Q8IXN7,29.576828057225978
Q8IXQ5,13.61919373492059
Q8IXQ6,12.82342049237426
Q8IXQ9,4.293517264015718
Q8IXS2,0.0
Q8IXT2,69.16563404348224
Q8IXV7,5.781810998311242
Q8IXW0,97.6232450739876
Q8IXW5,41.90848397664112
Q8IXZ2,188.05792563337303
Q8IY17,107.85504559580119
Q8IY18,9.054841256795399
Q8IY21,13.749323848761213
Q8IY22,17.31934986483394
Q8IY26,92.08616793943213
Q8IY31,0.0
Q8IY33,120.14675757402306
Q8IY34,28.721120838747506
Q8IY37,9.974239336687106
Q8IY49,0.0
Q8IY57,59.117280866238346
Q8IY63,176.13812679893283
Q8IY81,3.8720394953221082
Q8IY82,2.021764257220141
Q8IY84,15.999372903209329
Q8IY92,353.56227503628924
Q8IY95,0.0
Q8IYA6,90.50647330902565
Q8IYA8,84.45038905316325
Q8IYB1,24.541594645702038
Q8IYB3,47.58519430876869
Q8IYB4,18.125359912598626
Q8IYB5,186.93604486428384
Q8IYB7,20.6864925324445
Q8IYB8,43.29854628978336
Q8IYD1,56.18976485035669
Q8IYD8,196.54260388728
Q8IYE0,0.0
Q8IYE1,77.7519663993638
Q8IYF1,113.78568225517287
Q8IYF3,6.795741781943948
Q8IYG6,58.13900484421909
Q8IYH5,106.54723387925867
Q8IYI0,6.222069591495742
Q8IYI6,81.59337239598877
Q8IYI8,37.55876435540011
Q8IYJ0,51.91778266956694
Q8IYJ1,9.967307974518564
Q8IYJ2,18.042856936722707
Q8IYJ3,65.97604673431972
Q8IYK4,5.950432504930475
Q8IYL9,0.0
Q8IYM1,19.012449941120096
Q8IYM2,1.0579565961530382
Q8IYM9,2.7752009534277478
Q8IYP9,49.25264305033726
Q8IYR0,37.495051591992
Q8IYR2,45.906942898810634
Q8IYR6,127.31399841469322
Q8IYS1,10.879599903084422
Q8IYS5,8.926392621016431
Q8IYT2,1.274369744573498
Q8IYT3,1.5098519144435354
Q8IYT4,14.75861691878343
Q8IYT8,451.5036190765422
Q8IYU2,63.40294132187293
Q8IYU8,2.927255205821143
Q8IYV9,14.061528306639802
Q8IYW5,59.59090717147534
Q8IYX1,0.4403496523551683
Q8IYX3,138.4723428256463
Q8IYX4,27.05097369483683
Q8IYX7,40.568574631255274
Q8IYX8,14.517456991268002
Q8IYY4,72.34007345274149
Q8IZ07,31.257698270701322
Q8IZ20,61.05870314627755
Q8IZ21,62.264778871011025
Q8IZ41,99.66938937103971
Q8IZ52,20.045017646680588
Q8IZ69,32.58890787535755
Q8IZ96,0.0
Q8IZA0,142.09500373975652
Q8IZC4,25.474486155072622
Q8IZC6,1506.2119735303881
Q8IZC7,8.060408582521994
Q8IZD2,736.9359503739909
Q8IZD4,121.36632467280782
Q8IZD9,253.0926585576189
Q8IZE3,30.78990858871108
Q8IZF0,52.772000241309264
Q8IZF2,139.9462261478048
Q8IZF3,20.611040564806718
Q8IZF6,711.7443156573992
Q8IZH2,143.5741763921123
Q8IZI9,0.0
Q8IZJ0,0.0
Q8IZJ1,154.96745111924002
Q8IZJ3,89.00377162934404
Q8IZK6,0.0683909604978095
Q8IZL2,768.2714089214321
Q8IZL8,105.44535412483873
Q8IZL9,0.2231348378991424
Q8IZN3,96.3420737012299
Q8IZP0,211.9610200009651
Q8IZP1,73.13879554918886
Q8IZP9,212.92428432545879
Q8IZQ1,175.63875953101868
Q8IZQ8,324.1809625192588
Q8IZR5,28.405296597473537
Q8IZT6,72.58761321551016
Q8IZT8,0.0248648930881234
Q8IZU0,0.0
Q8IZU1,7.611481874157366
Q8IZU3,2.151863527328506
Q8IZU9,121.19291095591834
Q8IZV5,0.0
Q8IZW8,300.60425801788006
Q8IZX4,115.37114518313936
Q8IZY2,118.81594276831534
Q8J025,33.819124923137274
Q8N0S2,1.5960778965409235
Q8N0U8,0.0
Q8N0V3,5.962102399820653
Q8N0V5,11.001182465486025
Q8N0W3,17.580579544041434
Q8N0W4,70.38176393415377
Q8N0X2,18.76276740094696
Q8N0X4,1.9748638513571497
Q8N0X7,50.73571098361474
Q8N0Y2,44.49458641071066
Q8N0Z3,151.59480671975808
Q8N0Z6,23.075235749171206
Q8N100,18.656316146242656
Q8N104,0.0
Q8N108,59.489357591439095
Q8N114,53.982415488817885
Q8N119,10.353868604679327
Q8N122,148.7589847310393
Q8N126,63.919588494823316
Q8N130,60.21653669184958
Q8N131,175.14293818749883
Q8N135,0.44500175571077144
Q8N137,99.65489788697096
Q8N138,0.08281183995603277
Q8N139,25.108165179218588
Q8N140,22.737502363376684
Q8N142,10.91587754443109
Q8N144,0.8041082168364989
Q8N149,49.730346186800915
Q8N157,31.016830184522924
Q8N158,79.58167045694661
Q8N159,15.018320971283831
Q8N163,42.92202405933375
Q8N165,7.422920615781166
Q8N183,19.247823278139386
Q8N187,95.91045661288564
Q8N196,87.68538901409407
Q8N1A0,0.5343395830147333
Q8N1B3,2.054401029052245
Q8N1B4,8.371330150291987
Q8N1C3,3.8130463315514307
Q8N1E6,3.158786444965441
Q8N1F7,11.233312138698
Q8N1F8,108.07187795959138
Q8N1G0,304.20562564019065
Q8N1G1,168.36202374518254
Q8N1G2,45.32132466177795
Q8N1H7,74.25691902475164
Q8N1I0,190.48437290721003
Q8N1K5,3.7901264767462584
Q8N1L9,37.56115297278785
Q8N1M1,65.24299270625494
Q8N1N2,59.70495682035536
Q8N1N4,299.1307847674625
Q8N1Q1,14.365342401099157
Q8N1Q8,6.117481173340198
Q8N1V2,16.77213241759364
Q8N1W1,213.5760451576661
Q8N201,53.969401974184876
Q8N205,45.84691737073527
Q8N257,0.0
Q8N264,284.5022388391749
Q8N271,0.24783255006490523
Q8N2A8,2.4135589930276944
Q8N2C7,614.7942294939929
Q8N2E6,0.0
Q8N2F6,37.404851336017884
Q8N2G4,0.0
Q8N2G8,16.03131097180975
Q8N2H4,0.0
Q8N2H9,71.93629619712762
Q8N2I9,25.46046028701725
Q8N2K0,7.132102879730051
Q8N2K1,3.8979263694334043
Q8N2M4,0.0
Q8N2M8,97.31782953693099
Q8N2N9,91.34540796709898
Q8N2Q7,61.01147434016589
Q8N2R0,14.130663265595489
Q8N2S1,385.15979191813165
Q8N2U9,0.0
Q8N2W9,97.26050891278628
Q8N2Y8,587.1001887662549
Q8N2Z9,0.0
Q8N300,0.0
Q8N302,41.31395896723509
Q8N307,327.2776073441954
Q8N335,0.0
Q8N339,0.0
Q8N344,40.072880488478766
Q8N350,194.63000638266948
Q8N357,6.282679332737128
Q8N370,7.192551957100957
Q8N371,0.0
Q8N386,6.567496040320014
Q8N387,101.93073165947331
Q8N392,49.80822823741155
Q8N393,68.03821747354381
Q8N394,74.3935676008869
Q8N3A8,54.04509403075907
Q8N3C0,7.037353992597736
Q8N3C7,121.71367721531921
Q8N3E9,16.858950158031373
Q8N3F0,0.0
Q8N3F8,119.98689678705874
Q8N3G9,5.634138520077796
Q8N3I7,2.3757327738345193
Q8N3J2,9.213879127119275
Q8N3J3,97.90459205241996
Q8N3J5,38.55239123420284
Q8N3J6,56.73949385990592
Q8N3K9,263.3210047402779
Q8N3L3,10.02632923203619
Q8N3P4,44.78980657207797
Q8N3R9,1.0619034739729467
Q8N3T1,9.974778007072985
Q8N3U4,68.83087080720458
Q8N3V7,224.17406148376867
Q8N3Y1,19.42791647047525
Q8N3Y3,37.31152864240144
Q8N3Y7,0.26855212241276966
Q8N3Z6,28.387844788934043
Q8N414,45.231037165017135
Q8N423,75.91635191849404
Q8N427,1.136598373641935
Q8N428,30.77411993702915
Q8N441,61.47414508358426
Q8N443,6.986517243053284
Q8N448,62.58724439832627
Q8N465,29.339835362408046
Q8N474,1.3691157829163476
Q8N488,99.71339894682752
Q8N490,16.802903931390905
Q8N4A0,45.83002537455051
Q8N4B1,3.4230986084669253
Q8N4C6,25.257960469560103
Q8N4C7,1.796446318671959
Q8N4C8,190.666934436475
Q8N4E7,6.44950837951111
Q8N4F0,0.0
Q8N4F4,2.036079042812262
Q8N4J0,32.54313020390701
Q8N4L2,9.462616337149843
Q8N4L8,33.08190924561772
Q8N4M1,13.802658668372683
Q8N4N3,27.62990929267659
Q8N4N8,76.63874502966424
Q8N4P3,0.0
Q8N4Q1,0.0
Q8N4S9,83.16231233307154
Q8N4T0,5.041231430564006
Q8N4T8,5.98901637854955
Q8N4V1,17.253285422881866
Q8N4X5,30.895313984441934
Q8N4Y2,1.7738229924153903
Q8N511,12.184153113354064
Q8N539,55.400458995351045
Q8N543,2.577524038015973
Q8N554,148.47297933693014
Q8N556,85.63491483849431
Q8N565,2.5335129846962587
Q8N568,182.33944538230847
Q8N573,58.347953980150805
Q8N594,151.76258406488546
Q8N5A5,14.273846414827792
Q8N5B7,33.76505051803111
Q8N5C8,359.9804285500679
Q8N5D0,98.09358613351714
Q8N5D6,0.10135941414814327
Q8N5F7,70.49774623830919
Q8N5G0,0.0
Q8N5G2,82.81413834243119
Q8N5H7,154.69532866982735
Q8N5I2,14.431450285398986
Q8N5I4,14.935770640472489
Q8N5J2,23.170712319720288
Q8N5K1,13.412942564090955
Q8N5M1,13.938540551794048
Q8N5M9,3.8681226478706954
Q8N5P1,19.027704206919594
Q8N5S9,19.544295584212005
Q8N5U6,153.2044221145767
Q8N5V2,10.964470604410923
Q8N5Y2,21.350489339892494
Q8N5Y8,0.00835360073501223
Q8N5Z0,35.561906152217055
Q8N5Z5,10.136465722737793
Q8N608,12.453525507745741
Q8N609,0.7950185818367653
Q8N612,164.85838798717697
Q8N635,4.351022279331543
Q8N653,19.932981523298
Q8N661,0.0
Q8N668,3.6003751993527917
Q8N680,26.810015760076144
Q8N682,0.0
Q8N684,72.41234980984645
Q8N690,0.0
Q8N693,0.4828024805487581
Q8N695,9.930698903430354
Q8N697,35.548000954602294
Q8N6C5,47.34928942393637
Q8N6C8,39.59263483465141
Q8N6D2,5.208424584703419
Q8N6F1,7.441175694779579
Q8N6F7,2.072817300012267
Q8N6F8,0.6138117764092601
Q8N6G5,10.337005351596119
Q8N6G6,130.18268006719455
Q8N6H7,66.2937284985201
Q8N6I1,10.459609187478524
Q8N6K0,4.897446006983026
Q8N6K7,0.13297272283367628
Q8N6L0,3.0939130875242955
Q8N6L1,0.0
Q8N6M0,0.0
Q8N6M3,8.938739247387634
Q8N6M6,47.40088640042663
Q8N6P7,84.1081168705642
Q8N6Q3,85.55950968976475
Q8N6R0,7.5450062046538084
Q8N6R1,0.0
Q8N6S4,33.03052029687609
Q8N6T3,187.53982219868442
Q8N6T7,20.311527344210944
Q8N6U8,107.35868881514051
Q8N6W0,24.788821175533535
Q8N6Y0,120.82953490039957
Q8N715,104.14710932765605
Q8N720,18.363435973331715
Q8N726,9.302640845923493
Q8N743,49.108596535528825
Q8N752,5.680596343482045
Q8N766,30.785793173646724
Q8N7B6,26.82520165202815
Q8N7C0,0.0
Q8N7C3,17.290824179369782
Q8N7E2,59.082662392043495
Q8N7H5,78.14078453443865
Q8N7J2,204.7616378747883
Q8N7U6,87.57014647272432
Q8N7U7,362.2260134801445
Q8N7W2,105.33443689658209
Q8N7X4,124.33593814718992
Q8N807,2.0659657808006258
Q8N841,78.65384332706019
Q8N865,24.131764341946074
Q8N884,1.9979675492059314
Q8N895,16.66701826193296
Q8N8B7,28.644287118437244
Q8N8E2,227.17380464390658
Q8N8N0,1.7838683536673394
Q8N8N7,19.0903597469865
Q8N8Q3,0.574062190321103
Q8N8Q8,1.328064136006157
Q8N8R3,0.0
Q8N8R7,3.7987350852793673
Q8N8S7,109.3661064878419
Q8N8U9,21.513691371770726
Q8N8V2,0.0
Q8N8V4,56.14712384214478
Q8N8W4,82.87281860700884
Q8N8X9,0.0
Q8N8Y2,0.0
Q8N912,0.08392351029846899
Q8N960,31.049319515702294
Q8N966,11.623695413711568
Q8N983,6.0355136654103925
Q8N987,12.462055163476332
Q8N988,21.563217743473515
Q8N9A8,0.0
Q8N9B5,61.322341293581715
Q8N9E0,25.00539043867726
Q8N9F0,21.79268724057626
Q8N9F7,1.9005149323923023
Q8N9I0,5.432623427057537
Q8N9I5,1.1544267289362198
Q8N9I9,32.903489850021
Q8N9L9,9.736690703703928
Q8N9M5,21.003941806575554
Q8N9N2,29.065996021955016
Q8N9N5,40.41415532463111
Q8N9N8,0.47297538558004093
Q8N9Q2,0.27779229487705837
Q8N9R8,30.31205002269038
Q8N9V2,26.257279500481744
Q8N9V6,33.79913789497145
Q8N9W5,7.505786598820586
Q8N9W6,16.26559787952367
Q8NA29,26.194711879913207
Q8NA31,16.110687345859148
Q8NA42,20.548634427807016
Q8NA54,22.544489175509703
Q8NA56,0.0
Q8NA58,2.762048779926446
Q8NA61,9.473079131537283
Q8NA72,72.69008579713469
Q8NA77,16.376382107950924
Q8NA82,188.50179783755237
Q8NAA4,6.188474946818522
Q8NAC3,64.20925411743019
Q8NAG6,52.77127767241082
Q8NAM6,68.17661249737795
Q8NAN2,48.88851718306749
Q8NAP3,128.8435611629783
Q8NAP8,41.9675679218855
Q8NAT1,0.8410371528163291
Q8NAU1,4.16842884004031
Q8NAV1,0.0
Q8NAX2,45.493553195607404
Q8NB12,0.0
Q8NB14,150.93506216198273
Q8NB15,0.29359830877659765
Q8NB16,2.0062943308264094
Q8NB49,15.819724079065033
Q8NB59,91.20977579015964
Q8NB66,219.18485572779704
Q8NB78,36.41110748071006
Q8NB90,36.26517777121539
Q8NB91,0.37495298874048066
Q8NBB4,14.928422836073025
Q8NBD8,0.0
Q8NBF1,188.83871269203888
Q8NBF2,130.9257259436836
Q8NBI2,0.0
Q8NBI3,4.504028913447791
Q8NBI5,14.04845323987404
Q8NBI6,22.9355577609994
Q8NBJ4,49.32268906933778
Q8NBJ5,2.411959931581972
Q8NBJ7,90.5128175911031
Q8NBJ9,97.47423353504067
Q8NBK3,91.41488270660778
Q8NBL1,0.0
Q8NBM4,2.153943579731877
Q8NBN3,5.0449938691060146
Q8NBN7,17.466594079293504
Q8NBP7,63.78670410901189
Q8NBQ5,0.7507569781665113
Q8NBQ7,7.701967298268235
Q8NBR6,78.68804902108548
Q8NBS3,8.222456269865647
Q8NBS9,6.0250666991719335
Q8NBT0,36.04176513450492
Q8NBT2,0.0
Q8NBU5,0.0
Q8NBV8,28.994150181629497
Q8NBW4,52.69402716151091
Q8NBZ0,76.392450391503
Q8NBZ7,3.189402290028738
Q8NC01,10.587916445223264
Q8NC06,3.3073366276874
Q8NC24,148.1070774926689
Q8NC26,83.40208705629564
Q8NC42,36.80154330687235
Q8NC51,192.05571793179493
Q8NC56,28.2641428731298
Q8NC60,16.47041315301366
Q8NC67,36.68888337362917
Q8NC69,8.733797413265066
Q8NCA5,710.7693675290863
Q8NCB2,40.48928975337432
Q8NCC3,15.19015713153382
Q8NCD3,146.55899251279848
Q8NCE0,74.91384239808418
Q8NCE2,110.10820883562403
Q8NCF5,41.57667626736399
Q8NCG5,4.503620694872575
Q8NCG7,35.16250137343988
Q8NCH0,9.019440434679856
Q8NCK7,15.426936349526487
Q8NCL4,24.52283971703644
Q8NCM2,56.7501661899677
Q8NCM8,109.17461487475602
Q8NCN4,47.11776754279386
Q8NCP5,127.45464196771029
Q8NCR0,0.5407511964476178
Q8NCR6,2.3711541585779567
Q8NCS7,37.596191027910194
Q8NCT1,17.534815315598053
Q8NCU7,39.397138344346246
Q8NCU8,0.0
Q8NCW0,139.22596463039406
Q8NCW5,27.687515821199366
Q8NCW6,29.878597761034477
Q8ND04,105.69853769865517
Q8ND23,251.52571903374988
Q8ND25,237.8177160198871
Q8ND30,76.06038974480087
Q8ND56,206.26648288280467
Q8ND76,9.58332986705585
Q8ND83,248.9461824359172
Q8ND90,6.796984335654206
Q8NDB2,31.424983495979898
Q8NDC0,287.3455814520992
Q8NDC4,17.078645184382488
Q8NDF8,221.46286237923093
Q8NDG6,28.05401725725451
Q8NDH3,17.489189603191797
Q8NDH6,30.52893935969609
Q8NDI1,116.06800249400965
Q8NDL9,220.05328462545958
Q8NDM7,40.68911223706154
Q8NDN9,77.80933652899084
Q8NDP4,37.77395236498427
Q8NDQ6,6.609826318631949
Q8NDT2,308.2718993342595
Q8NDV1,17.149423348620388
Q8NDV3,6.044575507993389
Q8NDV7,2231.977124843811
Q8NDW8,0.20240904920235675
Q8NDX1,105.8295731829751
Q8NDX2,5.164204235523671
Q8NDX5,379.30583596974077
Q8NDZ2,192.22243973877613
Q8NDZ4,6.047049888420003
Q8NE01,50.78775029116024
Q8NE09,29.55920487545806
Q8NE31,39.618497269276595
Q8NE35,121.31969164437919
Q8NE63,17.24744001821469
Q8NE71,5.170609235719752
Q8NE79,23.965778454436702
Q8NE86,40.11321803414288
Q8NEA6,272.8018091005299
Q8NEA9,35.92771030121377
Q8NEB5,20.265970895988705
Q8NEB9,56.575991970490435
Q8NEC5,263.07858354313595
Q8NEH6,0.3939115695822675
Q8NEJ0,0.0
Q8NEJ9,4.670997385223382
Q8NEK8,0.0
Q8NEL9,234.09113716191465
Q8NEM0,109.15267597004268
Q8NEM7,142.01430093224238
Q8NEM8,49.27902865438034
Q8NEN9,49.14969379403506
Q8NEP3,64.43147412872631
Q8NEQ6,14.39860471057269
Q8NER1,52.77672330883418
Q8NER5,0.8084960122674774
Q8NES3,1.7697220771805495
Q8NES8,0.0
Q8NET5,28.997915611846928
Q8NET6,4.275410789586392
Q8NET8,33.1365965969794
Q8NEU8,4.909769798842416
Q8NEV1,84.07805420844952
Q8NEV4,21.000402223676346
Q8NEV8,586.3982572680361
Q8NEV9,0.19047323678385017
Q8NEW0,49.35269582469299
Q8NEY1,474.8304170398254
Q8NEY4,8.44303222849452
Q8NEY8,131.05842096739968
Q8NEZ2,55.78608815330476
Q8NEZ3,12.430355328890093
Q8NEZ4,1374.320152021175
Q8NEZ5,4.802000137446237
Q8NF37,2.5609144796144903
Q8NF50,85.5871738132777
Q8NF64,689.6868649822526
Q8NF91,192.33873579544002
Q8NF99,35.08894720436245
Q8NFA0,127.98802685925178
Q8NFA2,44.81653569123454
Q8NFB2,0.0
Q8NFC6,433.83202766085924
Q8NFD2,6.594171213070037
Q8NFD5,1930.8872389374792
Q8NFF2,22.873086745529704
Q8NFF5,15.77928381438526
Q8NFG4,46.311332635313136
Q8NFH3,77.42673798546082
Q8NFH4,0.0
Q8NFH5,140.34293245043693
Q8NFH8,60.32009395392221
Q8NFJ5,0.0
Q8NFJ6,22.062541762677156
Q8NFJ9,3.6982200348597227
Q8NFL0,12.931410480335906
Q8NFM4,37.89797208521172
Q8NFM7,70.19058671982495
Q8NFP4,112.99945723089704
Q8NFP7,9.763648155401468
Q8NFP9,419.17075686912426
Q8NFQ8,34.9877455934931
Q8NFR3,0.0
Q8NFR9,16.22553474035029
Q8NFT2,2.1307924705986845
Q8NFT6,83.77431984720172
Q8NFT8,136.95894518101952
Q8NFU1,4.461331531733508
Q8NFU3,0.03799049761644669
Q8NFU5,20.54859730265986
Q8NFU7,297.84177940964963
Q8NFV4,44.32955221059119
Q8NFW1,1789.7030105608862
Q8NFW5,43.39529780755083
Q8NFW8,5.273653263907548
Q8NFW9,54.79316866948683
Q8NFX7,6.22308417331162
Q8NFY4,163.6718460729156
Q8NFY9,18.83086068975136
Q8NFZ0,53.306609116027985
Q8NFZ3,55.507753759231434
Q8NFZ4,127.89422778221109
Q8NFZ5,16.674642988108065
Q8NFZ8,19.031194921018063
Q8NG06,15.41145212780448
Q8NG08,75.10659354956987
Q8NG11,0.0
Q8NG27,192.05864380434588
Q8NG31,191.04576222143086
Q8NG50,0.0
Q8NG66,9.722353149973644
Q8NG98,3.1248399440642145
Q8NHC4,0.0
Q8NHE4,0.0
Q8NHG7,0.0
Q8NHG8,205.69258775068096
Q8NHH1,162.04269418325106
Q8NHH9,30.22029573821556
Q8NHJ6,23.42978146524657
Q8NHL6,132.55128691926274
Q8NHM5,44.39815862136296
Q8NHP6,31.377311806505762
Q8NHP8,30.720498191795034
Q8NHQ1,0.0
Q8NHQ9,9.27073483199152
Q8NHS1,0.0
Q8NHS3,7.11180794223184
Q8NHS9,95.0533624103064
Q8NHU3,2.1032868242478537
Q8NHU6,68.56941427979952
Q8NHV1,7.783108863739106
Q8NHV4,155.50225857296635
Q8NHV9,61.15955469322269
Q8NHW3,300.3882080438981
Q8NHW4,0.0
Q8NHX9,29.47733431277141
Q8NHY0,24.613324379757575
Q8NHY2,218.4461494476862
Q8NHY3,106.9488461771185
Q8NHZ8,10.112293107967524
Q8NI08,88.4913069890982
Q8NI17,49.220017138725254
Q8NI22,0.09256354756831027
Q8NI27,104.62582886218934
Q8NI35,194.11065559038872
Q8NI36,56.578423248776105
Q8NI37,76.88607010204458
Q8NI38,2.8453029429635883
Q8NI51,0.9403859295867126
Q8NI60,23.42728629951409
Q8NI77,64.98786963904722
Q8TA86,0.3858674414608125
Q8TAA9,27.453126284722327
Q8TAB3,114.83231467167963
Q8TAB5,65.13631065252582
Q8TAB7,0.0
Q8TAC2,0.0
Q8TAC9,18.117677953871883
Q8TAD2,1.4670431529340187
Q8TAD4,115.54501074520027
Q8TAD8,62.76708428445578
Q8TAE7,21.365801021763843
Q8TAE8,0.0
Q8TAF3,62.57598575673346
Q8TAF8,5.1640676294732515
Q8TAG5,21.600258491669056
Q8TAG9,2.7142880464264225
Q8TAI7,0.9230285406613246
Q8TAK6,74.72911238394434
Q8TAM1,53.389750051180414
Q8TAM2,30.194907098310303
Q8TAM6,12.526015746746099
Q8TAP4,0.0
Q8TAP6,4.682959074151265
Q8TAP8,4.4708471526280835
Q8TAP9,295.7063130835054
Q8TAQ2,160.31299934012392
Q8TAS1,28.800429224255694
Q8TAT2,19.28249772373664
Q8TAT5,62.008636807395995
Q8TAT6,34.317340567243946
Q8TAU0,196.43276137890834
Q8TAU3,92.71637130578577
Q8TAV3,2.0139341632937926
Q8TAX0,16.415365196663092
Q8TAX7,57.48815072618561
Q8TAX9,8.831216997365175
Q8TAZ6,0.0
Q8TB24,59.43781767949652
Q8TB36,0.0
Q8TB37,21.226559360256346
Q8TB40,5.592047180313639
Q8TB45,66.67000246528755
Q8TB61,8.580497026474207
Q8TB68,1.6581468564492714
Q8TB72,532.5018521360271
Q8TB73,8.614367562340487
Q8TB92,12.343527482998347
Q8TBA6,123.98611892996126
Q8TBB0,0.0
Q8TBB1,82.83674569924733
Q8TBB6,72.37546901422395
Q8TBC3,120.15792367911014
Q8TBC4,7.5729209998453
Q8TBC5,41.00556837698871
Q8TBE0,91.74743210954448
Q8TBE1,0.0
Q8TBE3,0.43022278383270224
Q8TBE7,2.3872935817048466
Q8TBE9,0.6017166849108451
Q8TBF2,0.8519967946703599
Q8TBG4,14.73669841464653
Q8TBG9,112.85191195295829
Q8TBJ4,2.481235677463862
Q8TBJ5,144.04967645694506
Q8TBK2,6.195682934378537
Q8TBK6,93.3437687993545
Q8TBM7,0.0
Q8TBM8,145.45780473914496
Q8TBN0,10.236054765005074
Q8TBP5,70.90922646162315
Q8TBX8,39.615567837160214
Q8TBY8,17.020948903693853
Q8TBY9,35.48680766423805
Q8TBZ3,142.87448613042125
Q8TBZ6,7.226106827289005
Q8TBZ8,45.75006774890713
Q8TC05,42.658972471424676
Q8TC07,50.565289574577825
Q8TC12,1.919556643738707
Q8TC20,11.508372540716135
Q8TC29,3.8641384967269357
Q8TC36,9.837882156386822
Q8TC41,77.63370360452983
Q8TC44,18.754975495704432
Q8TC57,8.952511461618046
Q8TC59,64.11541979335925
Q8TC71,18.776076516056104
Q8TC84,8.72794257936162
Q8TC92,11.237625458086036
Q8TC94,23.33251522297507
Q8TCB7,0.0
Q8TCC7,10.335451051832619
Q8TCD5,0.0
Q8TCE6,0.023167788042264943
Q8TCE9,0.0
Q8TCF1,2.2374092536509917
Q8TCG1,1.085160627245944
Q8TCG2,22.734883413032897
Q8TCG5,38.0441812886885
Q8TCI5,0.4121825568524608
Q8TCJ0,2.5037498114329595
Q8TCJ2,40.16049525989298
Q8TCQ1,41.91052885786484
Q8TCS8,40.98284988593068
Q8TCT0,15.061123418812162
Q8TCT1,1.8153115521718748
Q8TCT6,69.05295431360378
Q8TCT7,7.58102606344255
Q8TCT8,1.8715400698077216
Q8TCT9,24.39606288884623
Q8TCU4,824.6256500329846
Q8TCU5,35.34891754101625
Q8TCU6,98.80714753141272
Q8TCX1,7.206127897895103
Q8TCX5,8.577565283088978
Q8TCY5,32.497260158301124
Q8TCY9,14.672253759767102
Q8TCZ2,114.8499718316564
Q8TD06,0.15658075496684531
Q8TD07,0.32826026831665356
Q8TD08,35.11411810692334
Q8TD10,2.750797609145285
Q8TD16,86.08226419196738
Q8TD17,95.40921955213209
Q8TD19,167.8245348371901
Q8TD20,61.32408344420469
Q8TD23,9.54530769023627
Q8TD26,191.74452915977758
Q8TD30,20.703464038750013
Q8TD31,22.159967645051253
Q8TD43,118.34711629723009
Q8TD46,5.593186408949256
Q8TD57,80.08961674099658
Q8TD84,313.4800073525224
Q8TD91,25.311817972447283
Q8TDB4,12.792141323871634
Q8TDB6,61.606671919509836
Q8TDB8,12.122751124145957
Q8TDC0,89.01526465265994
Q8TDC3,285.9783275015013
Q8TDD1,16.773718009505075
Q8TDD2,379.81259395506265
Q8TDD5,0.4075103681507479
Q8TDF5,67.6248890755377
Q8TDF6,50.19742139549012
Q8TDG2,0.0
Q8TDG4,28.424794619871466
Q8TDH9,27.116851808586333
Q8TDI0,131.4795122264059
Q8TDI7,82.32259926833851
Q8TDI8,13.171421596106603
Q8TDJ6,227.95580858525622
Q8TDL5,7.1326960512648565
Q8TDM6,333.5421176177739
Q8TDN1,20.12031073673726
Q8TDN2,29.566941267165205
Q8TDN4,200.38915154570293
Q8TDN7,0.0
Q8TDP1,1.9681578147266259
Q8TDQ0,10.63241571381215
Q8TDQ1,11.749962818274406
Q8TDQ7,3.047585316137761
Q8TDR0,30.429654238927903
Q8TDR2,25.349454326550603
Q8TDR4,7.27017241702458
Q8TDS4,25.370596641483214
Q8TDS5,110.97966881821779
Q8TDT2,0.5816295632862072
Q8TDU6,17.74348885998349
Q8TDU9,3.541838592593822
Q8TDV0,0.9200980596200974
Q8TDW0,28.890027695765063
Q8TDW5,225.59682824104138
Q8TDW7,325.4937146066742
Q8TDX5,2.58776157424794
Q8TDX6,10.34604395110128
Q8TDX7,3.6788238428003464
Q8TDX9,239.23387654153186
Q8TDY2,46.567586982018604
Q8TDY4,126.19965270408203
Q8TDZ2,38.80818835345503
Q8TE02,9.511003817852307
Q8TE04,143.5611456149121
Q8TE12,52.874525549327984
Q8TE23,37.073290020433035
Q8TE49,136.36188977855204
Q8TE54,7.244692559040725
Q8TE56,109.69033905430612
Q8TE57,174.45763953455577
Q8TE58,142.41660443858706
Q8TE60,112.60820473332362
Q8TE67,62.90958719112803
Q8TE68,27.41798483542008
Q8TE73,62.041144816702456
Q8TE76,73.34719038118114
Q8TE77,37.57118650931384
Q8TE85,86.48538525389554
Q8TE99,2.95802606755968
Q8TEA1,1.897884331602365
Q8TEA7,29.49210872339249
Q8TEA8,3.336584204064014
Q8TEB1,31.951487572744888
Q8TEB7,6.927991428365272
Q8TEB9,72.39273144547433
Q8TEC5,151.7476253148236
Q8TED0,2.4986890427969275
Q8TED1,2.7512359328971776
Q8TED4,9.50423745818449
Q8TED9,91.83574661590237
Q8TEH3,65.50525969347629
Q8TEJ3,265.4208295038801
Q8TEK3,290.26670709291454
Q8TEL6,8.871523447649748
Q8TEM1,61.92242697589665
Q8TEP8,408.0736626883811
Q8TEQ6,85.37964898781865
Q8TEQ8,39.11902328816629
Q8TER0,293.7860657725419
Q8TER5,196.45469443044328
Q8TES7,184.64441100559455
Q8TEU7,263.90983713375175
Q8TEU8,31.78054073312417
Q8TEV9,92.26690760015148
Q8TEW0,307.4590944867774
Q8TEW6,3.6278823945971643
Q8TEW8,206.28667256801984
Q8TEX9,0.0
Q8TEY5,25.30083235200618
Q8TEY7,47.19038625741234
Q8TEZ7,0.0
Q8TF01,267.48993065639246
Q8TF09,0.0
Q8TF17,54.53977878262484
Q8TF30,18.005499185462217
Q8TF40,86.29887745466075
Q8TF42,14.597169075955616
Q8TF46,27.074398659272482
Q8TF47,80.72976283467176
Q8TF50,15.055269376053818
Q8TF62,37.73885405839366
Q8TF63,52.285127393688896
Q8TF65,12.481433073432054
Q8TF66,5.970237380702461
Q8TF71,17.8624671044243
Q8TF72,714.3786760453959
Q8TF74,86.48602695128966
Q8TF76,127.56288175403654
Q8WTP8,15.015925726058526
Q8WTQ1,0.0
Q8WTQ7,8.811596390296453
Q8WTR2,10.079247810258263
Q8WTR4,41.920377707262624
Q8WTR7,70.6236527929633
Q8WTS1,1.8282828366172499
Q8WTS6,13.616345297784758
Q8WTT0,0.0
Q8WTT2,2.0875008557123618
Q8WTU0,26.461444683734527
Q8WTV0,6.955785424639083
Q8WTV1,7.969086022608318
Q8WTW3,19.090364844357747
Q8WTW4,0.0
Q8WTX7,34.215996755061894
Q8WTX9,10.321865565075672
Q8WU03,0.6852993642530765
Q8WU08,1.8783686833992754
Q8WU10,8.459884974520023
Q8WU17,2.760100596510928
Q8WU20,153.9841194264248
Q8WU39,28.95624249963995
Q8WU58,138.11131752927065
Q8WU66,0.2048257183623993
Q8WU67,2.3697833655148384
Q8WU68,2.1419364730994825
Q8WU79,192.49710942842
Q8WU90,2.986439876406732
Q8WUA4,29.788664496216104
Q8WUA7,40.851358603057655
Q8WUA8,5.03374897630439
Q8WUB8,90.53617900095388
Q8WUD1,33.95624000280728
Q8WUD6,5.0781349361574
Q8WUE5,17.433501236198506
Q8WUF5,195.233271522526
Q8WUG5,21.092760927112487
Q8WUH2,17.719888342701744
Q8WUI4,89.58997448571807
Q8WUJ0,2.9678885027671336
Q8WUJ3,89.2039544947725
Q8WUK0,0.0
Q8WUM0,41.41181194501848
Q8WUM4,72.20660374268371
Q8WUM9,29.242243756037492
Q8WUP2,1.3863963773577783
Q8WUQ7,48.11339441343459
Q8WUU4,86.3789856570946
Q8WUU5,187.07769089083845
Q8WUW1,0.0
Q8WUX1,13.872678244427526
Q8WUX9,5.600961678398486
Q8WUY3,444.3978353727983
Q8WUZ0,43.17481132991409
Q8WV16,29.63062366956226
Q8WV19,0.0
Q8WV22,0.0
Q8WV24,26.685313349813182
Q8WV28,51.534514222588996
Q8WV37,35.301011130332135
Q8WV41,115.2502951672659
Q8WV44,39.5142786254748
Q8WV74,19.181939864928133
Q8WV92,0.0
Q8WV93,5.449711381020731
Q8WV99,41.68603667393679
Q8WVB3,4.002714173522115
Q8WVB6,54.21751383605887
Q8WVC0,13.450118998401901
Q8WVD3,53.17392332635703
Q8WVD5,2.8674328926226638
Q8WVE7,1.8396539328971744
Q8WVF1,17.170315990309852
Q8WVH0,23.23103523682688
Q8WVJ2,15.077072098882212
Q8WVJ9,5.212351770727661
Q8WVK2,1.0751924505285073
Q8WVK7,0.0
Q8WVM0,3.1125471385794015
Q8WVM7,63.96958887417577
Q8WVM8,24.243557458417847
Q8WVN6,3.4701394572953475
Q8WVN8,8.382435092182865
Q8WVP5,0.0
Q8WVP7,14.28855636066739
Q8WVQ1,12.329933465891939
Q8WVR3,151.37852384732452
Q8WVS4,37.143158635681885
Q8WVT3,46.52019083738633
Q8WVV4,33.28940178801965
Q8WVV5,2.5262451991180486
Q8WVV9,168.2473481814194
Q8WVX3,31.834021018949905
Q8WVX9,0.0
Q8WVY7,0.0
Q8WVZ1,22.132116682389675
Q8WVZ9,36.23444017294996
Q8WW01,57.854221655263984
Q8WW12,21.501425914680738
Q8WW22,32.610751609257505
Q8WW24,16.731617704336266
Q8WW34,0.5639483003201489
Q8WW35,0.0
Q8WW38,99.29753404033437
Q8WW43,0.0
Q8WWA0,89.82203960537002
Q8WWB3,0.5535082186371089
Q8WWB5,2.8902638665905114
Q8WWB7,22.673673714205528
Q8WWC4,0.4493147805779988
Q8WWF3,17.159460753450727
Q8WWF5,7.346839419931552
Q8WWG1,0.2519587472899468
Q8WWG9,43.704144159971726
Q8WWH4,2.156183065569402
Q8WWH5,12.847725535140054
Q8WWI1,349.78950081193443
Q8WWI5,21.702542009362762
Q8WWK9,43.80978687177147
Q8WWL2,94.8704372971176
Q8WWL7,82.3906823981076
Q8WWM7,388.64339722613437
Q8WWM9,2.481048414164929
Q8WWN8,209.1441438682085
Q8WWN9,98.4365599328961
Q8WWP7,5.792086069066938
Q8WWQ0,160.35848121296902
Q8WWQ2,46.160667616012205
Q8WWQ8,448.2546767158593
Q8WWR8,88.2972872114481
Q8WWT9,0.557040652128275
Q8WWU5,19.633687154495405
Q8WWV3,3.470804865677149
Q8WWV6,155.8917238697139
Q8WWW0,17.609147391255767
Q8WWX8,7.903693602186536
Q8WWX9,0.0
Q8WWY3,30.9858398561706
Q8WWY6,0.0
Q8WWY8,19.006919046563773
Q8WWZ1,0.0
Q8WWZ3,9.133549532623588
Q8WWZ4,33.883416953003014
Q8WWZ7,13.479503857951832
Q8WWZ8,81.42779983142492
Q8WX92,0.3586852438512017
Q8WX93,171.29118046894916
Q8WX94,0.0
Q8WXA3,3.2119682520703527
Q8WXA8,18.78730155438286
Q8WXA9,6.004038373094155
Q8WXB1,0.0
Q8WXC3,0.0
Q8WXC6,0.0
Q8WXD0,7.49853311957946
Q8WXD2,32.58088846681881
Q8WXD5,1.169237140326717
Q8WXE1,161.0208268390803
Q8WXE9,90.76604245955227
Q8WXF0,16.516175049252826
Q8WXF1,181.49200769945722
Q8WXF3,5.865527285113205
Q8WXF7,12.041744022274246
Q8WXF8,19.044688926995672
Q8WXG1,0.3124517065361703
Q8WXG6,243.72317819055274
Q8WXG8,0.0
Q8WXG9,311.3996861268561
Q8WXH0,118.28919833766278
Q8WXH2,346.3307099428049
Q8WXH5,18.74160536538633
Q8WXI2,106.59585100558098
Q8WXI3,12.32336531958846
Q8WXI4,32.25564881762661
Q8WXI7,
Q8WXI8,4.150960760450266
Q8WXI9,92.55884602612785
Q8WXK1,20.58052910567281
Q8WXK3,13.287954312876984
Q8WXK4,7.537654037033047
Q8WXR4,141.65314809097052
Q8WXS3,56.974590836904866
Q8WXS5,381.35522859567976
Q8WXS8,243.4755882888264
Q8WXU2,1.1002205187307383
Q8WXW3,0.9761688448389887
Q8WXX0,57.54675772597249
Q8WXX5,9.53548712726072
Q8WXX7,372.62380206404526
Q8WY07,2.3353423396787236
Q8WY21,63.7436565337085
Q8WY36,82.1355191429856
Q8WY41,125.89304612190233
Q8WY54,48.15920134630281
Q8WY64,43.23961667367465
Q8WY91,74.97723921206382
Q8WY98,0.0
Q8WYA0,1.9696457966590457
Q8WYA1,98.55919914774427
Q8WYA6,0.15147556762660055
Q8WYB5,667.3920628432636
Q8WYH8,7.207906684854799
Q8WYJ6,10.197765043742836
Q8WYK0,1.5533922708367711
Q8WYK2,15.744470596785128
Q8WYL5,91.55542291671352
Q8WYN0,23.156295467963908
Q8WYP3,84.41250485832349
Q8WYP5,105.03299241171595
Q8WYQ3,29.97902035200312
Q8WYQ5,51.661263043637135
Q8WYR1,51.516926191395704
Q8WYR4,56.848852041230174
Q8WZ04,0.0
Q8WZ19,12.828494617088293
Q8WZ42,
Q8WZ55,10.499431359145198
Q8WZ59,5.646416773631452
Q8WZ73,64.24114141163435
Q8WZ74,269.04837813336337
Q8WZ75,274.60575372742164
Q8WZA1,7.592046850559331
Q8WZA2,17.556577287896648
Q92185,3.379487480933554
Q92186,40.95193403144237
Q92187,1.4742400526662203
Q92466,13.163217278797138
Q92478,19.135661153010282
Q92481,112.98906583180005
Q92482,0.0
Q92484,36.20065583516628
Q92485,9.756657261315812
Q92496,116.18236324073139
Q92499,78.94109607486396
Q92502,94.36263982814651
Q92503,57.338304344986916
Q92504,79.9369227006934
Q92506,13.722232780399697
Q92508,48.67902141231072
Q92519,33.2433977021133
Q92520,4.8829358507092415
Q92521,18.633088708350577
Q92522,0.4044562351702241
Q92523,25.487767868591416
Q92526,4.390758657319222
Q92529,100.3740068620611
Q92530,60.918359578044566
Q92535,0.4320115695548454
Q92536,2.956181730291938
Q92537,61.104348738341926
Q92538,227.0134195525007
Q92539,41.21182605612878
Q92540,282.60945091074683
Q92541,37.2105307525041
Q92542,39.36439396193036
Q92543,32.382470990270605
Q92544,2.7261671842817297
Q92546,18.88425563150366
Q92547,104.06939790762587
Q92551,43.090917428092425
Q92552,0.0
Q92556,3.9572541395302636
Q92558,43.72166586341595
Q92560,108.01656977501965
Q92562,32.47217597424502
Q92563,43.89470082040226
Q92564,18.280647493121705
Q92565,3.8470685318205082
Q92567,90.64599493777712
Q92569,2.6290680647491635
Q92570,91.2620501540765
Q92572,0.05858699960910389
Q92574,321.1777241158877
Q92575,52.783299382007385
Q92581,19.54344271848781
Q92583,0.0
Q92585,764.8333539950963
Q92597,95.96101503086446
Q92598,7.546152101068163
Q92599,6.824734271722036
Q92600,0.1440677008912724
Q92604,8.354080834918074
Q92608,46.565084457109336
Q92609,314.40373144228465
Q92611,159.87653388825166
Q92613,104.58370469716687
Q92614,146.44679966575353
Q92615,64.65494146944998
Q92616,44.78302738781274
Q92618,197.4174340037295
Q92619,98.26799796155406
Q92620,99.07686874134184
Q92621,17.24715127975918
Q92622,249.34846009126022
Q92624,2.960102266773569
Q92625,356.3335893703124
Q92626,93.58378419702072
Q92629,2.3080596940413765
Q92630,139.11424670171996
Q92633,34.59281451026633
Q92636,28.739892502028617
Q92637,68.98915245238805
Q92643,4.831936088836753
Q92665,9.112683904313648
Q92667,82.72747564243087
Q92673,97.85919956335324
Q92674,31.36420220438248
Q92681,118.88969850943401
Q92685,0.004134561193204374
Q92686,22.45200266652529
Q92688,0.1746268407653438
Q92692,52.49883631891164
Q92696,0.37327792013789596
Q92698,41.248049862139865
Q92729,135.74526088244232
Q92730,0.0
Q92731,69.42345323057903
Q92733,91.35825360479025
Q92734,175.88215891647243
Q92736,142.2247013238669
Q92737,5.489050017525793
Q92738,219.22686919667984
Q92743,35.46420204631924
Q92748,0.0
Q92750,137.84548598526757
Q92752,128.32848564886578
Q92753,69.729430865232
Q92754,47.41165192842604
Q92759,10.148367273680806
Q92764,78.56967809246373
Q92765,40.494634358814736
Q92766,167.69857108184266
Q92769,14.983013451495728
Q92772,54.88032398429382
Q92777,110.22621066373137
Q92781,0.0
Q92782,10.269994963964253
Q92783,132.13827149882843
Q92784,58.504807828802456
Q92785,29.269898731555756
Q92786,122.01992742799985
Q92791,0.1668568353450541
Q92793,1016.9885397581564
Q92794,399.2461114653061
Q92796,176.77698031323374
Q92797,30.488334808271574
Q92800,30.373626679051448
Q92802,97.24087584600795
Q92804,1768.4284144752578
Q92805,21.922131348808577
Q92813,21.78406892626812
Q92817,46.465349540777936
Q92819,4.252131649209662
Q92820,0.0
Q92823,89.04694013607465
Q92824,167.5234496173785
Q92826,43.59365126022669
Q92830,140.4792674562206
Q92831,112.67873367330841
Q92832,47.59805959743235
Q92833,110.65180209397646
Q92834,59.2114904153683
Q92835,91.74934834787187
Q92837,30.24076998566869
Q92838,198.78109660765284
Q92839,3.3397911902334174
Q92841,429.55017235249255
Q92843,16.262265895862846
Q92844,18.372375646159547
Q92845,11.272662053492231
Q92847,1.2762980768254144
Q92851,39.121291481161066
Q92854,57.67297945790882
Q92858,92.70592232797024
Q92859,244.98932099968727
Q92870,107.55650275417028
Q92871,5.4641667094890085
Q92874,0.0
Q92876,28.77567096603444
Q92878,8.130813015807124
Q92879,190.49119551671126
Q92882,22.92176141311046
Q92886,8.595917198519592
Q92887,30.363819510062704
Q92888,74.8842369437125
Q92889,26.643840655209857
Q92890,29.146454678644556
Q92896,93.67566006685504
Q92900,213.11542062489872
Q92902,32.066767542767494
Q92903,1.5489484403305642
Q92904,51.813854924447085
Q92905,9.823130951685696
Q92908,479.7368307956871
Q92911,12.503403003866598
Q92913,43.929191662342
Q92915,25.84366979767711
Q92917,37.33764120917756
Q92918,81.3105235179361
Q92922,119.31278775361102
Q92925,97.14066054800202
Q92930,6.927153896025326
Q92932,84.83843168859451
Q92934,58.85288899740351
Q92935,35.550880670914566
Q92945,646.5012247719759
Q92947,54.660543570711994
Q92949,48.56950926745725
Q92952,28.773571847859394
Q92953,88.9984182156536
Q92954,116.23794625887246
Q92956,51.966175301677715
Q92959,43.342030745985156
Q92963,1.1816345243484074
Q92966,46.132877077026116
Q92968,69.25664300952293
Q92973,1.5170777339009516
Q92974,76.46037799698726
Q92979,1.7459888279587739
Q92982,23.264035363707606
Q92985,39.88500864513497
Q92988,37.67094039285953
Q92989,0.3462969681450271
Q92990,0.0
Q92993,39.40976352190351
Q92994,87.48489612864671
Q92995,58.51545965244348
Q92997,270.90126029695307
Q93008,252.0962081628095
Q93009,23.510334378746506
Q93015,4.905033767470657
Q93033,27.7916453023293
Q93034,1.506654585990233
Q93038,2.808087718871459
Q93045,1.158951253357849
Q93050,23.987988683045707
Q93052,341.30065461702054
Q93062,0.996591078548861
Q93063,7.8848768462884875
Q93070,2.931062157421699
Q93074,420.015427564812
Q93077,0.0
Q93079,0.0
Q93084,38.391901817887444
Q93086,20.839100990708697
Q93088,22.967244177844
Q93091,5.890479434665604
Q93096,0.0
Q93097,47.10262834992563
Q93098,35.17759147626906
Q93099,40.576625835933875
Q93100,43.27009028204739
Q95460,1.4042119088027452
Q969D9,8.072575772429687
Q969E2,48.598918243639936
Q969E3,1.9527615741024884
Q969E8,0.059692460264186085
Q969F0,4.459032288611899
Q969F1,0.0
Q969F2,39.90469446445286
Q969F8,44.889073973566866
Q969F9,4.382980446302693
Q969G2,160.08634566389995
Q969G3,48.674698448265644
Q969G5,12.712624740115427
Q969G6,0.7599459958339279
Q969G9,27.873883487750838
Q969H0,45.51719257117343
Q969H4,46.1363893917741
Q969H6,0.0
Q969H8,20.725481435700914
Q969I6,24.20051850551505
Q969J2,30.024785709964462
Q969J3,5.170255181643798
Q969J5,5.3520408134474025
Q969K3,54.79999315901702
Q969K4,0.0
Q969K7,0.6063873059741031
Q969L2,0.9070530259868077
Q969L4,0.0
Q969M3,104.41521497000711
Q969M7,1.2908232389565066
Q969N2,2.0093879130739327
Q969P0,71.46072570570732
Q969P5,7.3619653189163845
Q969P6,5.112266964420587
Q969Q1,6.299301748967128
Q969Q6,3.098527033682408
Q969R2,108.87987051553195
Q969R5,33.42823715360202
Q969R8,43.22799124011851
Q969S0,2.3577251152225323
Q969S2,6.783218031874011
Q969S3,13.269342399359385
Q969S6,0.0
Q969S8,13.30679875314351
Q969S9,1.2412918416553476
Q969T4,17.285561144500818
Q969T7,4.127078172649627
Q969T9,57.74491704403011
Q969U6,1.2313849119480564
Q969U7,2.4259439085492835
Q969V3,20.616920087812446
Q969V4,6.788206469965049
Q969V5,4.019363228753426
Q969V6,216.4035210880984
Q969W0,0.0
Q969W1,3.4598442386088486
Q969W9,153.20941433851965
Q969X0,11.277846223424824
Q969X1,112.60034896951306
Q969X2,32.11145534266262
Q969X5,16.381238978126127
Q969X6,6.099022829925568
Q969Y2,28.821015958150035
Q969Z0,2.395681093513422
Q969Z3,1.5584531953982224
Q969Z4,93.64518301180594
Q96A08,0.0
Q96A09,8.55884616206521
Q96A11,13.235830755566422
Q96A25,18.193747003925473
Q96A26,3.520421881810046
Q96A29,2.36148144170762
Q96A32,0.47143741051307264
Q96A33,11.13923268321454
Q96A37,9.351147142274273
Q96A44,11.965174121999164
Q96A49,9.585129224391586
Q96A54,2.5423986446585722
Q96A56,7.513294119879475
Q96A57,4.896789538294715
Q96A58,0.0
Q96A59,17.74096364107588
Q96A61,2.7111574039616877
Q96A65,61.292380177891395
Q96A70,2.5044677885470312
Q96A72,0.0
Q96A83,256.5305763388587
Q96AA3,0.0
Q96AA8,14.558636306902436
Q96AB6,1.6773198180831044
Q96AC1,61.82714653209764
Q96AD5,6.505666182763818
Q96AE4,384.79767773638713
Q96AE7,30.55606907355189
Q96AG3,132.92773242606177
Q96AG4,4.74540175085976
Q96AH0,135.93822099605762
Q96AH8,0.0
Q96AJ1,9.416443910419538
Q96AJ9,3.222568719330229
Q96AK3,0.0
Q96AN5,7.114199744241265
Q96AP0,60.343023130771535
Q96AP4,85.96484768858971
Q96AP7,83.26260338129597
Q96AQ6,55.109814351678175
Q96AQ7,1.2052570605396031
Q96AQ8,17.811188845686594
Q96AT9,5.116193657441576
Q96AV8,130.57684288434112
Q96AW1,79.02178913193562
Q96AX1,4.332967874810037
Q96AX2,16.00105618094166
Q96AX9,154.3521888256234
Q96AY2,28.41544681568488
Q96AY3,23.520155615813348
Q96AY4,405.70515491747733
Q96AZ1,0.9111093638384176
Q96AZ6,3.314195898763694
Q96B01,35.01660865028681
Q96B02,0.47957080869342616
Q96B18,286.7884669847588
Q96B21,0.6399244594853967
Q96B26,17.64177913300739
Q96B36,0.7664232987206392
Q96B42,0.0
Q96B49,0.37560262407876915
Q96B67,13.27671076126855
Q96B86,38.596817194156344
Q96B96,0.0
Q96B97,132.79634958131209
Q96BA8,62.08071843540979
Q96BD0,42.853399193401586
Q96BD5,54.762958046513006
Q96BD6,15.656380911807869
Q96BD8,0.5794514144344443
Q96BF3,44.36774770290777
Q96BF6,57.15239558580285
Q96BH1,13.899758515943638
Q96BI1,0.7061260065616547
Q96BI3,0.5289141683928837
Q96BJ3,9.49300078244554
Q96BK5,14.316439596600745
Q96BM1,10.407023452460002
Q96BM9,0.0
Q96BN2,9.072058780650435
Q96BN8,10.166788009846996
Q96BP2,0.0
Q96BP3,33.47436534235611
Q96BR1,21.070609875992535
Q96BR5,12.791809514760704
Q96BR6,22.512180633465263
Q96BR9,122.97612833006954
Q96BS2,2.759745471700893
Q96BT3,29.998981362644656
Q96BT7,72.56805078545977
Q96BW1,61.14228856871941
Q96BY2,0.048243570334841016
Q96BY6,263.28019313051885
Q96BY7,123.45423982490743
Q96BY9,209.94516074195715
Q96BZ4,15.034531989997747
Q96BZ8,6.7819312526154265
Q96BZ9,8.748554840892906
Q96C00,213.6196608322498
Q96C03,0.0
Q96C10,32.55384450365317
Q96C11,16.958928201761392
Q96C12,48.96109619050827
Q96C23,10.497449407440266
Q96C24,46.217056065858905
Q96C36,3.3306665188080045
Q96C45,53.373297241540186
Q96C55,27.070133576154362
Q96C74,3.9507827165159615
Q96C86,2.55427734307687
Q96C92,83.25018322465996
Q96CA5,31.337272470898558
Q96CB8,311.828533152095
Q96CB9,7.095224991535456
Q96CC6,34.62126651417177
Q96CD2,0.0
Q96CE8,0.0
Q96CF2,0.42816200260668624
Q96CG3,12.087720523923288
Q96CG8,83.89572968638878
Q96CJ1,54.298876715726266
Q96CK0,33.30053195222194
Q96CM3,0.42575100428054824
Q96CM8,33.6227818222864
Q96CN4,38.30297646882612
Q96CN5,2.228765398192735
Q96CN9,83.46387669976257
Q96CP6,114.13008825621368
Q96CP7,0.0
Q96CQ1,0.0
Q96CS2,0.0
Q96CS3,1.3575553694734037
Q96CS7,59.336553663283645
Q96CT7,0.0
Q96CU9,28.01590883013606
Q96CV9,23.839766062293588
Q96CW1,16.608569907376506
Q96CW5,121.51487367096604
Q96CW9,43.32434615023661
Q96D03,0.6247035663498642
Q96D05,26.471975029071487
Q96D09,43.04824909395358
Q96D15,12.88861666437894
Q96D21,0.0
Q96D31,51.13974080920793
Q96D42,144.01812179494357
Q96D46,1.0190480943103404
Q96D53,66.88020481229418
Q96D59,23.99424794274331
Q96D71,212.77325742372523
Q96D96,0.0
Q96D98,35.803843377604764
Q96DA2,0.0
Q96DA6,0.004447371272034651
Q96DB2,0.4195487578891727
Q96DB9,25.53902232753764
Q96DC9,0.0
Q96DE0,2.493505848091119
Q96DE5,39.355503876527564
Q96DF8,57.36609661972878
Q96DG6,1.511957745557542
Q96DH6,122.56438094568206
Q96DI7,31.026203884173356
Q96DM3,19.82075497513222
Q96DN0,0.17199482537753608
Q96DN2,161.92236415887544
Q96DP5,6.826721718172518
Q96DR4,0.0
Q96DR5,0.0
Q96DR7,86.67122235998846
Q96DR8,0.6190703253592138
Q96DT0,14.33069987909294
Q96DT5,29.24831701604368
Q96DT6,3.1035057207331724
Q96DT7,282.0026791356529
Q96DU3,30.82860803375631
Q96DU7,105.38328903926283
Q96DV4,12.518357213156438
Q96DW6,0.0
Q96DX5,17.837483455143456
Q96DX7,0.0
Q96DX8,8.534153440680148
Q96DZ1,44.21172713724652
Q96DZ5,44.47120534347143
Q96DZ7,0.0
Q96DZ9,12.601470255449197
Q96E09,176.41917764854546
Q96E11,0.0
Q96E14,8.06323712555617
Q96E17,0.7166428079176954
Q96E22,2.1855928384263628
Q96E29,47.7460062252704
Q96E35,5.179335733522764
Q96E52,4.2442279410817445
Q96E93,18.721293275066422
Q96EA4,6.01759330284175
Q96EB1,33.172339416212004
Q96EB6,27.956838135194666
Q96EC8,3.2968569046221536
Q96ED9,6.570868331799922
Q96EE3,122.58316599350592
Q96EF0,50.27034111439055
Q96EF6,3.823970764626179
Q96EG1,57.66975018213941
Q96EG3,162.17509020151192
Q96EH3,0.0
Q96EK4,9.306710854520597
Q96EK5,0.0
Q96EK6,0.4961175816698332
Q96EL1,48.59765174542361
Q96EL3,3.978318359600477
Q96EM0,6.27726452483947
Q96EN8,55.31149438685797
Q96EP0,96.41999616082958
Q96EP1,133.2031131283054
Q96EP5,305.16663729438955
Q96EP9,99.59448433605485
Q96EQ0,26.205037682243592
Q96EQ8,0.0
Q96ER9,27.499263548532305
Q96ES7,6.011301063939673
Q96EU6,4.885059589190249
Q96EU7,2.554194165792806
Q96EV8,24.451315387261946
Q96EW2,19.78919892852091
Q96EX3,42.91119670791589
Q96EY1,143.48733031105053
Q96EY4,0.3823804417852946
Q96EY5,22.5128584910252
Q96EY7,3.953553735434842
Q96EY8,22.092155087137506
Q96EZ8,14.602527021641798
Q96F05,200.38503634086584
Q96F07,19.111116788944337
Q96F10,0.0
Q96F15,11.140137650419184
Q96F24,0.30497751943895945
Q96F25,3.163705947101604
Q96F44,17.716740270228932
Q96F45,791.1306674734002
Q96F46,30.579315501605056
Q96F81,92.87749432840488
Q96F85,21.615962538582714
Q96F86,55.39763198933099
Q96FA3,64.89028712815718
Q96FC9,54.22590250254008
Q96FE5,23.131615906645727
Q96FE7,42.68893641133321
Q96FF9,10.163071778995663
Q96FG2,13.361278960506697
Q96FH0,0.5337868038344802
Q96FI4,13.05042364463905
Q96FJ0,31.808851187375364
Q96FJ2,0.0
Q96FL8,12.713540442314109
Q96FL9,2.0115541133877555
Q96FM1,1.4241111102367736
Q96FN4,10.484429756070929
Q96FQ6,5.089041784392805
Q96FS4,79.94167583315811
Q96FT7,84.20569968306691
Q96FT9,19.759145930484294
Q96FV3,0.0
Q96FV9,4.710349412378408
Q96FW1,3.9769751910433073
Q96FX2,0.0
Q96FX7,56.6034681294496
Q96FX8,31.796712827407454
Q96FZ2,19.01065380992373
Q96FZ5,23.199796342758987
Q96FZ7,0.0
Q96G01,60.337527037637784
Q96G03,37.19457966135343
Q96G04,9.588712113755175
Q96G21,0.7040735652183936
Q96G23,2.300399333020853
Q96G25,85.09493790444623
Q96G28,0.029890723390500713
Q96G30,10.45837856767546
Q96G42,149.86763542975805
Q96G46,47.438571514658086
Q96G61,9.763648155401468
Q96G74,231.7034401321641
Q96G75,1.7340645756318456
Q96G79,7.434591558407009
Q96G91,8.879379877639707
Q96G97,5.659636978789735
Q96GA7,0.0
Q96GC6,18.539391007379304
Q96GC9,8.512943411914842
Q96GD0,27.47888649370744
Q96GD3,70.93215775002034
Q96GD4,14.586092599657169
Q96GE4,30.293399076378584
Q96GF1,85.79316131913414
Q96GG9,0.4286087495686478
Q96GJ1,29.533466392528055
Q96GL9,75.2157958374219
Q96GM1,26.38469585153004
Q96GM5,122.86211235039502
Q96GM8,51.95837840000276
Q96GN5,0.0
Q96GP6,49.26849091572933
Q96GQ5,15.345994722556588
Q96GQ7,4.0685418137687765
Q96GR2,25.096412235628506
Q96GR4,0.0
Q96GS4,153.49756866438125
Q96GS6,20.347953111090902
Q96GV9,4.289467712916414
Q96GW7,51.91740624785765
Q96GW9,14.034752547560597
Q96GX1,19.949747547602236
Q96GX5,91.15759176201487
Q96GX9,8.325729467359217
Q96GY3,11.958123122366757
Q96GZ6,21.967838369044003
Q96H15,72.02114317004231
Q96H20,0.0
Q96H22,0.3214945094984297
Q96H55,21.85008311148575
Q96H72,5.95462702911264
Q96H86,36.77510198765906
Q96H96,11.023748500716472
Q96HA1,875.825254051484
Q96HA7,83.1108516953805
Q96HA8,19.392495225706856
Q96HA9,0.91725614639769
Q96HB5,114.75797711760325
Q96HC4,167.01830595033186
Q96HD1,116.62177281673682
Q96HD9,17.186980701451496
Q96HE7,12.128188779872474
Q96HE8,5.404617383761725
Q96HF1,0.0
Q96HH6,20.123960892102225
Q96HH9,58.14876769575511
Q96HI0,151.80556610301954
Q96HJ5,8.16518015908659
Q96HN2,44.128141744649014
Q96HP0,160.0371282328258
Q96HR3,0.5769071584958356
Q96HR8,114.6236189367338
Q96HR9,0.4069706768620427
Q96HS1,9.571630633214838
Q96HT8,0.0
Q96HU1,3.1791593854116864
Q96HW7,4.558498541894259
Q96HY6,0.2188948088825641
Q96HY7,35.972711055939556
Q96HZ4,38.895126988048325
Q96I15,44.746177278896745
Q96I24,168.4168132995571
Q96I25,32.50268194104288
Q96I27,34.14803182032481
Q96I34,11.029153786002212
Q96I51,41.6070457418525
Q96I59,4.4817670547931465
Q96I76,50.69680300014758
Q96I99,8.577795600602201
Q96IF1,260.88147635461746
Q96II8,144.44544842422613
Q96IJ6,25.272993794334187
Q96IK1,99.47878726033247
Q96IK5,41.63784834416975
Q96IL0,4.920723487280151
Q96IP4,74.22346934943
Q96IQ9,66.88188286704673
Q96IR7,15.518027286484571
Q96IS3,8.054548598123098
Q96IT1,29.90825822952801
Q96IU2,41.88738644434731
Q96IU4,0.6932767368730179
Q96IV0,57.15124197082246
Q96IV6,2.1268896420995045
Q96IW7,10.080312407698312
Q96IX5,0.0
Q96IY1,0.0
Q96IY4,16.397817459533808
Q96IZ0,124.68021384917796
Q96IZ2,0.0
Q96IZ5,21.999032244687164
Q96IZ6,0.07066393172602707
Q96IZ7,2.1421016647496125
Q96J01,41.527257507090376
Q96J02,220.34130716507337
Q96J42,14.075611212458922
Q96J65,38.63366544397411
Q96J66,33.77492065953012
Q96J84,97.53568615090371
Q96J87,169.04930106183735
Q96J92,259.58662233319586
Q96J94,54.595005756919086
Q96JA1,113.8943805111561
Q96JA3,12.235235189410847
Q96JB1,56.60224546780512
Q96JB2,23.629896469660004
Q96JB3,149.09032565753375
Q96JB5,1.899879015111878
Q96JB6,18.29638820441641
Q96JB8,6.9082428067953074
Q96JC1,12.694982420007769
Q96JC9,75.09847682835161
Q96JD6,0.3834677546905723
Q96JE7,357.7176773939566
Q96JE9,102.16254166743555
Q96JF0,37.131210256556955
Q96JG6,27.669641576365564
Q96JG8,75.18112931678695
Q96JG9,1199.5567202854056
Q96JH7,177.764781571963
Q96JH8,83.03897456160983
Q96JI7,32.85331871557844
Q96JJ3,3.1586540917796517
Q96JJ6,271.3460455875353
Q96JJ7,6.997643299377293
Q96JK2,168.97585876314218
Q96JK9,725.2366894530307
Q96JL9,12.481886723077386
Q96JM2,318.2125486211816
Q96JM3,61.65224866032818
Q96JM7,29.448453460184297
Q96JN0,189.55156115440536
Q96JN2,194.4249386489942
Q96JP0,8.018939255747691
Q96JP5,45.56387582842054
Q96JP9,64.14769801991406
Q96JQ0,663.4821557773178
Q96JQ5,6.472747012920843
Q96JS3,14.522516540680115
Q96JW4,81.977286627592
Q96JX3,1.154865984948207
Q96JY0,91.03094362582435
Q96JY6,153.6128290357607
Q96JZ2,89.06820088197827
Q96K12,1.1549017253638358
Q96K19,3.177450949482739
Q96K21,116.82379960486053
Q96K30,90.92195458191549
Q96K76,165.08014896091515
Q96K78,76.45953544575762
Q96K80,179.03679728566925
Q96K83,159.74234718213847
Q96KA5,2.013983636458376
Q96KB5,0.0
Q96KC8,9.135473800995586
Q96KG7,291.8215618388919
Q96KG9,94.0274627521168
Q96KK3,16.215939000845264
Q96KK4,0.0
Q96KK5,0.0
Q96KM6,111.74389757356975
Q96KN2,8.363897713381794
Q96KN3,112.3131103441507
Q96KN4,7.874128297368077
Q96KN7,10.958930316098588
Q96KN8,3.198488950127558
Q96KP1,51.75175041354851
Q96KP4,30.169913384019964
Q96KP6,0.08767356818396663
Q96KQ4,225.7665811618279
Q96KQ7,100.97735307803009
Q96KR4,51.77534755120322
Q96KR6,34.264414475649744
Q96KR7,60.094532125985
Q96KS0,68.622343574931
Q96KV7,78.0698021172436
Q96L08,52.34087790193462
Q96L12,4.47893156578667
Q96L14,24.524485278607195
Q96L21,1.1944793117406634
Q96L34,256.4003828929319
Q96L42,77.26566035201188
Q96L46,69.8367829215485
Q96L50,0.0
Q96L58,4.3694363544676245
Q96L73,455.94721846395555
Q96L91,419.7206319316067
Q96L92,153.92749365875926
Q96L93,121.79043835189238
Q96L96,404.6655295794768
Q96LA5,75.07048693159136
Q96LA6,48.57200174267466
Q96LA8,0.5421455666333621
Q96LB1,0.0
Q96LB2,0.0
Q96LB3,42.3815336727138
Q96LB8,9.531146252605078
Q96LB9,0.0
Q96LC7,85.83150704510885
Q96LC9,13.973138377165231
Q96LD4,53.08832370775072
Q96LD8,1.8107885444265346
Q96LI5,25.217051980361756
Q96LI6,22.967468076302243
Q96LJ7,0.0
Q96LJ8,3.1096643444356955
Q96LK0,0.0
Q96LL4,51.74691538337648
Q96LL9,59.50154570931336
Q96LM5,1.107016415107728
Q96LM6,0.3631342545991273
Q96LR2,92.90669738965977
Q96LR5,18.847083970000824
Q96LT4,17.973327344420632
Q96LT7,0.0
Q96LT9,10.33266721996908
Q96LW4,22.860082384599853
Q96LW7,6.805265480470402
Q96LX7,12.412717260070693
Q96LX8,8.474270867123574
Q96LZ3,0.08033931028157049
Q96LZ7,3.5868843204173038
Q96M02,36.382315122488656
Q96M11,5.128195455380636
Q96M29,9.177132125855353
Q96M32,4.035969258737802
Q96M61,12.273269711433658
Q96M63,281.5627360154214
Q96M86,121.26952453580522
Q96M91,0.0
Q96M94,11.549826194058461
Q96M96,70.54822876132093
Q96M98,8.234439679705748
Q96MA6,1.8667553202516949
Q96MC2,2.6324167311555793
Q96MD2,19.8672033389289
Q96MF2,0.824518034352054
Q96MF7,16.126903711924747
Q96MG2,2.8860269487742958
Q96MG7,53.44839861560612
Q96MH2,55.9135314800234
Q96MI9,28.542119675517174
Q96MK3,40.94804264172517
Q96MM3,11.489476354552869
Q96MM7,92.98950022897881
Q96MN2,1.5420496395839876
Q96MN9,20.094000206290552
Q96MP8,1.6227127934874617
Q96MS0,330.3801341432906
Q96MT3,112.99882836049579
Q96MT7,81.22256203016606
Q96MT8,41.39072578007403
Q96MU7,71.87373847904966
Q96MU8,111.0461868675082
Q96MV1,0.0
Q96MV8,11.564271987614237
Q96MW5,2.6581376843417006
Q96MX0,0.0
Q96MX3,67.15700197309519
Q96MY7,23.260352750718667
Q96N16,0.015184077556020612
Q96N19,16.775290515196357
Q96N21,175.50098838084648
Q96N58,46.413179810340615
Q96N64,67.96805434704311
Q96N66,3.436674683625325
Q96N67,284.14422786348393
Q96N76,10.896043260351751
Q96N77,6.9033170101992045
Q96N87,0.9926799044161451
Q96N95,38.25106725147808
Q96N96,19.26608254507738
Q96NA2,10.036636623198996
Q96NB1,8.598712340339876
Q96NB2,1.8649369576227044
Q96NB3,25.424357435165152
Q96NC0,0.24283380265698987
Q96NE9,98.90204339005726
Q96NG3,24.323146137326816
Q96NG5,69.60238993114011
Q96NH3,39.28144302845159
Q96NI6,151.33985020516084
Q96NL6,2.143631805689
Q96NL8,36.33431020635539
Q96NM4,130.00814996112908
Q96NN9,17.423574668655714
Q96NR3,3.866796948558341
Q96NR8,0.3160085376283444
Q96NT0,0.028502695873139246
Q96NT3,6.486042220947162
Q96NT5,31.089446780391512
Q96NU1,125.46567145279553
Q96NW4,91.01322001169319
Q96NW7,311.5951548037484
Q96NX5,9.247535778835227
Q96NY7,29.384068793372276
Q96NY8,62.35422621367313
Q96NY9,61.883476514772184
Q96NZ1,169.79304728407408
Q96NZ8,56.53337350254389
Q96NZ9,3.0483917458574505
Q96P09,0.7296450728028805
Q96P11,20.99853163642888
Q96P15,10.060920473369986
Q96P16,0.8482696905825617
Q96P20,2.249534926655935
Q96P26,75.88693177744243
Q96P31,145.71455868370703
Q96P44,828.8438752166127
Q96P47,191.84668108140124
Q96P48,51.66322455354705
Q96P53,8.097897567322576
Q96P56,59.10550092676179
Q96P63,6.3978016551448444
Q96P65,0.0
Q96P66,18.959667502665805
Q96P70,1.201849168677255
Q96P71,54.37306875418322
Q96PB1,4.924926476175819
Q96PB7,15.004750568226466
Q96PC2,18.410199284038136
Q96PC3,0.0
Q96PC5,163.94592440962788
Q96PD2,113.276541763647
Q96PD4,27.475290481420814
Q96PD5,34.10239815164101
Q96PD6,3.9146651397873966
Q96PD7,37.96881516261095
Q96PE1,265.22240364946606
Q96PE3,56.7596621544522
Q96PE7,2.9305200485728715
Q96PF1,49.139208992657814
Q96PF2,0.3287779345240427
Q96PG8,145.91967540893157
Q96PH1,36.99387015680674
Q96PH6,7.820081333817197
Q96PJ5,60.96545643331365
Q96PK6,463.7857772075886
Q96PL5,13.491864126261934
Q96PM5,9.575087973428547
Q96PM9,69.64814617376285
Q96PN6,1.071888361581578
Q96PN7,340.29546817865
Q96PN8,1.3517362592995488
Q96PP8,3.3761116694970217
Q96PP9,0.9548853055397084
Q96PQ0,87.63731066719875
Q96PQ1,78.50827626205844
Q96PQ6,33.45033180847315
Q96PR1,143.29264636121914
Q96PS8,3.7983957908928083
Q96PU4,84.15589377820929
Q96PU5,124.79625006754264
Q96PU8,4.285122655431335
Q96PV0,612.1255847612126
Q96PV4,24.21617313171071
Q96PV6,338.63076119376643
Q96PV7,318.14428216857794
Q96PX1,112.81492354065355
Q96PX8,99.63694162520511
Q96PY5,76.89483145634028
Q96PY6,82.68549193008874
Q96PZ0,12.383176968057874
Q96PZ2,19.708946779757106
Q96PZ7,640.125029794309
Q96Q04,279.2222639945731
Q96Q05,54.39682799359742
Q96Q06,1127.6625286309663
Q96Q11,1.2185182963120385
Q96Q15,304.27006066053997
Q96Q27,29.550170294725994
Q96Q35,10.678488324541679
Q96Q40,11.988637750322464
Q96Q42,147.11866680742708
Q96Q45,8.662114541762664
Q96Q77,0.0
Q96Q80,0.0
Q96Q83,2.3856442601677754
Q96Q89,30.941946276266773
Q96Q91,72.62517187613722
Q96QA5,26.472740803469826
Q96QB1,352.3274909472076
Q96QC0,930.6582322421993
Q96QD8,29.80922045496677
Q96QD9,11.269031529627862
Q96QE2,29.540233534221205
Q96QE3,101.04813928692406
Q96QE5,1.345896544036301
Q96QF0,41.86057629009448
Q96QF7,22.227443496194653
Q96QG7,5.723189945063447
Q96QH2,37.619421924623026
Q96QI5,27.76350950242478
Q96QK1,8.183815342379031
Q96QP1,220.80540424017374
Q96QR8,136.9008989002277
Q96QS3,40.86345582150833
Q96QS6,10.47839343488029
Q96QT4,90.54224666430117
Q96QT6,327.72932310825956
Q96QU1,96.44387893571832
Q96QU8,29.812924785196216
Q96QV1,32.14478398166007
Q96QV6,0.0
Q96QZ7,390.1183892314395
Q96R06,107.68849546077503
Q96RD6,39.02888727327946
Q96RD7,6.725660862607328
Q96RD9,131.19788593009028
Q96RE7,106.99575411323073
Q96RE9,53.753050021687216
Q96RF0,162.1397658413494
Q96RG2,72.32196278099272
Q96RI0,77.53518474194772
Q96RI1,9.587387734213486
Q96RI8,0.0
Q96RJ3,4.176515836275303
Q96RJ6,0.0
Q96RK0,660.5910374524286
Q96RK4,25.660662684647047
Q96RL1,111.54444257394282
Q96RL6,131.30445170573975
Q96RL7,90.37057919922896
Q96RN1,66.35046353426118
Q96RN5,234.06207788106272
Q96RP3,2.492552449185087
Q96RP7,28.777209369137932
Q96RP9,22.279247515107773
Q96RQ1,17.359494048987315
Q96RQ3,42.65408006534
Q96RQ9,12.323117840626798
Q96RR1,23.461900789638605
Q96RR4,86.25588000134888
Q96RS0,87.80352340098322
Q96RS6,9.479319867930332
Q96RT1,365.78930621126597
Q96RT7,364.49096031660724
Q96RT8,27.165001160633448
Q96RU2,53.34906502475869
Q96RU3,35.62669060499958
Q96RU7,0.0
Q96RU8,64.00762334773032
Q96RW7,645.3167447391565
Q96RY7,26.801041305785905
Q96S06,8.21343515703565
Q96S15,23.714536103757382
Q96S16,9.241069293815428
Q96S21,36.59271277397541
Q96S37,5.960361450807607
Q96S38,119.73183216949406
Q96S42,0.44542646463076685
Q96S44,3.6931096363008638
Q96S52,1.4357442083313272
Q96S53,34.83623617447435
Q96S55,32.18499227100412
Q96S59,309.47792722954614
Q96S65,145.68883627655757
Q96S66,90.53218677786772
Q96S94,72.74327911406442
Q96S97,31.802843054347207
Q96S99,3.9947331292380004
Q96SB3,29.741945408400834
Q96SB4,28.11095322261671
Q96SB8,63.975891261414475
Q96SC8,198.73572508205376
Q96SD1,70.15111932237973
Q96SF7,354.967062420867
Q96SI1,47.13458463366895
Q96SI9,101.34098538888108
Q96SL1,7.488781469741708
Q96SL4,1.7146714333315922
Q96SN8,150.90154540119937
Q96SQ5,97.655596057786
Q96SQ7,58.675142916359135
Q96SQ9,7.610794580040027
Q96ST2,12.070040407396297
Q96ST3,117.62103843025024
Q96ST8,23.178409584886385
Q96SU4,168.24453724281173
Q96SW2,1.395818724577556
Q96SZ4,75.03800427670473
Q96SZ5,26.0652960596372
Q96SZ6,28.678983184745267
Q96T21,44.232280510893276
Q96T23,118.56660727188188
Q96T37,509.16830680195994
Q96T49,94.48353975692255
Q96T51,40.18042416025356
Q96T52,18.457432234242813
Q96T53,0.8279033173382673
Q96T54,12.85101589911434
Q96T55,13.247068044892409
Q96T58,577.4337901260427
Q96T60,34.85429256665306
Q96T66,5.0350587764279195
Q96T68,38.750868345577686
Q96T76,6.929186896951175
Q96T83,79.85479663596914
Q96T88,77.00000205108181
Q96T91,4.11375021591765
Q96TA1,27.010414247739043
Q96TA2,25.71634433406078
Q96TC7,50.9857438152456
Q99062,111.30287905531914
Q99075,33.132827501643895
Q99081,831.7965829645681
Q99102,6649.462428315891
Q99217,0.2452644602058702
Q99250,119.80428909789407
Q99259,49.641229190480985
Q99417,0.0
Q99418,4.983418535586419
Q99424,12.401441843882806
Q99426,10.310233680638053
Q99435,16.553293274852383
Q99436,1.0960754167925517
Q99437,5.133781013213435
Q99439,93.0544374360217
Q99447,51.702508863281686
Q99453,215.05136643502593
Q99456,363.3729619516675
Q99459,98.3607996149708
Q99460,47.570676043563886
Q99466,604.9777390981179
Q99467,2.8803085028265514
Q99469,92.5230735050972
Q99471,0.0
Q99487,3.4539903856911565
Q99489,24.20331703967767
Q99490,388.63836939360596
Q99496,54.9041803695187
Q99497,24.411314652660646
Q99500,24.387321396936777
Q99501,251.62552230685844
Q99502,528.203106247253
Q99504,203.19864746989424
Q99518,12.249844344624261
Q99519,47.469193987449984
Q99523,66.2619986905963
Q99527,9.127149232502067
Q99536,15.301238394883184
Q99538,35.23513887378017
Q99541,46.973405213135656
Q99542,75.94881570807806
Q99543,36.43074598772395
Q99547,0.39583557181232704
Q99549,8.386525652274397
Q99550,128.00768107241842
Q99551,0.0
Q99558,56.930345723471405
Q99567,24.617617033370163
Q99569,499.9674431398496
Q99570,45.79244800485147
Q99571,63.368768598739486
Q99572,13.057077567454243
Q99574,11.632857874068284
Q99575,59.251904537360105
Q99576,0.0
Q99578,24.03444487461527
Q99581,30.318119230432266
Q99583,10.220550548473412
Q99584,0.0
Q99590,319.8691290608271
Q99592,23.56799339398894
Q99593,121.00867925771527
Q99594,30.228219416445732
Q99595,4.775657609874164
Q99598,6.508724841072711
Q99607,112.37138284151943
Q99608,0.27559238935383423
Q99611,32.992143082095126
Q99612,93.42873309193791
Q99613,30.548212135410722
Q99615,2.8866956899501375
Q99616,0.0
Q99619,34.40977236579259
Q99622,0.0
Q99623,0.890467559671549
Q99624,6.841491768668017
Q99626,79.13606643817639
Q99627,0.0
Q99633,0.03401877766328039
Q99638,13.545094594644757
Q99640,53.46434694331546
Q99643,0.17591751022556562
Q99645,0.7338915031140932
Q99650,48.371451241201726
Q99653,3.9380842066160584
Q99661,82.01618552865446
Q99665,51.56333936106226
Q99674,0.033341699660224176
Q99675,22.262909457456413
Q99677,9.073347792009319
Q99678,51.732412258786724
Q99683,98.35851779233732
Q99684,74.34120492171118
Q99685,3.701185931363054
Q99687,130.55645551625324
Q99689,10.693214249255218
Q99697,120.57623156525736
Q99698,100.57310118829028
Q99700,581.3265968559228
Q99704,99.940838365662
Q99705,81.99520681500246
Q99706,67.0699138349086
Q99707,24.64719767663567
Q99708,96.83111718833135
Q99712,0.0
Q99714,20.33112769315522
Q99715,971.0612323550486
Q99717,79.29237712300657
Q99719,0.7082290602054266
Q99720,0.4220996294246735
Q99726,15.378252393590621
Q99727,0.0
Q99728,118.45007551073381
Q99729,304.1187310688909
Q99731,1.506071179993994
Q99732,66.97906477788416
Q99733,3.811007633503086
Q99735,0.0
Q99741,5.88764389373247
Q99743,151.71800003280472
Q99747,0.5084451208461738
Q99748,0.0
Q99750,65.4278962642316
Q99755,87.02517573472522
Q99757,16.166299970137622
Q99758,35.45237768385206
Q99759,130.66532913915506
Q99766,0.1455397097546557
Q99767,43.088327037024285
Q99784,59.401227594161284
Q99788,52.72105005581042
Q99795,35.63062031324742
Q99797,5.603625674289756
Q99798,56.356496943966214
Q99801,10.557892677546413
Q99807,0.24299623185108382
Q99808,7.8803295934369855
Q99814,157.56905229371466
Q99816,191.97766619783079
Q99828,0.0
Q99829,50.12004829419207
Q99832,12.881056742388974
Q99835,48.14805089373825
Q99836,10.283820474830621
Q99848,5.722500373956393
Q99853,68.77948777229929
Q99856,260.4503136081273
Q99871,5.6119473443698995
Q99873,2.9841839285059093
Q99877,0.0
Q99878,0.0
Q99879,0.0
Q99880,0.0
Q99884,8.66760140516441
Q99895,24.437770199457216
Q99909,42.67061480416072
Q99928,1.2566418322576933
Q99929,57.90256434783136
Q99932,394.3451698592828
Q99933,5.7196320012571285
Q99935,62.46118898936688
Q99941,68.15024884376562
Q99942,33.67838481372581
Q99943,8.535455786122778
Q99944,5.6361903661955575
Q99946,82.91586478099957
Q99952,105.79873011740676
Q99956,27.48300576194108
Q99958,143.97389162182324
Q99959,214.93330147290152
Q99961,20.01170733625964
Q99962,52.06756343855839
Q99963,19.703094913526236
Q99965,43.874633057346806
Q99966,67.19063261411017
Q99967,355.4526841145405
Q99969,0.0
Q99972,42.823397268070735
Q99973,92.40574095062368
Q99983,3.280828127931027
Q99985,40.854317020699725
Q99986,9.492024277095584
Q99988,0.27075376825595104
Q99990,50.344281915724515
Q99996,161.42826151855144
Q99999,0.07060563999405005
Q9BPU6,31.542988404929048
Q9BPU9,2.0103054897957024
Q9BPV8,9.351971430776757
Q9BPW9,8.179003444877111
Q9BPX1,5.1938363016234685
Q9BPX3,6.564922761902773
Q9BPX6,14.470324954823832
Q9BPY8,0.0
Q9BPZ2,8.113038663872718
Q9BPZ3,2.0966010028245234
Q9BPZ7,27.341615428048144
Q9BQ04,73.48984001629853
Q9BQ15,100.2025131589634
Q9BQ16,16.703057998517828
Q9BQ24,16.55689151464456
Q9BQ31,0.7269363600832135
Q9BQ39,107.28965736078742
Q9BQ50,3.0066545619717293
Q9BQ51,14.839182557973796
Q9BQ52,31.171343716194905
Q9BQ61,68.43599187214419
Q9BQ65,27.974167744902925
Q9BQ66,0.0
Q9BQ67,9.93306689581811
Q9BQ69,1.1007601840515346
Q9BQ70,48.73009187725474
Q9BQ83,1.3824584479811444
Q9BQ87,70.1342372054143
Q9BQ89,52.38986504544816
Q9BQ90,3.1370170408709948
Q9BQ95,2.3947612267743494
Q9BQA1,4.467384661926013
Q9BQA5,15.485111603891372
Q9BQA9,0.0
Q9BQB4,4.964356691356933
Q9BQB6,0.0
Q9BQC3,25.697778844774206
Q9BQD3,28.432177607219394
Q9BQD7,5.479133530985383
Q9BQE3,27.07326873287472
Q9BQE4,48.12187039475416
Q9BQE5,8.22870429574175
Q9BQE9,35.15148633787082
Q9BQF6,105.1543052351079
Q9BQG0,19.863307963997915
Q9BQG1,168.34528231428297
Q9BQG2,1.6865421667677212
Q9BQI0,1.1049045202835726
Q9BQI3,32.39466442326088
Q9BQI4,0.0
Q9BQI5,179.67479604425003
Q9BQI6,4.591613437763451
Q9BQJ4,0.0
Q9BQK8,99.71483500456718
Q9BQL6,55.482147523692966
Q9BQP7,16.968338574116032
Q9BQQ3,36.41604992765686
Q9BQS2,3.7670679737596036
Q9BQS7,77.71084895406943
Q9BQS8,73.94783014101809
Q9BQT8,0.0
Q9BQT9,69.08642620306078
Q9BQY4,21.498196077080618
Q9BR01,0.0
Q9BR39,276.6461553093689
Q9BR76,19.62308112157146
Q9BRA0,18.556413476494768
Q9BRA2,2.9081293215295756
Q9BRB3,47.17491239076571
Q9BRC7,14.546664894778544
Q9BRD0,150.82069745580446
Q9BRF8,0.0
Q9BRG1,0.0
Q9BRG2,17.89580643273501
Q9BRI3,15.362645715838749
Q9BRJ7,0.0
Q9BRJ9,93.07807174169234
Q9BRK0,1.1224658520727082
Q9BRK3,63.69536004362979
Q9BRK4,417.2296418844773
Q9BRK5,0.7669408835673913
Q9BRL6,106.95125358897263
Q9BRL7,0.0
Q9BRP0,59.669693490740194
Q9BRP8,2.2675350421953704
Q9BRQ0,333.043652932349
Q9BRQ3,8.18352646674596
Q9BRQ6,49.23799740450955
Q9BRQ8,2.9130331536542187
Q9BRR0,30.17219150132121
Q9BRR3,0.6824190846498699
Q9BRR6,10.801346319421578
Q9BRR9,86.9903063791989
Q9BRS2,44.40460273238975
Q9BRS8,73.38712010952177
Q9BRT2,0.0
Q9BRT3,0.0
Q9BRT9,0.0
Q9BRU9,0.0
Q9BRV3,0.0
Q9BRV8,0.0
Q9BRX2,13.789677548620721
Q9BRX5,1.7684336138189183
Q9BRX8,0.0
Q9BRX9,12.325606377733603
Q9BRZ2,28.027268809546516
Q9BS16,0.0
Q9BS26,11.36897975421222
Q9BS34,53.83613567772186
Q9BS40,1.558691703131156
Q9BS86,2.303189851837155
Q9BSA4,47.71176416370049
Q9BSA9,3.1430827301911255
Q9BSB4,13.48647541712004
Q9BSD3,21.780156838690413
Q9BSD7,12.96967044228025
Q9BSE2,16.580345399933563
Q9BSE4,111.80053981390405
Q9BSF0,0.0
Q9BSG1,34.74102732980348
Q9BSH4,13.04848061575645
Q9BSI4,6.406597382227115
Q9BSJ2,1.7593484339041798
Q9BSJ6,6.331781273231489
Q9BSJ8,52.541683752541196
Q9BSK2,2.466872471176364
Q9BSK4,18.750560062219723
Q9BSL1,0.827410308340857
Q9BSM1,5.409621957524024
Q9BSQ5,71.23974678453658
Q9BSR8,1.3519592063133354
Q9BST9,47.99878948795302
Q9BSU1,5.661072971211981
Q9BSU3,10.919918672841929
Q9BSV6,6.022912377189669
Q9BSW2,42.35929022328167
Q9BSW7,70.52904849652856
Q9BSY9,0.0
Q9BT04,1.658194945396291
Q9BT09,12.949372223141257
Q9BT17,0.0
Q9BT22,0.4111525233151947
Q9BT25,43.44181807339615
Q9BT30,6.334442690848078
Q9BT40,8.92293514048026
Q9BT43,14.67953320517704
Q9BT49,6.808793113434891
Q9BT56,0.0
Q9BT67,2.1022248275214146
Q9BT78,0.18435014387181237
Q9BT81,153.62890401690362
Q9BT88,26.56349918284229
Q9BT92,1.8840648339523045
Q9BTA9,350.9900968788646
Q9BTC0,307.45770932235274
Q9BTC8,44.1072503936509
Q9BTD3,1.7502667574479034
Q9BTD8,47.522637327125636
Q9BTE1,1.4210920596412024
Q9BTE3,33.77715425444183
Q9BTE6,18.57986979735714
Q9BTE7,0.0
Q9BTK6,12.03016525497029
Q9BTL3,74.87939065518432
Q9BTL4,0.4275874323721077
Q9BTM9,0.0
Q9BTN0,23.088595160013195
Q9BTP6,23.958421585062563
Q9BTP7,2.1607174711560324
Q9BTT0,0.0
Q9BTT4,0.0
Q9BTU6,56.26185817808752
Q9BTV4,9.921291124275909
Q9BTV5,18.524358500674293
Q9BTW9,6.5232901330414315
Q9BTX1,42.61753304324362
Q9BTX3,1.686915222508262
Q9BTY2,6.840682952324595
Q9BTZ2,10.307546231687601
Q9BU02,1.5047219911501877
Q9BU19,41.236714162364336
Q9BU20,0.09605259137894988
Q9BU23,8.847408379304678
Q9BU40,45.126639069062875
Q9BU61,6.235083834872116
Q9BU64,0.9449091060875429
Q9BU76,55.748439363585774
Q9BU79,7.250351379154707
Q9BU89,0.0
Q9BUB4,60.90323479048008
Q9BUB5,46.10921961963096
Q9BUB7,36.3258689207213
Q9BUD6,28.14401033743713
Q9BUE0,0.5526628924162675
Q9BUE6,8.481408137882704
Q9BUF5,11.06892842115794
Q9BUF7,34.701842947413695
Q9BUH6,23.299592814027324
Q9BUH8,102.86297286406713
Q9BUI4,10.28141751616775
Q9BUJ2,564.3717019535184
Q9BUK6,39.53883506826067
Q9BUL5,27.30691460547824
Q9BUL8,0.0
Q9BUL9,39.38343050178265
Q9BUM1,21.997438950305238
Q9BUN5,12.352439563357787
Q9BUN8,25.706588419144047
Q9BUP0,0.0
Q9BUP3,0.4688557533174848
Q9BUQ8,7.35457524504782
Q9BUR4,40.55090911248276
Q9BUR5,2.9417372191900055
Q9BUT1,0.0
Q9BUU2,64.40184984956898
Q9BUX1,11.328761473939796
Q9BUY5,32.14279193300619
Q9BUZ4,13.938576707669647
Q9BV10,0.0
Q9BV20,4.087592419047441
Q9BV23,3.746800536364458
Q9BV35,31.482973615757018
Q9BV36,36.66529079857189
Q9BV38,10.542048318436521
Q9BV40,6.501119569661965
Q9BV44,5.040187196138279
Q9BV47,1.1225764197603074
Q9BV57,0.6855447630487703
Q9BV68,86.08734310387476
Q9BV73,49.73937175240211
Q9BV79,17.440209930808507
Q9BV81,0.0
Q9BV86,2.9324661719797516
Q9BV90,0.0
Q9BV94,11.423480552292602
Q9BVA0,8.484269607158021
Q9BVA1,28.473153271609565
Q9BVA6,0.8022010769696046
Q9BVC3,0.3272008910549196
Q9BVC4,32.98391886794759
Q9BVC6,0.5911537910303345
Q9BVG3,3.035623187964122
Q9BVG8,56.7809229115537
Q9BVG9,27.694111406385574
Q9BVH7,47.72484658929784
Q9BVI0,64.61198634941726
Q9BVI4,0.6983161789942386
Q9BVJ6,12.746203748531272
Q9BVJ7,1.2868281742254686
Q9BVK2,0.0
Q9BVK6,5.596585108397001
Q9BVK8,0.0
Q9BVL2,821.7262556097994
Q9BVL4,15.08149173058262
Q9BVM4,0.9658167459243845
Q9BVN2,287.3744732058549
Q9BVP2,0.0
Q9BVQ7,25.209834184076463
Q9BVS4,28.368979312510092
Q9BVS5,29.45746976357526
Q9BVT8,35.83949999134824
Q9BVV2,0.0
Q9BVV6,184.39227367644176
Q9BVV7,11.545874125567975
Q9BVW5,0.8454869561315989
Q9BVX2,2.858924744664975
Q9BW04,184.8508208399565
Q9BW11,1.08356755689864
Q9BW19,109.41976782955183
Q9BW27,0.27298707131125205
Q9BW60,0.0
Q9BW61,0.5338842024209355
Q9BW62,16.503415968095894
Q9BW66,0.6954736486392982
Q9BW71,55.9114940237635
Q9BW83,2.494819714951517
Q9BW85,11.090861808895653
Q9BW91,50.67455028720303
Q9BW92,24.330157649802487
Q9BWC9,13.156912355031881
Q9BWD1,20.925102134136687
Q9BWE0,21.16141946358333
Q9BWF2,13.376870484101397
Q9BWF3,56.31927387466852
Q9BWG6,2.0833358725465922
Q9BWH2,2.874627062041286
Q9BWH6,84.78850871313148
Q9BWJ5,0.0
Q9BWK5,18.985263936967137
Q9BWL3,7.315184247035704
Q9BWN1,84.81548803036819
Q9BWP8,113.81748081010434
Q9BWQ6,17.739495885408513
Q9BWQ8,16.58183382019001
Q9BWS9,0.006262647085356994
Q9BWT1,29.74495872324765
Q9BWT3,89.61184449271383
Q9BWT7,94.15308334150072
Q9BWU1,221.89694354832153
Q9BWV1,182.61620169588085
Q9BWV3,23.129075122157513
Q9BWW4,503.4103807234512
Q9BWW7,145.16675117279988
Q9BWX1,17.80119001389401
Q9BWX5,121.27726394975495
Q9BX10,53.38122239847227
Q9BX26,113.5096483569761
Q9BX40,61.27297123588617
Q9BX46,2.360140285753058
Q9BX59,55.46422454543207
Q9BX63,108.3106728385796
Q9BX66,237.44395281695637
Q9BX67,44.06081348617013
Q9BX68,19.99668415085992
Q9BX70,102.0836607327046
Q9BX74,16.154149938427096
Q9BX79,11.987860406191281
Q9BX84,105.11097672071308
Q9BX95,57.34830804275755
Q9BX97,1.2936340326745075
Q9BXA5,6.479495896252579
Q9BXA6,4.7863171003681195
Q9BXA7,4.791153501743158
Q9BXB1,21.66662131824057
Q9BXB4,148.96915877958955
Q9BXB5,211.10267267651065
Q9BXB7,1.372215850333549
Q9BXC0,7.437503767652779
Q9BXC9,25.676938582256007
Q9BXD5,4.178897821176017
Q9BXF3,572.1861091043482
Q9BXF6,236.92563806700542
Q9BXF9,39.874173905002245
Q9BXH1,11.408360392960398
Q9BXI2,0.0
Q9BXI3,0.04330671511599577
Q9BXI6,11.564593563987728
Q9BXI9,63.33509229814297
Q9BXJ0,155.93666975812906
Q9BXJ1,39.22799610296578
Q9BXJ3,23.268817262277594
Q9BXJ4,178.82044386110698
Q9BXJ5,133.90817428853674
Q9BXJ7,13.673180432674549
Q9BXJ8,0.0
Q9BXJ9,1.8940064538499628
Q9BXK5,16.728108008727105
Q9BXL6,19.8502964539554
Q9BXL7,85.84327294095647
Q9BXL8,42.02679289923911
Q9BXM0,69.21655100108845
Q9BXM7,52.84280371063559
Q9BXN1,0.27170155947090896
Q9BXN2,46.84411204767948
Q9BXP2,120.58797970390665
Q9BXP5,154.09509840227906
Q9BXP8,87.70179556511087
Q9BXR0,6.550368053430169
Q9BXR3,32.1688546953522
Q9BXR5,0.0
Q9BXR6,51.760664911442646
Q9BXS0,676.8958469912792
Q9BXS1,0.0
Q9BXS4,8.14361114305221
Q9BXS5,8.43188946140259
Q9BXS6,31.165898747933454
Q9BXS9,20.882747731631095
Q9BXT4,53.069522630573665
Q9BXT5,291.64513249904064
Q9BXT6,90.82995297738097
Q9BXT8,17.24014352461367
Q9BXU0,6.855563444007782
Q9BXU1,6.79046384417428
Q9BXU7,36.45029943132285
Q9BXU9,11.601280102517642
Q9BXV9,5.842521093320246
Q9BXW4,0.0
Q9BXW6,30.355680905020154
Q9BXW9,17.884864052039084
Q9BXX0,203.2846851696331
Q9BXY4,12.532251821649279
Q9BXY8,0.0
Q9BY07,279.6645927483135
Q9BY08,0.0
Q9BY11,57.92853324666307
Q9BY12,116.73368873500294
Q9BY14,13.056171513435158
Q9BY15,55.795654355371916
Q9BY27,12.281694542839839
Q9BY32,1.7330193943977836
Q9BY41,5.627795168999221
Q9BY42,16.87227576484464
Q9BY43,0.0
Q9BY44,23.19466648773613
Q9BY49,11.081819732975891
Q9BY50,2.457377003188741
Q9BY64,0.26291354997248084
Q9BY66,100.04165139865594
Q9BY67,42.25883091754071
Q9BY76,26.850852675142818
Q9BY77,7.6119092397836505
Q9BY78,10.81989989131199
Q9BY79,184.4128877339151
Q9BY84,34.66094327582382
Q9BYB0,313.79710987195165
Q9BYC5,25.957017992957287
Q9BYD5,0.0
Q9BYE0,20.591728435990582
Q9BYE2,87.81283862704423
Q9BYE3,91.59334181167125
Q9BYE7,5.702256504014748
Q9BYE9,49.89517244128417
Q9BYF1,20.983112036215434
Q9BYG0,5.468450378005945
Q9BYG3,9.576479524591472
Q9BYG4,49.67593846417469
Q9BYG5,48.72339279737576
Q9BYG8,5.324602801575296
Q9BYH1,45.90375782169202
Q9BYH8,126.63968104871003
Q9BYI3,97.51775425215395
Q9BYJ1,39.75937255622111
Q9BYJ4,0.0
Q9BYJ9,301.4043678780635
Q9BYK8,95.68002123967298
Q9BYM8,60.46230574153661
Q9BYN0,55.80979717460714
Q9BYN7,87.76630822240327
Q9BYP7,288.79139479738103
Q9BYP8,137.16366816063254
Q9BYP9,0.0
Q9BYQ0,0.0
Q9BYQ2,0.0
Q9BYQ3,0.0
Q9BYQ4,9.938673947196106
Q9BYQ5,0.0
Q9BYQ6,0.0
Q9BYQ7,0.0
Q9BYQ8,0.0
Q9BYR0,0.0
Q9BYR2,0.0
Q9BYR3,0.0
Q9BYR4,0.0
Q9BYR5,0.0
Q9BYR6,4.765056859801087
Q9BYR7,1.9712222861680133
Q9BYR8,4.803116972928426
Q9BYR9,2.0563085245907082
Q9BYS1,48.18357603765092
Q9BYT1,0.0
Q9BYT3,15.860793722612032
Q9BYT8,8.936989882188065
Q9BYT9,15.660664891186693
Q9BYU1,119.83545568799431
Q9BYV1,27.157339043178805
Q9BYV2,18.486432394472576
Q9BYV6,50.48477940200517
Q9BYV7,9.81430079189331
Q9BYV8,76.03755696397772
Q9BYV9,257.3056972014982
Q9BYW1,1.1162022084158696
Q9BYW2,492.3028135840293
Q9BYW3,12.877079007859793
Q9BYX2,14.588269503595697
Q9BYX4,15.976201537111407
Q9BYZ2,0.2263448306922366
Q9BYZ6,56.12535018521822
Q9BYZ8,30.270057845271488
Q9BZ11,89.21247084759966
Q9BZ23,78.56778479656093
Q9BZ29,145.1641216562196
Q9BZ67,24.693178604748315
Q9BZ71,85.64443612374106
Q9BZ72,368.2334595910422
Q9BZ95,201.2644716899033
Q9BZA7,104.29165140330744
Q9BZA8,105.63775070426667
Q9BZB8,104.02169178706782
Q9BZC1,163.4198973230317
Q9BZC7,253.83006011122245
Q9BZD2,35.16867716123289
Q9BZD4,3.290912101111914
Q9BZD6,10.956777911086727
Q9BZE0,210.34461870013973
Q9BZE2,11.455620594694167
Q9BZE4,13.096381233218139
Q9BZE9,56.931086817396626
Q9BZF1,50.51836085344269
Q9BZF2,93.37962747099508
Q9BZF3,67.15543939585613
Q9BZF9,27.40217626449126
Q9BZG1,0.0
Q9BZG2,3.741792952327481
Q9BZG8,23.60280488224272
Q9BZH6,43.126490629069906
Q9BZI7,60.16481918702899
Q9BZJ0,26.13853250279729
Q9BZJ3,9.553008530922286
Q9BZJ7,1.035750866525324
Q9BZJ8,73.0622781777746
Q9BZK7,72.36910376179844
Q9BZL1,0.0
Q9BZL3,0.0
Q9BZL4,28.97653925841544
Q9BZL6,97.31130987779207
Q9BZM1,24.79823273684942
Q9BZM2,0.19297319882277084
Q9BZM3,119.75885708763619
Q9BZM4,0.0
Q9BZM5,8.32241693089449
Q9BZM6,0.0
Q9BZP6,184.79207625045765
Q9BZQ2,22.470734861655036
Q9BZQ4,17.06044995707724
Q9BZQ6,37.22595591234443
Q9BZQ8,15.449730105805752
Q9BZR6,128.02273213219692
Q9BZR8,22.0589163631068
Q9BZR9,135.2223353369386
Q9BZS1,63.044870669354445
Q9BZV1,2.2290059314916566
Q9BZV2,12.077516642444406
Q9BZV3,76.4608111136542
Q9BZW4,0.0
Q9BZW7,5.578228038233805
Q9BZW8,43.07418036597218
Q9BZX2,39.94851621661272
Q9BZX4,0.0
Q9BZY9,53.048351045615455
Q9BZZ2,192.97942409395898
Q9BZZ5,43.774002817747565
Q9C000,64.95649826997618
Q9C004,68.28533503973344
Q9C005,0.0
Q9C019,25.891562815989715
Q9C026,66.77874017026448
Q9C029,6.73111371109452
Q9C030,20.825176388360404
Q9C035,1.0995504886904397
Q9C037,10.416285588976713
Q9C040,76.35759297515723
Q9C056,11.590804093027842
Q9C086,30.98457183347266
Q9C091,346.688353491346
Q9C093,17.27840016483197
Q9C098,22.983183675661927
Q9C0A0,109.43646749363668
Q9C0A1,453.4609704353634
Q9C0A6,738.9058164683065
Q9C0B0,256.0721650635108
Q9C0B1,14.192708945116154
Q9C0B5,319.0822290604635
Q9C0C2,725.1836809089475
Q9C0C4,105.42826510886945
Q9C0C6,59.216121786108104
Q9C0C7,409.6944086339747
Q9C0C9,101.30074623021996
Q9C0D0,93.23297809045587
Q9C0D2,197.0972751637974
Q9C0D5,536.7924591997378
Q9C0D6,152.7415394623697
Q9C0D9,16.903703776531675
Q9C0E4,193.1485142259669
Q9C0E8,62.051230788361394
Q9C0F0,444.90699370944765
Q9C0F1,48.48389925777884
Q9C0F3,84.41497682283293
Q9C0G0,227.99194608174798
Q9C0G6,52.66698633088722
Q9C0H2,45.61877979464691
Q9C0H9,410.3477733372861
Q9C0I1,28.73401311510967
Q9C0J1,4.122329086863823
Q9C0J8,850.4904903686408
Q9C0J9,52.19170758902665
Q9C0K0,307.02287075547025
Q9C0K1,27.272454615460155
Q9C0K7,72.2185386731183
Q9GZL7,7.0050036795173956
Q9GZM5,9.092797188681034
Q9GZM7,23.531493758569482
Q9GZM8,93.15255829133763
Q9GZN0,11.394385079022198
Q9GZN1,0.0
Q9GZN2,28.941503373670347
Q9GZN4,9.563441889229768
Q9GZN7,14.634301459257703
Q9GZP0,31.39303424969149
Q9GZP9,0.7302796786574811
Q9GZQ4,9.672530092337464
Q9GZQ6,49.66747892945163
Q9GZQ8,0.0
Q9GZR1,115.19041113462967
Q9GZR2,6.969962071364036
Q9GZR5,0.9504915726362521
Q9GZS0,4.177709015526994
Q9GZS1,10.219792159576729
Q9GZS3,5.872506065598364
Q9GZS9,13.359475205291243
Q9GZT3,0.813333142877356
Q9GZT4,3.4322575763902456
Q9GZT5,79.7713550904702
Q9GZT8,29.660931603368997
Q9GZT9,104.69921009780641
Q9GZU1,29.03618867867285
Q9GZU2,166.67595502214286
Q9GZU5,43.9698861750384
Q9GZU7,0.4553394272213915
Q9GZU8,48.72615095807619
Q9GZV1,2.087349897563097
Q9GZV3,5.667900813504824
Q9GZV4,9.50777277098328
Q9GZV5,166.62402702573183
Q9GZV7,13.63515582631782
Q9GZV8,42.41064421689238
Q9GZV9,36.275429998935
Q9GZW8,33.96490466815732
Q9GZX3,8.047274540287944
Q9GZX5,28.534866227200347
Q9GZX6,0.7037900186334188
Q9GZX7,0.0
Q9GZX9,14.044203512561678
Q9GZY0,53.208347118112464
Q9GZY4,0.0
Q9GZY6,30.147050375137077
Q9GZY8,38.460718788038974
Q9GZZ1,0.33828639814457484
Q9GZZ6,19.86555389000834
Q9GZZ7,12.213101994812995
Q9GZZ8,8.85257471727973
Q9GZZ9,30.699311941768347
Q9H000,42.827000732365946
Q9H008,5.218185818848017
Q9H013,123.19684685018143
Q9H015,3.2325569071439904
Q9H040,109.94942474746189
Q9H063,19.214881174489356
Q9H074,68.90273872249864
Q9H078,94.38804253956401
Q9H079,54.65008963326278
Q9H081,2.496232707264057
Q9H082,4.805594891951316
Q9H089,46.97241298068233
Q9H093,34.989022974105225
Q9H095,1.0529203610093865
Q9H0A0,4.3218066883004225
Q9H0A6,0.0
Q9H0A8,0.0
Q9H0A9,37.963637875679716
Q9H0B3,142.04069606845988
Q9H0B6,110.17610926233705
Q9H0B8,73.44094801858606
Q9H0C1,0.12497934331753842
Q9H0C2,1.652756896300317
Q9H0C5,15.72428961257873
Q9H0C8,34.24168967143883
Q9H0D2,203.87735902771487
Q9H0D6,130.83702635390134
Q9H0E2,8.7670338690947
Q9H0E3,208.6804786930065
Q9H0E7,47.72303143375888
Q9H0E9,42.70230804867094
Q9H0F5,22.696540974545513
Q9H0F6,54.53707722931367
Q9H0F7,3.2415482950049856
Q9H0G5,8.980059289136694
Q9H0H0,50.29733051812552
Q9H0H5,98.95912830351449
Q9H0I2,48.040036642695696
Q9H0J4,532.832916678431
Q9H0J9,67.24111050763335
Q9H0K1,15.583358939499549
Q9H0K6,3.39674079565795
Q9H0L4,542.5807651519922
Q9H0M0,136.5667322364897
Q9H0M4,35.955534318588676
Q9H0N0,16.339605306097397
Q9H0N5,1.1434399791009393
Q9H0P0,0.0
Q9H0Q3,0.0
Q9H0R1,9.014865801192325
Q9H0R3,2.1549693917265995
Q9H0R5,0.5103604497238132
Q9H0R6,72.55008578651446
Q9H0R8,0.0
Q9H0S4,4.76624078830099
Q9H0T7,0.0
Q9H0U3,12.791189493248039
Q9H0U4,11.263090470233267
Q9H0U6,0.478994712678358
Q9H0V9,33.53894515047452
Q9H0W5,40.83942406273933
Q9H0W8,64.86128428737439
Q9H0W9,1.4062743358083307
Q9H0X6,15.909098999303993
Q9H0X9,85.03942752848465
Q9H0Y0,2.276212558004811
Q9H0Z9,2.0239082282724983
Q9H112,0.0
Q9H115,1.4380017200389694
Q9H116,63.46076991104414
Q9H147,8.580417987753021
Q9H156,97.12146847920309
Q9H160,0.5562702309707759
Q9H161,150.6435825321537
Q9H165,259.8858432906338
Q9H169,0.034515259498910024
Q9H171,101.418683407585
Q9H172,6.2526431440572825
Q9H173,2.925453421538137
Q9H190,19.11215546706085
Q9H1A4,171.0072101094641
Q9H1B4,0.0
Q9H1B5,48.959974687787984
Q9H1B7,344.57914355626497
Q9H1C4,11.722731829334453
Q9H1D0,12.701815338754974
Q9H1D9,5.089286357690645
Q9H1E1,5.759881725484084
Q9H1E3,1.1244490202965904
Q9H1H9,212.5905589795476
Q9H1I8,22.64725327592254
Q9H1J1,40.05919387673991
Q9H1J5,73.72238210496789
Q9H1J7,30.287402779290893
Q9H1K0,107.18488947203382
Q9H1K1,24.98497831467232
Q9H1K4,25.30222229455365
Q9H1M4,0.0
Q9H1P3,26.061140096904452
Q9H1P6,0.0
Q9H1R2,55.729439512441
Q9H1R3,71.38063894627595
Q9H1U9,0.6211809120823049
Q9H1V8,74.47301034264186
Q9H1X1,0.9698320630105365
Q9H1Y0,0.0
Q9H1Y3,27.728536432486766
Q9H1Z8,20.43284459887662
Q9H201,229.55017958371383
Q9H204,13.009136975006053
Q9H211,0.3862739195162712
Q9H221,24.21140165241285
Q9H222,36.16657007487746
Q9H223,27.210519321897813
Q9H227,15.465127643003031
Q9H228,106.32335434209105
Q9H237,0.0
Q9H239,38.877168621225564
Q9H244,5.579520736222589
Q9H251,147.1511008586558
Q9H252,219.6977963176073
Q9H254,85.14526848898602
Q9H255,0.0
Q9H257,9.671109862754088
Q9H267,0.4175781573370303
Q9H269,4.396688493588503
Q9H270,29.26907931395636
Q9H293,7.388383946350702
Q9H295,0.0
Q9H2A2,15.466814499412047
Q9H2A7,50.592718187175606
Q9H2A9,27.432318815490255
Q9H2B2,14.312493816638934
Q9H2B4,41.07942083444338
Q9H2C0,10.067991458715657
Q9H2C1,112.1191292334289
Q9H2C2,17.908139432616096
Q9H2D1,1.846576360257412
Q9H2D6,725.6861096717007
Q9H2E6,221.41746377367576
Q9H2F3,16.93660570836287
Q9H2F5,187.55998345364728
Q9H2F9,8.314966608730062
Q9H2G2,23.428549535867393
Q9H2G4,56.51310698140112
Q9H2G9,13.645626032830535
Q9H2H0,38.63782977927549
Q9H2H8,62.98679751341726
Q9H2H9,19.635322614572814
Q9H2J4,0.0
Q9H2J7,30.85944305241241
Q9H2K0,2.1980692847952454
Q9H2K2,118.39470587780151
Q9H2K8,54.35912140071011
Q9H2L4,0.0
Q9H2L5,13.5734257570137
Q9H2M3,5.921660924841602
Q9H2M9,17.17619315230262
Q9H2P0,152.40541844124883
Q9H2R5,58.476188024104886
Q9H2S1,189.32803684396433
Q9H2S5,25.899112187812534
Q9H2S6,4.601103864032984
Q9H2S9,124.82802256755684
Q9H2U1,228.45811343914497
Q9H2U2,10.244919493566645
Q9H2U9,12.62089826547253
Q9H2V7,11.402839784926496
Q9H2W1,0.7743248547488317
Q9H2W2,42.278181463669966
Q9H2X0,121.83215380090225
Q9H2X3,26.39607464196527
Q9H2X6,374.1560493050299
Q9H2X9,38.63863907215973
Q9H2Y7,551.353852596661
Q9H300,3.486858772161123
Q9H305,100.60056645238906
Q9H306,8.548900767697344
Q9H307,284.83046691709876
Q9H310,0.0
Q9H313,9.336396847477522
Q9H324,192.07574137471164
Q9H329,169.93181540619992
Q9H334,135.91632937284714
Q9H361,8.219389164965659
Q9H3D4,202.87211612285992
Q9H3F6,17.648103242834843
Q9H3H1,13.383450711602366
Q9H3H3,56.412152317309406
Q9H3H5,1.8940994014079133
Q9H3J6,6.879053032801923
Q9H3K2,0.0
Q9H3K6,0.0
Q9H3L0,13.437146938833559
Q9H3M0,21.93107492672771
Q9H3M7,23.66937016808517
Q9H3N1,1.225274438661943
Q9H3N8,14.320226771172763
Q9H3P2,42.612657693667785
Q9H3P7,35.494468199817376
Q9H3Q1,66.65563590747963
Q9H3Q3,1.7320298645341872
Q9H3R0,7.902050627124584
Q9H3R1,11.6719122639652
Q9H3R2,115.35218003883821
Q9H3R5,3.1754172180476896
Q9H3S1,51.96136032076996
Q9H3S3,10.391032739457783
Q9H3S4,0.0
Q9H3S7,185.90069599128572
Q9H3T2,158.72778902609076
Q9H3T3,160.8244888380937
Q9H3U1,10.233683087605502
Q9H3U5,0.18826989679862058
Q9H3U7,22.09464684618759
Q9H3Y6,5.458514382699274
Q9H3Z4,6.723753694968379
Q9H400,42.82045913545045
Q9H410,24.318318196892125
Q9H422,193.10057651572367
Q9H427,11.834777872411133
Q9H444,6.585682139420125
Q9H461,422.04399390970127
Q9H467,16.12624036315718
Q9H469,0.0
Q9H477,2.2176329099585326
Q9H479,13.88525400813299
Q9H488,8.643601700144103
Q9H490,0.0
Q9H492,0.0
Q9H497,2.3983959036569784
Q9H4A3,895.3733220725683
Q9H4A5,0.0
Q9H4A6,1.4997592510614721
Q9H4A9,36.66915286165876
Q9H4B0,1.1771508016255474
Q9H4B4,25.077947084166446
Q9H4B6,92.04162506467615
Q9H4B7,37.942569868033985
Q9H4D0,20.154021367169214
Q9H4D5,35.68760393476417
Q9H4E5,6.6097241007806655
Q9H4E7,37.3224892756818
Q9H4F1,28.225215445160337
Q9H4F8,92.37513141243387
Q9H4G0,54.39730143175368
Q9H4G4,12.014266580670395
Q9H4H8,136.3245691079368
Q9H4I2,55.00831805135307
Q9H4I9,17.760249083594914
Q9H4K7,97.72762480101812
Q9H4L4,95.50721968781504
Q9H4L5,89.7403247422336
Q9H4L7,36.421372439250106
Q9H4M3,2.508703161963023
Q9H4M7,208.12333268614267
Q9H4M9,32.59981582148834
Q9H4P4,0.5490759258729649
Q9H4Q4,3.616582830025373
Q9H4S2,74.92390763336016
Q9H4T2,13.863170560735513
Q9H4W6,336.9210293226402
Q9H4X1,33.210923007357565
Q9H4Y5,5.462145958410607
Q9H4Z2,139.77475244327792
Q9H4Z3,95.65484129672791
Q9H503,0.0
Q9H553,0.5711914022242375
Q9H582,152.1472063169062
Q9H583,0.10693876245888899
Q9H596,2.2027823170597447
Q9H598,57.371793773824535
Q9H5F2,13.252384517859216
Q9H5H4,66.07426443326938
Q9H5I1,13.208763316817212
Q9H5I5,89.1252795683824
Q9H5J4,0.0
Q9H5J8,16.160743452298515
Q9H5K3,0.0
Q9H5N1,52.50489898095606
Q9H5P4,164.45163933321177
Q9H5Q4,7.064860422244011
Q9H5U6,4.243945006313622
Q9H5V7,71.9941435047782
Q9H5V8,26.889552898952118
Q9H5V9,0.16299789281251376
Q9H5X1,0.0
Q9H5Y7,59.53723229861449
Q9H5Z1,12.59528299773761
Q9H5Z6,49.872805746529856
Q9H611,5.85630811098952
Q9H633,2.3110254475942718
Q9H649,1.1303636922033864
Q9H668,1.4673366457758574
Q9H672,26.49875300458854
Q9H694,314.9461627592913
Q9H6B4,47.08812933433294
Q9H6B9,3.1725340827276436
Q9H6D3,3.5168558617105403
Q9H6D7,0.0
Q9H6E4,0.3572713034842306
Q9H6E5,70.58245992531083
Q9H6H4,3.9390248171853517
Q9H6I2,78.72481420697065
Q9H6J7,36.93863910816572
Q9H6K1,24.754176030146624
Q9H6L2,2.1286249860705135
Q9H6L4,0.0
Q9H6L5,12.259995455477776
Q9H6P5,32.644595487280526
Q9H6Q3,16.457733869326525
Q9H6Q4,47.48385961250793
Q9H6R0,49.80934327986577
Q9H6R3,100.93229437046136
Q9H6R4,28.570477377516607
Q9H6R6,0.0
Q9H6R7,35.93113067890661
Q9H6S0,201.2054560090229
Q9H6S1,27.4743123026313
Q9H6S3,57.62917368121942
Q9H6T0,48.96013162287767
Q9H6T3,26.912842041667943
Q9H6U6,260.2416323516348
Q9H6U8,9.280325755038758
Q9H6W3,24.397241771416837
Q9H6X2,23.54674309407519
Q9H6Y7,19.73322130796413
Q9H6Z4,85.03282660687559
Q9H6Z9,25.37841726207265
Q9H706,177.13876016834965
Q9H707,49.02319455237233
Q9H714,107.5407186451315
Q9H741,19.324348923115984
Q9H772,10.407941613823247
Q9H773,6.098015590903642
Q9H777,0.0
Q9H788,4.294571045713523
Q9H790,7.9648452602048465
Q9H792,306.7300940638344
Q9H799,239.03222875890683
Q9H7B2,0.0
Q9H7B4,0.0
Q9H7C4,0.37390444886962954
Q9H7D0,91.15700058609437
Q9H7D7,221.3225284792067
Q9H7E2,179.47003921084968
Q9H7E9,28.38071036697637
Q9H7F0,29.28910963525928
Q9H7H0,5.192797970430898
Q9H7L9,0.0
Q9H7M9,26.976988984243164
Q9H7N4,338.08428061283746
Q9H7P6,43.67074922082945
Q9H7P9,241.031433993589
Q9H7S9,452.46644651594045
Q9H7T9,59.207597350862784
Q9H7V2,19.164434856185974
Q9H7X0,0.0
Q9H7X3,104.75135441901284
Q9H7Z3,52.89971742765362
Q9H7Z6,8.16400297066355
Q9H7Z7,3.4638363586907976
Q9H808,52.12251614443277
Q9H813,31.932434798214786
Q9H814,12.68155668767043
Q9H816,33.3315955823666
Q9H825,24.98788672447194
Q9H832,79.5886629208055
Q9H840,0.9796382253854383
Q9H845,26.601991400776527
Q9H867,8.955422724707775
Q9H869,21.015652638025205
Q9H871,8.533979908272396
Q9H875,7.089717253520829
Q9H892,1.2582249725440857
Q9H8E8,39.589249828348905
Q9H8H2,122.79393446270137
Q9H8H3,0.0
Q9H8K7,81.45814388267951
Q9H8L6,61.81605590373193
Q9H8M2,53.119410915164714
Q9H8M5,170.8140204898654
Q9H8M7,14.839752423578398
Q9H8M9,12.124973802008594
Q9H8N7,120.80702805162979
Q9H8P0,0.0
Q9H8S9,0.3851798417304317
Q9H8T0,15.377988152331872
Q9H8V3,79.85033226499426
Q9H8W4,13.660398151736633
Q9H8W5,86.84245498714739
Q9H8X2,26.21606650888233
Q9H8X9,9.785444030359942
Q9H8Y5,20.895314293774828
Q9H8Y8,72.3954593014829
Q9H900,3.352068082774669
Q9H902,40.0239865552527
Q9H903,8.472205798124483
Q9H910,97.06573006781274
Q9H936,1.59356112811924
Q9H944,8.067320988027362
Q9H974,0.7246407439920474
Q9H977,0.0
Q9H981,12.919076814706123
Q9H987,205.49232029348406
Q9H992,500.24277683552367
Q9H993,12.24982696270633
Q9H999,3.9050912586923663
Q9H9A5,85.6881803088857
Q9H9A7,125.88970929648254
Q9H9B1,102.37079413555891
Q9H9B4,13.146949285218842
Q9H9C1,68.03096821594174
Q9H9D4,76.8628870736199
Q9H9E1,15.307943464274647
Q9H9E3,15.302406023706808
Q9H9F9,22.16725445641397
Q9H9G7,58.338617614247866
Q9H9H4,7.589185314675087
Q9H9J2,0.0
Q9H9J4,252.75077948259423
Q9H9K5,51.11473142361368
Q9H9L4,30.524961176125856
Q9H9L7,10.417635723800156
Q9H9P2,49.432329893915224
Q9H9P5,261.20726482732397
Q9H9P8,33.16830783491673
Q9H9Q2,0.32801543215031803
Q9H9Q4,28.956228038315093
Q9H9S0,61.90902878420599
Q9H9S5,0.0
Q9H9T3,9.350852878762257
Q9H9V4,0.0
Q9H9V9,6.3445895337452995
Q9H9Y6,32.856554933766354
Q9H9Z2,2.974227530654023
Q9HA38,8.583237166507427
Q9HA47,42.27524593693818
Q9HA65,23.49280666247417
Q9HA82,1.1458609852744417
Q9HAB3,2.5040932083211445
Q9HAB8,0.8955186114719624
Q9HAC7,54.88717292619013
Q9HAC8,0.49838292243523896
Q9HAD4,0.0972152149685984
Q9HAF1,18.76586041901662
Q9HAI6,8.832485975271274
Q9HAJ7,6.7699347195302675
Q9HAK2,387.7877703509192
Q9HAN9,1.9542608451906207
Q9HAP2,133.8276285819657
Q9HAP6,20.58872177436547
Q9HAQ2,68.46779571344905
Q9HAR2,309.7965240695447
Q9HAS3,25.202827485998185
Q9HAT0,0.0
Q9HAT2,25.380832529625614
Q9HAT8,40.56900722834403
Q9HAU0,196.78444213665952
Q9HAU4,81.00336163902651
Q9HAU5,5.615818585520808
Q9HAU8,3.800400790903579
Q9HAV0,12.008965046952458
Q9HAV4,10.917797634530466
Q9HAV5,53.58417816252795
Q9HAV7,1.776937967514939
Q9HAW0,40.75440741637405
Q9HAW4,104.46673943718892
Q9HAW7,2.560237575326407
Q9HAW8,2.560237575326407
Q9HAW9,2.560237575326407
Q9HAY6,4.104786146241938
Q9HAZ1,11.662682362514833
Q9HAZ2,122.15246573366156
Q9HB03,0.0
Q9HB07,17.033483946756032
Q9HB19,81.90016530243676
Q9HB20,32.39637640464122
Q9HB21,53.16254464415283
Q9HB29,0.8163037933116709
Q9HB55,0.23965366011782968
Q9HB58,18.680905716095175
Q9HB63,52.11886485435206
Q9HB65,13.860253294593392
Q9HB71,0.014484532184634497
Q9HB75,9.126986508499739
Q9HB89,25.908666244240322
Q9HB90,52.226485291748816
Q9HB96,6.999515801542631
Q9HBA0,45.046515459322194
Q9HBB8,385.7991211000069
Q9HBD1,231.42558681587565
Q9HBE1,96.27621324606083
Q9HBE4,0.0
Q9HBE5,87.37933326849492
Q9HBF4,41.277180431634996
Q9HBG4,22.8797777786868
Q9HBG6,13.196157950614598
Q9HBG7,110.30278682383042
Q9HBH0,2.015401964199297
Q9HBH1,5.563316022331769
Q9HBH5,13.428133280183792
Q9HBH7,0.0
Q9HBH9,0.23140062036139986
Q9HBI0,0.0
Q9HBI1,0.0
Q9HBI6,0.5573593473350539
Q9HBJ7,86.95419574169689
Q9HBJ8,0.0
Q9HBK9,6.533315907112083
Q9HBL0,904.1547510175164
Q9HBL8,4.236918506209909
Q9HBM0,4.274064633983603
Q9HBM1,1.4783162138202879
Q9HBM6,14.007602515036101
Q9HBT6,56.158947592588696
Q9HBT8,26.61469993786032
Q9HBU1,2.6837306755189765
Q9HBU6,4.219770280207804
Q9HBV2,7.856056425454892
Q9HBW0,19.00759741291489
Q9HBW1,37.404090757954584
Q9HBW9,28.041364554804474
Q9HBX8,49.15969173564411
Q9HBX9,2.1908782199865064
Q9HBY0,11.800189594953622
Q9HBY8,42.482209490593945
Q9HBZ2,310.65331138123383
Q9HC07,2.7479959226017385
Q9HC10,58.053351811887644
Q9HC16,1.138825617643216
Q9HC21,10.89627346072275
Q9HC23,7.461671607747981
Q9HC24,2.688980428346527
Q9HC29,7.774752899893427
Q9HC35,63.40804635358441
Q9HC36,6.474554577235454
Q9HC52,127.75313372528996
Q9HC58,39.4333368625947
Q9HC62,132.05016007965432
Q9HC73,1.7238604311321097
Q9HC77,121.44373234715698
Q9HC78,172.84904622319675
Q9HC84,4726.8635044369685
Q9HC96,70.52962604613118
Q9HC97,0.0
Q9HC98,30.01993426881767
Q9HCB6,25.188950482633278
Q9HCC0,16.46225877801399
Q9HCC8,1.8922640779997424
Q9HCC9,99.74517830709678
Q9HCD5,259.8279671185412
Q9HCD6,586.2905862988518
Q9HCE0,63.220246896290746
Q9HCE1,39.497656261264574
Q9HCE5,46.900967725673496
Q9HCE6,69.94414669069322
Q9HCE7,60.033572332212486
Q9HCE9,201.16730436220962
Q9HCF6,95.35352363594023
Q9HCG7,70.31970283985095
Q9HCG8,120.61657497086676
Q9HCH0,545.6178070179305
Q9HCH3,35.008187674667504
Q9HCH5,165.24237555046685
Q9HCI5,359.67983967478193
Q9HCI7,13.847767282773027
Q9HCJ0,2009.5677264969083
Q9HCJ1,3.9384121174248867
Q9HCJ2,58.34215131968803
Q9HCK0,9.515379866683872
Q9HCK4,434.58670053838307
Q9HCK5,68.48785183966484
Q9HCK8,310.2952184023945
Q9HCL2,8.097857770764048
Q9HCM1,368.9922035374694
Q9HCM2,99.00797907073994
Q9HCM3,406.7108069337754
Q9HCM4,52.43985246344145
Q9HCM9,0.0
Q9HCN3,89.37310057348103
Q9HCN4,2.843330235813007
Q9HCN6,43.3568971039104
Q9HCP0,67.82168716583593
Q9HCP6,0.0
Q9HCQ5,13.5908860406022
Q9HCQ7,10.054353128859356
Q9HCR9,188.61915982377647
Q9HCS2,5.58602443672859
Q9HCS4,118.15605945395782
Q9HCS7,16.116301208572068
Q9HCU0,87.22205314802997
Q9HCU4,520.6523985570741
Q9HCU5,12.920932561152354
Q9HCU8,0.9510952978286318
Q9HCU9,2.9238009194049805
Q9HCX3,54.56661881697357
Q9HCX4,1.8403880881669017
Q9HCY8,0.0
Q9HD15,29.762356621230992
Q9HD20,16.826165673098807
Q9HD23,0.0
Q9HD26,63.582394167204015
Q9HD34,0.0
Q9HD36,0.0
Q9HD40,3.76007517509784
Q9HD42,0.17205569252275113
Q9HD43,427.7624067956383
Q9HD47,5.770982972889011
Q9HD67,111.36478193112183
Q9HD89,0.0
Q9HD90,77.4524545629984
Q9HDB5,182.59141935088712
Q9HDC5,261.964625006251
Q9HDC9,55.49284284093967
Q9HDD0,0.0
Q9N2K0,9.38587445908778
Q9NNW5,119.22394477608677
Q9NNW7,29.331981665852517
Q9NNX6,2.470939068174412
Q9NP31,72.63484165320868
Q9NP50,31.809815707349717
Q9NP55,0.0
Q9NP56,16.694108751724226
Q9NP58,2.5354539467075083
Q9NP59,7.287229553261852
Q9NP60,0.9789405535080862
Q9NP61,81.624282401316
Q9NP62,77.66071683060494
Q9NP64,19.674056792027308
Q9NP66,22.142351732325636
Q9NP70,34.40371763446523
Q9NP71,133.22502038575266
Q9NP72,17.587618644569496
Q9NP73,257.0289041967628
Q9NP74,72.93341635633057
Q9NP77,14.4581647998254
Q9NP78,22.629134466963812
Q9NP79,56.87885762117586
Q9NP80,15.012966472230051
Q9NP81,15.07114120614596
Q9NP84,13.962948737918042
Q9NP85,28.207597481842104
Q9NP86,0.0
Q9NP87,13.810289593182166
Q9NP90,2.0342539376741238
Q9NP91,1.4260182773793872
Q9NP94,10.940826866888546
Q9NP95,8.837858133542731
Q9NP97,1.9400661862298771
Q9NP98,256.3922782805194
Q9NP99,34.18301664878727
Q9NPA0,54.96009582672583
Q9NPA1,10.561824426527334
Q9NPA2,44.97176128461517
Q9NPA8,0.0
Q9NPB1,0.0
Q9NPB3,41.62416196264546
Q9NPB6,80.17690135506251
Q9NPB9,0.2857530223665287
Q9NPC1,44.72394750811087
Q9NPC2,2.969268950278376
Q9NPC3,51.69161133472766
Q9NPC4,16.8562162197751
Q9NPC6,42.2512076432099
Q9NPC7,12.726426114088792
Q9NPC8,103.00400095733298
Q9NPD3,1.2850655931470456
Q9NPD5,37.855155523232426
Q9NPD8,0.6224059038757972
Q9NPE2,65.16684516659348
Q9NPE3,5.248369724819689
Q9NPE6,95.392479238916
Q9NPF0,117.10746676033935
Q9NPF2,3.983638270785777
Q9NPF4,21.786232757559688
Q9NPF5,10.056221580700024
Q9NPF7,3.5315004442785134
Q9NPF8,11.275343087308677
Q9NPG1,118.09038747118757
Q9NPG2,0.0
Q9NPG3,356.9461477438314
Q9NPG4,103.60001635605306
Q9NPG8,0.1907280271012045
Q9NPH0,31.775907799123406
Q9NPH2,39.729777631350196
Q9NPH3,1.9455372750401847
Q9NPH5,13.565082388858034
Q9NPH9,0.0
Q9NPI0,0.0
Q9NPI1,29.43422797115762
Q9NPI5,2.009257201200581
Q9NPI6,44.342959506840174
Q9NPI8,0.0
Q9NPI9,7.2657970917374515
Q9NPJ1,16.046334193468933
Q9NPJ3,0.1526598153092492
Q9NPJ4,29.652359898513698
Q9NPJ6,66.58688526640887
Q9NPJ8,3.988199788084627
Q9NPL8,0.0
Q9NPP4,4.978929038975735
Q9NPQ8,7.4837232971612515
Q9NPR2,97.27293738256414
Q9NPR9,16.056449872464015
Q9NPY3,129.8640804893299
Q9NPZ5,2.8001986622604633
Q9NQ11,30.698328493463634
Q9NQ25,14.241737303686985
Q9NQ29,7.428462330975892
Q9NQ30,44.89045376888199
Q9NQ31,24.054344074040294
Q9NQ36,225.33578166645083
Q9NQ38,256.2052386860571
Q9NQ40,10.313888463742073
Q9NQ48,0.0
Q9NQ50,6.306251160608941
Q9NQ55,4.923463496169966
Q9NQ66,56.432484789532054
Q9NQ69,50.60086722193377
Q9NQ75,157.304663306193
Q9NQ76,132.73289484722974
Q9NQ79,82.54189564472446
Q9NQ84,59.18299458631493
Q9NQ86,26.067717292331288
Q9NQ87,58.26672073593263
Q9NQ88,9.643138410193782
Q9NQ90,108.75508554716846
Q9NQ92,5.431296531641152
Q9NQ94,62.98464303988356
Q9NQA3,66.81372949844288
Q9NQA5,15.063627860505196
Q9NQB0,96.04698825868326
Q9NQC1,65.06929088504859
Q9NQC3,28.2567227423513
Q9NQC7,91.85409337672303
Q9NQC8,5.268136166953888
Q9NQE9,8.66220543030109
Q9NQG1,0.0
Q9NQG5,0.42515682238111696
Q9NQG6,34.77644469172102
Q9NQG7,85.17388958707255
Q9NQH7,17.27479638273874
Q9NQI0,458.8440772072173
Q9NQL2,2.2200152241409956
Q9NQL9,34.79320491475437
Q9NQM4,15.948635504531037
Q9NQP4,0.0
Q9NQQ7,9.230448312387232
Q9NQR1,31.774247593895915
Q9NQR4,8.31603469435344
Q9NQR9,14.97581353590552
Q9NQS3,23.914292409143385
Q9NQS5,6.221935992129536
Q9NQS7,82.73874735091104
Q9NQT4,22.838399688203165
Q9NQT5,37.27228956053263
Q9NQT8,188.75007008779372
Q9NQU5,130.14885446844363
Q9NQV5,32.6106307260831
Q9NQV6,114.25158487303766
Q9NQV7,62.34017337939719
Q9NQV8,428.74380765962644
Q9NQW1,104.0985269333202
Q9NQW5,49.93879747217255
Q9NQW6,132.89007186231893
Q9NQW7,18.59458355480815
Q9NQW8,20.46490433848551
Q9NQX0,148.02384410051337
Q9NQX1,15.715231223834724
Q9NQX3,34.81896898340314
Q9NQX4,79.73014389826257
Q9NQX5,63.302958027928796
Q9NQX7,6.1641399976754245
Q9NQY0,0.0
Q9NQZ2,15.944041412478022
Q9NQZ3,71.23514483348202
Q9NQZ6,0.008885803225425912
Q9NQZ7,5.980083901289325
Q9NQZ8,82.79172905842127
Q9NR00,0.8283139898175848
Q9NR09,533.5388894765067
Q9NR11,63.840266857715456
Q9NR12,53.22159937931576
Q9NR16,53.50428848481819
Q9NR19,46.74734925409787
Q9NR20,12.203159140287118
Q9NR21,21.26574270700176
Q9NR22,8.656810842405873
Q9NR23,0.0
Q9NR28,1.2791131209253381
Q9NR30,40.47525653025717
Q9NR31,1.4911047503786838
Q9NR33,0.0
Q9NR34,32.84462652514601
Q9NR45,3.978435556431403
Q9NR46,21.880458921535173
Q9NR48,431.7912507799817
Q9NR50,8.219212529972278
Q9NR55,1.0730023773447726
Q9NR56,23.923277132710382
Q9NR61,185.33595274931525
Q9NR63,4.820476435606911
Q9NR71,149.46509138793553
Q9NR77,0.0
Q9NR80,26.53675735944418
Q9NR81,13.696919702757643
Q9NR82,157.0425734461407
Q9NR83,78.73229464084818
Q9NR90,23.27852311136194
Q9NR96,3.5677983382809537
Q9NR97,48.13977631337407
Q9NR99,302.3268953110356
Q9NRA0,51.56590367029036
Q9NRA1,39.09194525881782
Q9NRA2,2.0902350880222085
Q9NRA8,164.7529311960431
Q9NRB3,23.910430162770172
Q9NRC1,83.83573823802266
Q9NRC6,102.17574119328731
Q9NRC8,16.243161376907185
Q9NRD1,8.733326864687278
Q9NRD5,14.693652348141606
Q9NRD8,105.03604354133654
Q9NRD9,94.90226260159338
Q9NRE1,28.347070724384757
Q9NRE2,173.6976170017549
Q9NRF2,309.920020217216
Q9NRF8,18.318527145465183
Q9NRF9,0.0
Q9NRG0,4.319584754815442
Q9NRG1,3.4507895527626795
Q9NRG4,0.0
Q9NRG9,45.102158486862336
Q9NRH2,252.67168751676513
Q9NRH3,18.49682433060781
Q9NRI5,154.29275543343047
Q9NRJ3,0.0
Q9NRJ4,226.66976556827998
Q9NRJ7,69.8746880368063
Q9NRK6,18.939160511270156
Q9NRL2,104.35102492591734
Q9NRL3,153.27647561002982
Q9NRM0,18.41151476947888
Q9NRM1,533.72685952134
Q9NRM6,29.253126486188222
Q9NRM7,200.12194977396382
Q9NRN7,12.602212816983446
Q9NRN9,6.116373196288551
Q9NRP0,0.0
Q9NRP7,18.159183186404952
Q9NRQ2,63.842127619544605
Q9NRQ5,0.0
Q9NRR2,74.85633197409118
Q9NRR3,64.58724159459611
Q9NRR4,152.4106104913443
Q9NRR5,325.4682999020487
Q9NRR6,146.07897195191342
Q9NRR8,10.186262529135973
Q9NRS4,19.40809662635356
Q9NRS6,3.0702287167165654
Q9NRW1,0.6506852359449116
Q9NRW3,0.0
Q9NRW4,0.0
Q9NRW7,4.921242575283063
Q9NRX2,6.389163715999722
Q9NRX4,13.773915597701507
Q9NRX5,9.075197572856409
Q9NRX6,0.0
Q9NRY2,7.656994110427721
Q9NRY4,141.3784991750946
Q9NRY6,17.428860981443094
Q9NRY7,22.621726966058887
Q9NRZ5,3.6563412175518817
Q9NRZ7,0.0
Q9NRZ9,11.84472068225338
Q9NS00,1.5435145189858366
Q9NS15,308.69721353857375
Q9NS18,0.3359262131103869
Q9NS23,1.0863242624933103
Q9NS37,138.1278589945159
Q9NS39,53.807619542809924
Q9NS40,110.73758018996008
Q9NS56,167.08317042051732
Q9NS61,17.2452903178147
Q9NS62,90.86238947379633
Q9NS64,0.2034718557258878
Q9NS68,42.03812601389197
Q9NS69,8.80073873196115
Q9NS71,53.77575266091226
Q9NS73,32.61324075692046
Q9NS75,21.989253852598555
Q9NS82,10.487328294697289
Q9NS84,16.905325128586266
Q9NS86,6.457049529261564
Q9NS87,74.84157983207258
Q9NS91,7.676279209274238
Q9NSA0,9.105467253224111
Q9NSA1,18.550314926955753
Q9NSA2,129.23478634505068
Q9NSA3,0.26433901887429795
Q9NSB2,143.56387753960115
Q9NSB4,20.786100800566405
Q9NSB8,17.71993263096703
Q9NSC2,569.6003259693014
Q9NSC5,14.725174069351185
Q9NSC7,31.096066730810538
Q9NSD4,35.365878974311464
Q9NSD5,8.233340323583878
Q9NSD7,12.984118938886366
Q9NSD9,3.181552619691825
Q9NSE2,3.6919736477234677
Q9NSE4,57.28338776194873
Q9NSI6,320.0220654497564
Q9NSI8,184.39687630391418
Q9NSK0,50.85647045971875
Q9NSK7,1.4182945436831167
Q9NSN8,34.696062257073706
Q9NST1,11.157873503741966
Q9NSU2,48.181792197147
Q9NSV4,66.48150910914643
Q9NSY1,221.43321629560774
Q9NT22,48.93482533657482
Q9NT62,0.16363079331797056
Q9NT68,382.3812567263959
Q9NT99,360.60846424718693
Q9NTG1,62.419634665479904
Q9NTG7,82.0329593746433
Q9NTI2,32.8409282353022
Q9NTI5,54.15605071013256
Q9NTJ3,29.26832396774357
Q9NTJ4,65.45544778147055
Q9NTJ5,4.501731089206308
Q9NTK1,36.642109814234594
Q9NTK5,2.881789210377462
Q9NTM9,30.09822326054658
Q9NTN3,0.32409769746854167
Q9NTN9,116.34073029967848
Q9NTQ9,14.768068377562116
Q9NTW7,33.152751863961605
Q9NTX7,108.7804636037917
Q9NTX9,18.685375077272806
Q9NU19,23.405418367732022
Q9NU22,61.23650883041512
Q9NU39,53.02831826486227
Q9NU63,6.596306375734522
Q9NUB1,5.354774056049724
Q9NUD5,52.34259076366672
Q9NUD9,0.0
Q9NUE0,80.6678917036022
Q9NUH8,0.0
Q9NUI1,18.87421244979936
Q9NUJ1,22.712545580039986
Q9NUJ3,7.887734127141257
Q9NUK0,29.08758080829418
Q9NUL3,108.90812013655213
Q9NUL5,45.50623044997395
Q9NUL7,3.077585669550964
Q9NUM3,29.21387380992601
Q9NUM4,29.437932796314612
Q9NUN5,19.843931930723258
Q9NUN7,0.0
Q9NUP9,15.90261451218187
Q9NUQ2,1.6889381227486588
Q9NUQ3,28.11083693963846
Q9NUQ7,3.323610905341563
Q9NUQ9,5.885321969043371
Q9NUS5,0.8827259145237656
Q9NUT2,26.8794071800251
Q9NUU6,1.450288999642152
Q9NUU7,14.485156348544693
Q9NUV7,9.879228980535977
Q9NUV9,26.678030119966127
Q9NUW8,42.81856876814581
Q9NUX5,14.439301213097927
Q9NUY8,100.43259022590917
Q9NV06,3.9007308281591797
Q9NV12,0.0
Q9NV23,0.0
Q9NV29,0.0
Q9NV31,0.0
Q9NV35,4.973554209898176
Q9NV56,17.704632453156485
Q9NV58,258.04044019549497
Q9NV64,48.29425104744742
Q9NV70,76.3235666354244
Q9NV79,0.0
Q9NV88,13.085725530364774
Q9NV92,72.3381582638797
Q9NV96,32.847563473756594
Q9NVA1,25.229141586359244
Q9NVA2,3.7102100193071443
Q9NVC3,5.5114858065081425
Q9NVC6,34.43969710668549
Q9NVD3,8.317340298877122
Q9NVD7,0.665810814897581
Q9NVE5,62.533189055651206
Q9NVE7,42.85288020744861
Q9NVF7,49.0947417440607
Q9NVF9,0.5028899634114092
Q9NVH0,9.846144906799694
Q9NVH1,44.00586283053939
Q9NVH2,10.377357707096937
Q9NVH6,1.3876066840322328
Q9NVI1,10.967796933244518
Q9NVI7,33.470009771952846
Q9NVJ2,0.0
Q9NVL1,14.88981955072326
Q9NVM4,6.136489408189529
Q9NVM9,37.50850442788319
Q9NVN3,3.3972776115305923
Q9NVN8,5.24885389112397
Q9NVP1,50.904502465913126
Q9NVP2,0.0
Q9NVR2,20.875739228640494
Q9NVR5,193.17249131958812
Q9NVS9,10.424090816778843
Q9NVT9,14.452883626841455
Q9NVU0,69.96450403191977
Q9NVU7,0.9161576322483556
Q9NVV0,12.308057437757531
Q9NVV4,23.10668159972422
Q9NVV5,0.33808275012314076
Q9NVV9,0.0
Q9NVW2,476.6105415949922
Q9NVX0,0.0
Q9NVX2,18.517155220831544
Q9NW08,36.97089378534479
Q9NW13,0.5252646452706107
Q9NW15,8.353499927984632
Q9NW38,0.0
Q9NW64,33.38827368925523
Q9NW75,94.63875603556784
Q9NW81,0.0
Q9NW97,15.625990298105277
Q9NWA0,0.0
Q9NWB1,20.7804538125928
Q9NWB7,17.718435660226458
Q9NWD8,17.293988102858286
Q9NWD9,7.668079772146031
Q9NWF4,9.680079684156171
Q9NWF9,13.098577076104306
Q9NWH2,10.743254745427071
Q9NWH9,339.7497014502556
Q9NWK9,12.697512966462309
Q9NWM0,50.348541897882406
Q9NWM8,1.1145185551488581
Q9NWN3,50.005950162686034
Q9NWQ4,24.173166176019297
Q9NWQ8,85.26555281418851
Q9NWQ9,7.282493521502149
Q9NWR8,0.0
Q9NWS0,7.188243640100553
Q9NWS1,65.2646303457667
Q9NWS6,3.981169983969026
Q9NWS8,1.488622940965067
Q9NWS9,55.552129382883265
Q9NWT1,0.0
Q9NWT6,4.07583933906741
Q9NWT8,14.644420606337782
Q9NWU1,11.878979444915103
Q9NWU2,0.0
Q9NWU5,0.0
Q9NWV8,9.74048489446552
Q9NWW5,11.219416845846883
Q9NWW6,5.463641294232428
Q9NWW9,13.21310566165528
Q9NWX5,0.19024212405847382
Q9NWX6,0.9381478971466558
Q9NWY4,2.905660768115035
Q9NWZ3,22.418587626839084
Q9NWZ5,24.97108376869555
Q9NWZ8,4.725137465010964
Q9NX01,1.8985091540451366
Q9NX02,0.0
Q9NX04,0.0
Q9NX07,17.966044317650574
Q9NX09,32.44592422655432
Q9NX14,0.0
Q9NX18,0.7396385464544719
Q9NX24,0.5665248948346017
Q9NX40,38.471221048520704
Q9NX46,20.14106635647833
Q9NX47,0.21691303635750053
Q9NX52,0.0
Q9NX55,0.0
Q9NX57,0.0
Q9NX58,16.379641612995968
Q9NX61,10.63300519149615
Q9NX62,31.006188593367398
Q9NX63,24.81799812454149
Q9NX65,62.15730964496436
Q9NX70,57.63419782130984
Q9NX74,18.053052154801406
Q9NX76,7.164450134464801
Q9NX94,83.84665669728284
Q9NX95,296.00020069961397
Q9NXA8,12.46575116068519
Q9NXB0,11.5403554169667
Q9NXB9,0.37027178311133985
Q9NXC2,1.7626484018658075
Q9NXC5,55.79183169581087
Q9NXE4,42.69553025788436
Q9NXE8,32.49316475271604
Q9NXF8,3.8147726152264623
Q9NXG0,22.255884051146015
Q9NXG6,17.493539095910485
Q9NXH9,28.13844730814354
Q9NXI6,17.68710880267452
Q9NXJ5,2.306426202427307
Q9NXK8,0.0
Q9NXL9,156.44197087810474
Q9NXR1,142.62548797012963
Q9NXR5,106.4848665405278
Q9NXR7,9.31085750617936
Q9NXR8,241.09949240585712
Q9NXS2,2.6066498043278097
Q9NXV2,1.7965194740812866
Q9NXV6,363.75159963213775
Q9NXW2,71.09598760023192
Q9NXW9,0.0
Q9NXX6,5.196883520813076
Q9NY12,335.2658500846245
Q9NY15,512.9524916921569
Q9NY25,50.36104655610625
Q9NY26,30.132743897832775
Q9NY27,78.50750963430593
Q9NY28,1.571091656947748
Q9NY30,14.051036565013893
Q9NY33,17.762071497406303
Q9NY46,200.20958461202477
Q9NY47,38.865003162510774
Q9NY56,0.35501933529162377
Q9NY59,178.2890560935428
Q9NY61,12.765964020806909
Q9NY64,13.047438971259027
Q9NY65,11.717168441825578
Q9NY72,3.8042716003017447
Q9NY74,194.53835623798872
Q9NY91,3.640718983868528
Q9NY93,3.1098405832275113
Q9NY97,2.892645624028071
Q9NY99,81.31647409795482
Q9NYA1,1.8862905802476526
Q9NYA3,23.91623056858544
Q9NYA4,202.77903166234523
Q9NYB0,23.662534788459617
Q9NYB5,26.70673301607718
Q9NYB9,233.95420591123636
Q9NYC9,51.03100965025391
Q9NYD6,96.67922795301136
Q9NYF0,138.39292450599626
Q9NYF8,259.80332632585566
Q9NYG2,1.5118613181102285
Q9NYG5,0.0
Q9NYG8,15.738208532306093
Q9NYH9,0.0
Q9NYI0,164.36531392342403
Q9NYJ7,154.20723119096172
Q9NYJ8,416.07332017086264
Q9NYK1,24.052700519751262
Q9NYK5,0.0
Q9NYK6,8.770733920797156
Q9NYL2,186.29624996885173
Q9NYL5,0.06948346448986066
Q9NYM4,9.874103370317089
Q9NYP3,25.16427089079648
Q9NYP7,13.203394720367196
Q9NYP9,25.121493044162975
Q9NYQ3,0.5447925035640694
Q9NYQ6,374.2190092656284
Q9NYQ7,656.182457120433
Q9NYQ8,252.65621622388562
Q9NYR8,0.5877491907008572
Q9NYR9,2.8401800815435663
Q9NYS0,0.5588837199858493
Q9NYU1,9.77585089962282
Q9NYU2,46.801444023350136
Q9NYV4,417.9179122027763
Q9NYV6,29.17670018895194
Q9NYV7,0.0
Q9NYW0,0.9719534650023612
Q9NYW4,0.0
Q9NYW5,1.1106968030466626
Q9NYW8,55.255613275894476
Q9NYX4,11.643452806698221
Q9NYY1,3.3329434168062435
Q9NYY3,17.060569159181743
Q9NYY8,5.6889024744267225
Q9NYZ1,2.7852226672216225
Q9NYZ2,44.644755516904866
Q9NYZ3,113.51528992619636
Q9NYZ4,108.7467435141752
Q9NZ01,0.0
Q9NZ08,79.9976432129549
Q9NZ09,105.66710189970554
Q9NZ20,54.435425049320216
Q9NZ42,0.0
Q9NZ43,1.3769535484676836
Q9NZ45,4.768773554113823
Q9NZ52,63.24772173854667
Q9NZ53,82.29043851195118
Q9NZ56,264.6660618501085
Q9NZ71,117.18164344653145
Q9NZ72,5.911725566779696
Q9NZ81,78.62709937140029
Q9NZ94,39.45920429584365
Q9NZA1,4.458247058607247
Q9NZB2,348.2243127668552
Q9NZB8,48.14104183710372
Q9NZC2,6.706707933296502
Q9NZC3,8.72388909721463
Q9NZC4,10.08034386817405
Q9NZC7,33.33252083709802
Q9NZC9,118.60286171229035
Q9NZD1,0.0
Q9NZD2,0.0
Q9NZD4,0.0
Q9NZD8,0.0
Q9NZE8,2.9006943187930787
Q9NZG7,8.24129993792953
Q9NZH0,17.82173267533067
Q9NZH6,3.4476162288679513
Q9NZH7,1.4977736887206867
Q9NZH8,20.22758911904841
Q9NZI2,0.0456615830880577
Q9NZI5,41.299980007045875
Q9NZI6,57.741454508894584
Q9NZI7,107.63493565317061
Q9NZI8,43.81209736639279
Q9NZJ0,92.96354006642416
Q9NZJ4,89.9722776618716
Q9NZJ5,93.62026425255716
Q9NZJ6,0.0
Q9NZJ7,69.83608246589628
Q9NZJ9,16.96017284605639
Q9NZK5,0.1066195236399044
Q9NZK7,0.0
Q9NZL3,76.24808081408645
Q9NZL4,112.36232165149893
Q9NZL9,2.5439325538280344
Q9NZM1,91.17117233952689
Q9NZM3,220.56679412831488
Q9NZM4,383.32265999163246
Q9NZM5,23.699835494674495
Q9NZM6,5.077455001971323
Q9NZN1,15.6325871554204
Q9NZN3,12.357729408492101
Q9NZN4,8.024839856494348
Q9NZN5,234.6754345675741
Q9NZN8,359.7151529941044
Q9NZN9,0.0
Q9NZP6,603.9820984871609
Q9NZP8,55.38648504803407
Q9NZQ3,175.29419630780242
Q9NZQ7,16.288386518421472
Q9NZQ8,45.46085471741839
Q9NZR1,8.720541483739938
Q9NZR2,260.0663862112209
Q9NZR4,98.07265653888007
Q9NZS2,38.0445454651471
Q9NZS9,17.501832431054513
Q9NZT1,5.200117109283135
Q9NZU0,44.241781372031845
Q9NZU1,42.16646837238314
Q9NZU5,7.2850878045760545
Q9NZU7,33.73407014503546
Q9NZV1,36.24766330419796
Q9NZV5,0.7488003003018914
Q9NZV6,10.687245621715958
Q9NZV7,69.43904341988491
Q9NZV8,34.41035098619921
Q9NZW4,1317.3029264881156
Q9NZZ3,3.945407533455809
Q9P000,0.0
Q9P003,4.546630541597105
Q9P013,19.486628059937438
Q9P021,15.115304909611403
Q9P032,0.0
Q9P035,0.8240507311917833
Q9P086,13.285054841127323
Q9P0B6,0.0
Q9P0G3,62.725052507829844
Q9P0I2,2.5678787637901936
Q9P0J0,6.470267332338382
Q9P0J1,5.65064924544325
Q9P0J7,119.7784464145849
Q9P0K1,184.5793658427226
Q9P0K7,75.46419277086747
Q9P0K8,248.18790906849193
Q9P0K9,56.66960695614501
Q9P0L0,14.349931792571114
Q9P0L1,129.84870768036188
Q9P0L2,191.75365904109896
Q9P0L9,64.1684851476679
Q9P0M2,8.101347637505343
Q9P0M6,24.51376883110632
Q9P0N5,0.0
Q9P0N8,2.9649082711452106
Q9P0N9,0.08534559795074355
Q9P0P0,0.012267992290702705
Q9P0P8,0.0
Q9P0R6,0.0
Q9P0S3,0.0
Q9P0S9,0.0
Q9P0T4,47.60961113761558
Q9P0T7,0.0
Q9P0U1,0.0
Q9P0U3,211.86358024164915
Q9P0U4,30.84158753330852
Q9P0V3,45.11416212960347
Q9P0V8,4.825506592701374
Q9P0W0,0.0
Q9P0W2,24.555562558034502
Q9P0W8,72.15364954065012
Q9P0X4,367.2127791806173
Q9P0Z9,1.060359463253912
Q9P107,141.75032048426522
Q9P109,1.3314117742855807
Q9P121,36.00776034635001
Q9P126,2.7265893329339064
Q9P127,82.6448546925031
Q9P1A6,204.41572388088062
Q9P1Q0,29.252993318881003
Q9P1T7,91.99141029898793
Q9P1W8,22.93527825147955
Q9P1W9,4.020724121216836
Q9P1Y5,168.63997524595362
Q9P1Z0,471.7847588313074
Q9P1Z2,46.50166062807604
Q9P1Z3,58.52897358745347
Q9P202,371.61204535025627
Q9P209,81.11628736930015
Q9P212,195.0889259614557
Q9P218,418.73076361818374
Q9P219,292.4787244530975
Q9P225,32.35271187055106
Q9P232,113.9892502208944
Q9P241,97.67528035305017
Q9P243,34.46969361503977
Q9P246,46.34522812660428
Q9P253,8.999399595739277
Q9P258,83.2740648232902
Q9P266,454.94907946487933
Q9P267,736.0028989860043
Q9P270,338.12730303357523
Q9P272,83.89160410054984
Q9P273,299.74961818653037
Q9P275,348.32180553837037
Q9P278,284.87182016686654
Q9P283,222.930691156294
Q9P286,210.0475707744634
Q9P287,0.0
Q9P289,4.993596283450463
Q9P296,0.5143065862147582
Q9P2A4,20.594717731336313
Q9P2B2,42.183783553501
Q9P2B4,225.65983886158708
Q9P2D0,171.7676491159076
Q9P2D1,611.5342539679266
Q9P2D3,68.07422936634842
Q9P2D7,75.42419825412871
Q9P2E2,84.83202752554973
Q9P2E3,44.81189799953022
Q9P2E5,47.56409444436673
Q9P2E8,46.311156662397984
Q9P2E9,36.306105092407165
Q9P2F6,220.5037265888333
Q9P2F9,3.2879357868230104
Q9P2G1,200.98059844665832
Q9P2G3,51.923305704316036
Q9P2G4,162.5883218095961
Q9P2G9,42.79400667969823
Q9P2H0,200.44560578787025
Q9P2H3,5.318679734910101
Q9P2I0,1.1185555594999268
Q9P2J2,214.4902631439574
Q9P2J3,13.426958910792713
Q9P2J5,27.932442831165325
Q9P2K1,19.108818149656788
Q9P2K2,1.5480371688198344
Q9P2K3,34.202133375894604
Q9P2K5,496.6776784163967
Q9P2K6,18.227780969090368
Q9P2K8,105.16155301181594
Q9P2K9,33.80934437517014
Q9P2L0,33.060980875646656
Q9P2M1,0.872544888774575
Q9P2M4,32.230073210525575
Q9P2M7,129.28725125906774
Q9P2N4,322.8262807866655
Q9P2N6,198.7254775072963
Q9P2N7,27.38038950127629
Q9P2P5,198.1778884559924
Q9P2P6,952.7803922902422
Q9P2Q2,480.22777673439793
Q9P2R3,31.49344585806852
Q9P2R6,277.3491695130913
Q9P2R7,2.506111892543409
Q9P2S2,268.4239018064884
Q9P2S5,11.120654860342908
Q9P2T1,16.698966671556175
Q9P2U7,5.159090215483311
Q9P2U8,44.35842449610132
Q9P2W1,3.374760041320485
Q9P2W3,0.0
Q9P2W7,2.633386507142953
Q9P2W9,19.62249791593063
Q9P2X0,0.0
Q9P2X3,3.021299719332422
Q9P2Y4,161.06668142118184
Q9P2Y5,88.19702806241439
Q9UBB4,0.0
Q9UBB5,223.9603799852728
Q9UBB6,3.971954038544397
Q9UBB9,36.47578372979964
Q9UBC0,217.897618452774
Q9UBC1,31.13308909598362
Q9UBC2,234.44113258535816
Q9UBC3,77.46193799538631
Q9UBC5,39.79015588177825
Q9UBC7,7.758299069098363
Q9UBC9,33.47993986927095
Q9UBD0,41.04316493523335
Q9UBD3,7.8131391662682415
Q9UBD5,2.6427553435946223
Q9UBD6,9.21618079796766
Q9UBD9,20.615365579068172
Q9UBE0,6.154863680624667
Q9UBE8,10.019273939870354
Q9UBF1,66.4415341558389
Q9UBF2,5.567507926771688
Q9UBF6,14.64121735694081
Q9UBF8,45.59858664061444
Q9UBF9,133.5913268269755
Q9UBG0,211.7609327089956
Q9UBG3,365.2662751056567
Q9UBH0,0.0
Q9UBH6,6.168722233641134
Q9UBI1,0.0
Q9UBI4,50.2970387745993
Q9UBI6,0.06884133749802422
Q9UBJ2,3.015444314392291
Q9UBK2,127.60413777016092
Q9UBK5,26.3197234416811
Q9UBK8,31.171690308337663
Q9UBK9,0.0
Q9UBL3,72.60337706580438
Q9UBL6,10.468996093550727
Q9UBL9,22.22728031055467
Q9UBM1,0.0
Q9UBM4,32.56598529782005
Q9UBM7,6.740382727819132
Q9UBM8,5.11999450171184
Q9UBN1,51.62121444779841
Q9UBN4,15.426004087187552
Q9UBN6,50.86784534206211
Q9UBN7,92.50446175889195
Q9UBP0,72.35898679307208
Q9UBP4,33.426345475220145
Q9UBP5,68.9308323049189
Q9UBP6,7.928245883169886
Q9UBP9,32.541986536188
Q9UBQ0,0.5477880180678647
Q9UBQ5,0.0
Q9UBQ6,37.65538246650132
Q9UBQ7,0.0
Q9UBR1,45.230823376213806
Q9UBR2,12.304293230416695
Q9UBR4,144.3986671500304
Q9UBR5,0.0
Q9UBS0,7.204779117339633
Q9UBS3,97.49497580335085
Q9UBS4,5.506297303804016
Q9UBS5,83.40151485272855
Q9UBS8,6.924607770194332
Q9UBS9,116.62698714630352
Q9UBT2,8.399471089942121
Q9UBT3,14.71726489663186
Q9UBT6,35.455558031059496
Q9UBT7,28.8993469306651
Q9UBU3,0.0
Q9UBU7,50.15518629269154
Q9UBU8,15.946360262558787
Q9UBU9,63.934895287761464
Q9UBV2,36.615204182198234
Q9UBV4,59.158604730871595
Q9UBV7,10.778981269561735
Q9UBV8,344.2199105075695
Q9UBW5,128.42500493056247
Q9UBW7,250.50671776165893
Q9UBW8,1.2102169503069968
Q9UBX0,27.040986066646653
Q9UBX1,38.057036580056376
Q9UBX2,90.04461419950434
Q9UBX3,0.44799165433211735
Q9UBX5,44.584158666068
Q9UBX7,43.00696739116046
Q9UBX8,46.49682063381263
Q9UBY0,56.60674599688325
Q9UBY5,22.14722272302984
Q9UBY8,2.03676930127278
Q9UBY9,49.182961331693605
Q9UBZ4,18.31067843187209
Q9UBZ9,207.79998321589
Q9UC07,22.489290157775983
Q9UD71,3.6972920395104354
Q9UDR5,6.640638599063363
Q9UDT6,198.1135074160333
Q9UDV6,34.01973839642261
Q9UDV7,175.36870379951475
Q9UDW1,0.0
Q9UDW3,0.3540239784597896
Q9UDX3,20.070046824322723
Q9UDY2,154.06340781529224
Q9UDY4,69.58011898404722
Q9UDY6,10.16611676070124
Q9UDY8,94.7699634709293
Q9UEE5,37.36507458218885
Q9UEF7,37.239037084333894
Q9UEG4,64.30625425137704
Q9UER7,134.1642224638635
Q9UET6,12.664338534862805
Q9UEU0,17.336350051843333
Q9UEW3,493.3848913642727
Q9UEW8,4.79271860620212
Q9UEY8,45.828059093164285
Q9UF11,11.566300423565313
Q9UF12,9.722213167563678
Q9UF33,14.418117164711642
Q9UF56,150.8701575545924
Q9UFB7,59.42584049167112
Q9UFC0,25.94701683689758
Q9UFD9,164.08366027107758
Q9UFE4,55.48975474841483
Q9UFF9,3.606921367060524
Q9UFG5,0.0
Q9UFH2,40.079136798873435
Q9UFP1,22.097837872182748
Q9UFW8,6.980947977217128
Q9UG01,22.017806852816218
Q9UG22,18.241542773776935
Q9UG56,30.97225292369352
Q9UGB7,2.216531360184838
Q9UGC6,13.933265658680376
Q9UGC7,24.699609337248386
Q9UGH3,49.860217751093074
Q9UGI0,111.30847679088865
Q9UGI6,118.81634938841125
Q9UGI8,9.838792073387047
Q9UGI9,20.711078479681397
Q9UGJ0,113.02195546515958
Q9UGJ1,11.405746460058934
Q9UGK3,47.711548549046256
Q9UGK8,55.58803622575541
Q9UGL1,62.679801470634494
Q9UGL9,100.84005336719436
Q9UGM1,1.9709716077628072
Q9UGM3,607.0989413693262
Q9UGM5,31.51604463423548
Q9UGM6,1.198817733111018
Q9UGN4,7.453085121597469
Q9UGN5,29.78407278842313
Q9UGP4,430.8097456635812
Q9UGP5,8.70285086363594
Q9UGP8,2.1394247419255232
Q9UGQ3,2.8562799401267602
Q9UGR2,48.207053700149686
Q9UGT4,125.43400123334773
Q9UGU0,1209.749015458525
Q9UGU5,56.857024401435936
Q9UGY1,2.4958623754397413
Q9UH03,23.389581959081053
Q9UH17,0.0
Q9UH65,1.1753604985336068
Q9UH73,310.0267455351137
Q9UH77,37.841460056182996
Q9UH92,35.16193389341838
Q9UH99,159.3967349731563
Q9UHA4,0.0
Q9UHA7,0.0
Q9UHB4,8.47100513915103
Q9UHB6,43.08705502748295
Q9UHB7,529.8540134456583
Q9UHB9,139.1584465395076
Q9UHC1,151.59104357029895
Q9UHC3,46.77601180199922
Q9UHC6,195.6242428462055
Q9UHC7,123.742315260486
Q9UHC9,21.90529796974296
Q9UHD0,0.0
Q9UHD1,18.581854526082626
Q9UHD2,27.125280791028505
Q9UHD4,4.950767278838721
Q9UHD8,20.999281934852117
Q9UHD9,341.86545965405185
Q9UHE5,0.0
Q9UHF0,19.401081764535775
Q9UHF1,65.17690772432512
Q9UHF3,1.0994194199082106
Q9UHF4,20.396354846763
Q9UHF7,264.4417358843262
Q9UHG0,38.487657484679275
Q9UHG2,0.7249763023208524
Q9UHG3,7.110854602672531
Q9UHH9,0.7249291096422803
Q9UHI5,24.26916225899503
Q9UHI6,95.27932705033214
Q9UHI7,29.69814144005945
Q9UHI8,148.53513763121816
Q9UHJ3,19.749873988005984
Q9UHJ6,4.110810057566885
Q9UHJ9,0.0
Q9UHK0,22.838866742840562
Q9UHK6,4.435647574950047
Q9UHL0,6.6235394003834145
Q9UHL4,5.6750280335412855
Q9UHL9,146.27853080404174
Q9UHM6,39.57383229216968
Q9UHN1,29.000824873487225
Q9UHN6,135.62521255076604
Q9UHP3,37.86267237772998
Q9UHP6,0.0
Q9UHP7,1.32857730318446
Q9UHQ1,16.713411901221438
Q9UHQ9,5.192366089162036
Q9UHR4,79.97190284237588
Q9UHR5,17.72828988787176
Q9UHV2,8.563475341676186
Q9UHV7,595.6151554536414
Q9UHV8,0.0
Q9UHV9,11.989004678750353
Q9UHW9,67.60351146634216
Q9UHX1,17.6419791272918
Q9UHX3,95.53213230515641
Q9UHY1,31.777192461076513
Q9UHY7,2.9800758222848485
Q9UHY8,19.930544863207658
Q9UI08,109.56113046090194
Q9UI09,5.457142966221475
Q9UI10,10.255126057961926
Q9UI12,25.014470814888604
Q9UI14,0.4250554945670485
Q9UI17,42.659345586656826
Q9UI26,0.0
Q9UI30,0.0
Q9UI32,42.85805451468221
Q9UI33,26.52594362911117
Q9UI36,779.0744351645844
Q9UI38,13.024008642438176
Q9UI40,16.555032418999005
Q9UI42,52.75207433709583
Q9UI43,6.264183196961481
Q9UI46,30.15464830724112
Q9UI47,7.137269156131577
Q9UI95,0.42800766932321144
Q9UIA0,17.86761664129653
Q9UIA9,11.313737450126617
Q9UIB8,18.708104649418026
Q9UIC8,8.140610868902613
Q9UID3,41.11218675793098
Q9UID6,8.99265439907641
Q9UIE0,45.74069028802913
Q9UIF7,7.563607110057838
Q9UIF8,588.7959840203745
Q9UIF9,312.51756811940805
Q9UIG0,31.466313141744955
Q9UIG4,0.16933305206613755
Q9UIG8,65.08543711337758
Q9UIH9,172.61902012779393
Q9UII2,27.19037348340024
Q9UII4,83.277456162042
Q9UII6,0.0
Q9UIJ5,30.14759789648637
Q9UIJ7,8.240946968159664
Q9UIK4,0.0
Q9UIK5,52.32733523169692
Q9UIL1,0.0
Q9UIL4,34.28413383494007
Q9UIL8,0.48453721757496504
Q9UIQ6,44.50766065770776
Q9UIR0,21.72852802167057
Q9UIS9,37.05126999635334
Q9UIU6,170.0545077942154
Q9UIV1,16.295092665276865
Q9UIV8,14.829546758121914
Q9UIW0,134.13075888299747
Q9UIW2,121.89094802150544
Q9UIX4,11.01922380664545
Q9UJ14,29.30870736031835
Q9UJ37,15.244600744767682
Q9UJ41,6.5437010627075765
Q9UJ55,98.38380570844379
Q9UJ68,47.94936953069654
Q9UJ70,58.21192924684674
Q9UJ71,23.690512586654926
Q9UJ78,68.24450434154934
Q9UJ83,2.5237239303402834
Q9UJ90,32.88888087502092
Q9UJ96,2.3655100790267367
Q9UJ98,51.16581130017623
Q9UJA2,4.934702372910075
Q9UJA3,78.37424170897049
Q9UJA5,10.242901415555906
Q9UJA9,1.5699461641980441
Q9UJC3,13.867018817009996
Q9UJD0,136.35786651081412
Q9UJF2,144.34351946817003
Q9UJJ9,7.55748547725878
Q9UJL9,16.956501999632376
Q9UJM3,58.759292103471424
Q9UJM8,0.5868283105830959
Q9UJP4,13.64552458935573
Q9UJQ1,11.735226269776929
Q9UJQ4,256.32467529918983
Q9UJS0,4.862598783429501
Q9UJT1,25.772673542157715
Q9UJT2,140.46355139620184
Q9UJT9,122.40660059245867
Q9UJU2,181.05443004345705
Q9UJU5,232.63218773176322
Q9UJU6,26.629481021201386
Q9UJV3,21.52386879478462
Q9UJV9,11.613889813367479
Q9UJW0,10.503381304060536
Q9UJW2,18.314569080056103
Q9UJW3,11.554306220586449
Q9UJW8,78.89942467423828
Q9UJW9,0.0
Q9UJX0,24.04979378106889
Q9UJX2,1.2511268138785976
Q9UJX3,9.496008443899171
Q9UJX4,6.952791811552977
Q9UJX5,1.291217109395766
Q9UJX6,19.434911035183916
Q9UJY1,7.912849636046944
Q9UJY4,78.48209786085383
Q9UJY5,66.71075924559392
Q9UJZ1,34.49928394252709
Q9UK05,73.38004237803669
Q9UK17,67.1120921286661
Q9UK22,5.8772915987264085
Q9UK23,59.83808636629689
Q9UK32,12.977192043983955
Q9UK33,3.6586291263705824
Q9UK39,24.09958019771776
Q9UK41,0.36274345474751546
Q9UK45,0.0
Q9UK53,23.165724621274975
Q9UK55,1.5652277936500814
Q9UK58,92.96010900671413
Q9UK59,16.06957686150228
Q9UK61,130.58460143349853
Q9UK73,11.864252215004242
Q9UK76,74.47955223193287
Q9UK80,42.56004860999116
Q9UK96,75.60454970574119
Q9UK97,7.463201872005083
Q9UK99,0.42828763509489254
Q9UKA1,1.4087221790490947
Q9UKA2,15.922965436279165
Q9UKA4,172.0241580926646
Q9UKA8,0.0
Q9UKA9,92.4925865351158
Q9UKB1,8.80876553258352
Q9UKB5,129.73811641151593
Q9UKC9,0.0
Q9UKD1,62.55074072890204
Q9UKE5,275.82002043395414
Q9UKF2,38.30229209325428
Q9UKF5,37.13533189059157
Q9UKF6,3.620782183197089
Q9UKF7,14.831063115689556
Q9UKG1,74.19999751281868
Q9UKG4,11.777362696359177
Q9UKG9,5.838971569242495
Q9UKI2,74.45865976218954
Q9UKI8,243.38274813858658
Q9UKI9,198.98226280895315
Q9UKJ1,88.3263341366831
Q9UKJ5,0.41661589079772854
Q9UKJ8,33.296800633856066
Q9UKK3,146.2354625540517
Q9UKK6,0.41828297081792176
Q9UKK9,3.0704145592146603
Q9UKL0,45.91024923372866
Q9UKL3,303.31204536908774
Q9UKL6,0.18080613944437465
Q9UKM7,47.247361340657946
Q9UKM9,197.1793565329021
Q9UKN1,7632.527239565781
Q9UKN5,127.49399923056826
Q9UKN7,175.87264939993116
Q9UKN8,10.243832374802647
Q9UKP3,33.6633987761437
Q9UKP4,180.38969576110534
Q9UKP5,121.60470859284544
Q9UKP6,48.41184225762174
Q9UKQ2,64.1885115785412
Q9UKR0,30.54427984665135
Q9UKR5,0.0
Q9UKS6,31.005676662203562
Q9UKS7,39.88885674867318
Q9UKT4,24.851846632551997
Q9UKT5,27.047449378766647
Q9UKT6,0.0
Q9UKT7,6.7758717621212
Q9UKT8,7.915201938605819
Q9UKT9,19.213916325155537
Q9UKU0,39.35923019336442
Q9UKU6,94.32321106825702
Q9UKU7,28.133768165400475
Q9UKV0,204.0871273399083
Q9UKV3,177.12681256289477
Q9UKV5,4.595235138441728
Q9UKV8,52.389796669163104
Q9UKW4,29.71908399876164
Q9UKW6,18.809986883356686
Q9UKX2,32.737128821998766
Q9UKX3,28.878409236931972
Q9UKX5,49.81236175929642
Q9UKX7,191.23247822185084
Q9UKY0,2.104630784198542
Q9UKY1,55.27147648071891
Q9UKY4,28.217608707290317
Q9UKZ1,152.00312752969108
Q9UKZ4,268.18886390531935
Q9UKZ9,62.51700760715373
Q9UL01,19.86881752703185
Q9UL03,28.430354111627558
Q9UL12,73.11891358897404
Q9UL15,0.0
Q9UL16,2.2519343762479
Q9UL17,147.99143017734718
Q9UL18,47.08652215738444
Q9UL19,6.32782989694269
Q9UL25,27.705046115814874
Q9UL26,1.0620809074748556
Q9UL33,1.3937514405074511
Q9UL40,5.207774507294742
Q9UL41,23.285620604921796
Q9UL42,1.492546691747045
Q9UL45,1.9349874902081547
Q9UL46,0.20710874841972846
Q9UL49,99.34280880462063
Q9UL51,105.64740727772043
Q9UL52,22.41640696977953
Q9UL54,37.398385864133836
Q9UL62,52.0011539950847
Q9UL63,49.34460306607571
Q9UL68,421.51494718735336
Q9ULA0,0.0
Q9ULB1,163.0950369123961
Q9ULB5,103.92852199093312
Q9ULC0,130.8467755365591
Q9ULC3,85.75412783838595
Q9ULC4,0.0
Q9ULC5,34.021255783718985
Q9ULC6,20.39057475970065
Q9ULC8,276.31264164306464
Q9ULD0,50.98198837363943
Q9ULD2,252.3192676905445
Q9ULD4,68.45699779850798
Q9ULD5,50.07406020834994
Q9ULD6,95.9006991389212
Q9ULD8,219.28935103833794
Q9ULE0,155.09418969155018
Q9ULG1,173.6545564975808
Q9ULG6,42.75185437161822
Q9ULH0,374.00799961068645
Q9ULH1,169.7299324580332
Q9ULH4,141.72664937268428
Q9ULH7,173.92481313587734
Q9ULI0,164.46031513166423
Q9ULI2,11.678164069765444
Q9ULI3,589.6358919018526
Q9ULJ1,2.2890828275756823
Q9ULJ3,168.6672801287131
Q9ULJ6,718.2197164282518
Q9ULJ8,172.571913993593
Q9ULK0,128.97246733521115
Q9ULK4,8.088178676272937
Q9ULK5,38.586723666869034
Q9ULL4,121.91943568778643
Q9ULL8,301.0485730817112
Q9ULM2,74.52156985569394
Q9ULM3,620.3516968891311
Q9ULM6,25.369253492825276
Q9ULP0,34.16979846700381
Q9ULP9,27.77242633111531
Q9ULQ0,25.70009590115315
Q9ULQ1,38.78453088904621
Q9ULR0,14.022260846317462
Q9ULR3,96.71113027920234
Q9ULT0,59.3526903907877
Q9ULT6,407.4627443413974
Q9ULT8,543.217884082088
Q9ULU4,307.64814348689515
Q9ULU8,229.66588777463727
Q9ULV0,90.26771652243417
Q9ULV1,0.8116812108787055
Q9ULV3,92.19529123977944
Q9ULV4,3.418685983613898
Q9ULV5,27.86328242591709
Q9ULV8,34.39603472371623
Q9ULW0,1.9156288280424634
Q9ULW2,60.54122781237541
Q9ULW3,5.479823498103801
Q9ULW5,36.94861925479347
Q9ULW6,12.97258688734566
Q9ULW8,24.816121159625165
Q9ULX3,7.814902846643487
Q9ULX5,86.26684074616294
Q9ULX6,282.00916596436247
Q9ULX7,11.237598860628369
Q9ULX9,28.978287972717546
Q9ULY5,1.6959149920117034
Q9ULZ1,27.979773823599878
Q9ULZ2,9.889130191241804
Q9ULZ3,1.5408620333459215
Q9ULZ9,54.067621461846166
Q9UM00,0.25764047137195933
Q9UM01,1.7390934161995002
Q9UM07,60.378760903298826
Q9UM11,75.1932189414931
Q9UM13,13.088000950390516
Q9UM19,2.2743669443835994
Q9UM21,7.285202372479223
Q9UM22,8.60612582393833
Q9UM44,19.981713089761925
Q9UM47,440.80175348550245
Q9UM54,27.08136481608145
Q9UM63,37.25458235662963
Q9UM73,459.5761471170296
Q9UM82,68.28969942379571
Q9UMD9,1921.3359175336416
Q9UMF0,132.10457086971485
Q9UMN6,369.9270323716533
Q9UMQ3,0.0
Q9UMQ6,51.09536804756503
Q9UMR2,13.90307923744736
Q9UMR3,120.62220004834145
Q9UMR5,0.906508085103128
Q9UMR7,1.7535216125195217
Q9UMS0,2.401706606906397
Q9UMS4,5.6607545408971465
Q9UMS6,191.01967170304317
Q9UMW8,0.015507875466966182
Q9UMX0,411.7135510299561
Q9UMX1,24.606135584360487
Q9UMX2,3.2741707973026353
Q9UMX3,0.0
Q9UMX5,21.908661965438288
Q9UMX6,0.0
Q9UMX9,26.110417357451446
Q9UMY4,6.259021337272197
Q9UMZ2,353.28719626490135
Q9UMZ3,163.9935494925708
Q9UN19,7.248358141420902
Q9UN36,65.19825061162034
Q9UN37,15.973563383162444
Q9UN42,8.059715203268773
Q9UN72,99.08571091488368
Q9UN73,80.68927109198152
Q9UN74,71.94897071357066
Q9UN76,10.780231444844054
Q9UN79,94.35485761833164
Q9UN81,1.6827000365525784
Q9UN86,126.70187139707518
Q9UN88,25.030458994661434
Q9UNA0,114.03726983374457
Q9UNA1,149.25145303887578
Q9UNA3,5.321421670609817
Q9UNA4,124.9334934484126
Q9UNE0,67.29083226989124
Q9UNE2,118.27271397584951
Q9UNE7,8.643232525405121
Q9UNF0,60.44835617662212
Q9UNF1,91.85349623811436
Q9UNG2,0.0
Q9UNH5,187.72958956501566
Q9UNH6,0.0
Q9UNH7,14.576460990547664
Q9UNI1,89.99768688276944
Q9UNI6,8.387145231303313
Q9UNK0,0.12177225587022183
Q9UNK4,0.0
Q9UNL4,1.2699335694665312
Q9UNM6,0.9139832735031389
Q9UNN5,24.958017938968997
Q9UNN8,8.909687888747397
Q9UNP4,7.635630611187446
Q9UNP9,48.50413626369569
Q9UNQ0,39.15993975467186
Q9UNQ2,0.3568254139672202
Q9UNS1,13.309097007372038
Q9UNS2,18.640738017317204
Q9UNT1,0.9002117660546491
Q9UNU6,8.273363403290062
Q9UNW1,24.413868443663073
Q9UNW8,6.251062825884082
Q9UNW9,106.50616229013839
Q9UNY4,92.72295058812391
Q9UNY5,18.82186220169122
Q9UNZ2,40.44520307144211
Q9UP38,143.88549528847525
Q9UP52,60.023254351629724
Q9UP65,0.4772705494728698
Q9UP79,162.2255019721663
Q9UP83,73.76644264080763
Q9UP95,18.977283095256347
Q9UPA5,1401.01399233243
Q9UPE1,254.23578274947226
Q9UPG8,47.87722183247645
Q9UPI3,39.87889848496431
Q9UPM6,36.54290238379927
Q9UPM8,72.39396285598197
Q9UPM9,21.89658670334492
Q9UPN3,332.4160419783499
Q9UPN4,178.1385987773319
Q9UPN6,294.78857602902184
Q9UPN7,99.30257854377146
Q9UPN9,342.1628111599214
Q9UPP1,149.9132928513364
Q9UPP2,104.06787808045067
Q9UPP5,299.76107542865225
Q9UPQ0,246.65984743535333
Q9UPQ3,264.8170482628652
Q9UPQ4,15.810383168076774
Q9UPQ7,145.97854295842592
Q9UPQ8,3.1095884640198217
Q9UPQ9,2068.492528789233
Q9UPR0,150.2527644359941
Q9UPR3,34.36046848209328
Q9UPR5,77.519433574403
Q9UPS6,557.2344035547235
Q9UPS8,88.75043459296384
Q9UPT5,17.966341495351706
Q9UPT6,200.77610254792432
Q9UPT8,512.8776491398808
Q9UPT9,60.60216480648029
Q9UPU5,486.5462650205684
Q9UPU7,128.71492307440232
Q9UPU9,317.67277977639105
Q9UPV0,128.4694457906727
Q9UPV9,137.58424464026683
Q9UPW0,320.89203448733855
Q9UPW5,67.97064124336352
Q9UPW6,61.21433950901669
Q9UPW8,110.11386816300973
Q9UPX0,217.58208672734133
Q9UPX6,156.22309538375168
Q9UPX8,283.78836115117815
Q9UPY3,138.9198533783535
Q9UPY5,15.269024386312587
Q9UPY6,96.86614858576229
Q9UPY8,13.232337732370409
Q9UPZ3,43.90550974511183
Q9UPZ6,159.2410979437965
Q9UPZ9,151.89353792127497
Q9UQ03,0.28352699386106806
Q9UQ05,124.83104486315314
Q9UQ07,5.767566705830421
Q9UQ13,5.154460073047764
Q9UQ16,46.36309820739917
Q9UQ26,271.772163174758
Q9UQ35,976.3433695957793
Q9UQ49,16.481046276787577
Q9UQ52,63.342658113171915
Q9UQ53,18.36730021292577
Q9UQ80,2.4638731515713985
Q9UQ84,113.95998903181292
Q9UQ88,24.286761407860208
Q9UQ90,13.664280129435301
Q9UQB3,354.0344071996125
Q9UQB8,79.77976824495038
Q9UQB9,1.6605624422091005
Q9UQC2,313.17110917066447
Q9UQC9,69.80145183639834
Q9UQD0,141.64956168377688
Q9UQE7,62.178401517724694
Q9UQF0,15.823747989634189
Q9UQF2,170.20499359801448
Q9UQK1,4.345275074150538
Q9UQL6,253.5451908614242
Q9UQM7,27.461700978978325
Q9UQN3,0.1313207661869004
Q9UQP3,137.08292915960573
Q9UQQ1,41.18243662317627
Q9UQQ2,80.013069985205
Q9UQR0,93.71133925400088
Q9UQR1,133.48320526824432
Q9UQV4,156.39153789794867
Q9WJR5,30.691474297387494
Q9Y210,13.91121218524058
Q9Y215,287.5161693449811
Q9Y216,64.93399147258793
Q9Y217,6.1449088374219745
Q9Y219,236.50714929343815
Q9Y221,0.0
Q9Y222,71.97389035414999
Q9Y223,3.692418765139846
Q9Y224,0.6163973629947995
Q9Y225,0.5284838537281946
Q9Y226,6.268308294035589
Q9Y227,19.023575123424703
Q9Y228,30.91505551428722
Q9Y230,18.841939659658472
Q9Y231,0.0
Q9Y232,80.40780014873381
Q9Y233,3.8196944752401567
Q9Y234,2.553779954017127
Q9Y235,0.0
Q9Y237,29.77118248935337
Q9Y238,91.69404802939133
Q9Y239,21.707047892335815
Q9Y240,14.333973822813476
Q9Y241,0.7990338506381058
Q9Y242,27.096185371297764
Q9Y243,8.883646110461616
Q9Y244,0.5603879090277996
Q9Y247,2.9240953453755476
Q9Y248,0.0
Q9Y250,178.27313528311598
Q9Y251,9.449265832673438
Q9Y252,217.93567253947344
Q9Y253,66.44531852705879
Q9Y255,0.0
Q9Y256,5.847589307685782
Q9Y257,1.478028669473541
Q9Y258,0.0
Q9Y259,13.964272945239568
Q9Y261,317.48889006425077
Q9Y262,9.439613825622601
Q9Y263,208.33122279056997
Q9Y264,27.027413538346998
Q9Y265,8.030310884585827
Q9Y266,6.434798078511744
Q9Y267,4.14702421660617
Q9Y271,0.0
Q9Y272,32.41836451285387
Q9Y274,0.0
Q9Y275,14.592485194800709
Q9Y276,3.7351807022136465
Q9Y277,35.74622366109202
Q9Y278,12.343446061866018
Q9Y279,43.861069648179864
Q9Y281,1.4133741332817844
Q9Y282,1.644322554188789
Q9Y283,136.0862439492261
Q9Y284,0.0
Q9Y285,14.356197957362841
Q9Y286,65.17389051677083
Q9Y287,0.0
Q9Y289,78.20152452589767
Q9Y294,12.229480327074448
Q9Y295,43.809716407831395
Q9Y296,0.8547133759542357
Q9Y297,11.3913982349278
Q9Y2A7,1.8841448683048374
Q9Y2A9,3.6535111940996186
Q9Y2B0,20.639026619340882
Q9Y2B1,2.6874864645838414
Q9Y2B2,1.767389926715664
Q9Y2B4,9.775055012522605
Q9Y2B5,23.41402708369836
Q9Y2C3,0.0
Q9Y2C4,35.53650938791376
Q9Y2C5,14.18488824854343
Q9Y2C9,3.5316097404553526
Q9Y2D0,2.8561109558391196
Q9Y2D1,0.45180517059798636
Q9Y2D2,0.0
Q9Y2D4,0.16589649970704842
Q9Y2D8,83.01938578234243
Q9Y2E5,49.18502602290149
Q9Y2E6,107.01464564495001
Q9Y2F5,499.7690215568947
Q9Y2F9,48.23147746898427
Q9Y2G0,12.568175368925546
Q9Y2G1,306.50022991471246
Q9Y2G2,5.8903762338767285
Q9Y2G3,42.69355932128758
Q9Y2G5,3.3952399865936096
Q9Y2G9,82.21521449746669
Q9Y2H0,241.8831270369517
Q9Y2H1,3.2698067132746074
Q9Y2H2,93.68804497731962
Q9Y2H6,165.2655737161742
Q9Y2H9,457.13246821282365
Q9Y2I1,52.65627469677048
Q9Y2I2,61.88930687495962
Q9Y2I6,50.64019599844302
Q9Y2I7,262.5096318156236
Q9Y2I9,139.06683069635534
Q9Y2J0,175.3181491011983
Q9Y2J2,139.4680452546432
Q9Y2J4,140.93483850410485
Q9Y2J8,13.815993632518218
Q9Y2K1,68.94336795353942
Q9Y2K2,275.8174188147465
Q9Y2K3,8.330516973489607
Q9Y2K5,484.8871288245171
Q9Y2K6,65.22803917297998
Q9Y2K7,98.38540995287033
Q9Y2K9,259.6740595321667
Q9Y2L1,11.40774045078419
Q9Y2L5,76.83349936192116
Q9Y2L9,140.20736819464744
Q9Y2M0,35.050365355757755
Q9Y2M2,14.06755464897748
Q9Y2M5,92.40748523678754
Q9Y2N7,74.77447334280048
Q9Y2P0,94.78775253168678
Q9Y2P4,1.142963369459075
Q9Y2P5,5.44458050466433
Q9Y2P7,64.83573525498882
Q9Y2Q0,22.364704122608867
Q9Y2Q3,0.9805277044254472
Q9Y2Q5,2.5562470220808873
Q9Y2R0,1.084176181553565
Q9Y2R2,76.51413009698504
Q9Y2S2,0.0
Q9Y2S7,12.658174431632483
Q9Y2T1,168.03428042245065
Q9Y2T2,36.156161200869896
Q9Y2T3,0.0
Q9Y2T6,0.0
Q9Y2T7,118.79032221000023
Q9Y2U5,162.1166274956523
Q9Y2U8,168.71719871006752
Q9Y2U9,14.113400138584138
Q9Y2V0,2.11730314258078
Q9Y2V2,4.894281236437051
Q9Y2V3,129.08273711901458
Q9Y2V7,65.14570637340498
Q9Y2W1,308.35472239135913
Q9Y2W2,10.446130490451747
Q9Y2W3,96.68282277052379
Q9Y2W6,27.930070914896476
Q9Y2W7,6.740737739652218
Q9Y2X0,7.312845468029069
Q9Y2X3,4.517321047384153
Q9Y2X7,110.96515906677904
Q9Y2X8,2.1152076155010637
Q9Y2X9,415.9356470122377
Q9Y2Y0,0.0
Q9Y2Y1,0.0
Q9Y2Y4,71.12429789529837
Q9Y2Y6,0.24990042226411194
Q9Y2Y8,6.010153265080899
Q9Y2Y9,45.247530742215574
Q9Y2Z0,34.77022853403725
Q9Y2Z2,12.190239663983323
Q9Y2Z4,28.346620302234736
Q9Y2Z9,22.572164535683044
Q9Y303,7.075528462655885
Q9Y314,34.408995054748445
Q9Y315,0.7519938575517703
Q9Y316,0.1272565624801069
Q9Y320,0.8003614565316062
Q9Y328,6.038868900419507
Q9Y333,0.0
Q9Y336,58.74597496600028
Q9Y337,84.71326682761779
Q9Y342,4.801154638681677
Q9Y345,48.071247463982566
Q9Y365,2.2303871435600424
Q9Y366,0.731952013072566
Q9Y371,62.6308725966915
Q9Y375,28.729875039478102
Q9Y376,0.0
Q9Y383,15.488750589293456
Q9Y385,53.41866973722176
Q9Y388,21.451024567012087
Q9Y394,20.39484072573763
Q9Y397,24.677924206509555
Q9Y399,3.199668210806304
Q9Y3A0,5.139979386461596
Q9Y3A2,0.0
Q9Y3A3,1.5083284581937149
Q9Y3A4,0.2676403354266078
Q9Y3A5,0.0
Q9Y3A6,0.0
Q9Y3B2,1.1378071234314366
Q9Y3B3,0.14656871814060377
Q9Y3B4,0.0
Q9Y3B6,11.47377561026124
Q9Y3B7,0.0
Q9Y3B8,16.11484873236538
Q9Y3C0,1.1879235467856548
Q9Y3C4,1.6430663115386293
Q9Y3C5,1.7371079682833204
Q9Y3C6,35.26934578350238
Q9Y3C7,0.0
Q9Y3C8,4.307084349037839
Q9Y3D0,13.447920653623566
Q9Y3D2,89.89776754022202
Q9Y3D3,7.1617070678054535
Q9Y3D6,0.0
Q9Y3D7,1.0832388314332948
Q9Y3D8,2.5214977171188195
Q9Y3D9,1.626848671448501
Q9Y3E0,0.0
Q9Y3E1,15.050670159928117
Q9Y3E2,14.066234304990973
Q9Y3E5,13.702449993340494
Q9Y3E7,0.0
Q9Y3F4,1.3356520323430596
Q9Y3I0,16.802319578766785
Q9Y3I1,57.80411815679675
Q9Y3L3,86.60980096066413
Q9Y3L5,0.519727719017288
Q9Y3M2,5.9603638384765745
Q9Y3M8,231.5297725487366
Q9Y3M9,28.1101325415896
Q9Y3P8,32.15223648582513
Q9Y3P9,76.86392274395837
Q9Y3Q0,39.15873589028892
Q9Y3Q3,2.597504186032633
Q9Y3Q4,469.16797103021764
Q9Y3Q7,76.92822677652184
Q9Y3Q8,163.00343859577254
Q9Y3R0,190.02941096865936
Q9Y3R4,43.75692228634887
Q9Y3R5,87.02489171818866
Q9Y3S1,408.99941681817495
Q9Y3S2,54.114939912607994
Q9Y3T9,3.0223759620105133
Q9Y3U8,0.0
Q9Y3V2,16.72596041018159
Q9Y3Y2,62.25348907731987
Q9Y3Y4,309.89850552955943
Q9Y3Z3,10.547587830149162
Q9Y446,135.29419407551939
Q9Y448,31.622003202917842
Q9Y450,20.622211017930304
Q9Y458,146.3187990194133
Q9Y462,20.55477121254831
Q9Y463,260.94422848681376
Q9Y466,15.297310061631343
Q9Y467,240.27036284415948
Q9Y468,98.98680047267187
Q9Y473,36.14996083066754
Q9Y478,18.004172279188403
Q9Y483,49.25058721762993
Q9Y484,10.198984737308239
Q9Y487,6.989420190026651
Q9Y490,108.99456168057037
Q9Y493,444.27069632435723
Q9Y496,33.160724368516654
Q9Y4A5,107.52660439097085
Q9Y4A8,134.79437274682053
Q9Y4B4,211.44050900032815
Q9Y4B5,410.89208410559723
Q9Y4B6,31.35281029768064
Q9Y4C0,267.71146074282456
Q9Y4C1,105.03341447337553
Q9Y4C2,5.925560999163369
Q9Y4C4,26.688793524206254
Q9Y4C5,66.99871530972072
Q9Y4C8,7.8268415888315435
Q9Y4D1,49.53096675061908
Q9Y4D2,92.27105697037773
Q9Y4D7,99.78311274124161
Q9Y4D8,367.006622588087
Q9Y4E1,94.63417350458678
Q9Y4E5,44.3322280642505
Q9Y4E8,166.15400599999262
Q9Y4F1,94.53353323369289
Q9Y4F3,230.48813093757815
Q9Y4F4,344.5820724927479
Q9Y4F9,77.41577524219495
Q9Y4G2,72.83165291815672
Q9Y4G6,110.2069157584269
Q9Y4G8,307.354796785499
Q9Y4H2,880.0714769657368
Q9Y4H4,4.010356512462942
Q9Y4I1,55.771335829450635
Q9Y4J8,86.1197582043238
Q9Y4K0,25.011522580992683
Q9Y4K3,40.85246191563185
Q9Y4K4,51.168855684102965
Q9Y4L1,24.688536874761496
Q9Y4L5,55.81415810209893
Q9Y4P1,12.991746615565308
Q9Y4P8,36.360177928462264
Q9Y4P9,43.36999634028783
Q9Y4R7,11.499715831099662
Q9Y4R8,29.843899525599213
Q9Y4U1,0.3054166505802196
Q9Y4W2,60.412104158396666
Q9Y4W6,82.21597409750775
Q9Y4X0,355.0157990511758
Q9Y4X3,0.0
Q9Y4X4,157.77838428958103
Q9Y4X5,147.59281588940829
Q9Y4Y9,0.0
Q9Y4Z0,31.57762675494587
Q9Y4Z2,55.89247557187316
Q9Y508,1.6722029785449624
Q9Y512,18.70223844010733
Q9Y520,667.892636381983
Q9Y530,0.0
Q9Y535,2.0578980776619775
Q9Y547,0.0
Q9Y548,3.690425627740227
Q9Y561,156.7938106534516
Q9Y566,1102.3480113575713
Q9Y570,17.475030672639402
Q9Y572,186.46198669485435
Q9Y574,0.6894636378563295
Q9Y575,5.733418529925918
Q9Y576,33.457109756426135
Q9Y577,1.0581910918313095
Q9Y580,192.56115990758022
Q9Y584,5.751234295606284
Q9Y586,0.30419811990185003
Q9Y587,0.0
Q9Y592,22.3281744187872
Q9Y5A6,23.588732845334626
Q9Y5A7,2.311341581767598
Q9Y5A9,298.14319231522677
Q9Y5B0,63.866691203487136
Q9Y5B6,129.93466208366422
Q9Y5B8,17.799132908732258
Q9Y5B9,4.30135913500944
Q9Y5C1,21.035591697230142
Q9Y5E3,42.23147351972841
Q9Y5E9,51.26817287513924
Q9Y5F1,55.53454664455787
Q9Y5H5,128.30326465754558
Q9Y5H9,95.44421745033813
Q9Y5I2,66.10120767017582
Q9Y5I3,86.87863205498556
Q9Y5I7,0.00853285891757574
Q9Y5J3,38.118298955570744
Q9Y5J5,0.0
Q9Y5J6,0.0
Q9Y5J7,0.0
Q9Y5K1,7.37343466686477
Q9Y5K2,40.599387681637985
Q9Y5K3,8.501743867821169
Q9Y5K5,0.0
Q9Y5K6,37.200761446304114
Q9Y5K8,1.5183520346960964
Q9Y5L0,0.5674418097843983
Q9Y5L2,17.141414916173314
Q9Y5L3,68.98418830158765
Q9Y5L4,8.019645511213167
Q9Y5N1,81.63013318449481
Q9Y5N5,6.010897905489465
Q9Y5N6,0.0
Q9Y5P4,95.67949385776376
Q9Y5P6,0.0
Q9Y5P8,22.703345590685
Q9Y5Q0,9.942719023548984
Q9Y5Q3,79.30051328192657
Q9Y5Q5,65.46622372985937
Q9Y5Q6,1.681748697410105
Q9Y5Q8,23.948381289077002
Q9Y5Q9,21.812856932807414
Q9Y5R2,33.9852570047903
Q9Y5R4,5.076527439975526
Q9Y5R5,25.4307503666646
Q9Y5R6,234.70637473710747
Q9Y5R8,0.0
Q9Y5S1,28.070713160191914
Q9Y5S2,89.24359003389793
Q9Y5S8,26.6197554908926
Q9Y5S9,1.2348056126724933
Q9Y5T4,0.5175009474842752
Q9Y5T5,36.559410114465265
Q9Y5U4,7.059892749902449
Q9Y5U5,26.49987531476851
Q9Y5U8,0.0
Q9Y5U9,4.688866660785603
Q9Y5V3,89.78044401998172
Q9Y5W3,78.07670356931405
Q9Y5W5,19.467301350993868
Q9Y5W7,18.80829952247109
Q9Y5W8,40.5958333260913
Q9Y5W9,23.236273947487035
Q9Y5X0,21.197730529673095
Q9Y5X1,128.5778884840094
Q9Y5X2,1.0983657924899413
Q9Y5X3,0.5770166443560053
Q9Y5X4,50.691225579697274
Q9Y5X5,11.456700314146307
Q9Y5X9,7.613164469047174
Q9Y5Y0,25.724312131840076
Q9Y5Y2,0.849796829154298
Q9Y5Y4,15.035768345206574
Q9Y5Y5,18.470475964777773
Q9Y5Y6,117.27252209716316
Q9Y5Y7,11.129937966865404
Q9Y5Y9,225.1093246496867
Q9Y5Z0,41.378310675585816
Q9Y5Z4,11.959773451156607
Q9Y5Z6,2.9884720462322827
Q9Y5Z7,129.89000999390078
Q9Y5Z9,10.094330797323815
Q9Y600,0.11546679274463577
Q9Y603,26.32262733447171
Q9Y605,0.0
Q9Y606,42.66529850511179
Q9Y608,215.15239192846198
Q9Y613,138.76747510151097
Q9Y615,15.734664371001271
Q9Y616,27.649406476253695
Q9Y617,0.7667371854385794
Q9Y618,562.2956367945397
Q9Y619,0.0
Q9Y620,29.2704349745325
Q9Y623,11.911691972237048
Q9Y624,65.69682058715584
Q9Y625,38.03578111262299
Q9Y639,32.95700372457414
Q9Y644,16.242592324423015
Q9Y646,3.378014484523685
Q9Y653,20.69197657194801
Q9Y657,7.600537122042902
Q9Y662,13.503425562810914
Q9Y663,43.05702083810672
Q9Y664,18.792497308178774
Q9Y666,22.87328686729555
Q9Y672,2.710536174570673
Q9Y676,12.348018983165279
Q9Y678,7.840855741185768
Q9Y679,17.3025802450304
Q9Y680,12.489886027232775
Q9Y691,1.5906662865597085
Q9Y692,55.1502681460457
Q9Y694,0.24317611266995268
Q9Y696,1.3007781838703594
Q9Y697,21.66179889504624
Q9Y698,68.23566881570865
Q9Y6A1,19.350700945092267
Q9Y6A2,2.6261826922049183
Q9Y6A4,0.0
Q9Y6A5,135.15971550327626
Q9Y6A9,8.893410368456788
Q9Y6B2,10.7818737035354
Q9Y6B6,0.6564797710905279
Q9Y6B7,2.3220556981581177
Q9Y6C2,312.9874898296149
Q9Y6C5,61.054827350901704
Q9Y6D0,40.520160947808144
Q9Y6D5,114.61669022087713
Q9Y6D6,146.97875943659398
Q9Y6D9,22.43188783515444
Q9Y6E0,7.06682321682588
Q9Y6E2,18.41663237145918
Q9Y6E7,11.990272350908462
Q9Y6F1,34.102793995535336
Q9Y6F6,233.20473591820354
Q9Y6F8,56.977397234354726
Q9Y6F9,66.63183521340693
Q9Y6G1,0.0
Q9Y6G3,0.0
Q9Y6G5,0.0
Q9Y6G9,195.75926354960035
Q9Y6H1,36.368768811266605
Q9Y6H3,14.690153582709373
Q9Y6H5,197.7579627089994
Q9Y6H6,17.86375982032698
Q9Y6H8,4.338563104239999
Q9Y6I3,164.2818738026938
Q9Y6I4,24.278491147855874
Q9Y6I7,18.728240842403068
Q9Y6I9,45.0916003793628
Q9Y6J0,170.73662846663478
Q9Y6J6,0.21807969503181235
Q9Y6J8,0.0
Q9Y6J9,88.56372591915542
Q9Y6K0,34.511134346891666
Q9Y6K1,12.599341857338445
Q9Y6K5,82.8257540219368
Q9Y6K8,18.95200858861208
Q9Y6K9,0.6279388960740716
Q9Y6L6,35.64969211510747
Q9Y6L7,97.58686175047713
Q9Y6M0,31.731660022982904
Q9Y6M1,37.07149847013018
Q9Y6M4,80.31668241123579
Q9Y6M5,69.85113942253763
Q9Y6M7,137.7259165989489
Q9Y6M9,0.0
Q9Y6N1,7.511201996731556
Q9Y6N5,7.362388096604432
Q9Y6N6,191.4481821024402
Q9Y6N7,569.2586675202609
Q9Y6N8,89.2227954226779
Q9Y6N9,26.534742531343195
Q9Y6P5,12.915027448353394
Q9Y6Q1,5.759533785104409
Q9Y6Q2,113.16309916518858
Q9Y6Q5,18.79793995186741
Q9Y6Q6,213.93838307137176
Q9Y6Q9,1044.8760592219028
Q9Y6R0,53.32395564588481
Q9Y6R1,117.05531312939004
Q9Y6R4,104.94824578667519
Q9Y6R7,833.4618119040344
Q9Y6R9,118.60694912653867
Q9Y6T7,15.529379823994766
Q9Y6U3,18.401008615933385
Q9Y6V0,1014.5058867522228
Q9Y6W3,50.199602914693784
Q9Y6W5,52.30795037538431
Q9Y6W6,121.1682326427661
Q9Y6W8,2.656115493432659
Q9Y6X0,413.93994890253515
Q9Y6X1,0.0
Q9Y6X2,129.67487154265322
Q9Y6X3,6.9341482939286925
Q9Y6X5,8.868557102852835
Q9Y6X6,212.39025036636164
Q9Y6X8,110.94257556197044
Q9Y6X9,23.520039559887053
Q9Y6Y0,70.6612643151415
Q9Y6Y1,460.4255539774181
Q9Y6Y8,228.1052348815079
Q9Y6Y9,0.0
Q9Y6Z7,75.33141046079737
A0A024RBG1,16.960172846056416
A0A075B6N1,2.801994525352616
A0A075B6Q5,31.929565411096107
A0A075B6R2,29.411126829980663
A0A087WSY4,12.553543442315615
A0A087WT01,1.94949042134234
A0A0A0MS14,9.625755634573853
A0A0A0MS15,7.062024398921393
A0A0A6YYK7,6.709303750168292
A0A0B4J1U7,13.876612858114822
A0A0B4J1V0,24.46400812747636
A0A0B4J1V1,0.0
A0A0B4J1V2,6.227254053739317
A0A0B4J1V6,6.740821757474867
A0A0B4J1V7,9.065534509671409
A0A0B4J1X5,32.21422149924681
A0A0B4J1X8,9.712933959199859
A0A0B4J1Y9,8.232960929703314
A0A0B4J2H0,7.760537512793945
A0A0C4DH29,13.513804372726174
A0A0C4DH30,8.515084254900584
A0A0C4DH31,23.368224949038023
A0A0C4DH32,34.58409658474048
A0A0C4DH33,1.1663262331357829
A0A0C4DH34,8.215585785819577
A0A0C4DH35,5.464796385847778
A0A0C4DH36,26.702899327310366
A0A0C4DH38,19.037738235511554
A0A0C4DH39,8.579919011236429
A0A0C4DH41,24.787480589246798
A0A0C4DH42,2.143279120288333
A0A0C4DH43,5.377976106451955
A0A0G2JMI3,0.2582032521044657
A0A0J9YVY3,4.824730666453382
A0A0J9YX35,31.929565411096085
A0A0J9YXX1,32.765297610317276
A0A0K0K1A5,17.240196011171907
A0A1B0GTB2,0.0
A0A1B0GTQ4,0.0
A0A1B0GVQ0,11.261252457533498
A0AVI2,29.437039830965794
A0PJX0,0.0
A0PJX4,44.64698660071795
A0PJZ3,4.003456855746844
A0PK05,20.834926968079042
A1A5D9,28.909808098449787
A1L020,88.9749576775221
A1L188,2.0012793184699986
A1YPR0,14.154827313509303
A2A2V5,19.742520406977455
A2A3K4,69.6612626405689
A2RRD8,37.306032035793386
A2RUS2,10.80651403570468
A2VDF0,0.0
A3KN83,153.16990775681253
A4D1S5,2.4300407998545097
A4D2G3,0.0
A4FU01,54.529174229286895
A4FU49,131.81952691640473
A4FU69,54.7950973400055
A5A3E0,154.32331680562862
A5D6W6,8.942003993094856
A6NC51,0.0
A6NCE7,0.0
A6NCW0,31.243988070449312
A6ND48,0.0
A6NDA9,2.2814995386206176
A6NDP7,7.359039140205844
A6NDU8,2.8187438806406178
A6NEQ0,364.78933460482733
A6NF83,0.0
A6NFD8,11.010939358536099
A6NFK2,21.106964014598624
A6NFN3,17.09353733713435
A6NFR6,64.73311260804701
A6NG13,0.0
A6NGB9,122.1430607943858
A6NGC4,10.100540685264606
A6NGE7,7.352257011249238
A6NGY5,0.0
A6NH00,0.6521394515464484
A6NHC0,11.314088473501608
A6NHL2,9.85399917358947
A6NHN0,351.8572434534383
A6NHQ2,263.9690242310222
A6NHQ4,34.29828218990467
A6NHX0,0.0
A6NI28,166.11900692919704
A6NI79,0.0
A6NJB7,64.49179451568568
A6NJT0,100.2423095891777
A6NJW9,0.5864670537806126
A6NK97,14.228533696358468
A6NKF1,2.9612814561011436
A6NLJ0,68.12566911981246
A6NLX3,0.7362345977819029
A6NMB1,76.0085394148598
A6NMN3,37.33454936173575
A6NNA5,29.17629618142857
A6NND4,0.0
A6NNE9,69.98708791668565
A6NNS2,0.0
A6NNW6,6.223343273171033
A6QL63,208.70446869191474
A6XGL0,1.5810297006967198
A6ZKI3,0.08647249478459083
A7E2F4,97.07680433371038
A7MBM2,242.79686899040559
A8K855,6.928069720690039
A8K979,60.04995456690916
A8MPP1,14.699004114935853
A8MQT2,62.11137395670235
A8MTL9,10.521204365542712
A8MUK1,27.857693938290733
A8MV81,0.21510112910365095
A8MWY0,215.44342636101314
A9QM74,1.0508316415707657
A9Z1Z3,64.65490684806586
B1APH4,42.184790977992456
B2RNN3,284.62263353091333
B2RU33,123.970695201692
B2RXH8,11.057289524184604
B3EWF7,84.15072775791579
B3EWG5,0.3080567802545326
B4DS77,101.25894280605281
B8ZZ34,91.82065288783414
B9A064,42.668233794421056
C0HLU2,0.0
C0HM02,0.0
E9PAV3,388.33145187272504
E9PQX1,0.0
G9CGD6,169.68912118201376
L0R8F8,0.0
M5A8F1,0.0
O00178,52.41440323380921
O00295,74.12530856821643
O00321,185.86600116756077
O00398,6.048704014823564
O00399,0.0
O00458,24.758933785704322
O00515,10.932767792115044
O00534,42.87911997711311
O00570,313.99581453568806
O00624,8.061531943623098
O00634,89.90269001517166
O14513,628.7561939668274
O14545,196.6129648295547
O14548,1.5204869708616793
O14599,0.0
O14602,0.0
O14626,0.0
O14668,15.135914105782602
O14709,28.858298640099047
O14718,8.628722008813563
O14753,10.883786799324264
O14804,0.0
O15016,167.05804515890378
O15034,120.1688252257218
O15037,146.2078331905892
O15063,256.9883470929336
O15069,95.21794994861773
O15090,274.744706678117
O15213,25.414304449602845
O15218,32.425070455493554
O15235,0.0
O15321,17.68531922991569
O15335,0.10754106464985234
O15375,0.6532931590314226
O15403,8.249448867075722
O15417,798.9927234303411
O15432,5.768807422854101
O15539,0.0
O43301,81.45967495387559
O43345,6.149052007382871
O43347,100.8265743583186
O43414,16.38074347972084
O43448,117.03171413573814
O43555,18.316267110180803
O43638,58.06279303274653
O43657,6.839378005673666
O43677,0.0
O43692,2.7603443058490846
O43736,1.6546289892055446
O43812,0.29247624337480416
O43908,11.018584285507208
O43930,0.0
O43934,4.1341065175398
O60225,25.3979674269849
O60234,0.01086114647225705
O60245,341.65387210290237
O60262,0.0
O60279,105.01338755777915
O60299,579.4575219751895
O60330,119.66074465357497
O60403,0.0
O60404,0.0
O60412,0.0
O60422,311.4177989501844
O60516,33.71673459365836
O60522,50.293110562241594
O60542,7.315136464170924
O60676,0.0
O60765,51.046002748316674
O60774,5.112461395528637
O60811,1.8317525281631881
O71037,14.375266023920247
O75064,142.73583073899425
O75095,304.5987354593797
O75123,64.84583269053755
O75153,13.907504322239816
O75325,19.031883703974895
O75335,73.50964709775333
O75346,15.422442189922222
O75352,0.0
O75363,101.14105465463717
O75388,27.25026174100098
O75394,0.0
O75437,13.072404127494563
O75459,1.9841807246516812
O75493,1.9553699555875022
O75541,6.4919262912627165
O75570,3.772720188045656
O75596,9.284276950793767
O75628,17.143904624181697
O75635,60.798905022111924
O75678,43.92064938619214
O75683,0.7101079557427703
O75690,159.08310193442117
O75711,0.0
O75715,8.495325725858796
O75764,5.598999936197352
O75820,9.59225126324749
O75830,1.7758460399646763
O75901,34.89844301815421
O75947,0.0
O75953,90.66016462944455
O75956,103.87659653000941
O75964,0.0
O75973,143.8499645936949
O75995,44.076680660716015
O76001,0.0
O76002,0.0
O76009,20.786237630216142
O76038,0.5116785936256294
O76099,0.0
O94772,29.297062346402143
O94854,201.57132844039307
O94889,52.22828284591517
O94892,28.6559617229019
O94903,11.955766150648945
O94913,748.328455871465
O94988,67.53267454130045
O95007,0.0
O95025,31.947562687108224
O95076,163.94122752881202
O95084,62.59878768380898
O95164,5.250846432297706
O95190,27.40737514767462
O95199,120.26707982940334
O95222,0.0
O95260,27.064572102226535
O95336,0.0
O95371,0.0
O95411,4.75419604284477
O95455,5.17576045909349
O95620,0.0
O95625,99.41149754091295
O95661,2.686160108055719
O95685,11.579387008588458
O95755,27.292747197512515
O95757,23.398535711385993
O95759,37.083014740479925
O95780,5.484970675364503
O95800,66.33598374738092
O95838,39.51711429177393
O95841,43.327050747506014
O95847,0.1697305499430018
O95918,0.0
O95965,47.21405125900528
O95976,3.2570891960559303
P01599,45.4375070350043
P01601,54.31151266600829
P01614,28.679594464069233
P01624,22.29623925233239
P01703,82.66682392476602
P01714,43.921024399261285
P01715,70.00398794297962
P01717,56.364367198533174
P01718,44.15056492883279
P01733,3.0163068607950185
P03979,16.409173784024
P03986,13.586881924538456
P04211,40.45104237120577
P04430,51.85125605426889
P04432,44.04719621448054
P04433,26.02818685390151
P04435,4.175789828764372
P04437,9.491609291180545
P04808,3.4791110709768054
P05015,0.0
P06310,44.71743724016493
P06315,10.668509465083604
P07311,4.0293735690347905
P07316,0.7325691560300183
P09001,12.1419521951153
P09093,63.373631522659
P09105,0.4333931252032201
P09630,84.4719209323198
P0C0E4,0.8104850126652274
P0C1H6,3.228447299231559
P0C263,0.0
P0C617,0.0
P0C626,0.0
P0C645,0.0
P0C6T2,0.0
P0C7H8,2.0563085245907082
P0C7M3,4.238723115325223
P0C7M4,27.07062398797004
P0C7M7,30.639429363243757
P0C7P1,374.9317291634803
P0C7T4,0.0
P0C7U0,39.36971598643343
P0C7U3,5.966830888845614
P0C862,293.23537343015306
P0C8F1,0.0
P0CE72,4.284182763268942
P0CF51,11.274603464242281
P0CG08,9.569950298211257
P0CG13,0.5799600539384627
P0CG21,3.0851040665460854
P0CG29,0.0
P0CG34,0.0
P0CG35,0.0
P0CI25,0.0
P0CJ72,
P0CW23,0.09620657766173489
P0DJ07,0.0
P0DJD4,375.47357659085566
P0DN77,47.024856315635475
P0DN78,47.024856315635475
P0DN87,28.318813853336852
P0DOX3,67.57901317404166
P0DOX4,48.939030135975315
P0DOX5,52.84366536703699
P0DOX6,48.59986235206988
P0DP01,34.58187377111904
P0DP02,6.244717800176604
P0DP03,6.244717800176604
P0DP04,9.712933959199859
P0DP06,18.938026926724348
P0DP07,16.725691788833124
P0DP08,3.8908696263345783
P0DP74,0.0
P0DUQ2,0.0
P10072,32.20168001696261
P10266,17.692253632588567
P10915,39.94816892402765
P12872,0.4761480771150116
P14621,41.927779587231626
P15088,36.4393490266401
P15621,67.38403207718824
P16260,6.466032114041941
P17019,9.64061720416016
P17025,28.937308107839385
P17026,12.546273532492593
P17029,63.384236873983
P17030,9.71865509499315
P17031,17.78553340529355
P17032,31.297553076659526
P17035,30.97057706652464
P17038,7.843900369443007
P17039,11.160763344399765
P17097,28.360602446383545
P17098,81.16038557520476
P17538,25.177937008504287
P19961,136.90159986946443
P20382,8.069525882596272
P21506,79.38858065604694
P22090,8.462525745448577
P22531,0.0
P22532,0.0
P22676,2.289324723903435
P27482,6.967156538470281
P29377,0.0
P29762,0.04314146589879458
P30408,0.0
P30953,0.0
P30954,0.0
P31267,99.97196602081014
P31277,240.7252468245682
P32314,32.06898867053046
P33552,0.0
P34820,9.43730531717175
P35325,0.0
P35542,12.870878791192396
P35663,28.276665007730923
P36537,2.4936800163785575
P36915,46.577546038627645
P40205,18.279863725874563
P40313,40.75965799366669
P42696,25.892536836322286
P43116,12.804604835073278
P43308,8.872205090203634
P43363,66.85858531987785
P43627,73.94144708972595
P46095,23.376854777469138
P47775,0.0
P47874,2.2867764417205123
P47883,1.3019330243234883
P47887,0.0
P47888,0.0
P47893,0.8398311594252771
P47972,21.700349635298913
P48060,11.69400241543769
P48741,11.890592500694462
P49406,3.700740595697786
P50120,8.616519131452538
P51504,21.336164202541106
P51508,71.68022752523444
P51522,11.383131165527397
P51689,99.26024590453922
P51815,38.235085361063625
P51911,48.19890340953329
P52737,15.944722111293485
P52741,26.617588536877747
P52746,139.4717439474644
P54792,229.345786644246
P54793,42.37563240608149
P54826,138.86526052327068
P55082,49.085496726511096
P55103,11.696744662873417
P55808,186.04079712426727
P56179,59.65642753225167
P56277,0.213824681892517
P56378,0.0
P56385,0.0
P56749,1.53818664087746
P56880,11.856211815248297
P57058,42.01273571510649
P57077,0.0
P57723,33.53301714545504
P57738,47.93763453559703
P57773,77.63137240055235
P57775,0.0
P58062,0.0
P58166,15.980735440842093
P58173,0.0
P58182,0.0
P58294,0.0
P58317,4.0861384853542475
P58557,0.0
P58658,13.636628806273052
P58872,10.936148294701784
P59025,18.94223709740388
P59045,8.56164759695998
P59074,0.0
P59282,88.60050904164508
P59533,0.0
P59534,11.546387797130613
P59535,7.905584755907697
P59537,0.0
P59538,0.0
P59540,0.0
P59543,0.0
P59768,0.0
P59796,2.255273122724911
P59797,15.70286708571035
P59826,0.0
P60153,0.0
P60331,35.258816579297765
P60369,14.176601204858429
P60413,8.744404183343738
P60509,14.494643496338053
P60608,42.2385462699541
P60827,4.176770459692746
P60893,11.469424335332322
P60983,0.0
P61366,5.851475642480931
P61550,70.66215352930169
P61565,14.37526602392025
P61566,14.375266023918648
P61567,12.136099459071616
P62683,49.33411550750821
P62684,51.131919971328344
P62685,46.58951999987279
P63123,6.887839145792207
P63126,47.35413921739546
P63129,2.733904750124745
P63130,40.884361208992885
P63132,27.471846350234056
P63133,28.947190964648854
P63135,32.39593539660444
P63136,31.537302856506614
P63145,40.697316776208666
P63215,0.0
P63313,0.0
P68543,8.80462804290776
P69208,
P69849,48.23337984011482
P78312,163.23710198321828
P78414,70.1435408534906
P80748,57.28399782419531
P81133,142.62864420783353
P81408,75.54550964212731
P81877,416.93383687066523
P82663,0.0
P82673,5.403146602735666
P82675,29.633222970573105
P82914,1.8345523965492792
P82921,0.0
P82932,1.070394668285937
P82933,7.476834774116443
P82970,0.20120892477944144
P82980,0.35277937283650473
P83859,30.214147592153928
P84101,0.0
P86791,1.692916068174333
P87889,44.32121278133261
P98169,174.9916566329478
P98173,5.719713045525101
Q01459,6.08791810622824
Q01995,22.432786388404207
Q02045,1.6564718717469247
Q02338,16.461912308903685
Q02386,85.0517633002147
Q02509,19.285062344251745
Q03169,2.0465723031455467
Q03701,23.03592781833578
Q03828,388.67658636929616
Q03936,2.075908829938367
Q05048,14.267248707189333
Q05952,68.12847582398405
Q05D32,69.78117741822301
Q06732,36.07692285871957
Q07507,2.0277606137536153
Q08ER8,52.32920273040051
Q0D2J5,18.65859307608477
Q12765,1.4400658557568233
Q12788,8.277872945647825
Q12796,39.528454484910014
Q12829,15.284372620696182
Q12872,99.90824888421488
Q12926,70.1136736836207
Q12950,42.553072841266
Q12988,1.0472033709102222
Q12999,0.0
Q13103,14.182302555409425
Q13106,71.30337673218428
Q13203,19.161216110865485
Q13368,10.903249670894496
Q13401,0.0
Q13434,194.33201289101595
Q13442,0.6440828886972383
Q13606,0.0
Q13607,0.0
Q13938,39.96522737819973
Q13939,5.185341418787365
Q14093,6.074576418370568
Q14094,29.10343871836852
Q14201,24.84785702635609
Q14206,0.9578507258382433
Q14324,14.92844835338875
Q14409,6.994201741052805
Q14439,14.327460347249882
Q14568,19.490566913918244
Q14576,47.279208345344436
Q14590,122.63175522745746
Q14593,13.262302715291575
Q14641,37.30213398268183
Q14667,52.09891601318976
Q14681,82.96725196296715
Q14728,8.932758960883742
Q14952,82.20702231286066
Q14C87,140.99020290427293
Q15034,42.459689160642846
Q15035,0.5983850442751546
Q15048,0.7530530006540888
Q15198,20.484488409405746
Q15238,27.48421425449952
Q15270,219.4069953597591
Q15390,1.1353912959969097
Q15391,0.8902164697917885
Q15404,0.20070644333975882
Q15486,0.0
Q15612,0.0
Q15617,0.0
Q15620,0.0
Q15695,34.65113722519524
Q15760,0.0
Q15847,4.566016095885596
Q15884,1.1737804949285369
Q15937,62.38063752096444
Q16378,23.52744148087917
Q16538,99.12603318787598
Q16557,49.702428491997026
Q16589,1.814152841584659
Q16609,47.091086631507395
Q16661,0.0
Q17RB0,0.0
Q17RF5,2.1539604891236057
Q17RN3,11.755135329185784
Q17RR3,14.90419658049424
Q17RY6,1.3446995329430067
Q19AV6,1.8125699574548497
Q1L6U9,28.903130340310483
Q1ZZU3,3.419546946227703
Q2KJY2,761.7230903601172
Q2L4Q9,75.25103381672633
Q2M1V0,1.581501793842491
Q2M2H8,930.031491007375
Q2M3G4,290.5729504114448
Q2M3X9,12.24429571408071
Q2MJR0,90.07971070742246
Q2NKX9,9.418635102858156
Q2NL68,80.78701576231745
Q2NL82,14.645062033650579
Q2NL98,4.808248825245643
Q2T9K0,46.882581113879674
Q2T9L4,90.75184226932791
Q2TAC6,101.83350126353326
Q2TAP0,76.77625673913857
Q2TBC4,68.48803619550398
Q2TV78,148.97576532830067
Q2VIR3,24.158652131987605
Q2VPB7,13.630783801181703
Q2VWP7,67.83316448357577
Q2VYF4,30.700560476272294
Q30KP8,0.0
Q32M78,36.2685767321132
Q32ZL2,1.3946771878870343
Q3B726,5.014436663744885
Q3B8N2,15.764113213046445
Q3BBV0,45.4842550653935
Q3I5F7,0.0
Q3KNT7,21.276992195339645
Q3KNT9,0.29071000271596154
Q3KP22,9.34109120183554
Q3KPI0,58.393301361773574
Q3KQU3,93.9429263662382
Q3LI77,16.445352465768757
Q3LIE5,4.691444458306224
Q3MIN7,105.5744025502659
Q3MJ13,28.101121280166325
Q3SX64,47.44947860437101
Q3SY17,0.6211809120823062
Q3SY52,50.83293897962469
Q3SY77,0.8235401113191467
Q3ZCN5,34.35542108241965
Q3ZCQ3,96.46731417840127
Q3ZCT1,11.604744589277644
Q3ZCX4,9.165704076154537
Q494W8,0.1665973213399951
Q495N2,12.352549916373246
Q496Y0,5.9217995483877
Q49AA0,13.470873899815743
Q49AH0,0.15437270619988017
Q49B96,7.414142762528973
Q49SQ1,4.5197887732573125
Q4G0A6,78.61401113561193
Q4G0M1,5.389911063835809
Q4G0T1,85.32446201820358
Q4G148,38.27186328863108
Q4G1C9,0.0
Q4LEZ3,0.559127626636531
Q4U2R6,0.0
Q4VNC0,106.00411795310083
Q4VX76,66.93215787841021
Q4ZIN3,71.17432342391945
Q504T8,147.07246956279914
Q52MB2,31.198620414548415
Q52WX2,40.23800342212637
Q53G44,5.805478742674982
Q53GI3,26.10629139000235
Q53HC5,102.15470588547515
Q53QW1,46.74722723896071
Q53QZ3,19.283947405015176
Q53RD9,101.93502100239024
Q53T59,27.005140919505138
Q562R1,32.005565296951886
Q567V2,0.2691325470635613
Q569H4,76.13590910901954
Q587J7,11.29771374429876
Q58FF7,12.768993654607197
Q58FF8,0.5461977520290291
Q58FG1,6.505046494506277
Q58G82,1.156608736180086
Q5BIV9,49.532304667416874
Q5BN46,8.059769983407467
Q5DT21,3.8946668613955078
Q5FWE3,198.66820982214446
Q5FWF6,15.233640501230486
Q5FYB0,83.81351492475893
Q5GAN6,0.09213605149849194
Q5H9L4,34.33680552158776
Q5H9T9,28.910971460070503
Q5H9U9,25.42334736526081
Q5HY92,469.7208669686365
Q5HYI7,2.099482735364765
Q5HYJ1,0.0
Q5HYM0,118.22566012763336
Q5J5C9,1.6541765871415537
Q5JQC4,0.0
Q5JR12,52.982179121526755
Q5JRM2,66.64979137769649
Q5JSL3,193.01473512579224
Q5JSZ5,861.4547841869735
Q5JT82,143.38200662745498
Q5JTY5,1.0710129766081522
Q5JU67,2.964749139344912
Q5JU69,0.0
Q5JUW0,5.83767724093621
Q5JUX0,15.339304658994864
Q5JXA9,10.718832523003014
Q5M9Q1,69.86039893083975
Q5MAI5,9.258337084872306
Q5MJ09,5.260346287463724
Q5MJ68,30.594830041100344
Q5QJ74,12.396320356523141
Q5SRI9,48.555464293710344
Q5SRN2,85.19796797378137
Q5SXM8,1.6293961237725965
Q5SY80,5.485857526141957
Q5SZJ8,86.98030604794818
Q5T013,10.943833606546214
Q5T0D9,49.18618968580803
Q5T0L3,21.633428300141723
Q5T1Q4,34.58675024498506
Q5T2E6,16.882534718036112
Q5T3F8,15.678105732227255
Q5T4T1,0.0
Q5T4T6,27.6125686633615
Q5T5A4,26.770203618996167
Q5T653,11.278395525281196
Q5T6L9,0.17549077607574737
Q5T7N2,37.285309041235415
Q5T848,117.41678066998908
Q5T871,4.492317610103164
Q5T8P6,91.4971023594367
Q5T9C2,228.55595939321032
Q5TAH2,13.48055176094909
Q5TBC7,0.0
Q5TC79,73.97304799749762
Q5TDP6,24.46266738380712
Q5TEC6,0.0
Q5TFQ8,29.297316519119253
Q5TGS1,29.785553272336944
Q5TH74,58.99508689557675
Q5TIA1,14.311495250841624
Q5TID7,59.176053353021416
Q5TYM5,0.0
Q5TYW1,95.9058859074556
Q5U5R9,23.83193082421129
Q5U623,196.42622548595233
Q5VT97,259.2189635677222
Q5VTE0,21.043932780518098
Q5VTH9,90.39409315672012
Q5VTQ0,43.8637996321979
Q5VTT2,8.986526154277687
Q5VU97,47.040111136035605
Q5VUJ9,69.70530934982887
Q5VUM1,5.582309992175562
Q5VV17,21.51077802932936
Q5VV52,29.814131603124444
Q5VV63,167.08161204814243
Q5VVH5,27.856966380321687
Q5VVW2,113.16558577226353
Q5VW32,1.329076792590306
Q5VW36,14.890009215113544
Q5VXH4,0.0
Q5VXJ0,18.994988896425156
Q5VXT5,13.897698322618702
Q5VXU1,0.7405741743785619
Q5VYS4,7.875086739190835
Q5VYY2,8.822272860546407
Q5VZB9,213.2034385469638
Q5VZP5,307.2922067120772
Q5W0U4,33.07119427334135
Q5XG92,11.831883794047883
Q5XX13,36.852412927531184
Q63HK3,45.125119367055234
Q63HM1,1.2122092003251197
Q641Q3,15.560347671241875
Q658Y4,9.261893109821818
Q66K14,23.910985612252443
Q66K41,27.48806717642701
Q66K66,29.259596132840915
Q66LE6,18.151169276872274
Q68BL7,65.65540302145213
Q68BL8,106.52557086508135
Q68CR1,23.359475153885395
Q68D51,33.6765002154891
Q68DU8,60.96404432287751
Q68DY1,1.7457555008187713
Q69YN2,30.625081556397053
Q69YU5,0.0
Q6A1A2,27.49189109154449
Q6A555,0.0
Q6AZW8,13.476746746327567
Q6B0K9,0.0
Q6BDS2,155.7533640716071
Q6DHY5,73.28337016421258
Q6DWJ6,0.0
Q6ECI4,2.452262038788763
Q6EKJ0,30.50429985184334
Q6GPH6,4.911859229118445
Q6H9L7,75.89779662335727
Q6IEE7,167.74718477392437
Q6IFH4,0.0
Q6IMI4,3.090743838336419
Q6IPR1,0.0
Q6IPR3,0.8360449535423284
Q6IPT4,0.8591549026189748
Q6IQ32,138.5595518702225
Q6ISS4,14.201309861400727
Q6JEL2,17.83484003825434
Q6MZT1,18.24793599835481
Q6MZW2,41.93822579262203
Q6MZZ7,32.621617874228825
Q6N063,5.6962411156944
Q6NSX1,1.7150661183061309
Q6NSZ9,25.5307036418421
Q6NT32,7.125550785959291
Q6NUJ1,13.15151914115876
Q6NUK4,2.0663391229287766
Q6NUM6,12.081238985613503
Q6NUM9,5.634076283642443
Q6NUS8,9.540516800186765
Q6NVV7,0.08184665756865789
Q6NVV9,13.015617303969712
Q6NW34,7.749843375007229
Q6NXE6,7.739249710510506
Q6NXR0,18.57629366146315
Q6NXT1,47.17986793129107
Q6NY19,141.62122598138598
Q6NZ67,8.792416090638833
Q6P161,2.8774430830364937
Q6P1K8,9.288996991868684
Q6P1L8,19.066680697567286
Q6P1R4,3.3845739545561666
Q6P1S2,0.4931816409011553
Q6P3S6,247.34498835076735
Q6P444,56.972268671893715
Q6P461,6.325985655220075
Q6P499,8.42902954492175
Q6P4D5,1.0900002290012516
Q6P4E1,65.42992103203666
Q6P4F7,156.57913178079787
Q6P582,20.127094981150147
Q6P5S2,32.068201856703794
Q6P996,28.605700866588684
Q6P9G4,4.356554933182299
Q6P9H5,15.110292993597449
Q6PCB8,4.0274728149743435
Q6PDA7,3.4165840594089367
Q6PEY0,0.0
Q6PF04,42.46053989270912
Q6PI73,90.04419823425621
Q6PII3,36.51089606464464
Q6PJ21,18.359623013843493
Q6PJ69,20.420257346928913
Q6PJG2,154.55367695479404
Q6PJQ5,5.124946110003197
Q6PK18,19.11528892813821
Q6PKH6,7.248526312589686
Q6Q0C1,2.1213075602504796
Q6Q8B3,27.05008138141488
Q6QEF8,4.02705657627545
Q6R2W3,16.05894808661632
Q6RSH7,0.0
Q6S8J3,167.31585037740592
Q6SJ96,44.23124742599651
Q6T310,0.0
Q6T4P5,148.17710103760464
Q6TDP4,54.24312930490826
Q6TDU7,0.2957891119748694
Q6UQ28,4.314655307711515
Q6UW32,0.0
Q6UW49,44.68868552668238
Q6UWD8,12.666449887767339
Q6UWJ1,4.014245047179673
Q6UWL2,21.21198065910894
Q6UWM5,1.6445088658393794
Q6UWM7,42.51450071398105
Q6UWN8,24.8502683084331
Q6UWQ7,0.0
Q6UWT4,1.372002550755054
Q6UWV2,34.37878144535688
Q6UWW9,0.058542580161689166
Q6UX07,15.749963487036485
Q6UX52,29.644936570303507
Q6UX53,0.0
Q6UX73,10.130475657868768
Q6UXA7,276.1161420511006
Q6UXC1,174.1690990480817
Q6UXH9,61.249595204617265
Q6UXI7,75.3376898221777
Q6UXK5,6.995467155838801
Q6UXN2,31.412801752346912
Q6UXU4,47.49796023089326
Q6UXX5,195.57419737383537
Q6UY11,43.6290262416359
Q6V1P9,166.29603736573665
Q6VUC0,18.55644827060303
Q6W3E5,10.164600768258401
Q6WBX8,3.746926786228543
Q6X784,10.399570876087514
Q6XPR3,958.1657740032526
Q6XYB7,7.029697682411176
Q6YFQ2,0.30425554002340416
Q6YI46,64.62698973399112
Q6ZMB5,36.6852724319921
Q6ZMD2,40.459877126834414
Q6ZMK1,0.0
Q6ZMP0,217.60006422023542
Q6ZMR3,2.7106464336638476
Q6ZMV9,62.89644403521227
Q6ZMY3,334.03832460574796
Q6ZN11,13.973968830872362
Q6ZN28,29.989647927238913
Q6ZN54,1.0612694276980301
Q6ZN66,2.426896021146037
Q6ZNB6,99.60475024799933
Q6ZNW5,4.8836811915883445
Q6ZP65,4.839809407673533
Q6ZPB5,17.996241237603464
Q6ZR52,18.35738861413161
Q6ZRH7,11.365450721052657
Q6ZS27,55.994895050167315
Q6ZS72,24.223777429049235
Q6ZS81,130.11274889664543
Q6ZS82,17.134932392752784
Q6ZSG2,23.915862953044233
Q6ZTA4,235.34921508758023
Q6ZTI6,26.30630423556341
Q6ZTQ3,13.681629885264602
Q6ZTR7,7.052384617511733
Q6ZTW0,13.7882397497372
Q6ZUB1,366.43549430380165
Q6ZUT9,31.481228392339965
Q6ZUV0,3.88957698235164
Q6ZUX3,86.73310441388759
Q6ZVH7,118.39524544749318
Q6ZVX7,8.825850985233895
Q6ZVX9,0.0
Q6ZW05,11.202689117807738
Q6ZWE6,50.73280186430245
Q6ZWJ8,189.2393897903936
Q6ZWK6,12.730926716204928
Q701N2,515.1152711080235
Q70EK8,272.04810867120506
Q70Z53,8.604908462787568
Q711Q0,259.6929206169673
Q717R9,19.966269646502752
Q76B58,24.519151990035574
Q76KP1,33.05941486276713
Q7L0R7,59.39635037911253
Q7L1V2,40.25883699187516
Q7L2K0,70.85047840757711
Q7L3S4,14.457734873502721
Q7L3T8,2.4167066826276566
Q7L9B9,73.41563702969049
Q7LDI9,49.789188353105054
Q7M4L6,30.543229230681536
Q7RTM1,42.10373602580608
Q7RTR8,0.0
Q7RTS5,0.06276078095959667
Q7RTU9,61.390507789278175
Q7RTV2,0.0
Q7RTV3,30.067341933947745
Q7RTY5,19.172915281779503
Q7RTY7,37.07543061666814
Q7RTY8,58.87140326463996
Q7RTY9,19.76069341983443
Q7RTZ2,30.009404637618353
Q7Z2G1,0.0
Q7Z2K8,485.6918201177844
Q7Z2T5,49.551798525466104
Q7Z2W9,16.196528946571433
Q7Z340,56.720860637358314
Q7Z398,18.10528955889866
Q7Z3D4,43.04712924569275
Q7Z3D6,28.600980949698638
Q7Z3G6,200.31347512275374
Q7Z3H4,13.552838380247701
Q7Z3Q1,4.5452242900681386
Q7Z3T1,0.0
Q7Z3V4,6.9026026210492955
Q7Z3Z3,33.26396429072479
Q7Z408,685.0596445084053
Q7Z444,3.593112254938465
Q7Z4G4,12.018874691566362
Q7Z4H3,0.0
Q7Z4J2,0.0
Q7Z4L9,0.0
Q7Z4W2,0.0
Q7Z553,105.26170368987562
Q7Z5A4,24.227747851256854
Q7Z5H4,0.0
Q7Z5H5,6.4836035554706335
Q7Z5M8,10.026975654571714
Q7Z601,25.917239203022174
Q7Z692,26.060328116295615
Q7Z695,19.268978618624878
Q7Z6J2,68.70696602786174
Q7Z6K4,0.023399428858518603
Q7Z6Z6,6.056126895737934
Q7Z713,8.127108988676246
Q7Z745,6.764516813292678
Q7Z7A3,37.2705421809603
Q7Z7B7,0.0
Q7Z7F7,0.0
Q7Z7J5,0.436526047442357
Q7Z7J7,10.218257487690384
Q7Z7L7,0.0
Q7Z7L9,124.98439270378294
Q7Z7M1,72.65207907304607
Q86SG7,8.50062697468553
Q86SP6,144.01995750681726
Q86SX3,9.774023260983764
Q86TA1,0.21118954492409406
Q86TD4,9.797147526117701
Q86TJ5,82.11858956856724
Q86TN4,3.898090849275821
Q86U38,1.9711704772967567
Q86UA1,17.912605993604426
Q86UB2,108.92662280524104
Q86UB9,0.0
Q86UE3,3.9959345300007345
Q86UP6,52.20659808494827
Q86UP8,30.204003145226174
Q86UW8,179.49186481753372
Q86UY8,7.139581844056759
Q86V21,15.591702386737422
Q86V35,3.3989121248724423
Q86VH4,44.72184145273004
Q86VI1,7.064459901100006
Q86VR7,120.68596991980323
Q86VX2,0.0
Q86VZ1,8.11295386795715
Q86W11,23.00279571839844
Q86W28,34.4551437385515
Q86W33,7.975949418935016
Q86W67,0.0
Q86WC6,0.14491290036548823
Q86WI0,2.0589485801752527
Q86WK7,12.73868462860488
Q86WK9,0.0
Q86WN2,0.0
Q86WS5,38.45939429924775
Q86WW8,0.0
Q86X10,127.78366850706237
Q86X19,12.668054882609706
Q86X27,42.791132858122694
Q86X76,15.373974594443414
Q86X83,2.6434429734224785
Q86XD5,34.04341793704867
Q86XH1,7.19406340461993
Q86XI6,21.86052858051521
Q86XP6,12.39382253869648
Q86XR2,46.929392220382994
Q86XR5,9.741534745297916
Q86XT9,18.506710176767655
Q86XW9,2.0925398005036464
Q86Y22,558.718259765197
Q86Y25,6.512482329861288
Q86YE8,8.93539183211716
Q86YH2,99.53336153808164
Q86YL5,25.24444445723185
Q86YN1,11.811746526725331
Q86YV6,3.5292029623532066
Q8IUC0,6.5486769031274275
Q8IUE0,12.151232833892983
Q8IUE1,23.697665636291827
Q8IUZ0,23.932779672372114
Q8IVV2,118.52592238495201
Q8IVW1,39.83632720199739
Q8IW03,4.866913119970685
Q8IW36,3.9344847818708972
Q8IW93,79.49730034424387
Q8IWA0,1.4775078747144617
Q8IWB9,222.2564921180909
Q8IWF6,4.614472924626603
Q8IWP9,7.14943036442688
Q8IWR0,90.9634299276188
Q8IWY8,55.46591674578955
Q8IX06,32.927630634584844
Q8IX18,14.690803715743066
Q8IX29,6.455841249200124
Q8IXS6,50.35986545058807
Q8IXT1,98.58076660610777
Q8IXY8,16.340434693566287
Q8IXZ3,569.2534090124051
Q8IY67,92.77521711020587
Q8IYD9,79.55123041897947
Q8IYK8,35.80148991247878
Q8IYL2,109.32321965608011
Q8IYN2,8.123490229971333
Q8IYS0,67.9412088081663
Q8IYS4,66.54725764385101
Q8IYS8,83.65311829621481
Q8IYT1,123.57193043529168
Q8IYU4,135.932368686825
Q8IYW2,24.383004215790628
Q8IYX0,20.670296512012253
Q8IZ08,117.43061291328726
Q8IZ26,47.39633178822873
Q8IZ40,21.866773534103153
Q8IZ57,7.591001105253734
Q8IZ73,53.87852966399875
Q8IZ83,98.99765645890011
Q8IZA3,67.9731431315715
Q8IZD6,1.6507635274709274
Q8IZF4,7.048184208414326
Q8IZF5,51.85606897782489
Q8IZF7,58.26502663313917
Q8IZJ4,15.354972105007564
Q8IZM9,0.0
Q8IZP7,27.98441571391667
Q8IZS5,3.398370600855179
Q8IZS6,0.0
Q8IZS7,0.0
Q8IZS8,7.98415746154461
Q8IZT9,0.0
Q8IZU8,15.531906741456941
Q8IZV2,14.129541916459614
Q8N0S6,2.3048904958139653
Q8N0T1,0.0
Q8N0U2,6.693355745898312
Q8N0Y7,3.3967175722282215
Q8N0Z8,4.724716040940809
Q8N103,103.27201204936082
Q8N109,104.71942862174795
Q8N111,15.82594045625626
Q8N112,0.8453892093239782
Q8N118,6.635191186164544
Q8N128,1.6174676135473698
Q8N136,14.556811201880341
Q8N143,100.42350164147402
Q8N145,2.23044747407265
Q8N184,34.61605730500838
Q8N1D0,36.083971689713636
Q8N1G4,25.142312026903422
Q8N1S5,10.93938961221782
Q8N1T3,18.72478850525231
Q8N292,11.962561145244234
Q8N2H3,34.70905268921794
Q8N365,113.94983284621378
Q8N3D4,161.75025451470822
Q8N3J9,11.396696106076591
Q8N3X1,200.85451913353128
Q8N3X6,79.9641622841678
Q8N436,24.72017187299396
Q8N442,6.238201422304659
Q8N461,17.247445407166914
Q8N4G2,1.2377488704851975
Q8N4H5,0.0
Q8N4P2,5.103341169569291
Q8N4Q0,6.450760214872827
Q8N4T4,0.5924312276638226
Q8N4W9,53.87142128485869
Q8N531,8.91987107341917
Q8N5C7,1.4649880972229985
Q8N5I3,25.020957424250867
Q8N5L8,24.605266262526197
Q8N5M4,1.5135219656847743
Q8N5N7,0.0
Q8N5R6,74.01198626511811
Q8N5S1,31.982617071468148
Q8N628,0.0
Q8N6D5,11.659132826282587
Q8N6S5,33.09189219457494
Q8N6T0,3.9642438521500734
Q8N729,1.3820686875233263
Q8N7A1,1.8823771703543897
Q8N7B1,11.905850646352995
Q8N7B9,56.06132660749992
Q8N7K0,89.17461931879487
Q8N7M2,8.753984007503094
Q8N7P3,0.0
Q8N801,40.49481710782907
Q8N806,13.660393789256538
Q8N819,11.208298944788158
Q8N823,62.34981489936787
Q8N831,19.58935960997517
Q8N859,20.716129581250133
Q8N883,32.752573380674946
Q8N8A2,46.35359791161531
Q8N8A6,15.611915143299052
Q8N8E3,22.013538853568484
Q8N8F6,39.04826369531205
Q8N8G2,105.16153307005216
Q8N8J6,29.235532753044822
Q8N8K9,61.22219085574203
Q8N8L2,23.476776581450416
Q8N8Q1,0.0
Q8N8R5,73.70685210649839
Q8N8U2,35.95770261292866
Q8N8Y5,2.4492911241050486
Q8N8Z8,39.92172934543819
Q8N907,7.325790065416131
Q8N954,14.443615922647611
Q8N9B8,80.1498876726392
Q8N9H8,3.0593317238746867
Q8N9L1,71.52775161211193
Q8N9S9,0.0
Q8N9W4,59.89302520094508
Q8N9Z0,12.652044424381737
Q8NA19,25.822763524336185
Q8NAT2,72.87793567174255
Q8NB25,52.48378528584247
Q8NBA8,5.744279933008592
Q8NBF6,62.17541864752222
Q8NBH2,58.8851318953623
Q8NBM8,12.677385823450114
Q8NBR0,89.74267348062023
Q8NBV4,5.623009487514241
Q8NBX0,20.707274284903868
Q8NC44,99.7674821752328
Q8NC96,54.40316048594952
Q8NCA9,121.93182660375331
Q8NCF0,0.0
Q8NCK3,24.06143727644307
Q8NCN2,83.48137371228941
Q8NCN5,11.987858467048055
Q8NCQ7,92.824434493615
Q8NCR3,6.486668457513503
Q8NCU1,1.0403308752673666
Q8NCY6,0.19858211933414371
Q8ND71,51.1143841844314
Q8ND82,125.3911052285818
Q8NDB6,43.264139238168724
Q8NDH2,523.9857797222207
Q8NDV2,0.0
Q8NDX6,23.928620991279203
Q8NDX9,0.09458113916558446
Q8NE28,49.69366218789597
Q8NE62,32.49183713496652
Q8NEB7,6.581616010741438
Q8NEE6,16.80989303460682
Q8NEF3,4.670671503107059
Q8NEF9,42.66151897403719
Q8NEG0,0.10168147469556424
Q8NEN0,48.58634513804052
Q8NEP9,34.43126777161066
Q8NET1,0.0
Q8NEW7,0.0
Q8NEX9,4.982047472160491
Q8NF86,58.99943666675421
Q8NFI3,4.724236324694828
Q8NFJ8,454.18987294074856
Q8NFK1,3.1511267192387225
Q8NFN8,126.46781005979332
Q8NFU0,3.8741330956580917
Q8NG04,10.233525475878423
Q8NG48,20.282833853448587
Q8NG68,8.217170451903772
Q8NGA0,0.0
Q8NGA4,20.500981610669918
Q8NGC0,0.0
Q8NGC7,0.0
Q8NGC8,0.0
Q8NGD0,0.8144585103390538
Q8NGE3,0.0
Q8NGF0,0.0
Q8NGG2,0.0
Q8NGG7,0.0
Q8NGH7,0.0
Q8NGI2,0.0
Q8NGI8,0.0
Q8NGJ2,0.0
Q8NGK2,0.0
Q8NGL1,0.0
Q8NGM9,0.0
Q8NGN3,0.0
Q8NGN6,0.0
Q8NGQ1,0.0
Q8NGR2,0.0
Q8NGR6,0.0
Q8NGS0,0.0
Q8NGS2,0.0
Q8NGS8,0.0
Q8NGV6,0.0
Q8NGW1,0.0
Q8NGW6,0.0
Q8NGX3,0.0
Q8NGY0,0.0
Q8NGY3,20.752511088157487
Q8NH06,3.344033622806619
Q8NH10,0.0
Q8NH19,0.0
Q8NH43,0.0
Q8NH48,0.0
Q8NH59,0.0
Q8NH67,0.0
Q8NH69,0.0
Q8NH85,0.0
Q8NH87,0.0
Q8NH92,0.0
Q8NH94,0.39868768272871663
Q8NHC8,0.0
Q8NHK3,99.75884583711095
Q8NHM4,22.103255772205415
Q8NHP1,6.703828605617297
Q8NHP7,6.946065564144554
Q8NHQ8,10.629192289589689
Q8NHS0,174.5288491912629
Q8NHU2,16.335348608730115
Q8NHY6,60.936635482657195
Q8NI29,7.451292813716824
Q8NI32,5.0825128181927814
Q8NI99,31.54622559263999
Q8TAA3,1.2340982768898228
Q8TAA5,2.2434581545020897
Q8TAE6,101.84859957548233
Q8TAF7,0.0
Q8TAG6,3.9724636343958886
Q8TAK5,50.792004832613124
Q8TAL6,12.680778275558742
Q8TAQ5,13.970908409998206
Q8TAQ9,11.136676235062957
Q8TAV4,1.8898142115475216
Q8TB03,0.11991807210682186
Q8TB96,4.063031306452115
Q8TBB5,77.79071299617246
Q8TBF4,5.887730526902511
Q8TBF5,0.0
Q8TBP0,99.73364352064175
Q8TBQ9,0.0
Q8TBY0,56.70664285782317
Q8TBZ0,42.28067857404374
Q8TBZ2,10.554559391709592
Q8TBZ5,52.39556046642034
Q8TC21,11.927056637935337
Q8TC26,1.9137698894230124
Q8TC27,96.08614035207928
Q8TC56,132.63510755614493
Q8TC76,61.18031155911901
Q8TCB6,0.0
Q8TCC3,1.1408614853713914
Q8TCD1,10.796830699339392
Q8TCD6,2.0047086420860403
Q8TCU3,0.0
Q8TCV5,66.7142596917213
Q8TCW7,71.65932416066808
Q8TCW9,9.052802224886902
Q8TD22,1.6858976491256712
Q8TD94,73.46393486419251
Q8TDE3,22.093083355742696
Q8TDM0,34.43906001538561
Q8TDM5,9.645901624853035
Q8TDN6,0.0
Q8TDV2,2.308186140290819
Q8TDV5,4.590168130595986
Q8TDW4,29.856929808163695
Q8TDY8,73.46355262865552
Q8TE59,125.02095493717151
Q8TE69,0.0
Q8TET4,33.126093934840625
Q8TF05,20.421364210347924
Q8TF39,113.37710322243785
Q8TF64,0.7391157090001679
Q8TF68,141.10021941048925
Q8WUA2,41.991250635162515
Q8WUF8,0.027475901537751115
Q8WUH1,0.0
Q8WUN7,18.480612387819793
Q8WUT4,152.53358610787208
Q8WUU8,14.758835971815213
Q8WUX2,13.957497208665522
Q8WV07,11.549521918056517
Q8WV35,2.131090834592693
Q8WV48,35.592507977637695
Q8WV60,0.0
Q8WVE0,0.0
Q8WVF2,0.0
Q8WVL7,2.243131159164209
Q8WVZ7,2.016232696097679
Q8WW27,8.660565872776601
Q8WWW8,90.99797522971261
Q8WWY7,5.858573587444382
Q8WX77,42.40140886582215
Q8WXA2,1.6344443598106273
Q8WXB4,13.048998311827743
Q8WXD9,253.16383473494398
Q8WXH4,0.0
Q8WXH6,0.5860471615702656
Q8WXQ8,54.299946014876184
Q8WY22,34.27053275879752
Q8WYN3,83.39372458278825
Q8WYQ4,0.0
Q8WYQ9,572.2813713911089
Q8WZ33,0.0
Q8WZ60,20.926813340956112
Q8WZ64,156.518082201639
Q8WZ79,25.332640983156306
Q8WZ84,0.0
Q8WZ92,0.0
Q8WZ94,0.0
Q902F8,26.84788438663879
Q902F9,14.127257601981283
Q92561,46.663221555581764
Q92617,15.821961353602578
Q92664,13.162504956916361
Q92747,40.991577810494526
Q92771,17.753732116726848
Q92806,0.5226498966354048
Q92828,1.9137783667212018
Q92901,16.511884384677003
Q92914,7.615998420579787
Q92928,12.096072442750037
Q93073,223.31212672956968
Q969E1,0.0
Q969I3,1.3227276954256832
Q969M1,2.3208311254445047
Q969M2,144.14313543854416
Q969N4,0.0
Q969Q0,0.8904778240794393
Q969Q4,2.1714999145827747
Q969Q5,0.0
Q969T3,2.063500064339678
Q969V1,0.0
Q969W8,35.373009948041364
Q96A00,7.962688517905651
Q96A04,19.288309957571855
Q96A05,0.0
Q96A23,12.400506442478438
Q96A28,30.153655627818246
Q96A35,0.050902867588926586
Q96A46,68.82294027288548
Q96A47,74.34525054705283
Q96A73,84.8022524150606
Q96A84,335.0270749448832
Q96A99,25.621285834380878
Q96AC6,118.02204185279686
Q96AM1,7.585101223165196
Q96B23,92.60726929605272
Q96B45,4.593279275404234
Q96B77,1.85486006493093
Q96BH3,0.0
Q96BN6,117.59367702002126
Q96BU1,125.86432181515659
Q96BV0,58.518905353917354
Q96BW9,10.591577038799228
Q96C19,5.908587949007579
Q96C28,3.9977550356468523
Q96C34,60.929068193482856
Q96CM4,11.748973674755577
Q96CW6,41.07725031939326
Q96CX2,119.22064056523553
Q96CX3,4.267359630455272
Q96DA0,28.263185491327
Q96DB5,18.031384241291974
Q96DC8,0.9024604436526699
Q96DD7,8.926273249867773
Q96DN6,346.28072529416113
Q96DX4,19.42588320627202
Q96DY7,45.197546745036966
Q96E40,0.0
Q96EF9,6.786905349060149
Q96EK7,69.39040202052254
Q96EN9,0.0
Q96EY9,3.0682750975902615
Q96FC7,41.14656546393167
Q96FN9,9.614832500356382
Q96FV2,10.156971029092539
Q96GA3,3.1898974946665333
Q96GC5,0.0
Q96GE9,0.0
Q96GX2,8.047576649883062
Q96GX8,1.4393259862482537
Q96GY0,112.57900003111968
Q96H78,2.045525030811503
Q96HE9,36.940872872664535
Q96HJ3,70.33958463579648
Q96HJ9,4.164209754523849
Q96HL8,36.21988787902636
Q96HP8,15.257819801767443
Q96HQ0,0.5587324186043989
Q96HQ2,0.0
Q96HU8,0.0
Q96I36,0.0
Q96I82,23.526979240034304
Q96IG2,0.624527404906523
Q96IK0,0.09175481557740524
Q96IQ7,69.21040195307728
Q96IX9,3.450430237190222
Q96J86,6.1999001875219
Q96J88,56.42573050961118
Q96JA4,32.334173196034726
Q96JC4,17.068386592086753
Q96JK4,50.77829695366839
Q96JN8,441.44197986430527
Q96JP2,148.07414964212893
Q96JQ2,183.3181000841928
Q96JT2,70.85571963319666
Q96K49,2.979411221077166
Q96K58,20.616276036662725
Q96KC2,0.0
Q96KE9,16.941818663139152
Q96KJ9,43.622980300307376
Q96KN1,17.91582926186944
Q96KN9,33.64364361945708
Q96KR1,271.3731470960514
Q96KS9,4.049834528267954
Q96KX0,0.0
Q96KX2,0.0
Q96L15,7.428059780975404
Q96L33,0.2495191503178721
Q96L94,9.685966894355811
Q96LA9,0.0
Q96LB4,0.1951447214641424
Q96LD1,55.24275439617544
Q96LL3,1.027352407767084
Q96LR9,0.8968610487529851
Q96LU5,4.1884563710244445
Q96LW2,3.3842396242342074
Q96LW9,5.779600585988662
Q96LY2,64.24203158798142
Q96M27,156.25689958706
Q96M69,13.567545890306317
Q96M83,65.90847698760777
Q96MA1,69.68372543652737
Q96MB7,0.0
Q96MG8,14.897911274288125
Q96MI6,2.7356171145594503
Q96MM6,43.216597313147524
Q96MT1,7.139641831328902
Q96MX6,20.306958147882227
Q96N03,13.477025386710435
Q96N06,22.97341284499005
Q96N23,140.2198735441939
Q96N28,0.7896340026361532
Q96N38,24.371664963055427
Q96ND0,0.01686717004712023
Q96NJ3,46.17483543237708
Q96NL0,33.1604323020861
Q96NL1,61.64893884988255
Q96NL3,31.129155361535915
Q96NU0,196.42005177540858
Q96NX9,161.26581418363492
Q96P50,132.88751740702864
Q96P68,0.0
Q96P69,14.67222393603981
Q96P88,7.811140011990376
Q96PB8,1.9140810753263107
Q96PE2,619.5067103755027
Q96PE5,27.78465699223755
Q96PE6,40.847471128447076
Q96PL1,0.0
Q96PL2,0.9336139229292364
Q96PQ7,89.97493415878938
Q96PU9,50.77957001894303
Q96PX9,253.96168031335696
Q96Q07,40.43755287758839
Q96QR1,0.0
Q96QS1,14.682591620456877
Q96QU6,16.650265781865265
Q96R08,0.0
Q96R48,0.0
Q96RA2,0.9613560008602255
Q96RC9,0.0
Q96RI9,0.0
Q96RJ0,0.0
Q96RK1,18.465635522307707
Q96RP8,13.35158849924616
Q96RV3,682.6657651724686
Q96S79,0.0
Q96S82,165.45726658310474
Q96S90,23.83946862239531
Q96S95,5.32794683109382
Q96S96,0.5522157942925573
Q96SE0,2.569884708793649
Q96SE7,62.85957958366447
Q96SK3,3.5994898989204325
Q96SL8,75.59720787843298
Q96SM3,76.42502901068158
Q96SN7,11.500974507381107
Q96SR6,1.0281213837858691
Q96SY0,12.553217293618339
Q96T25,263.4671419015716
Q96T92,155.90320832791025
Q99218,4.7765658148834484
Q99442,16.36632794242997
Q99445,0.5605451582504093
Q99463,9.944835455210974
Q99525,0.05584232751456431
Q99614,7.9812741120209445
Q99618,51.05082989192431
Q99666,220.4208212216946
Q99742,58.4698580037102
Q99805,8.210342901835663
Q99811,69.9520732774892
Q99819,0.09574211454355137
Q99865,8.362680678079428
Q99954,63.75545790970983
Q9BPW4,3.747989190808621
Q9BPX5,0.0
Q9BPY3,22.084981718905077
Q9BQ08,10.58801783414993
Q9BQC6,0.0
Q9BQI7,65.07899872334667
Q9BQI9,20.31694993250248
Q9BQQ7,0.0
Q9BQR3,21.298505758291693
Q9BQS6,5.9695267534667895
Q9BQW3,198.15295420719002
Q9BQY9,61.620356995348764
Q9BR61,11.584443023060354
Q9BR84,11.46032761272196
Q9BRJ2,0.0
Q9BRP4,47.47406052917054
Q9BRQ4,0.0
Q9BRQ5,40.539599043798155
Q9BRT6,0.0
Q9BRT8,1.0710129766081522
Q9BRU2,0.0
Q9BRY0,13.367592838206905
Q9BS18,0.0
Q9BS31,36.16456714180224
Q9BSE5,18.471717402413326
Q9BSF4,0.0
Q9BSF8,125.4500279329459
Q9BSG0,0.8579954007017777
Q9BSG5,24.188142306300875
Q9BSH3,0.0
Q9BSH5,0.0
Q9BSJ5,100.46365482588752
Q9BSK1,18.307650433932427
Q9BSN7,13.029016575809061
Q9BT23,9.728563029605404
Q9BT76,72.18715708960215
Q9BTM1,0.0
Q9BTT6,4.233477548881058
Q9BTV6,31.392388035533507
Q9BU70,32.67037456807445
Q9BUA3,52.53560881273903
Q9BUG6,55.0297118467782
Q9BUK0,1.4044306100505504
Q9BUN1,136.7983067436117
Q9BUT9,26.00153261176486
Q9BUV8,0.0
Q9BV19,4.968866388394838
Q9BV29,0.0
Q9BV99,18.904039342420482
Q9BVC5,46.83743238627656
Q9BW30,48.927321617538794
Q9BW72,0.041655094697500235
Q9BWM7,8.397524523650755
Q9BWU0,72.36036249503326
Q9BWV7,47.70860105173163
Q9BWW8,10.03798211399203
Q9BX82,56.51633615450031
Q9BX93,10.619804321463468
Q9BXA9,201.2541046157458
Q9BXC1,5.680467780896298
Q9BXE9,28.134384424827093
Q9BXG8,25.36942363839409
Q9BXK1,78.31481509566541
Q9BXL5,1.5256256258128102
Q9BXT2,1.3522739368730754
Q9BY10,45.09100499052187
Q9BY21,41.88085437066918
Q9BY60,0.0
Q9BYC2,9.187242300617292
Q9BYC8,5.140198457427198
Q9BYC9,0.034682936138152015
Q9BYD1,5.9098869812079595
Q9BYD2,0.4231628530727232
Q9BYD3,6.608741091157113
Q9BYD6,0.0
Q9BYN8,0.0
Q9BYQ9,0.0
Q9BYX7,12.74193858992502
Q9BZ76,193.21519023684266
Q9BZD7,31.553476000891944
Q9BZE1,11.796591416907791
Q9BZI1,109.23724747279579
Q9BZJ4,2.8612456060352263
Q9BZJ6,3.3089661394572127
Q9BZW2,10.259291874427674
Q9C009,39.09561775115511
Q9C010,16.11127212931502
Q9C075,111.39906757314935
Q9C099,3.8826425825271174
Q9C0B6,48.74063201051049
Q9C0D3,0.0
Q9C0D7,235.33454089591964
Q9C0E2,15.647462250241754
Q9C0H5,153.07543274443424
Q9GZK4,0.0
Q9GZK6,0.0
Q9GZM6,0.0
Q9GZN6,48.75496914627121
Q9GZP1,12.402055090642103
Q9GZP4,10.063215190432876
Q9GZP7,4.9550604015531095
Q9GZQ3,1.8417725550375736
Q9GZR7,2.159180538136411
Q9GZT6,2.159287731678665
Q9GZZ0,57.231036712730756
Q9H009,0.24476389554109168
Q9H019,3.301727721061242
Q9H061,0.07584637644090678
Q9H069,0.0
Q9H091,90.38866749541542
Q9H094,51.09020462919901
Q9H0C3,6.325458197010889
Q9H0H3,16.16806419568775
Q9H0I3,0.0
Q9H0I9,8.302584742798633
Q9H0U9,20.72220956577072
Q9H0X4,68.5266452996365
Q9H158,112.62822560804264
Q9H159,34.505185615257425
Q9H175,58.63040180097363
Q9H1A3,17.647778535960402
Q9H1C0,19.260737398089194
Q9H1N7,3.1324811388873433
Q9H1U4,121.60870553084138
Q9H205,0.0
Q9H207,0.0
Q9H209,1.3645331862125494
Q9H210,0.0
Q9H213,1.3323844793259179
Q9H2A3,129.62001797970993
Q9H2P9,0.0
Q9H2T7,2.962626196710892
Q9H2W6,0.8659160057789255
Q9H2X8,14.734888436668736
Q9H2Y9,123.34063024644414
Q9H320,0.0
Q9H330,55.217246610424674
Q9H336,41.40525441699798
Q9H339,0.0
Q9H340,0.0
Q9H341,0.0
Q9H342,0.0
Q9H347,223.48291833560876
Q9H3C7,118.1157743563798
Q9H3E2,0.0
Q9H3G5,7.941705338207497
Q9H3M9,30.848903017930137
Q9H3S5,0.0
Q9H426,17.99709434581421
Q9H446,0.3270672715071087
Q9H4A4,26.180755204162764
Q9H4B8,45.91268467495563
Q9H4G1,0.0
Q9H4I8,1.192764771605064
Q9H4Q3,167.818012602612
Q9H501,16.824848235742238
Q9H511,26.736717580445987
Q9H5L6,2.140037005941675
Q9H609,6.962450414896681
Q9H665,112.5032349212168
Q9H6A9,495.66016252547365
Q9H6D8,58.40158511120728
Q9H6F2,50.683882421958955
Q9H6F5,18.90682081723146
Q9H6K4,0.0
Q9H6V9,0.5598563810401975
Q9H6X4,49.885532908745404
Q9H6X5,80.82381194503077
Q9H756,14.953505832263907
Q9H7C9,31.213467332246662
Q9H7R0,45.44769430568921
Q9H7U1,287.11405633956304
Q9H7X7,22.565171723937738
Q9H898,11.407714249943012
Q9H8H0,3.290988374687915
Q9H8S5,0.8022836249155562
Q9H8Y1,10.477524291467422
Q9H939,10.238424959105249
Q9H967,34.99774772547251
Q9H9H5,81.32127004092541
Q9H9Y2,4.3688772715370545
Q9HA64,58.07482184441714
Q9HA77,32.44154019032682
Q9HA92,21.42076079464142
Q9HAH1,26.649364688260235
Q9HAS0,44.295664099274404
Q9HAT1,58.24427171151467
Q9HAY2,0.7022547484344515
Q9HB09,15.005300128944809
Q9HB40,18.40445245894326
Q9HBA9,34.22676100423997
Q9HBF5,0.2858646763803641
Q9HBL6,7.524906969283117
Q9HBQ8,36.02206242250729
Q9HBR0,82.55142535628725
Q9HBU9,7.517239505689064
Q9HBV1,0.0
Q9HC38,11.744437408970741
Q9HC56,246.92878835535234
Q9HCC6,0.29995273204822775
Q9HCG1,54.391692670252795
Q9HCI6,1.7854920045146856
Q9HCL0,166.0641759164271
Q9HCN2,40.998883188020365
Q9HCN8,83.33713496168998
Q9HCT0,7.815671823984765
Q9HD33,0.9502123849131067
Q9HD64,0.0
Q9HDB9,60.061942555246446
Q9N2J8,23.666278851889235
Q9NNX1,5.016889799628369
Q9NP08,64.35103754671616
Q9NP92,7.581383496356863
Q9NPA3,24.426015013175007
Q9NPB8,12.831852258143485
Q9NPH6,4.720308630864879
Q9NQ03,149.49601446427232
Q9NQ33,5.905169599587345
Q9NQ34,0.15649962873485707
Q9NQ60,81.88439915688295
Q9NQE7,40.13888720586893
Q9NQN1,1.9977514959969387
Q9NQS1,147.09184790130666
Q9NQT6,11.181553999988035
Q9NR64,207.33482468743043
Q9NRG7,12.013321297013817
Q9NRH1,9.393314459253999
Q9NRJ1,8.265421139264449
Q9NRJ5,66.09519179145964
Q9NRM2,31.15897400787418
Q9NRN5,31.80144629418657
Q9NRR1,0.0
Q9NRU3,131.92652917679692
Q9NRV9,7.32567941207275
Q9NRX1,0.5921559637021838
Q9NRY5,16.440249147851148
Q9NS25,1.7071830577509854
Q9NS26,2.3939075151779723
Q9NS28,0.4976674325162704
Q9NS66,7.869354796273518
Q9NS67,24.62121219705049
Q9NS93,27.45610388853214
Q9NS98,86.78744373241175
Q9NSI2,2.0304625235025067
Q9NSI5,48.928691118424794
Q9NSP4,0.0
Q9NSY0,3.2629537238410293
Q9NTI7,96.95277817946486
Q9NTU4,23.06457167565813
Q9NTU7,31.393473062645914
Q9NTX5,22.00767162979727
Q9NTZ6,757.7828881346873
Q9NU02,27.16128255031125
Q9NUA8,19.807554384965464
Q9NUG6,0.1927891623346395
Q9NUP1,7.422782996928436
Q9NUP7,17.45882888571511
Q9NUQ6,58.60607505089058
Q9NUQ8,5.230200552611191
Q9NUZ1,12.31479058605358
Q9NV66,12.799086929394
Q9NV72,53.41535578367256
Q9NVG8,19.53954232369209
Q9NVK5,2.4376313808275634
Q9NVL8,7.242233702283563
Q9NVQ4,6.478404476598907
Q9NVR7,18.03514908349684
Q9NVS2,9.921568729064077
Q9NVX7,6.665645686706518
Q9NVZ3,71.4878379631076
Q9NW68,62.93241981619675
Q9NWB6,1.2700419777158956
Q9NWC5,0.0
Q9NWH7,78.67162667845243
Q9NWV4,0.0
Q9NWW0,2.6188896374164856
Q9NX08,0.0
Q9NX20,2.2441576611209237
Q9NX38,0.0
Q9NX45,20.172534552209516
Q9NX78,3.56793633074881
Q9NXF1,6.240358108741919
Q9NXF7,3.703017281045027
Q9NXG2,6.118051091147211
Q9NXH3,20.06510849224135
Q9NXJ0,72.94128071766654
Q9NXK6,0.0
Q9NXL2,91.73312275975655
Q9NXL6,86.51131884140042
Q9NXZ2,48.90797696530184
Q9NY35,0.0
Q9NY37,0.12006187134003715
Q9NY43,75.21663177742622
Q9NY57,47.62755731716093
Q9NYF5,16.500928699187916
Q9NYL4,0.0
Q9NYM9,2.719125008547159
Q9NYN1,0.9167510100256333
Q9NYV8,5.509621345121657
Q9NYV9,0.0
Q9NYW2,0.0
Q9NYW3,0.0
Q9NYW6,3.6848737251140484
Q9NYW7,0.0
Q9NZH5,0.7264485613273846
Q9NZL6,116.05383774974018
Q9NZQ0,9.159336283770546
Q9NZQ9,1.564596160341113
Q9NZT2,68.17700030614834
Q9NZW5,13.960381636104056
Q9P015,2.1363315492300115
Q9P031,3.3076801201791346
Q9P055,4.654017085114877
Q9P0J6,0.0
Q9P0M4,4.084070478193021
Q9P0M9,2.586715130510793
Q9P0S2,1.3801452848408617
Q9P0V9,14.563376410385347
Q9P104,0.0
Q9P1P5,2.424090461168741
Q9P1U0,7.169076307204522
Q9P1U1,0.0
Q9P1W3,5.630024149106311
Q9P1Y6,239.33840869138322
Q9P203,172.19857550580673
Q9P206,436.3430212738888
Q9P242,254.49108669943837
Q9P244,93.09630138151647
Q9P260,183.5531049799559
Q9P265,179.64016291971348
Q9P291,74.78977046406347
Q9P299,2.100085488849579
Q9P2D8,135.31485357800136
Q9P2E7,255.33626406565313
Q9P2F8,548.3071614466899
Q9P2H5,29.398768762885048
Q9P2J8,43.237882803889114
Q9P2J9,8.994054977131054
Q9P2N2,37.31947944903179
Q9P2P1,139.2020578231279
Q9P2T0,13.308687009948876
Q9P2V4,62.293558458356955
Q9QC07,18.522513816719055
Q9UBG7,55.337280690973856
Q9UBL0,443.2963428797284
Q9UBU2,98.85043766602058
Q9UBU6,40.80647833528628
Q9UDX5,2.2002637343162865
Q9UEE9,7.36047317235737
Q9UF02,17.739690058788455
Q9UGF5,0.0
Q9UGQ2,2.66918040543038
Q9UH62,7.910476148015871
Q9UHA3,0.0
Q9UHE8,0.0
Q9UHF5,0.0
Q9UHQ4,3.5406274482631463
Q9UHR6,11.682945796633433
Q9UHV5,194.4537544852103
Q9UHW5,1.2613144094319355
Q9UIF3,8.622114245005616
Q9UII5,30.208780228593376
Q9UIM3,4.29674932596112
Q9UJ04,44.98885990727857
Q9UJ42,0.0
Q9UJ99,169.57680114762638
Q9UJG1,0.0
Q9UJK0,10.95389706312163
Q9UJU3,77.52259800735565
Q9UJW7,112.57348136835861
Q9UK08,0.0
Q9UK11,32.15707402182444
Q9UK13,61.02585365213293
Q9UK85,15.090433987357436
Q9UKB3,8.208829455020181
Q9UKD2,3.5084059858164007
Q9UKH3,34.299983218917205
Q9UKJ0,49.65211031621913
Q9UKJ3,452.0562327755782
Q9UKL2,0.0
Q9UKL4,79.11286255454779
Q9UKR3,79.63110783019138
Q9UKU9,30.775785153397372
Q9UKY3,11.696194571820808
Q9UL36,259.4250338735208
Q9UL58,31.350204917998703
Q9ULB4,112.64147298784647
Q9ULE3,103.63259101526093
Q9ULE6,51.74105719701607
Q9ULF5,85.8190546349569
Q9ULI4,554.9502806755031
Q9ULJ7,259.19210509507377
Q9ULK2,327.28816340032716
Q9ULK6,29.600036489274814
Q9ULL5,869.2699656388744
Q9ULR5,5.081054750323326
Q9ULS5,98.46860065844058
Q9ULS6,8.373138854429303
Q9ULZ0,30.167697483020444
Q9UMY1,6.764486285708436
Q9UN30,88.71557741299233
Q9UN66,48.29826598399273
Q9UN67,70.69236182957893
Q9UN70,131.41282170099885
Q9UN71,153.043175855729
Q9UN75,76.98522500605249
Q9UNK9,3.1550369961785973
Q9UNL2,0.8791360310791343
Q9UNN4,23.570641169495012
Q9UNX9,0.8820479302303983
Q9UPU3,66.71050545285792
Q9UPV7,34.71401266131489
Q9UQ10,8.853500715557985
Q9UQ72,32.95705183945784
Q9UQG0,17.692253632588567
Q9Y2A4,79.040224309204
Q9Y2C2,18.093636855355385
Q9Y2D5,173.0788128059873
Q9Y2D9,42.388454719913256
Q9Y2E8,3.030334257375933
Q9Y2G4,61.07579782278797
Q9Y2H8,48.98561217439649
Q9Y2I8,22.7982356155758
Q9Y2L6,281.391684961163
Q9Y2L8,65.64057994746813
Q9Y2Q1,10.525076279340041
Q9Y2Q9,21.829118920696995
Q9Y2R4,8.643006942762103
Q9Y2R5,8.3468310114526
Q9Y2R9,0.0
Q9Y2T4,5.425272376231209
Q9Y2T5,6.439561002639179
Q9Y2U2,11.873870456705166
Q9Y305,4.3745179021227605
Q9Y330,117.85404876929405
Q9Y334,127.625234527635
Q9Y3C1,0.2825818044533165
Q9Y3X0,103.62144844163439
Q9Y421,0.0
Q9Y471,22.24795652214463
Q9Y4F5,291.70184940672414
Q9Y4I5,48.204209611072486
Q9Y4K1,234.36977047685923
Q9Y4P3,10.779033471544729
Q9Y543,13.577316323045196
Q9Y573,5.444741535430151
Q9Y585,0.0
Q9Y597,174.46854151928778
Q9Y5E1,49.91223720881005
Q9Y5E2,49.64958451292618
Q9Y5E4,69.38970874108506
Q9Y5E5,59.794383680507764
Q9Y5E6,68.91106747115228
Q9Y5E7,57.3343016652118
Q9Y5E8,89.87451817404228
Q9Y5F0,31.667853888648306
Q9Y5F2,57.8232508278032
Q9Y5F3,47.2884658909785
Q9Y5F6,193.61811109967417
Q9Y5F7,166.13350839399394
Q9Y5F8,146.61579888686754
Q9Y5F9,123.22241433358532
Q9Y5G0,117.87405105724152
Q9Y5G1,119.06034160148423
Q9Y5G2,141.86852100984527
Q9Y5G3,168.82396865646126
Q9Y5G4,122.43026769490884
Q9Y5G5,121.65677542001876
Q9Y5G6,124.80147322576236
Q9Y5G7,110.4221781800428
Q9Y5G8,127.2151757027165
Q9Y5G9,137.88029251613375
Q9Y5H0,131.8939835924889
Q9Y5H1,128.7793435319901
Q9Y5H2,113.82359187704091
Q9Y5H3,104.19307458786031
Q9Y5H4,108.0028015511354
Q9Y5H6,87.89937290717127
Q9Y5H7,93.28266198971436
Q9Y5H8,101.73141414608276
Q9Y5I0,111.02975118883117
Q9Y5I1,81.59109510830636
Q9Y5I4,199.17582981420975
Q9Y5J1,13.87589171439642
Q9Y5J9,1.3865300414282462
Q9Y5M8,25.868765234316008
Q9Y5P1,0.0
Q9Y5P3,35.72922646457543
Q9Y5U2,71.59194681786809
Q9Y5Y3,1.6092440024422925
Q9Y661,40.67675832143852
Q9Y673,4.934581079706896
Q9Y689,0.0
Q9Y6C9,2.791027159789801
Q9Y6I0,6.632008039000983
Q9Y6I8,0.0
Q9Y6N3,1.4679339989146372
Q9Y6Q3,35.71339241919723
Q9Y6S9,103.91819365690237
Q9Y6V7,3.193343320750607
Q9YNA8,49.521684541205495
U3KPV4,0.0
W5XKT8,0.0
W6CW81,20.692056029686768
A0A075B6H7,25.627553366660862
A0A075B6H8,7.969624825828385
A0A075B6H9,63.332177323282885
A0A075B6I0,68.31917678508171
A0A075B6I1,71.73438453975373
A0A075B6I3,43.668113301760314
A0A075B6I4,46.97411006205236
A0A075B6I6,84.64871498487048
A0A075B6I7,64.91141997006234
A0A075B6I9,50.2563470802644
A0A075B6J1,83.4357366661715
A0A075B6J2,71.11163353273639
A0A075B6J6,31.314912465356617
A0A075B6J9,131.3432798850321
A0A075B6K0,21.860192329272234
A0A075B6K2,53.42097164452107
A0A075B6K4,42.36156702608119
A0A075B6K5,45.98407512503264
A0A075B6K6,46.540103241435325
A0A075B6L2,2.1224537710021822
A0A075B6L6,26.87769621998671
A0A075B6N2,3.8263375000708146
A0A075B6N3,7.567626204469272
A0A075B6N4,11.026312131733992
A0A075B6P5,40.679366224283854
A0A075B6R0,10.910965298401788
A0A075B6R9,31.22319717456618
A0A075B6S2,34.96950044438549
A0A075B6S4,41.78726680442314
A0A075B6S5,46.86365968686599
A0A075B6S6,41.734994401812564
A0A075B6S9,38.63602113560975
A0A075B6T6,6.902301491717322
A0A075B6T7,2.610186404249458
A0A075B6T8,0.7360861077295008
A0A075B6U4,0.7662890810899846
A0A075B6V5,0.0
A0A075B6W5,10.49394564487352
A0A075B6X5,9.955566257828789
A0A075B759,38.2475726004177
A0A075B767,19.150263987819866
A0A087WSX0,44.120654498884626
A0A087WSY6,8.67767404707211
A0A087WSZ0,17.996414089931058
A0A087WSZ9,0.49701997849366397
A0A087WT02,6.380215121112083
A0A087WT03,8.822041581987431
A0A087WTH5,10.836727169460634
A0A087WV62,0.10707006127651023
A0A087WVF3,73.28337016421258
A0A087WW87,28.679594464069233
A0A087WXM9,45.576910514275646
A0A087X0K7,23.48401393494931
A0A087X0M5,0.0
A0A087X179,73.13879554918884
A0A096LP55,0.0
A0A0A0MRZ7,27.36542592575995
A0A0A0MRZ8,24.440352769019185
A0A0A0MRZ9,91.15481257615794
A0A0A0MS00,29.97396411728888
A0A0A0MS01,0.0
A0A0A0MS02,34.036369303179974
A0A0A0MS03,6.543717572423438
A0A0A0MS04,10.994136645932048
A0A0A0MS05,21.526751188079793
A0A0A0MS06,0.6032934221755939
A0A0A0MT36,28.489171757236647
A0A0A6YYC5,2.9875740732730374
A0A0A6YYD4,5.297972205132961
A0A0A6YYG2,14.033121897586119
A0A0A6YYG3,5.440296885649664
A0A0A6YYJ7,0.0
A0A0A6YYK1,0.0
A0A0A6YYK4,5.154273586960423
A0A0A6YYK6,0.0
A0A0A6YYL3,93.08446228890173
A0A0B4J1U3,56.12562650302175
A0A0B4J1U4,19.339685198363053
A0A0B4J1U6,3.5996292047529446
A0A0B4J1Y8,35.16834215726787
A0A0B4J1Z2,39.67624491089656
A0A0B4J234,0.21617043188376908
A0A0B4J235,0.4491704613418966
A0A0B4J237,3.246658348399368
A0A0B4J238,3.521685527700148
A0A0B4J240,31.334389388372717
A0A0B4J241,1.6469887127972667
A0A0B4J244,1.7426726169641649
A0A0B4J245,8.1168922936246
A0A0B4J248,0.808097181133544
A0A0B4J249,0.0
A0A0B4J262,0.0
A0A0B4J263,0.0
A0A0B4J264,0.0
A0A0B4J265,2.236863878705619
A0A0B4J266,0.0
A0A0B4J268,1.6322211287662791
A0A0B4J271,18.712853664279994
A0A0B4J272,4.967496063498951
A0A0B4J273,0.0
A0A0B4J274,0.7839425419851063
A0A0B4J275,2.5499054283326354
A0A0B4J276,1.3357100545744975
A0A0B4J277,0.0
A0A0B4J279,23.824266510020188
A0A0B4J280,57.86703395532466
A0A0B4J2A2,38.2475726004177
A0A0B4J2D5,3.968201843314537
A0A0B4J2D9,43.08000602061482
A0A0B4J2E0,1.6039914789815255
A0A0C4DH24,29.413973766749955
A0A0C4DH25,41.1285140418196
A0A0C4DH26,28.133425501289622
A0A0C4DH27,10.019033583409094
A0A0C4DH28,23.25529374998777
A0A0C4DH55,28.381775543484764
A0A0C4DH59,13.182517747331929
A0A0C4DH67,32.2433735870002
A0A0C4DH68,32.08541415124125
A0A0C4DH69,28.4047983889496
A0A0C4DH72,44.72958644782443
A0A0C4DH73,55.13779606568093
A0A0G2JS06,43.82604003087509
A0A0J9YX75,13.483921690400148
A0A0J9YXY3,15.650038248495433
A0A0K0K1A3,16.624774689835817
A0A0K0K1B3,4.699313486483002
A0A0K0K1C0,0.13802573741311447
A0A0K0K1C4,1.0628443655254496
A0A0K0K1D8,21.912872569590906
A0A0K0K1E9,18.248073175719362
A0A0K0K1G6,29.48825321767198
A0A0K0K1G8,6.473754458244803
A0A0U1RQF7,4.830746823222809
A0A1B0GUS4,0.0
A0A1B0GX31,15.921794740017159
A0A1B0GX49,26.779662112112973
A0A1B0GX51,5.81369797778211
A0A1B0GX56,0.5954254990155833
A0A1B0GX68,1.0342293503764757
A0A1B0GX78,0.0
A0A1B0GX95,23.239484022588883
A0A1B0GXF2,53.16922236737878
A0A1W2PPM1,117.81522129280077
A0A1W2PR19,0.0
A0A1W2PR82,12.825917081986425
A0A2R8Y619,0.23231780178115477
A0A2Z4LIS9,73.84496268574365
A0A3B3IS91,55.900729248176546
A0A3B3IT33,0.9600869589915023
A0A455ZAR2,12.905337764457288
A0A494C1R9,2.259635154955249
A0A539,3.8652280549802702
A0A576,11.64179154867406
A0A577,0.15537388692058315
A0A578,18.257284287131565
A0A584,3.8740886668188756
A0A589,0.671179305239751
A0A597,9.863015572229713
A0A599,10.357476516930312
A0A5A2,17.054484183271065
A0A5A6,0.204231989109741
A0A5B0,14.152279101609505
A0A5B6,1.044079641986303
A0A5B7,5.36814375076716
A0AUZ9,55.80642609189242
A0JD32,0.0
A0JD36,0.0
A0JD37,3.0317360510992457
A0PJE2,20.317168880074952
A0PJW6,0.2583120855349524
A0PJW8,0.0
A0ZSE6,0.0
A1A4F0,8.188521680754494
A1A4V9,0.0
A1A580,3.2594470713077484
A1L3X4,0.0
A1L453,11.910154452244976
A2A3N6,102.3964235619434
A2AJT9,129.3405056563402
A2CJ06,45.92794830061409
A2NJV5,29.48906157751089
A2RRH5,30.189745812425706
A2RRL7,6.651879777694595
A2RTY3,0.4246052273192882
A2RU48,0.0
A2RU54,87.4723684611448
A2RUR9,133.47954942727185
A2RUU4,2.4506416199079646
A2VCK2,9.431534769377414
A3KFT3,0.0
A4D0V7,5.171883257161049
A4D1E1,180.54926340020833
A4D1S0,48.06448812193042
A4D1U4,22.989588195525933
A4D2H0,96.06279268081059
A4D2P6,135.48392196540743
A4FU28,123.45878434161324
A4QPB2,26.711105251032862
A4QPH2,1.3567847988423138
A5PL33,479.25698504128314
A5PLK6,30.842904957811047
A5PLN7,257.45840321458047
A6H8M9,23.690359880453435
A6NC42,0.0
A6NC78,70.3579753877702
A6NC86,5.531199737309217
A6NCC3,68.86222785370987
A6NCI4,27.330441380177774
A6NCK2,0.0
A6NCL1,35.37215202971021
A6NCN2,0.0
A6NCV1,0.0
A6NCW7,29.734480099570774
A6NDD5,4.514993681875885
A6NDH6,0.0
A6NDI0,0.0
A6NDL8,0.0
A6NDN3,27.976700775598044
A6NDR6,97.61275635527886
A6NDS4,75.82361766301756
A6NDX5,33.24901235073539
A6NDY0,30.583874428174813
A6NE52,44.84746404033014
A6NEC2,6.767307605984557
A6NEL2,87.13560887300702
A6NER0,73.22111684545925
A6NES4,7.57341574779465
A6NET4,0.0
A6NF34,12.422489292200472
A6NF89,0.0
A6NFC5,0.0
A6NFC9,9.744602047112501
A6NFI3,145.2010903205445
A6NFQ7,21.82428453658858
A6NGD5,42.43184867649673
A6NGJ6,3.613599673433754
A6NH21,15.533823262566674
A6NH52,0.0
A6NH57,0.0
A6NHA9,0.0
A6NHG9,0.0
A6NHJ4,33.11870639177227
A6NHM9,2.8319697695280803
A6NHT5,1.498596936758665
A6NI03,5.099338103875299
A6NI72,9.425367970426418
A6NIE9,26.479853078751454
A6NIJ9,0.0
A6NIM6,3.5919066111896325
A6NIR3,174.0650133595203
A6NIZ1,0.0390096798078119
A6NJG6,33.452624329061045
A6NJL1,77.62318886655373
A6NJW4,11.893112825163904
A6NJZ3,0.0
A6NJZ7,158.4650868276214
A6NK02,0.5745301487586949
A6NK53,113.94251806606972
A6NK59,3.319893610945928
A6NK75,6.963820541529509
A6NKD2,3.204458996014707
A6NKD9,205.04381837327736
A6NKF2,45.866739630992804
A6NKG5,42.62337870107888
A6NKK0,0.0
A6NKQ9,23.716985113145792
A6NKT7,219.107869052843
A6NL08,0.0
A6NL26,0.9969025946755161
A6NL99,2.816834254907505
A6NLI5,11.753883630075684
A6NLP5,0.0
A6NLU0,1.4580335843095313
A6NLW8,11.874387669206804
A6NM03,0.0
A6NM10,13.703566695697472
A6NM11,92.36462273215406
A6NM28,54.25800942379857
A6NM43,2.788565621608176
A6NM45,0.0
A6NM76,0.0
A6NMD0,0.3629092756927775
A6NMS3,0.0
A6NMS7,87.6035873237459
A6NMT0,95.27140516238813
A6NMU1,0.0
A6NMX2,5.237095856965702
A6NMZ5,0.0
A6NN14,20.6937412322176
A6NN92,0.0
A6NNF4,42.84142133251606
A6NNM3,158.4650868276214
A6NNN8,1.0535672305327728
A6NNP5,1.1036089648311838
A6NP11,8.387678683724191
A6PVL3,44.91209825984154
A6PVS8,0.0
A6QL64,136.35699388911695
A8K0R7,151.38764892424183
A8K0S8,133.54574994576987
A8K830,24.482302824162154
A8MPS7,25.009986940010208
A8MPX8,42.174227195096236
A8MQ11,10.832858970077318
A8MT65,13.398593761392672
A8MT70,46.691718643419996
A8MTI9,21.906290791338908
A8MTY7,0.0
A8MUH7,17.346271997411456
A8MUM7,0.0
A8MUV8,11.101858953772114
A8MUZ8,14.238303360199028
A8MV23,15.636356616005003
A8MVA2,0.0
A8MVS5,47.78239920298762
A8MVU1,8.982843271850658
A8MVW0,163.1827822347831
A8MVX0,44.229064731871524
A8MVZ5,13.325344058989604
A8MW92,57.493752731243404
A8MWA4,19.660395470133448
A8MWD9,0.0
A8MWK0,12.409035214557163
A8MX76,0.43532346274005185
A8MXE2,5.956762527172629
A8MXK1,11.564427992479681
A8MXU0,0.0
A8MXY4,3.310256426238374
A8MXZ3,0.0
A8MYP8,47.65594473743635
A8MYV0,6.829068968362646
A8MYZ6,56.79903813367508
A8MZ26,0.0
A8MZ36,31.100379082390784
B1AH88,50.37768101902253
B1AJZ9,36.964978764975626
B1AKI9,84.48546269587064
B2CW77,26.591862529221068
B2RN74,0.0
B2RPK0,2.5092402058942973
B2RXH4,58.55533862862047
B3SHH9,15.072216703769415
B4DU55,19.125290876602545
B5ME19,30.548212135410722
B7ZAP0,0.0
B7ZBB8,24.90506904779231
B7ZC32,63.524837179758975
B9EJG8,1.3642012463017668
C0HLV8,0.0
C0HLZ6,9.582351514222223
C0HM01,0.0
C9J069,160.68521286908677
C9J1S8,0.0
C9J2P7,23.258156353567788
C9J798,19.132618768871374
C9JCN9,0.0
C9JDP6,0.0
C9JH25,284.97514189647853
C9JJH3,22.609279857000445
C9JLJ4,24.742324523775956
C9JLR9,59.23400691757317
C9JPN9,18.572515342713825
C9JQL5,0.7305599271897321
C9JSJ3,149.99429035221345
C9JUS6,2.8808415343336833
C9JVI0,23.258156353568513
D6R901,27.64501867068716
D6R9N7,22.010953217849814
D6RA61,15.740683780951898
D6RBQ6,24.81318710892529
D6RCP7,15.740683780951898
D6RIA3,568.2219065506262
D6RJB6,26.302663182933472
E2RYF6,1662.5005548323502
E2RYF7,92.48625493874196
E7ETH6,64.0802138176178
E9PB15,0.0
E9PQ53,0.0
F5H284,38.2475726004177
F7VJQ1,0.5531585356872902
G3V0H7,24.36026309757738
G5E9R7,10.278602842770901
H3BQB6,34.820169862817146
H3BSY2,71.95845493015207
H3BV60,5.056881297607441
H7C241,0.0
I0J062,48.888094942560144
I1YAP6,10.622506645054571
I3L273,36.67122326733516
I3L3R5,13.90499025207321
L0R819,1.3211424443477922
O00110,60.69116648036517
O00479,5.104729625936606
O14498,43.161708004705865
O14562,7.2089694773147865
O14581,2.304962955540223
O14598,0.0
O14604,0.0
O14715,218.72180204831983
O14921,0.0
O14990,33.07661465900486
O15050,50.624967899632836
O15172,0.6209352125920874
O15255,52.501328013732696
O15442,10.567618525227811
O15482,47.93925656850398
O43246,23.627432178930466
O43247,98.58046976342422
O43325,0.0
O43361,51.382602207024846
O43423,0.21095486022588514
O43824,31.75867629849153
O43869,1.6744741188809669
O60224,26.657341239275873
O60268,15.650506059164206
O60287,0.7172025736737955
O60290,32.81593988183738
O60309,76.47799329022803
O60320,127.44672068531486
O60347,91.71063784817356
O60361,17.510249406882878
O60431,0.7653069141332811
O60518,4.2773552836092135
O60637,13.872443585857944
O60732,232.55633955340457
O60739,0.0
O75157,355.4074901378907
O75200,22.978198671148796
O75290,20.709572108415422
O75333,62.33702351921865
O75373,3.5046424992688854
O75426,39.352074412166345
O75467,67.11256809037641
O75474,21.357984153159848
O75526,414.60832318339374
O75794,1.5508324398653215
O75949,34.37617239046699
O75954,6.669870697111131
O76000,0.0
O76087,0.0
O76100,0.0
O94819,67.10356491165052
O94880,52.79663496675835
O94952,0.0
O94967,198.32762152459733
O95006,0.0
O95013,0.0
O95081,358.481165675902
O95156,0.2296715464322433
O95157,9.802842102798463
O95158,79.07747133824597
O95170,27.049175648507184
O95221,0.0
O95424,0.0
O95478,4.63954484513308
O95502,73.74499120394012
O95521,1.8073857209900568
O95744,1.416238492234743
O95825,0.0
O95857,5.79187720955345
O95969,0.0
O96001,0.0
P01737,0.0
P09131,79.66548598682034
P0C025,0.018506093244194177
P0C091,84.76159080589197
P0C0P6,0.0
P0C5J1,7.668820972141768
P0C5Y4,72.10195497051072
P0C604,0.0
P0C623,0.0
P0C628,0.0
P0C629,0.0
P0C646,0.0
P0C6A0,16.772259271848853
P0C6S8,38.07882599595027
P0C7A2,3.6842352062913335
P0C7H9,27.485253719069473
P0C7I0,24.533721056495235
P0C7N1,0.0
P0C7N5,0.0
P0C7N8,0.0
P0C7P4,5.693512627042141
P0C7Q2,20.765083958069518
P0C7Q6,16.288205131433752
P0C7T2,0.0
P0C7T3,0.0
P0C7U1,3.5097495161000656
P0C7V7,8.204513843757205
P0C7X1,73.28337016421287
P0C851,2.6886430492955826
P0C860,36.881963527899345
P0CB33,19.527723250674512
P0CB38,19.868885369769572
P0CG00,64.08720509702371
P0CG12,691.4334615278974
P0CG22,2.61850434822222
P0CG31,28.823997307992357
P0CG36,21.135625420252733
P0CG38,170.70234779632943
P0CG39,142.31302750770857
P0CG40,238.51691235828588
P0CG41,121.96277559470815
P0CH99,12.684693320362852
P0CI00,12.68469332036285
P0CI26,0.22441601717676143
P0CK97,10.07128461295631
P0CL82,0.0
P0CV98,2.259635154955249
P0CV99,2.259635154955249
P0CW00,2.259635154955249
P0CW01,2.259635154955249
P0CW20,0.0
P0DJD0,226.20629735380237
P0DJD1,226.20629735379976
P0DKB5,4.140059764574228
P0DKV0,145.93402707507772
P0DM35,0.0
P0DMP2,2.8131517899970415
P0DMT0,0.0
P0DMU2,0.0
P0DMU9,61.43047025841348
P0DN26,38.2475726004177
P0DN37,32.247554120313566
P0DN80,0.0
P0DN81,0.5579379616381579
P0DN82,0.0
P0DOX2,91.89933232039984
P0DOX7,29.01774727345171
P0DOX8,82.33659756833302
P0DP09,43.08000602061482
P0DP72,37.3375046650204
P0DP73,0.0
P0DPB5,0.0
P0DPF3,39.220857829685784
P0DPF4,0.49925724984252984
P0DPF7,15.650038248495433
P0DPI2,3.9682018433145485
P0DPQ6,0.0
P0DQD5,11.569005301406428
P0DSN7,38.63602113560975
P0DTA3,6.0239850461143805
P0DTE1,28.312911434095955
P0DTE2,3.9694015063624346
P0DTW3,25.889030532860485
P0DUH7,0.0
P0DW28,25.94613237852913
P10075,60.80500858631653
P11465,60.466488103921044
P11844,2.1828406273889764
P12525,0.6185039202567348
P15421,33.149628674926944
P16415,83.44749231282415
P16562,55.78029332210341
P17017,38.75371505588029
P20962,0.0
P31275,179.02951811000958
P35410,0.009681257047279988
P43359,20.053144121892053
P43362,22.335394435535964
P43366,18.87235312912911
P47881,0.0
P47884,0.0
P47890,1.0854810849789092
P47944,0.0
P51523,43.314228332309
P51786,34.06092397233898
P51861,0.0
P52740,23.058396333799905
P52743,3.9883353654755695
P52943,37.79185406922191
P55822,0.7750973793003226
P57060,30.942544917892896
P58170,0.0
P58180,0.0
P58181,0.0
P58511,0.0
P58549,7.159139356611426
P59536,1.6999327762401133
P59539,0.0
P59541,0.03271827423690281
P59544,0.0
P59551,0.0
P59922,0.0
P60673,3.122352551519201
P60985,0.0
P61129,510.15669631434434
P61236,0.0
P61570,14.70368176402167
P62502,4.456529802916468
P63119,4.856458879392505
P63120,1.588534330865238
P63121,4.260970692188335
P63122,1.2471542229436203
P63124,3.9326632313475636
P63125,3.381339869170554
P63127,1.2471542229436217
P63131,4.26097069218836
P63302,0.0
P82664,11.078473512224122
P82909,25.757384279506873
P84157,3.018158295652837
P86790,1.692916068174333
P98182,26.9601295266749
Q008S8,11.30769963143904
Q02325,10.571002008897274
Q03924,9.592506223950648
Q03938,11.905737015460883
Q05BV3,34.41097229417362
Q05DH4,18.309266727343374
Q06250,8.598971036883757
Q075Z2,0.0
Q08AF3,40.749331395469014
Q08AI6,0.0
Q08AN1,15.559138591167198
Q09019,229.04731966426334
Q09MP3,64.06144726879597
Q0P651,43.188516653123415
Q0P6D2,3.4110123484857597
Q0VDE8,0.0
Q0VDG4,0.38062843145905323
Q0VGE8,15.00266576346238
Q107X0,44.45697639735587
Q12767,50.16235768903957
Q12894,46.33268871732269
Q13046,43.66135570824245
Q13066,0.0
Q13069,0.0
Q13072,0.0
Q13296,0.0
Q13536,54.87178552325064
Q14146,14.881238735012339
Q14390,21.798753444217724
Q14507,0.0
Q14549,100.4682714856719
Q14582,38.430097223539754
Q14586,43.269883233941094
Q14588,9.56085638428854
Q14761,11.269256329174041
Q147U1,35.3806199427394
Q14CZ0,79.21922574870888
Q14DG7,86.57326022954109
Q15032,522.4140186523484
Q15181,16.22915355089863
Q15195,4.154510563986764
Q15269,10.17981654671288
Q15434,123.45733595674898
Q15527,1.8064434413507284
Q15615,0.0
Q15619,0.0
Q15622,0.0
Q15773,102.72919715073135
Q16048,0.6104710224707159
Q16473,36.25107261943619
Q16517,0.0
Q16559,0.4781848320539966
Q16626,6.233149546792808
Q17R31,0.6866773453928506
Q17R55,2.4344267695472475
Q17RC7,28.62207721789056
Q1A5X7,0.0
Q1AE95,5.1310096347657606
Q1ED39,13.778536641452249
Q1KMD3,86.90293115719922
Q1W4C9,0.9854410569278031
Q1X8D7,157.33624605465806
Q1XH10,92.10317030015335
Q1ZYL8,1.885167966564931
Q24JQ0,0.0
Q2KHR3,580.275915907554
Q2M218,19.01374712223481
Q2M296,15.621019338730656
Q2M2I3,78.73412310607945
Q2M2W7,1.425302802276145
Q2M3D2,0.0
Q2M3V2,55.90047146848473
Q2M3W8,42.29843212922917
Q2M5E4,0.0
Q2PZI1,1.6671689293638692
Q2QD12,13.880140394054413
Q2TAA2,0.373239527258983
Q2TAA8,14.033196275356875
Q2TAL5,121.3276104781339
Q2TB10,28.522355384031616
Q2TBF2,25.76198578440459
Q2VY69,39.321863853576424
Q2WGJ9,66.52241579908289
Q2WGN9,279.17894388812044
Q30KQ4,24.47140877043466
Q30KQ5,0.0
Q30KQ8,3.4213910592503636
Q30KQ9,0.0
Q30KR1,0.0
Q32MH5,192.0175551926926
Q32P51,519.2330871586746
Q3B7J2,9.48372859395809
Q3B7T3,120.31640451904508
Q3B8N5,125.26506146020404
Q3C1V8,0.7116416498850195
Q3KNW1,1.067410624984792
Q3KP31,21.288266855069498
Q3KQV9,2.033411497185621
Q3KQZ1,13.334492100504209
Q3LFD5,0.0
Q3LI61,0.0
Q3LI67,0.0
Q3LI73,0.0
Q3LI83,133.1360318114735
Q3MIS6,30.422572437891677
Q3MIX3,2.6721350617121225
Q3SXZ3,6.087403080494706
Q3ZCQ2,10.251438380208278
Q3ZCW2,1.0591142248200787
Q400G9,15.37875410574512
Q494X3,6.463197497466007
Q495B1,11.398018463905931
Q495X7,0.0
Q496H8,12.007249794056936
Q499Z3,37.92130037643145
Q499Z4,12.695631519179063
Q49A92,30.179467595369765
Q49AG3,4.886628804378608
Q49AR2,3.2814616690290395
Q4AE62,43.70362248927899
Q4G0F5,12.211595177749755
Q4G0N0,2.36093924747659
Q4G0S7,0.0
Q4G0Z9,0.2602693281631106
Q4G112,163.10886905022213
Q4KMZ1,79.2600437879177
Q4KMZ8,0.0
Q4VC39,0.35306772074699555
Q4VXA5,1.8438612946030974
Q4VXU2,36.57506983624097
Q504U0,49.988106251482094
Q50LG9,15.937969611616865
Q52LA3,0.0
Q52LD8,65.85375591916468
Q52M58,4.5466494981356265
Q52M93,32.00922702992583
Q53EQ6,31.093983186170558
Q53EV4,0.8432743372866396
Q53FE4,49.816383474242095
Q53RY4,0.0
Q53S08,16.268517199397053
Q53S58,0.0
Q53S99,7.644740278652882
Q53SF7,144.6779605726578
Q56A73,1.775076145171302
Q56VL3,0.19908868201475285
Q58FF3,5.319145327423799
Q58FF6,3.059064323767184
Q58FG0,0.734163360993241
Q5BJE1,26.03412287278129
Q5BKX6,47.60575642486749
Q5CZA5,72.25567552330665
Q5EBL2,193.19088679831412
Q5EBM4,0.0
Q5FYA8,26.48684517555529
Q5GH70,0.3654702713673389
Q5GH73,98.03801996087738
Q5GH77,1.5145009374497647
Q5H8A3,0.507306670148199
Q5H913,45.215455095443104
Q5H943,26.343598773098634
Q5H9E4,0.0
Q5H9K5,42.949374084969975
Q5H9L2,9.998871839986423
Q5H9M0,2.398998403363685
Q5H9R4,1273.4593355960324
Q5HY98,5.69521236906174
Q5HYK9,24.01837982960495
Q5HYR2,5.840590800802199
Q5I0G3,0.0
Q5I0X7,8.845067316959081
Q5JNZ3,20.068148709815638
Q5JPF3,137.46345991111406
Q5JPI3,5.557762388893207
Q5JQF8,0.0
Q5JQS5,0.0
Q5JQS6,19.143931996770732
Q5JRC9,9.617870870998342
Q5JRS4,14.273956045658515
Q5JRV8,45.1064064583591
Q5JS37,9.416579440396987
Q5JS54,18.27466272689702
Q5JSS6,0.09569541404763357
Q5JTD7,27.734347707961863
Q5JU00,63.39293281078142
Q5JUK9,18.7269062788872
Q5JVG2,35.462065936690934
Q5JVG8,4.428689016627747
Q5JW98,0.0
Q5JWR5,179.5061430217737
Q5JX69,2.7378085524483575
Q5JXM2,38.622771090716796
Q5M8T2,20.282862257887224
Q5M9N0,183.4988282820675
Q5MCW4,11.736753023642988
Q5PT55,0.0
Q5QFB9,0.0
Q5R387,15.28124854015755
Q5R3K3,1.9567152768916194
Q5RHP9,65.46984240263698
Q5RIA9,1.0710129766081522
Q5SNV9,215.83116149141256
Q5SRH9,13.363074186436561
Q5SSQ6,0.0
Q5SV17,0.0
Q5SV97,172.80698769805355
Q5SVQ8,12.475119353048417
Q5SWX8,17.94175311833041
Q5SXM1,3.844545761406071
Q5SY68,2.1035365194078848
Q5SYE7,774.8576050958404
Q5SZD1,56.41372039631818
Q5SZD4,2.1090011487172484
Q5SZI1,111.47771791262889
Q5T0B9,128.44165152219534
Q5T1A1,9.735309421323159
Q5T1B0,2.9075146834707892
Q5T1J5,53.58589147653805
Q5T1N1,197.04486414968656
Q5T1S8,17.913210706059154
Q5T215,0.0
Q5T292,5.964350910404303
Q5T2L2,1.2171681481471646
Q5T3I0,24.690770559528275
Q5T5D7,0.28988121547264195
Q5T5J6,50.45490973640359
Q5T5M9,22.106950257921
Q5T5S1,4.454957758499324
Q5T681,47.801366429337676
Q5T6J7,1.583071331027962
Q5T764,0.022504749030790937
Q5T7M9,0.0
Q5TAG4,42.31887362558991
Q5TC12,18.301923859314268
Q5TC63,3.755459308139633
Q5TEA3,75.26072537618664
Q5TEA6,0.8000304305917434
Q5TEC3,14.229834673047346
Q5TF21,300.45122140561807
Q5TF39,3.338093448534564
Q5TFE4,11.91335133639863
Q5TFG8,2.107457818048101
Q5TG30,67.05443051579108
Q5TGI0,0.0
Q5TGY1,40.61008331135671
Q5TGY3,701.6129062664934
Q5THK1,306.18672031608014
Q5TI25,22.948925068615026
Q5TIE3,140.70875201022614
Q5TZ20,0.0
Q5TZJ5,156.11368729563694
Q5UAW9,1.8307045579916168
Q5VIY5,31.006013252339777
Q5VSG8,41.59754492300448
Q5VT79,4.175913475596619
Q5VTE6,9.51670668378009
Q5VTH2,21.42789840129324
Q5VTJ3,135.25134137212163
Q5VTL8,46.170242281085
Q5VTM2,152.98135908359697
Q5VTU8,0.0
Q5VU65,21.857769024829597
Q5VUD6,0.0
Q5VUJ5,130.9551040617461
Q5VUJ6,338.0691956363512
Q5VUY0,2.417032449944491
Q5VVM6,27.884587288027646
Q5VW22,143.97097276474497
Q5VWQ0,29.713388644257225
Q5VWW1,88.90463627861335
Q5VX52,18.889523647688527
Q5VXU3,0.0
Q5VYM1,136.02451826139168
Q5VYV0,29.007757953868133
Q5VYV7,49.10615867898304
Q5VZ03,0.0
Q5VZ19,1.4071070532356393
Q5VZ46,488.04733152643973
Q5VZ52,9.034945793848815
Q5VZ66,5.821012522066401
Q5VZ72,0.47139160110145206
Q5W041,60.62265153577877
Q5W0A0,16.666831686988676
Q5W0B7,39.38651673743446
Q5W0V3,19.373199958595148
Q5W186,1.5103915569641115
Q5W5W9,15.626759653417373
Q5XG99,56.863225174110966
Q5XKK7,33.61455760460406
Q5XKL5,1.092779913188192
Q5XKR9,19.289760432811384
Q5XUX1,7.979012202925063
Q5YKI7,0.0
Q63HM2,16.440657783587667
Q63HM9,1.5830109572189104
Q63ZE4,3.8726500527505925
Q64ET8,38.830591770945254
Q658K8,27.03522533792751
Q658L1,20.605094717184777
Q68CQ7,5.344894601642938
Q68DH5,67.98203788267843
Q68DI1,66.27024820340384
Q68DN1,164.11819485451696
Q68DY9,10.501055092081797
Q69YU3,102.8044455148517
Q6AHZ1,127.30936967789478
Q6AI08,103.27350009811488
Q6AI12,31.48557621712206
Q6AW86,61.596052785276434
Q6B0B8,11.384241474720564
Q6BEB4,54.856674435781684
Q6DD87,26.756679246041145
Q6DHV5,10.725287796765382
Q6DKI1,0.0
Q6EBC2,1.065292081926693
Q6F5E7,6.928445395166189
Q6GPI1,25.177937008504287
Q6GV28,0.9559770502571678
Q6ICC9,48.030325784353735
Q6ICH7,4.767207430212899
Q6IE36,25.9903626017091
Q6IEE8,8.617624453927853
Q6IEU7,0.0
Q6IEV9,0.0
Q6IEY1,0.0
Q6IEZ7,0.0
Q6IF00,0.0
Q6IF36,1.2301649906283263
Q6IF42,0.0
Q6IF63,0.0
Q6IF82,0.0
Q6IF99,0.0
Q6IFG1,0.0
Q6IFN5,0.0
Q6IN97,19.373989232471573
Q6IPT2,13.259885841287801
Q6IPX1,73.13879554918886
Q6IPX3,10.922871244966665
Q6IQ21,56.77007604066138
Q6IS14,3.9404398392639757
Q6J272,39.07149494880894
Q6JVE6,3.6862593391849057
Q6JVE9,1.022794020221122
Q6L8G5,472.5851997748888
Q6L9T8,0.0
Q6NSI8,63.65306631191521
Q6NSJ2,20.22039948863032
Q6NSW5,2.9240773087315732
Q6NT04,15.304294629463095
Q6NT16,2.4465093001745775
Q6NT52,28.31881385333663
Q6NT89,51.893810121392576
Q6NUN7,99.76180825605817
Q6NV75,123.77934013178204
Q6NVV3,0.0
Q6NW29,7.331361957839829
Q6NX49,36.78157184559591
Q6NXP0,0.0
Q6NXP2,16.66827844320656
Q6NZ63,0.0
Q6P093,7.770277007249531
Q6P1N9,0.0
Q6P280,9.982913441779608
Q6P387,45.729338988747614
Q6P3R8,24.48441943670385
Q6P3V2,27.718470001214524
Q6P474,5.9643012912773665
Q6P589,0.2916637812365403
Q6P5X7,67.59047615491268
Q6P656,5.569034344269483
Q6P6B7,12.379592744986638
Q6P995,72.58372311386022
Q6P9A1,66.26852786352269
Q6P9A3,23.252380902128092
Q6PB30,0.49061262291260543
Q6PCB5,121.09840559586877
Q6PEW0,57.96147979060026
Q6PEZ8,3.1503671954514614
Q6PF15,23.56691647540992
Q6PG37,7.993914320959847
Q6PH81,0.2401073518396987
Q6PI47,39.22785808509189
Q6PI97,5.701713152102741
Q6PID6,0.0
Q6PII5,19.857015628827256
Q6PIS1,15.995749275353372
Q6PJ61,129.89991137300566
Q6PJE2,24.891352775632697
Q6PK04,0.865502127110567
Q6PK81,13.503383931998986
Q6PP77,0.0
Q6Q6R5,58.373360636709634
Q6S545,126.66246965867812
Q6S5H5,93.67729796617743
Q6S8J7,52.98413255673181
Q6T423,0.2072941877204431
Q6TFL3,33.185711189495024
Q6U949,8.579330669671487
Q6UE05,1.6000863759648891
Q6UW01,20.06336605148207
Q6UW02,31.5320191625074
Q6UW10,3.705986574465461
Q6UWE3,0.0
Q6UWF7,26.54938661409677
Q6UWH4,27.14802168952864
Q6UWI4,91.74812773501249
Q6UWJ8,12.04920263983789
Q6UWM9,0.28757076562403533
Q6UWN0,3.198482628954406
Q6UWP8,329.664954159011
Q6UWQ5,0.0
Q6UWS5,0.0
Q6UWT2,10.806456262143122
Q6UWU2,6.66975546335379
Q6UWV7,5.266273585954125
Q6UWX4,37.230262766096324
Q6UWY5,1.7627318611432794
Q6UX68,116.79012240281175
Q6UX72,16.81148585785693
Q6UX82,47.89569859517817
Q6UXB1,1.5162809311525285
Q6UXB3,17.914424279742228
Q6UXD7,88.6712732431801
Q6UXE8,20.570947768403183
Q6UXF7,0.0
Q6UXN7,0.0
Q6UXT9,14.943763399846523
Q6UXU6,1.1944670766407655
Q6UXV1,0.0
Q6UXY8,373.3019492252437
Q6UY01,11.59987419006989
Q6UY18,28.300867297051727
Q6UY27,0.0
Q6V702,6.326179943248178
Q6V9R5,23.391828764819536
Q6X9E4,3.6507795887613024
Q6XE38,0.0
Q6XLA1,0.0
Q6Y2X3,168.6546205907474
Q6ZMN7,172.22402327896845
Q6ZMN8,15.952016591000657
Q6ZMS4,64.10412059808442
Q6ZMV5,46.48297710006058
Q6ZMW2,48.87224549653394
Q6ZMW3,17.44438395101681
Q6ZMY6,25.335390478498454
Q6ZMY9,38.460579707920544
Q6ZN01,77.44386738552879
Q6ZN06,46.86215397656045
Q6ZN08,5.888963659141675
Q6ZN19,39.40108979969055
Q6ZN32,41.69258807895278
Q6ZN68,0.0
Q6ZN79,16.251302327167956
Q6ZN84,13.455246079009871
Q6ZNA1,69.91214803583422
Q6ZNA5,28.92506663337498
Q6ZNC4,165.31938047502854
Q6ZNF0,26.654763454791592
Q6ZNG1,81.72503009517627
Q6ZNI0,6.772448074345752
Q6ZNR0,3.3858150943582688
Q6ZP01,177.8240216813973
Q6ZPD9,11.913499428132905
Q6ZQQ6,35.85926633680576
Q6ZQR2,5.818278073252074
Q6ZR62,3.2180247664785773
Q6ZRF7,0.6014933558917646
Q6ZRI6,201.71110023614762
Q6ZRI8,7.486533318953652
Q6ZRR5,0.0
Q6ZRS4,154.40314667400511
Q6ZS11,41.249199302929796
Q6ZS30,92.23917217947641
Q6ZS86,0.173188269249047
Q6ZSI9,38.83913502905036
Q6ZSS3,15.127124759747655
Q6ZSU1,0.0
Q6ZT07,161.99778971850077
Q6ZT77,4.040065627003777
Q6ZTU2,228.41656593786226
Q6ZU65,435.307260596341
Q6ZU67,126.24395297170331
Q6ZUJ4,0.020082608283090202
Q6ZUK4,29.929419308636433
Q6ZUS6,22.80255792111088
Q6ZUT6,74.11952950955934
Q6ZV50,24.363599853302773
Q6ZV89,26.451511622819154
Q6ZVC0,315.2912821011456
Q6ZVF9,250.71057421857267
Q6ZVL6,339.620075066262
Q6ZVZ8,39.29857280646733
Q6ZWB6,147.93480929932923
Q719I0,6.8544395059506655
Q71RC9,0.0
Q75NE6,0.0
Q75VX8,318.51567764397157
Q765I0,1.4882922587539886
Q76G19,75.65952489609784
Q76KD6,196.56876484012633
Q76KX8,32.836658013568226
Q7L0X2,40.37267035363427
Q7L211,0.0
Q7L311,40.638765377147536
Q7L4S7,22.16054012240961
Q7L945,64.37093383123512
Q7L985,39.875042826288606
Q7RTS6,29.31564000811435
Q7RTT3,26.95018559679428
Q7RTT4,13.511735925292422
Q7RTT5,32.617405339997994
Q7RTT6,29.648254988640815
Q7RTU0,42.50416409229055
Q7RTU5,81.50741628393672
Q7RTV5,12.472426295049772
Q7RTX9,26.58740758614218
Q7RTY3,0.0
Q7Z2Q7,9.35046216230495
Q7Z2Y8,44.764355660721144
Q7Z304,33.284127777152065
Q7Z309,70.3387471273933
Q7Z388,0.0
Q7Z3E2,91.61108460068252
Q7Z3F1,25.85652563866587
Q7Z3J3,245.47303370181288
Q7Z3V5,7.63538880010287
Q7Z402,24.037249236328094
Q7Z404,60.70778915527062
Q7Z422,19.82578967809091
Q7Z4H9,47.59866560619983
Q7Z4L0,0.0
Q7Z4M0,35.522866226514374
Q7Z4Q2,0.9619655054588465
Q7Z4R8,0.0
Q7Z4Y8,0.0
Q7Z572,39.0962923274061
Q7Z5A8,1.146599969320353
Q7Z5A9,2.1584497215621066
Q7Z5J8,3.1456989600325906
Q7Z5L0,44.95319654860398
Q7Z5L3,155.5706222811951
Q7Z5L4,19.200057168487692
Q7Z5M5,118.62983543264728
Q7Z5S9,0.0
Q7Z5Y7,50.07362534768768
Q7Z6M2,21.464898337291785
Q7Z6P3,63.561652472446696
Q7Z6W1,12.337701844774388
Q7Z6W7,94.29846646428848
Q7Z736,59.7675698355617
Q7Z7B8,0.0
Q7Z7J9,4.68574683739168
Q7Z7K0,0.0
Q7Z7K2,87.53214736364916
Q86SM5,0.0
Q86SM8,0.0
Q86T20,1.8763984475803512
Q86T29,16.788187060747656
Q86T75,28.18944625410232
Q86TE4,18.043375848298457
Q86TY3,43.172481065309064
Q86UF2,96.06279268081059
Q86UP9,0.8094688229208454
Q86UV7,2.6004218847930836
Q86V71,19.99606814659316
Q86V87,10.491978013859212
Q86V88,18.512992513205628
Q86VE3,577.0231561937077
Q86VG3,12.420476363596215
Q86VR8,2.3651115963655744
Q86VS3,14.438621328215044
Q86VU5,0.0
Q86VY9,110.69856316610037
Q86W25,0.0
Q86W34,2.5057541101225165
Q86WR7,96.36094986131974
Q86WS3,0.0
Q86WS4,75.12498554833039
Q86WT1,5.620079956669745
Q86WZ6,137.54004922199175
Q86X60,0.0
Q86XA9,57.727569586252514
Q86XD8,117.16540162241529
Q86XE3,11.41277208876246
Q86XJ0,7.4476540436595045
Q86XN6,30.38587073303908
Q86XS5,35.015798003059025
Q86XU0,19.68633760251994
Q86XZ4,252.15290141129375
Q86Y79,3.7339844762457695
Q86YB7,6.583559549574643
Q86YQ2,0.0
Q86YQ8,23.97352968330291
Q86YR6,117.4512682374727
Q8IUA0,0.7622139996777266
Q8IUB2,10.226919214179299
Q8IUB3,0.0
Q8IUB5,0.0
Q8IUH2,1.0022541689171265
Q8IUK8,27.90612422819679
Q8IUL8,116.6554605535346
Q8IUS5,0.0961066904219322
Q8IV03,242.15907908088735
Q8IV13,39.4089868842882
Q8IV33,2.123275486072771
Q8IV38,0.04848643946459613
Q8IV42,2.5025682251523627
Q8IV50,3.8918455511039802
Q8IVA1,47.45989850369446
Q8IVC4,12.942869321458964
Q8IVE0,10.045849327133912
Q8IVF6,2.272471052209597
Q8IVN3,5.445826838282263
Q8IVN8,32.413251804638264
Q8IVU1,64.38876827658069
Q8IVV8,0.0
Q8IVY1,9.957084785079486
Q8IW50,5.01963201241959
Q8IW70,171.33670859461262
Q8IW92,7.56535200412516
Q8IWB4,140.88381013740462
Q8IX94,123.35540248087136
Q8IX95,0.0
Q8IXE1,0.0
Q8IXF9,13.703566695697472
Q8IXQ4,31.796199768058422
Q8IXS8,116.13573171303528
Q8IXT5,146.46408203751488
Q8IXU6,1.3344937723695094
Q8IXX5,9.205496318007768
Q8IY42,94.61688690963864
Q8IY47,9.402979539964715
Q8IY50,1.3883267660364165
Q8IY51,0.48740239563670973
Q8IY85,23.934777102992104
Q8IYA7,84.4174867835451
Q8IYB9,3.1561868777203945
Q8IYL3,35.63710961956969
Q8IYM0,14.0692215102296
Q8IYN0,12.22949386051822
Q8IYP2,0.0
Q8IYS2,35.74299298478862
Q8IYW4,87.12082802737433
Q8IZ02,7.536054946843727
Q8IZ13,20.861497504321022
Q8IZ16,7.064598441594829
Q8IZ81,1.6113530182027387
Q8IZD0,244.35000509302893
Q8IZJ6,9.42207323056764
Q8IZM8,107.5978554960039
Q8IZN7,0.0
Q8IZP2,0.0
Q8IZY5,0.0
Q8N0U6,3.2052419688068308
Q8N0V4,0.0
Q8N0Y3,0.0
Q8N0Y5,0.0
Q8N0Z2,22.114585359632255
Q8N0Z9,26.723486420691792
Q8N127,0.0
Q8N129,0.0
Q8N141,4.99578033711918
Q8N146,0.0
Q8N148,0.0
Q8N162,0.0
Q8N1A6,0.382162306329168
Q8N1E2,26.03620168319746
Q8N1L4,0.044301053086576614
Q8N1N0,31.287369877555616
Q8N1W2,0.577490370945302
Q8N228,120.47640935236602
Q8N283,50.4516320088136
Q8N2E2,72.84196453870587
Q8N2I2,35.04908581566139
Q8N2X6,33.91493440925956
Q8N309,1.837295255514274
Q8N323,25.695773673034587
Q8N328,8.64340738859763
Q8N336,0.940663286334481
Q8N349,0.0
Q8N3F9,136.53642965605803
Q8N3H0,3.4332308535962675
Q8N3R3,19.918397461519874
Q8N3S3,105.5755580746493
Q8N3T6,118.89898953715996
Q8N3Z0,15.471697711313585
Q8N3Z3,0.0
Q8N413,5.692647779254624
Q8N431,0.1468518565594695
Q8N434,18.8084714474858
Q8N456,0.91239552178013
Q8N468,17.175128205780393
Q8N475,13.861070589076856
Q8N4B4,0.0
Q8N4F7,0.3576308008170703
Q8N4H0,68.89054919760568
Q8N4S0,46.549943653014516
Q8N4U5,45.41448835631323
Q8N4V2,22.894489813685027
Q8N4Z0,0.8469502207032139
Q8N567,33.93328914350265
Q8N584,1.7676537861807717
Q8N587,42.573812965493545
Q8N5C6,21.320689208634068
Q8N5H3,7.636693411847596
Q8N5I9,37.01745372398196
Q8N5J4,0.45397005900417975
Q8N5T2,0.0
Q8N5U1,2.1996707973884457
Q8N5W9,38.898745919199115
Q8N5X7,0.8602061988567212
Q8N660,15.766916528018331
Q8N687,0.0
Q8N688,0.0
Q8N699,43.5810089243987
Q8N6I4,2.5602551085048466
Q8N6M5,19.495697345585015
Q8N6M8,0.0
Q8N6M9,4.057040515130206
Q8N6N3,0.48276005857959686
Q8N6N6,0.0
Q8N6N7,0.0
Q8N6Q1,3.019817018480759
Q8N6V9,14.595694509753322
Q8N6Y1,39.11462872276486
Q8N6Y2,9.744014910707186
Q8N782,36.483727359999335
Q8N7C7,1.8019598536973875
Q8N7F7,0.0
Q8N7G0,49.360073676660576
Q8N7M0,2.370807796322369
Q8N7P1,14.190738045715982
Q8N7Q3,10.878098623807972
Q8N7R0,48.979341941093764
Q8N7R1,23.63239126498535
Q8N7R7,3.77176754288131
Q8N7S2,3.7477048123432017
Q8N7X0,106.53980481330443
Q8N7Z5,236.55201658031066
Q8N815,0.6331755004933066
Q8N878,85.44820637673291
Q8N8C0,0.0
Q8N8D1,15.10447326434105
Q8N8F7,9.642291427931191
Q8N8M0,8.935748356759294
Q8N8Q9,5.69099808162408
Q8N8U3,0.0
Q8N8Z6,228.83184374054116
Q8N944,290.7884639304138
Q8N961,82.6145785583504
Q8N967,0.04468557464636552
Q8N972,25.99827967079937
Q8N998,0.0
Q8N9F8,35.09507702311962
Q8N9K5,9.485004322641805
Q8N9M1,87.33260505766023
Q8N9N7,0.0
Q8N9T8,8.039707094504656
Q8N9U0,86.66387201002038
Q8N9V7,127.39224021141462
Q8N9W8,27.950662583728754
Q8N9Y4,74.18844133400651
Q8N9Z9,36.644634049952515
Q8NA23,3.619001398950945
Q8NA47,0.19288109201558346
Q8NA69,35.152715166475275
Q8NA92,4.288848989560833
Q8NAF0,21.329594332105522
Q8NB37,0.0397584203694123
Q8NB42,13.295096464956917
Q8NB46,42.514226021822154
Q8NB50,124.09419911767611
Q8NBL3,11.399498590754456
Q8NC74,83.18206447170814
Q8NCC5,6.2964487274518595
Q8NCI6,31.716266269064462
Q8NCL9,53.4617981979013
Q8NCQ5,6.990900239452557
Q8NCR9,2.121917762786274
Q8NCV1,50.567783978042456
Q8NCX0,0.3725542858556014
Q8ND07,24.535113742304834
Q8ND61,52.51642289487114
Q8NDA2,414.7156512162537
Q8NDA8,8.531823613593987
Q8NDD1,10.664238563909564
Q8NDW4,78.89280144578501
Q8NDY3,11.605198331986733
Q8NDY6,10.687843060824093
Q8NDZ0,248.57544750000298
Q8NDZ6,0.0
Q8NE00,13.953393177409476
Q8NE18,27.091545330327417
Q8NE22,0.9852358348412675
Q8NE65,8.372227365686832
Q8NEA5,9.28328718093014
Q8NEC7,2.828864007007157
Q8NEG4,17.89974648495889
Q8NEG5,7.566373334436417
Q8NEG7,12.134805742104302
Q8NEK5,15.837193525073568
Q8NEM1,1.263590785543527
Q8NEM2,12.60283435926321
Q8NEP7,59.30648193636171
Q8NEY3,13.589273878228699
Q8NFI4,82.66608094573644
Q8NFQ5,1.6551285324059097
Q8NFQ6,2.9147759707877636
Q8NFR7,0.0
Q8NFU4,0.0
Q8NFZ6,10.725967504819689
Q8NG35,0.1959707775184377
Q8NG41,3.0358241078040282
Q8NG75,0.0
Q8NG76,0.0
Q8NG77,0.0
Q8NG78,0.0
Q8NG80,0.0
Q8NG81,0.0
Q8NG83,0.0
Q8NG84,0.0
Q8NG85,0.0
Q8NG92,0.0
Q8NG94,0.0
Q8NG95,0.0
Q8NG97,6.245034778743158
Q8NG99,0.0
Q8NGA1,0.0
Q8NGA2,0.0
Q8NGA5,0.0
Q8NGA6,0.0
Q8NGA8,0.0
Q8NGB2,0.0
Q8NGB4,0.0
Q8NGB6,0.0
Q8NGB8,0.0
Q8NGB9,0.0
Q8NGC1,0.6272861761079167
Q8NGC2,0.0
Q8NGC3,0.0
Q8NGC4,0.0
Q8NGC5,0.28366375761665036
Q8NGC6,0.0
Q8NGC9,0.0
Q8NGD1,0.0
Q8NGD2,0.0
Q8NGD3,0.0
Q8NGD4,0.0
Q8NGD5,0.0
Q8NGE0,4.5795221126037875
Q8NGE1,0.0
Q8NGE2,0.0
Q8NGE5,0.0
Q8NGE7,7.805169113500366
Q8NGE8,0.0
Q8NGE9,0.0
Q8NGF1,0.0
Q8NGF3,0.0
Q8NGF4,0.0
Q8NGF6,0.0
Q8NGF7,0.0
Q8NGF8,0.0
Q8NGF9,0.0
Q8NGG0,0.0
Q8NGG1,0.0
Q8NGG3,0.04025877583318743
Q8NGG4,0.316148826715017
Q8NGG5,0.0
Q8NGG6,0.0
Q8NGG8,0.0
Q8NGH3,0.0
Q8NGH5,0.0
Q8NGH6,0.0
Q8NGH8,0.0
Q8NGH9,0.0
Q8NGI0,0.0
Q8NGI1,0.0
Q8NGI3,0.0
Q8NGI4,0.0
Q8NGI6,0.0
Q8NGI7,0.0
Q8NGI9,0.0
Q8NGJ0,0.0
Q8NGJ1,0.0
Q8NGJ3,0.0
Q8NGJ4,0.0
Q8NGJ5,0.0
Q8NGJ6,0.0
Q8NGJ7,0.0
Q8NGJ8,1.8171238241647736
Q8NGJ9,0.0
Q8NGK0,0.0
Q8NGK1,0.0
Q8NGK3,0.0
Q8NGK4,0.0
Q8NGK5,0.0
Q8NGK6,0.0
Q8NGK9,0.0
Q8NGL0,0.0
Q8NGL2,0.0
Q8NGL3,0.0
Q8NGL4,0.0
Q8NGL6,0.0019758883751663714
Q8NGL7,0.0
Q8NGL9,0.0
Q8NGM1,0.0
Q8NGM8,0.0
Q8NGN0,0.0
Q8NGN1,0.0
Q8NGN2,0.0
Q8NGN4,0.0
Q8NGN5,0.0
Q8NGN7,0.0
Q8NGN8,0.0
Q8NGP0,0.0
Q8NGP2,0.0
Q8NGP3,0.0
Q8NGP4,0.0
Q8NGP6,0.0
Q8NGP8,0.0
Q8NGP9,0.0
Q8NGQ2,0.0
Q8NGQ3,0.0
Q8NGQ4,0.0
Q8NGQ5,0.0
Q8NGQ6,0.0
Q8NGR1,0.0
Q8NGR3,0.852112115370783
Q8NGR4,4.902120203366767
Q8NGR5,0.0
Q8NGR8,0.0
Q8NGR9,0.45406750788212596
Q8NGS1,0.0
Q8NGS3,0.0
Q8NGS4,0.0
Q8NGS5,0.0
Q8NGS6,0.0
Q8NGS7,0.0
Q8NGS9,0.1517281882092806
Q8NGT0,0.1517281882092806
Q8NGT1,0.0
Q8NGT2,0.0
Q8NGT5,0.0
Q8NGT7,0.0
Q8NGT9,0.0
Q8NGU1,0.0
Q8NGU2,0.0
Q8NGU4,0.0
Q8NGU9,5.903307730861864
Q8NGV0,0.0
Q8NGV5,2.604833500950728
Q8NGV7,0.0
Q8NGX0,0.0
Q8NGX1,5.870213660453692
Q8NGX2,0.0
Q8NGX5,0.0
Q8NGX6,0.0
Q8NGX8,0.0909345117955796
Q8NGX9,0.0
Q8NGY1,0.0
Q8NGY2,0.0
Q8NGY5,0.0
Q8NGY6,0.0
Q8NGY7,0.0
Q8NGY9,0.0
Q8NGZ0,0.0
Q8NGZ2,0.0
Q8NGZ3,0.0
Q8NGZ4,0.0
Q8NGZ5,0.0
Q8NGZ6,0.0
Q8NGZ9,0.0
Q8NH00,0.0
Q8NH01,0.0
Q8NH02,0.0
Q8NH03,5.870213660453692
Q8NH04,0.0
Q8NH05,0.0
Q8NH07,0.0
Q8NH08,0.0
Q8NH09,0.9194005363587504
Q8NH16,0.0
Q8NH18,0.0
Q8NH37,0.0
Q8NH40,1.4999891168197346
Q8NH41,0.0
Q8NH42,0.0
Q8NH49,0.0
Q8NH50,0.0
Q8NH51,0.0
Q8NH53,0.0
Q8NH54,0.0
Q8NH55,0.0
Q8NH56,0.0
Q8NH57,0.0
Q8NH60,0.0
Q8NH61,0.0
Q8NH63,3.4111118954213397
Q8NH64,0.0
Q8NH70,0.0
Q8NH72,0.0
Q8NH73,0.0
Q8NH74,0.6118812513010101
Q8NH76,0.0
Q8NH79,0.0
Q8NH80,0.0
Q8NH81,0.0
Q8NH83,2.120156782664227
Q8NH89,0.0
Q8NH90,0.0
Q8NH93,0.0
Q8NH95,0.0
Q8NHA4,0.0
Q8NHA6,0.0
Q8NHA8,16.23944510971379
Q8NHB1,0.0
Q8NHB7,0.0
Q8NHB8,0.0
Q8NHC5,0.0
Q8NHC6,0.0
Q8NHC7,0.0
Q8NHR7,0.2564523070918425
Q8NHR9,0.11542252610856368
Q8NHS2,15.60021169697519
Q8NHS4,2.6483578875731992
Q8NHU0,46.33675972852386
Q8NHV5,0.0
Q8NHW5,0.7559635601220014
Q8NHW6,0.0
Q8NHY5,5.805348375880069
Q8NHZ7,27.465443912641742
Q8TA94,21.266794500862638
Q8TAA1,49.5922546398181
Q8TAI1,0.0
Q8TAV0,45.58302062983938
Q8TAV5,42.731260592308864
Q8TAW3,14.826786851434209
Q8TB22,68.82462261264199
Q8TB52,68.06754703996384
Q8TB69,9.00957092724833
Q8TBF8,2.4102953932064084
Q8TBH0,18.255686088387222
Q8TBP6,0.0
Q8TBR7,0.0
Q8TC17,15.137042302229338
Q8TC90,70.15294189990124
Q8TCB0,12.981147919889148
Q8TCN5,112.64267885844404
Q8TCP9,10.476313631821597
Q8TD55,9.837253825946238
Q8TD86,2.6748301879087313
Q8TDS7,7.9888688554190175
Q8TDU5,0.0
Q8TE96,21.120787923437735
Q8TEQ0,109.2119071369096
Q8TF08,2.6680252356732774
Q8TF20,26.31807486070379
Q8TF21,71.8404861227828
Q8TF27,109.40520740129665
Q8TF32,15.0361136797576
Q8TF44,139.16511892387183
Q8TF45,124.1641591840048
Q8TF61,192.19823410752554
Q8WTP9,12.432396422854186
Q8WTR8,49.76140403337319
Q8WTU2,30.18652632322768
Q8WU76,8.841463318974895
Q8WUH6,11.635908613293442
Q8WUJ1,55.56645623015303
Q8WUS8,10.61450726535957
Q8WUT9,2.090899954453957
Q8WUY8,14.91024061102625
Q8WUY9,0.32727174911240764
Q8WV15,34.86214354834653
Q8WV83,0.0
Q8WVC6,0.0
Q8WVE6,47.70277920163565
Q8WVI0,0.0
Q8WVI7,0.7029449552553564
Q8WW14,8.43490654574186
Q8WW18,1.9453543971035931
Q8WW32,0.0
Q8WW36,57.13043083516253
Q8WW52,19.22005327630957
Q8WW62,19.369987617842813
Q8WWA1,147.38653481176325
Q8WWF6,11.056214460096207
Q8WWU7,74.76093322225921
Q8WWX0,7.9606541101638095
Q8WX39,1.5789483857822724
Q8WXE0,230.49074228655456
Q8WXF5,1.0891645703911716
Q8WXJ9,0.0
Q8WXS4,0.0
Q8WXT5,39.212401949718874
Q8WYK1,110.98703536849081
Q8WZ71,12.736657727877976
Q8WZ82,5.464334614317078
Q8WZA0,0.0581886742751045
Q8WZA6,0.6001272701779828
Q92527,0.6032749739940919
Q92545,434.58922861638405
Q92576,228.2323592942759
Q92610,271.67538472002474
Q92670,10.946216963030192
Q93075,164.61821662070378
Q93083,0.0
Q969E4,10.3302476608751
Q969W3,136.26770625651346
Q969Y0,18.409248372703466
Q96A98,0.0
Q96AB3,0.009846421913692623
Q96AQ9,49.02018561181188
Q96B33,2.6392376076605006
Q96BJ8,4.567195158293576
Q96BM0,1.5417642643011953
Q96BQ1,10.59895385627238
Q96BQ3,0.0
Q96BW5,11.948613616934502
Q96BX8,4.44837084339754
Q96C01,0.7130421982398581
Q96C57,12.14649749586721
Q96C90,57.627195609726186
Q96CD0,0.0
Q96CH1,0.0
Q96CS4,12.723130988127867
Q96CT2,202.36515154965093
Q96DC7,0.0
Q96DD0,3.7987550377853885
Q96DL1,22.42542725380493
Q96DN5,10.698478367649411
Q96DS6,0.28016917822282095
Q96DU9,0.0
Q96DY2,1.1405789535771422
Q96E16,0.959081605686361
Q96E39,630.8973291865886
Q96E66,0.0
Q96EH8,0.0
Q96EI5,0.5458245767436929
Q96EK2,21.847820911990716
Q96EL2,0.0341433608082772
Q96ER3,0.0
Q96ES6,0.0
Q96ET8,34.40367405407441
Q96EV2,131.46242848848527
Q96EX2,90.24697893975629
Q96EZ4,61.31933054427728
Q96FB5,4.478123954065705
Q96FN5,64.85983639849798
Q96G27,64.84450568014478
Q96GE5,58.94105936693843
Q96GE6,38.54298522946737
Q96GK7,3.1385563188362773
Q96GT9,8.515124829397589
Q96GU1,13.156418351801015
Q96H12,3.91891467364119
Q96H40,25.433268746439914
Q96H79,5.854672926229993
Q96HA4,133.5584048603999
Q96HP4,0.2561976984195308
Q96HV5,1.9042800900563934
Q96I13,36.953415565681965
Q96I23,0.18567547725347297
Q96IC2,2.704014150666284
Q96ID5,63.028346681716954
Q96IM9,2.284772244256969
Q96J77,0.1333669434870932
Q96JF6,56.16982729604641
Q96JM4,58.7906225960051
Q96K17,0.0
Q96K37,34.05718552691547
Q96K62,31.899640839630408
Q96K75,36.783095316528986
Q96KC9,21.021386641578392
Q96KD3,24.01733804693453
Q96KF2,22.625800525671576
Q96KJ4,133.98437362815966
Q96KT7,11.454963004336292
Q96KV6,26.94915716940123
Q96KW9,29.43289434397071
Q96L11,7.373210212440414
Q96LB0,0.06269766984127936
Q96LK8,9.634659087381783
Q96LP2,2.124056165398473
Q96LQ0,2.579525791731275
Q96LR4,4.745829087961995
Q96LT6,0.0
Q96LU7,83.29008764670672
Q96LW1,28.412423852220464
Q96M20,0.7418292784905919
Q96M34,122.47999302725114
Q96M53,15.615207837645213
Q96M89,57.65367157823043
Q96M93,30.5909182332938
Q96M95,0.0
Q96MC5,0.0
Q96MC6,13.709311946739614
Q96ME1,10.988772482228024
Q96ME7,38.2640787181106
Q96MF6,0.0
Q96MK2,89.40331014819543
Q96MN5,0.37563374179096454
Q96MR6,22.502229366408905
Q96MR9,37.98890399290147
Q96MS3,1.8529788107023404
Q96MU6,98.82758175875924
Q96MW1,18.492147928651455
Q96MY1,258.0849463757796
Q96N11,18.194472848975963
Q96N20,19.286054508523677
Q96N22,23.03789921941434
Q96N46,95.8558505752418
Q96NA8,64.82254755510613
Q96ND8,14.475344699133489
Q96NG8,11.178022392706342
Q96NI8,13.943925640460822
Q96NJ5,5.288795549019257
Q96NJ6,42.41252415585819
Q96NK8,54.412375610318186
Q96NS5,12.558071684777358
Q96NT1,0.0
Q96NU7,4.918190778951771
Q96P64,142.80410114275753
Q96P67,0.0
Q96PG1,1.033628085078055
Q96PG2,4.459306872683546
Q96PI1,0.0
Q96PT3,0.29247624337476685
Q96PT4,0.29247624337476685
Q96PX6,294.1296012642879
Q96QA6,0.0
Q96QD5,30.536563557735228
Q96QE4,19.442812166980843
Q96QH8,0.0
Q96QK8,11.557016642576457
Q96QZ0,2.6086408667695657
Q96R05,1.0577196018630837
Q96R09,0.0
Q96R27,0.0
Q96R28,0.0
Q96R30,0.0
Q96R45,0.0
Q96R47,0.0
Q96R54,0.0
Q96R67,0.0
Q96R69,0.0
Q96R72,0.0
Q96R84,0.0
Q96RB7,0.0
Q96RD0,0.0
Q96RD1,0.0
Q96RD2,0.0
Q96RD3,0.0
Q96RM1,0.0
Q96RT6,104.68240095062812
Q96RY5,374.1435798999563
Q96S19,0.0
Q96S86,55.54945170780104
Q96SA4,0.4810249011532744
Q96SF2,4.011203300607097
Q96SK2,287.07086954179533
Q96T17,79.3813359837942
Q96T75,3.525550824503795
Q96TA0,46.7306463428331
Q99457,146.99720236532178
Q99470,89.1471675633752
Q99603,9.938332387914311
Q99676,85.93672825551164
Q99679,23.523344407580332
Q99680,18.90761184104073
Q9BPW5,0.0
Q9BQ13,3.7571434836234148
Q9BQ48,2.0045946798887186
Q9BQ75,0.0
Q9BQD1,0.3597953391972946
Q9BQE6,34.60921818314969
Q9BQN1,285.5023653179739
Q9BQP9,4.191820295191752
Q9BQY6,5.863775785276559
Q9BR09,2.8660699765265756
Q9BR10,55.55508490132638
Q9BR26,23.63814281872785
Q9BR77,3.535942794450734
Q9BRH9,78.94765587160549
Q9BRN9,8.654266338383028
Q9BRP7,7.476000610535674
Q9BRR8,72.58221736610832
Q9BS91,1.633952997246372
Q9BSC4,9.331273750352786
Q9BSJ1,0.6341683251927284
Q9BSK0,0.0
Q9BSY4,0.0
Q9BT73,0.0
Q9BTE0,0.0
Q9BTF0,12.112473644912715
Q9BTV7,40.001534857785245
Q9BTY7,0.0
Q9BUA6,16.076985058130106
Q9BUJ0,7.700406952503714
Q9BUV0,62.136969010753056
Q9BUW7,0.0
Q9BUY7,0.0
Q9BV87,0.0
Q9BV97,20.12005125753089
Q9BVM2,0.0
Q9BVV8,32.60521081126175
Q9BWD3,0.513692810030641
Q9BWG4,345.20926972652006
Q9BWM5,32.490092415959815
Q9BWT6,0.0
Q9BWV2,0.004806383913561757
Q9BWW9,9.46288209757632
Q9BX69,44.273985676133236
Q9BX73,0.4609028015465433
Q9BXM9,46.50329672741488
Q9BXN6,7.899837000029794
Q9BXU3,41.90015801333833
Q9BXU8,0.8176998880657194
Q9BXW7,35.14520540817978
Q9BXX2,40.849723904125916
Q9BXX3,13.690987760765669
Q9BXY0,0.7948995107368317
Q9BXY5,6.976756616137666
Q9BY19,12.136986680275601
Q9BY31,96.09086303264658
Q9BY71,0.0
Q9BYB4,2.8978944993185496
Q9BYE4,0.0
Q9BYG7,0.0
Q9BYJ0,49.31042330197999
Q9BYT5,0.0
Q9BYU5,2.0563085245907082
Q9BZE3,97.00815974668978
Q9BZK3,0.09188871354606205
Q9BZW5,0.0
Q9C0B2,62.32638566463967
Q9C0B7,31.234649545264134
Q9C0B9,468.068508318589
Q9C0D4,214.67202511164936
Q9C0H6,45.668506367843534
Q9C0I3,248.40643322838628
Q9C0I4,135.10288063877732
Q9C0I9,19.316821437188274
Q9C0K3,0.0
Q9GIP4,1.4410931672308136
Q9GZK3,0.7371142512117806
Q9GZK7,0.0
Q9GZM3,0.0
Q9GZN8,1.4246901126794531
Q9GZP8,74.59709721648942
Q9GZU3,110.42539795400968
Q9GZW5,4.033434904908452
Q9GZY1,0.0
Q9H0K4,9.925925133432647
Q9H0M5,47.897983433395915
Q9H0R4,2.7688441725568365
Q9H114,0.0
Q9H195,764.3948644910926
Q9H1A7,0.0
Q9H1C3,2.3087240911387283
Q9H1C7,72.27803872369526
Q9H1E5,0.033302263910143744
Q9H1H1,0.5307283207930179
Q9H1K6,15.825509911960907
Q9H1M0,28.794346162264617
Q9H1M3,31.46276500678853
Q9H1Q7,41.803097656883196
Q9H1X3,1.3005986002451861
Q9H1Z4,32.038926608139704
Q9H1Z9,27.00802843961666
Q9H208,0.6152950283118206
Q9H299,7.9613929709301825
Q9H2C5,0.0
Q9H2C8,4.6444595134419515
Q9H2I8,4.559855023952899
Q9H2Z4,144.19355565321925
Q9H321,0.0
Q9H322,0.0
Q9H343,0.0
Q9H344,0.0
Q9H346,0.0
Q9H3H9,3.246070482350029
Q9H3V2,0.0
Q9H3W5,6.47648056868286
Q9H3Y0,19.890389905687353
Q9H3Z7,31.310266670474316
Q9H425,29.2985667108951
Q9H4G8,0.0
Q9H4I0,22.120745294733055
Q9H4K1,13.928678958896231
Q9H568,3.1823822242016586
Q9H5J0,88.72558141636311
Q9H628,0.0
Q9H6A0,0.0
Q9H6N6,3.2952402682185777
Q9H6Y2,6.080491073276095
Q9H6Y5,69.02222730630272
Q9H720,20.131985291706968
Q9H765,2.3108402469417726
Q9H7J1,22.77736816018311
Q9H7L2,28.827312449854396
Q9H7R5,34.95654875942944
Q9H7T0,24.765612393792264
Q9H7Y0,1.4113496057451294
Q9H841,34.635000138430186
Q9H853,3.3897362281675436
Q9H857,0.11299851578721395
Q9H8G1,9.364942683937002
Q9H8G2,227.77666953621556
Q9H8J5,98.0259141564965
Q9H8M1,0.0
Q9H8U3,53.81101754021398
Q9H920,0.0
Q9H930,40.5842515552654
Q9H963,0.0
Q9H972,127.51077544994216
Q9H9L3,7.204432214101728
Q9H9S3,8.791254232207859
Q9H9S4,0.0
Q9H9Y4,8.270459670104245
Q9HA72,0.0
Q9HA90,16.396297551855305
Q9HAE3,0.0
Q9HB14,20.390787205129616
Q9HB15,25.61831722504107
Q9HB31,58.9073270539898
Q9HBJ0,0.1902211520905963
Q9HBL7,0.0
Q9HBT7,23.673428389740845
Q9HC44,222.66328185161686
Q9HC57,2.047428587349448
Q9HCE3,256.71795095708416
Q9HCJ3,121.27203254053904
Q9HCJ5,314.6143778157484
Q9HCJ6,5.813970848131843
Q9HCK1,197.0171060482583
Q9HCL3,2.6373077627617745
Q9HCM7,199.48419586520708
Q9HCS5,106.14803826184173
Q9HCZ1,16.003303343237867
Q9HD45,0.6528344363665846
Q9HDB8,11.282146337037785
Q9NNX9,0.0
Q9NNZ3,32.25723680881228
Q9NNZ6,42.70128060944701
Q9NPD7,3.9414581833126263
Q9NPI7,15.48503279231774
Q9NQ35,1.3617450932211104
Q9NQ89,28.446352383093547
Q9NQF3,0.6815472888872818
Q9NQX6,16.59641225561298
Q9NQZ5,2.6985066275642158
Q9NRC9,0.4241406556024362
Q9NRD0,9.979008144210786
Q9NRP2,0.0
Q9NS85,5.162987475231387
Q9NSJ1,1.1126310136627333
Q9NSY2,6.920967188581236
Q9NUG4,235.0100649733219
Q9NV39,0.15078026298323716
Q9NVA4,47.61140735685164
Q9NVE4,11.702790167637861
Q9NVM1,19.948189550576174
Q9NVM6,17.276077238251663
Q9NVP4,99.8788549350036
Q9NVR0,26.170087119594506
Q9NW07,169.1353376593555
Q9NW61,0.0
Q9NW82,105.6092711825712
Q9NWL6,7.586809535348665
Q9NWM3,144.2633359520247
Q9NX05,167.18561633027502
Q9NX36,12.566786166013294
Q9NX77,0.0
Q9NXD2,175.37825757284782
Q9NXH8,16.04370348010435
Q9NXN4,0.0
Q9NXP7,18.06419823856585
Q9NXT0,17.39871696982798
Q9NXU5,10.61350585716886
Q9NXZ1,97.4448658852954
Q9NY87,7.899837000029794
Q9NYF3,65.65105777712623
Q9NYJ1,0.0
Q9NYL9,3.614638902729613
Q9NYS7,3.7992409358198453
Q9NYT0,51.22226344780459
Q9NYT6,50.703951394497224
Q9NYW1,0.0
Q9NZ32,6.124345153558194
Q9NZ63,0.8459983859941353
Q9NZF1,25.444933560235974
Q9NZH4,2.4984903356128587
Q9NZP0,0.0
Q9NZP2,0.0
Q9NZP5,0.0
Q9P016,10.137894225696368
Q9P1A2,60.429888393952695
Q9P1P4,0.0
Q9P1Q5,0.0
Q9P1Z9,80.08303539305629
Q9P215,12.239950810001417
Q9P227,275.20764956195023
Q9P255,8.203111924467835
Q9P281,458.34708853147663
Q9P2B7,157.6423327266734
Q9P2C4,59.366413470759525
Q9P2D6,160.81342532545835
Q9P2F5,201.37103774467
Q9P2N5,264.9238483133939
Q9P2S6,97.48975833839927
Q9P2Z0,7.267067183222961
Q9UBI9,89.91694274188053
Q9UBK7,0.9002117660546491
Q9UC06,23.509969154063185
Q9UD57,153.71967462576646
Q9UDX4,21.88062373858999
Q9UF47,1.0948940836229388
Q9UFN0,0.7591439847698102
Q9UG63,0.0
Q9UGF6,0.0
Q9UGF7,0.0
Q9UGV2,59.20162228855017
Q9UH36,0.0
Q9UH90,23.50119506651464
Q9UHA2,0.0
Q9UHP9,0.0
Q9UI15,30.9775088043933
Q9UIG5,7.236704753356637
Q9UJC5,8.855864936746528
Q9UJH8,23.0063923460894
Q9UJJ7,19.885952901569933
Q9UJN7,49.88953285686008
Q9UJT0,1.3232077434572203
Q9UJV8,30.21073138863958
Q9UK10,26.833172647287373
Q9UK12,29.602771576800006
Q9UK28,19.151838136295755
Q9UKI3,0.19251464906639856
Q9UKQ9,66.24043776866176
Q9UKR8,17.566003529895678
Q9UKY7,131.14358571163575
Q9UL59,61.2335254927858
Q9ULD9,597.4285028344192
Q9ULL0,266.5659198762489
Q9ULL1,274.9153873593006
Q9ULM0,137.5404927727518
Q9UMS5,93.72678956010166
Q9UND3,8.92936958987379
Q9UNX4,25.701039605244333
Q9UPC5,34.31488759214477
Q9UPR6,193.43419822041187
Q9UQ74,21.62423736050681
Q9XRX5,0.0
Q9Y236,2.3978340832639287
Q9Y291,0.0
Q9Y2B9,12.547228702616136
Q9Y2E4,184.02243946491205
Q9Y2G7,0.0
Q9Y2G8,30.547580261686534
Q9Y2H5,224.14381484979003
Q9Y2P8,17.23977858542083
Q9Y2S6,0.0
Q9Y312,0.7224110977022097
Q9Y324,0.0
Q9Y343,0.0
Q9Y3B1,8.04117846401955
Q9Y3B9,9.284721963411776
Q9Y3D5,4.7870319347208055
Q9Y3N9,0.0
Q9Y3P4,19.040878453906934
Q9Y3T6,27.93205642061615
Q9Y426,34.149654731708964
Q9Y485,225.95214277238108
Q9Y4A0,4.2447409818274675
Q9Y4A9,0.0
Q9Y4E6,83.5740734636301
Q9Y519,45.41928172595007
Q9Y534,7.258893127116643
Q9Y536,33.42505228240942
Q9Y581,22.123117370964483
Q9Y5P0,0.0
Q9Y5P2,1.2336739853433354
Q9Y614,29.51832218044285
Q9Y651,77.64648531816312
Q9Y693,0.0
Q9Y6F7,59.740975600835895
Q9Y6R6,22.689250405596482
Q9Y6U7,10.1158634814368
Q9Y6X4,27.510786884715806
Q9Y6Z4,45.38685306343484
A0A075B6S0,
A0A075B6Y3,
A0A075B6Y9,
A0A075B700,
A0A075B706,
A0A075B734,0.0
A0A087WTH1,0.0
A0A087WUL8,71.21839711712596
A0A087WXS9,73.28337016421258
A0A087X1G2,73.13879554918876
A0A096LNP1,0.0
A0A096LP49,247.89231988893818
A0A096LPK9,0.0
A0A0A0MT70,
A0A0A0MT76,0.0
A0A0A0MT78,
A0A0A0MT87,
A0A0A0MT89,
A0A0A0MT94,
A0A0A0MTA4,
A0A0A0MTA7,
A0A0B4J200,
A0A0C4DH62,
A0A0D9SF12,0.0
A0A0G2JMD5,0.3600584243663498
A0A0J9YWL9,137.57976362140903
A0A0J9YWP8,
A0A0J9YWX3,
A0A0J9YX06,
A0A0J9YXA8,
A0A0J9YXG5,
A0A0J9YXM7,
A0A0J9YY54,164.62647698988238
A0A0U1RQE8,6.572885920638639
A0A0U1RQI7,1517.976554736999
A0A0U1RR11,0.0
A0A0U1RRA0,0.0
A0A0U1RRI6,0.0
A0A0U1RRL7,0.27924647881450726
A0A0U1RRN3,0.0
A0A0X1KG70,0.0
A0A183,29.19530549651393
A0A1B0GTH6,214.94393632233937
A0A1B0GTI8,0.0
A0A1B0GTL2,0.0
A0A1B0GTR0,2.2045766843983587
A0A1B0GTS1,66.70257859203994
A0A1B0GTU1,79.60295621047085
A0A1B0GTY4,0.0
A0A1B0GTZ2,41.54582601390585
A0A1B0GUA7,0.0
A0A1B0GUI7,1.2413555350573617
A0A1B0GUV7,19.764631961068545
A0A1B0GUW6,467.80421788894995
A0A1B0GUW7,0.0
A0A1B0GUY1,415.5297471663331
A0A1B0GV03,49.73518240518192
A0A1B0GV85,108.07730457717118
A0A1B0GVH4,7.694006953512941
A0A1B0GVK7,0.0
A0A1B0GVM6,8.52597073911738
A0A1B0GVN3,10.041259557793396
A0A1B0GVS7,18.49456746359689
A0A1B0GVV1,5.7443553049693055
A0A1B0GVX0,0.0
A0A1B0GVY4,0.0
A0A1B0GW35,0.0
A0A1B0GW64,6.435033701838294
A0A1B0GWB2,21.074990540569424
A0A1B0GWG4,3.914694696240673
A0A1B0GWH4,66.70257859203994
A0A1B0GWK0,0.09134651651107521
A0A1W2PP81,1.01047663215535
A0A1W2PPE2,1.01047663215535
A0A1W2PPF3,12.3393067139177
A0A1W2PPG7,0.0
A0A1W2PPH5,0.5466273920786399
A0A1W2PPK0,39.334269940831774
A0A1W2PPL8,2.74096574123464
A0A1W2PPW3,0.9879000312308502
A0A1W2PQ09,0.692531677302414
A0A1W2PQ73,78.42831244002043
A0A1W2PQL4,13.29755738004239
A0A1W2PR48,11.86142390128014
A0A1W2PR64,1.01047663215535
A0A1W2PRP0,14.165996937377015
A0A1W2PRV1,1.01047663215535
A0A1W2PS18,20.169187279120877
A0A286YEV6,158.9534771107065
A0A286YEX9,163.88256421102395
A0A286YEY9,0.0
A0A286YF01,92.69194057896037
A0A286YF18,0.3084941828539079
A0A286YF46,0.0
A0A286YF58,75.78322555186635
A0A286YF60,116.04665244256452
A0A286YF77,107.88527913208435
A0A286YFB4,277.16150981616363
A0A286YFG1,155.7371257957337
A0A2R8Y4L2,500.5358209537782
A0A2R8Y7D0,0.0
A0A2R8YFL7,0.667525925007536
A0A2R8YFM6,18.432664817338036
A0A3B3IRV3,0.0
A0A3B3IU63,0.0
A0A494BZU4,0.0
A0A494C086,10.720037186835517
A0A494C0Z2,4.039062051264863
A0A494C191,6.0239850461143805
A0A5F9ZHS7,52.94902758265593
A0A6I8PU40,21.215402176444762
A0PG75,16.158589101205997
A0PJX2,4.5681090474804655
A0PJX8,3.8135116954952357
A0PJZ0,0.0
A1A4G5,9.444572545065043
A1IGU5,23.18025015198461
A1L157,10.328141298534304
A1L162,0.0
A1L168,25.177289964396344
A1L170,57.16499098455865
A1L1A6,0.17593658928607483
A1L429,0.0
A1L443,161.7756804029819
A2A2Z9,2.1229694291869996
A2A368,3.81665034459622
A2A3L6,43.08082979934396
A2RU37,16.978489327187265
A2RU67,33.788814588193645
A2RUG3,10.734930863114887
A2RUQ5,11.442138403791319
A2RUT3,2.3191109994860515
A3QJZ6,4.4506898385880875
A3QJZ7,0.0
A4D0T7,0.0
A4D1F6,36.59862300907529
A4D1Z8,0.32180510693806474
A4D263,62.092195584790616
A4IF30,85.29422461056132
A4QMS7,2.6592991610358507
A5PLL1,35.0144210349295
A5YM69,7.341592568215321
A6NC05,3.1208650862751814
A6NC57,18.878193070553557
A6NC97,1.086689651960052
A6NCF5,8.656606590277747
A6NCF6,65.71275675237356
A6NCI5,0.0
A6NCI8,114.39292390692137
A6NCJ1,7.717894540300994
A6NCL2,7.49812076206407
A6NCL7,36.66576628488354
A6NCM1,11.282780348403818
A6NCQ9,12.171206215207361
A6ND91,18.984435977076817
A6NDE8,0.0
A6NDK9,27.986136013083172
A6NDL7,0.0
A6NDX4,3.439951705987439
A6NDY2,62.943524913328275
A6NE01,96.11151774010244
A6NE02,44.6881112513522
A6NE82,27.465443912641895
A6NEE1,9.18112270427743
A6NEF3,63.22494924065322
A6NEH6,10.915997674949322
A6NEH8,49.326331048573905
A6NEK1,2.954657442277271
A6NEL3,4.6019633057661755
A6NEN9,0.0
A6NEQ2,98.83840106209885
A6NER3,0.0
A6NEV1,13.515212857000295
A6NEY3,54.95006435475615
A6NEY8,0.0
A6NF01,775.3453104959357
A6NFA0,59.60102446983632
A6NFE2,0.1570033310797422
A6NFF2,0.0
A6NFH5,4.376288891537156
A6NFN9,7.099571753335733
A6NFT4,0.0
A6NFU0,1.7335770172976157
A6NFU8,2.1287106744610065
A6NFY4,0.0
A6NFZ4,2.7046330161016634
A6NGA9,13.487673868056245
A6NGB0,13.985248554722535
A6NGB7,30.85471341116512
A6NGE4,17.630136290185497
A6NGH7,12.267840758361146
A6NGH8,10.024234972695142
A6NGK3,0.0
A6NGN4,0.0
A6NGN9,9.29728633720133
A6NGR9,7.812895193317976
A6NGS2,3.750284553294285
A6NGU7,3.666522367156559
A6NGW2,55.92899348576319
A6NGY1,36.765599219759906
A6NGZ8,9.965254626503828
A6NH11,13.116522582307566
A6NH13,47.06890399645417
A6NHG4,16.877875832163493
A6NHN6,23.66269319277664
A6NHP3,11.723075078264351
A6NHS7,55.4455686587158
A6NHY2,2.192195665333448
A6NHZ5,0.5028389378959767
A6NI47,96.59003626728361
A6NI56,0.537371442580007
A6NI86,69.75412615282515
A6NI87,16.900013324532996
A6NIE6,3.8281238535570945
A6NIJ5,54.6353632244102
A6NIK2,4.295008438593161
A6NIL9,0.0
A6NIN4,0.0
A6NIV6,3.718763525428847
A6NIY4,13.845578848754943
A6NJ08,25.03469646141646
A6NJ64,8.360906051135283
A6NJ69,0.0
A6NJ88,55.690249578543316
A6NJG2,36.764906767255226
A6NJJ6,17.282848685172596
A6NJQ4,59.02020819359756
A6NJR5,1.209544398613735
A6NJU9,16.395129447912563
A6NJV1,8.217818487826474
A6NJY1,0.0
A6NK44,2.1653304857468636
A6NKC0,61.66943483025371
A6NKC9,116.05574407468566
A6NKF7,13.232383250551383
A6NKH3,0.0
A6NKL6,204.5266648382053
A6NKN8,0.6585586367243823
A6NKP2,4.743012632101706
A6NKU9,10.451063461269767
A6NKW6,11.14691637874909
A6NKX4,6.734522650528103
A6NL05,0.22189086240597314
A6NL46,66.86415518798245
A6NL82,0.0
A6NLC5,12.015297118252764
A6NLC8,0.12082595667900792
A6NLE4,0.0
A6NLU5,33.08561100539138
A6NLX4,0.0
A6NM36,0.14981197708706342
A6NM62,102.42730340627051
A6NMA1,0.0
A6NMB9,209.4660112720493
A6NMD2,54.332479649538215
A6NMK7,0.0
A6NMK8,155.5512253116706
A6NMZ2,2.7698189687319115
A6NN73,97.20143503010118
A6NN90,53.72456429166328
A6NNA2,264.93566834242563
A6NNC1,429.88619526691565
A6NNJ1,66.49856860997004
A6NNL0,226.0600887406818
A6NNL5,0.0
A6NNT2,31.8022344976637
A6NNV3,1.209544398613735
A6NP61,50.60966069845614
A6PVI3,36.875348540787606
A6PVY3,0.0
A7E2S9,17.04220713367141
A7E2U8,43.939423274633924
A8K010,4.530055335514399
A8K5M9,5.835125352478586
A8MQ14,65.72439896018923
A8MQB3,14.23857502229813
A8MRT5,15.952760318335905
A8MSI8,0.6990525032201605
A8MT19,9.390122420425596
A8MT33,0.0
A8MTB9,32.36837382944808
A8MTJ6,216.79651237172777
A8MTL3,178.66703443229437
A8MTT3,0.29497071619514037
A8MTY0,7.342187061759163
A8MUA0,65.74722214942202
A8MUI8,40.596146388757774
A8MUL3,11.66913127164175
A8MUP6,25.55273147131057
A8MUU1,9.982765115067064
A8MUX0,49.47464279178028
A8MV57,16.712902633287847
A8MV72,58.73570034809523
A8MVJ9,1.339011798326871
A8MWA6,68.2119525379008
A8MWL6,14.906926011187586
A8MWL7,0.0
A8MWV9,25.976732711983786
A8MX19,51.21630817399097
A8MX34,143.69266672758096
A8MX80,58.781870725962115
A8MXJ8,67.48593694207679
A8MXQ7,4.194411153244185
A8MXT2,81.03552364678073
A8MXV6,64.7008665280746
A8MXZ1,60.156311678086965
A8MYA2,108.73849249177536
A8MYB1,7.201495853584389
A8MYZ0,47.9114372124842
A8MZ97,4.802511128935432
A8MZA4,20.781299320258352
A8MZH6,0.0
B0FP48,26.063000851848674
B1AK76,2.3640366371475947
B1AL46,211.5585934164488
B1ANH7,5.886095266303378
B1ANS9,53.27251077044727
B1ANY3,39.54635294277996
B1ATL7,51.757019981595576
B2RBV5,0.0
B2RC85,64.24357887635165
B2RD01,0.09531353431068386
B2RV13,0.0
B2RXF0,15.181993978154095
B3GLJ2,0.0
B3KS81,135.19163373632279
B4DH59,12.63491578475001
B4DJY2,1.098142305046001
B4DX44,12.457473534219192
B4DXR9,5.1082350569312105
B4DYI2,165.23191833141686
B4DZS4,62.442992007130904
B4E2M5,0.0
B5MCN3,19.29622331916181
B5MCY1,16.348784450778208
B5MD39,9.404662035222486
B6SEH8,26.215335077908524
B6SEH9,29.19375608739896
B7Z1M9,43.01390473669238
B7Z368,52.16033113638135
B7Z6K7,111.7758467861614
B7ZW38,12.67653115866099
B9A6J9,73.3198849728582
C0HLS1,8.339713440668568
C9J202,2.546693523001346
C9J3V5,2.173747802757096
C9J442,18.51420454882838
C9J7I0,1.956422561060957
C9JBD0,0.9951089669692406
C9JG80,16.024785549148884
C9JI98,0.463335591544882
C9JJ37,0.44151611235560206
C9JL84,59.90418350086162
C9JN71,35.47396776002779
C9JQI7,5.934430075138781
C9JTQ0,56.43582563464149
C9JVW0,23.383679022706424
C9JXX5,1.3772820479997732
D3DTV9,0.6450115502010917
D6RBM5,0.6603441500676559
D6REC4,22.705415505385645
D6RF30,51.56101452910749
D6RGX4,57.32880150845065
E5RG02,1.355185409653352
E5RHQ5,13.584300737365828
E5RIL1,26.063000851848674
E5RJ46,2.001666403306352
E5RJM6,6.7951191652221
E5RQL4,3.3931140937204542
E7ERA6,31.72632751540301
E7EW31,201.41098634697704
E9PGG2,23.987114696306058
E9PI22,27.29207333372565
E9PIF3,10.03315791274287
E9PJ23,23.97413300225557
E9PJI5,9.01219688777546
E9PKD4,14.552560585710278
E9PQR5,22.97819867115023
F2Z333,1.3614935558939973
F5GYI3,20.410884833449064
F5H4A9,110.78899029771537
F5H4B4,16.5824025358498
F8VTS6,5.066901362145129
F8W0I5,15.888068959048102
F8W1W9,33.20868522937445
F8WBI6,68.86222785370987
F8WCM5,16.691976324246916
F8WFD2,9.535964850960216
G3V211,0.0
H0UI37,0.0
H0Y354,0.0
H0Y7S4,0.0
H0YKK7,71.13347226125175
H0YM25,20.97692872519925
H3BPF8,61.72421175289669
H3BPM6,15.347195259461726
H3BQJ8,0.0
H3BQL2,51.529899279640475
H3BR10,3.199238337632197
H3BRN8,15.136492692107268
H3BS89,3.1122220000642944
H3BTG2,0.0
H3BU77,0.0
H3BUK9,93.08446228890173
H3BV12,68.85099811638402
H7BZ55,56.39656020265327
H7C350,136.39590582074752
I3L0S3,23.967125098096837
I6L899,69.07200321367768
K7EIQ3,0.0
L0R6Q1,3.2537285087828423
M0QZC1,32.08461047734264
O00193,14.280752329730188
O14603,0.49955928489819756
O14609,0.0
O14683,7.985850210801081
O15428,54.08996841095454
O15480,11.568814452835294
O43261,0.0
O43304,57.0031681335119
O60397,0.0
O60575,0.0
O60688,0.0
O60809,0.31206808598080726
O60810,0.0
O60813,0.0
O75071,17.425052627754088
O75264,0.0
O75368,5.972265622213925
O75391,2.9201027769270453
O76042,0.0
O95177,23.785068158200996
O95397,12.131312149190794
O95473,37.81559430616005
O95522,0.22345584195765322
O95561,0.4167135712528798
O95567,1.4306052443767692
O95626,0.40279326884343103
O95873,65.68054725441313
O96002,0.0
P02728,
P02729,
P09565,2.4576285550608903
P0C221,2.764711754870037
P0C2L3,7.966101069152886
P0C2S0,0.0
P0C2W7,0.0
P0C2Y1,28.91704438126304
P0C671,15.735031998097222
P0C672,6.725991830319388
P0C6C1,68.37412035442745
P0C6P0,0.0
P0C7I6,12.611325600053942
P0C7L1,0.0
P0C7M6,0.0
P0C7M8,19.30443880114655
P0C7N4,13.985248554722535
P0C7P2,10.115895036129958
P0C7Q5,18.985409334829207
P0C7T7,143.95279212871628
P0C7T8,4.199886524067494
P0C7V0,73.4824171684158
P0C7V4,53.90591238890973
P0C7V6,155.95593013222424
P0C7V8,35.414602134944616
P0C7V9,22.254353572400568
P0C7W0,7.085796810964655
P0C7W8,53.90591238890962
P0C7W9,54.15915388566413
P0C7X0,62.63135694724282
P0C7X3,5.971383391105034
P0C7X4,5.419578515961158
P0C841,11.542942114983362
P0C843,0.0
P0C853,13.754023829700326
P0C854,7.814791508764708
P0C864,45.47576764906012
P0C866,5.591012963398975
P0C874,137.49301319911672
P0C881,64.24357887635165
P0CAT3,8.004796204655102
P0CB48,25.41005957684787
P0CE71,3.2450676980301423
P0CF75,39.88469395413693
P0CG01,0.4806179507392899
P0CG23,40.360513953199195
P0CG24,20.016307510692602
P0CG32,69.98319745581482
P0CG33,32.570712747029305
P0CI01,11.723075078264351
P0CJ68,
P0CJ69,0.0
P0CJ70,
P0CJ71,0.0
P0CJ73,
P0CJ74,
P0CJ75,
P0CJ76,
P0CJ77,
P0CJ78,359.4404344803328
P0CJ79,31.52742923814623
P0CJ85,90.04461419950434
P0CJ86,90.04461419950434
P0CJ87,87.21024133543582
P0CJ88,90.04461419950434
P0CJ89,90.04461419950434
P0CJ90,90.04461419950434
P0CJ92,62.71664955527567
P0CK96,3.7237877075450094
P0CL80,0.0
P0CL81,0.0
P0CL83,0.8130338920622774
P0CL84,0.0
P0CL85,0.0
P0CW19,0.0
P0CW21,0.0
P0CW24,2.4117853426930127
P0CW27,64.24536238283126
P0DI80,0.0
P0DJ93,1.4412849731491386
P0DJG4,11.191479022739422
P0DJH9,9.141513364857655
P0DJR0,6.219623696282147
P0DKB6,5.457377776821268
P0DKX0,6.1942108827021425
P0DKX4,0.0
P0DL12,0.0
P0DM63,9.01219688777546
P0DMB1,27.29207333372565
P0DMB2,7.555887974927529
P0DMP1,
P0DMQ5,96.18876405068951
P0DMR1,12.67653115866099
P0DMR2,1.067036481889489
P0DMR3,16.634958088517195
P0DMU7,51.023753068782966
P0DMU8,51.023753068782966
P0DMV0,51.023753068782966
P0DMV1,43.8035775130585
P0DMV2,43.8035775130585
P0DN25,3.572688605538798
P0DO92,10.446968277747786
P0DOY5,
P0DP42,0.09422831768141605
P0DP75,18.717542977210833
P0DPA2,95.47376426525992
P0DPA3,13.040373017818775
P0DPD5,11.952813885289022
P0DPE3,28.819059995184745
P0DPF2,85.90363854793318
P0DPI3,0.0
P0DPI4,
P0DPR3,
P0DSN6,0.0
P0DSO1,12.94606257713289
P0DSO2,51.68501277838781
P0DSO3,0.0
P0DTE0,0.03271827423690281
P0DTF9,3.1482044035016052
P0DTW1,0.0
P0DUD1,6.0239850461143805
P0DUD2,6.0239850461143805
P0DUD3,4.039062051264863
P0DUD4,4.039062051264863
P0DUQ1,0.0
P0DUX0,6.0239850461143805
P0DUX1,6.616331938947875
P0DV75,70.85297475444756
P0DV76,70.85297475444756
P0DV77,93.59544260512767
P22103,
P49223,0.0
P56555,1.576642435161695
P58417,16.432678050991306
P58505,48.30098379551651
P58512,60.25556119715087
P58550,1.3966394337334047
P59036,0.0
P59037,4.941779125984416
P59051,0.4309934928024979
P59052,82.36022819198308
P59090,6.375139426120544
P59091,13.932361553310132
P59095,8.141413196761857
P59646,0.11942977205209873
P59773,20.395866160636327
P60002,0.0
P60606,0.5657939806170047
P61568,0.6939442676252693
P61571,0.0
P61572,0.0
P61573,0.0
P61574,0.0
P61575,0.0
P61576,0.0
P61578,0.0
P61579,0.0
P61580,15.898132394498159
P61581,13.645475357319855
P61582,13.645475357319807
P61583,13.69132567506107
P86434,78.95347013906772
P86478,4.3875742902557455
P86496,4.3875742902557455
Q05C16,15.366902111176861
Q08AI8,5.433164931067221
Q08E93,7.096409384752257
Q0D2K2,15.612406359980424
Q0D2K5,82.13044862057761
Q0IIN9,99.30027682323183
Q0P5P2,0.0
Q0P641,0.5245343296140696
Q0P670,70.77356065876734
Q0P6D6,9.506386728525273
Q0P6H9,14.393794496280247
Q0VAA2,8.585516621305285
Q0VAA5,20.351033625516564
Q0VAF6,12.667782374597486
Q0VDI3,0.0
Q0VF49,70.11198878615902
Q0VFZ6,37.72380922643781
Q0VG73,26.51393557286641
Q0Z7S8,0.6978109587637705
Q12766,105.925091378103
Q13070,0.0
Q13278,25.870551492179906
Q13670,47.20604189705977
Q14236,0.25154879428862426
Q14602,0.0
Q147U7,0.0
Q14CX5,0.0
Q15053,0.0
Q156A1,0.0
Q15846,5.485057890199073
Q15940,0.0
Q17RG1,57.491133351502356
Q17RM4,102.30460626377987
Q17RP2,3.386617628375753
Q17RQ9,36.563846230348204
Q1A5X6,30.577855497359597
Q1T7F1,10.906649944453807
Q1W209,9.16400898980254
Q2M238,0.0
Q2M243,19.90413931131304
Q2M2D7,4.949466472385115
Q2M2E5,0.3097451779201244
Q2M329,14.249763471337104
Q2M3A8,81.22016296291963
Q2TAM9,120.46278643619945
Q2TB18,3.0426431358837847
Q2VPJ9,4.812584471143509
Q2WGJ8,9.071294267923484
Q309B1,9.524827713826872
Q30KP9,0.0
Q30KQ1,0.0
Q30KQ7,0.0
Q32M84,0.0
Q32M92,8.75516813802446
Q32NC0,26.80874773850637
Q3B7S5,0.05179727367245775
Q3BBV2,36.41864178719008
Q3C1V0,260.95240260701826
Q3C1V1,16.206359446604004
Q3C1V9,96.5786380728669
Q3KRA6,0.0
Q3LHN0,0.0
Q3LHN1,0.0
Q3LI54,0.0
Q3LI58,43.34396783587847
Q3LI60,0.0
Q3LI62,0.0
Q3LI63,0.0
Q3LI68,0.0
Q3LI81,53.320346905314935
Q3MIP1,6.199786158781583
Q3MIV0,4.891959288701009
Q3MJ40,118.00322176311127
Q3SXM0,4.611286748223831
Q3SY05,10.423019319814783
Q3SYA9,171.61139776004143
Q3Y452,49.23731664014088
Q3ZCT8,28.200050725939466
Q3ZCU0,11.08769397131758
Q3ZCV2,124.57834291394985
Q3ZLR7,131.55511260888258
Q494R0,46.10882468789738
Q495Y7,0.0
Q495Y8,11.098092576969663
Q495Z4,23.26932357723719
Q49A33,2.827367916736736
Q49AM3,34.91037293720906
Q49AS3,0.0
Q4AC99,20.301557588710853
Q4G0G2,8.170790358964817
Q4G0G5,0.0
Q4G0I0,3.9805211276253996
Q4G0N7,5.910415481451967
Q4QY38,0.0
Q4UJ75,48.54644218263732
Q4V321,0.0
Q4V326,0.0
Q4V339,1.0710129766081522
Q4V348,91.92214122574816
Q4VC31,0.0
Q4VX62,11.554027599616239
Q4VXF1,0.011564269003353911
Q4W5G0,15.695127736418929
Q4W5P6,0.28013154798006906
Q502W7,14.98681593425843
Q502X0,11.923816481157289
Q52LC2,2.997204752573702
Q537H7,13.20215870909042
Q538Z0,0.0
Q53LP3,145.40205193717503
Q53RE8,15.554630160031914
Q53SZ7,152.94842450039388
Q569G3,32.13217837836513
Q569K6,72.40737345521222
Q587I9,1.3608723578020852
Q58A44,52.61657607141739
Q59GN2,0.0
Q5BKU9,40.406189949089885
Q5BKY1,0.0
Q5BKY6,0.9512947861256729
Q5BKY9,38.71352936311546
Q5BLP8,0.0
Q5CZ79,46.74331744688512
Q5DJT8,43.8035775130585
Q5EBN2,2.0671646813859774
Q5FWF7,0.0
Q5GAN3,0.0
Q5GAN4,0.0
Q5GH72,88.87082110227456
Q5H9B9,45.98954939036882
Q5H9J9,54.26300555662762
Q5HY64,39.44399592587348
Q5HYC2,585.8638982574664
Q5HYL7,0.0
Q5HYW3,26.052286651262357
Q5I0X4,0.0
Q5JNZ5,0.0
Q5JPB2,487.5977472227101
Q5JQD4,0.0
Q5JRK9,9.715066756194195
Q5JSJ4,47.16863536313409
Q5JSQ8,0.6764152730230332
Q5JTB6,2.205232083933168
Q5JTN6,19.709944231245835
Q5JTZ5,19.609303188112317
Q5JUQ0,14.801800110033197
Q5JUR7,1.0490367843716188
Q5JV73,270.4634274946461
Q5JVX7,2.794102715724746
Q5JWF8,1.1138217115226297
Q5JXB2,0.0
Q5JXX7,1.9202317311209838
Q5JYT7,90.18991350601098
Q5K130,12.412238493888378
Q5K131,0.0
Q5MJ07,7.923560610402748
Q5MJ08,1.6143913064887447
Q5MNV8,2.2831743608158033
Q5NE16,13.517863811750516
Q5PR19,54.97953290740933
Q5QJ38,101.53218620981126
Q5R3I4,0.0
Q5RGS3,0.540722648327424
Q5SQ80,47.536859043109885
Q5SQH8,17.698401959690784
Q5SQS7,0.5820846923226817
Q5SQS8,7.252000450805232
Q5SR53,30.05250707198634
Q5SRD1,16.170135241241802
Q5SVZ6,47.99258544941654
Q5SWH9,0.0
Q5SWL7,1.8073857209900568
Q5SWL8,3.5258994233630068
Q5SY13,0.0
Q5SZB4,43.25755067662226
Q5T035,136.64000598760185
Q5T036,8.751361318604271
Q5T089,116.17162423135605
Q5T0U0,0.674472680429123
Q5T0Z8,209.24834656189026
Q5T2N8,4.206297359704303
Q5T2Q4,0.15580653683388884
Q5T319,64.62701617896548
Q5T4H9,28.801133630455375
Q5T4I8,3.670220593497439
Q5T5F5,7.233389624872947
Q5T5N4,8.342486180983784
Q5T6C5,88.96875765094649
Q5T6M2,46.308795220428244
Q5T6R2,0.0
Q5T6V5,0.7520053821939603
Q5T6X4,44.258577492926605
Q5T742,0.0
Q5T750,125.50187582200134
Q5T8I3,106.63112653155457
Q5T8R8,49.64914985791993
Q5T953,49.28772842004552
Q5T9S5,17.216556215744724
Q5T9Z0,0.0
Q5TAA0,5.184742507105922
Q5TBE3,0.6787467913980506
Q5TBK1,31.2849143453076
Q5TC04,28.55438153256781
Q5TC84,4.47036882030636
Q5TF58,269.3547405916821
Q5TG53,67.95094089457362
Q5TGI4,38.6451792224587
Q5TGJ6,2.5328960445290076
Q5TGL8,0.6143612685980512
Q5TGP6,16.043982613568073
Q5TYW2,48.7237991821607
Q5TYX0,0.0
Q5U3C3,2.795419514927645
Q5U4N7,24.30857008407247
Q5U4P2,137.41651345338363
Q5U5X8,78.18412566084213
Q5U649,12.567871037389427
Q5VSP4,3.711164280444503
Q5VSR9,0.0
Q5VT03,220.99900492645986
Q5VT28,3.3889656678711555
Q5VT98,0.0
Q5VTA0,0.5308280922301117
Q5VTL7,56.98447431312965
Q5VU36,143.61546830699274
Q5VU69,0.0
Q5VU92,5.902752109930473
Q5VUR7,47.536859043109885
Q5VUY2,0.26390563356556795
Q5VV16,40.964881089367054
Q5VVB8,0.0
Q5VVC0,2.166512448931023
Q5VVP1,166.87108956626435
Q5VW00,11.221006487564427
Q5VWI1,34.34605604845337
Q5VWK0,46.07455118448784
Q5VWM3,3.413392998987166
Q5VWM4,8.014930864633373
Q5VWM6,0.0
Q5VXD3,7.713975659635343
Q5VXH5,8.014930864633373
Q5VXM1,87.79241622711996
Q5VYP0,146.72832532692723
Q5VYY1,1.0901230319649513
Q5VZ18,139.67723088381203
Q5VZI3,35.753500712079465
Q5VZQ5,20.51962452958214
Q5VZR2,168.7633061462803
Q5VZR4,2.276419945434723
Q5W064,3.925686130563067
Q5W0N0,0.0
Q5W150,18.295052690923107
Q5W188,0.0
Q5XG85,8.78626839111823
Q629K1,0.0
Q63HN1,71.42504568983603
Q658N2,7.580776505965523
Q658T7,27.376981526264096
Q67FW5,28.619037709864934
Q68CR7,193.6776171845905
Q68D20,62.25485995126124
Q68D42,15.008167454342377
Q68EN5,34.53970556239741
Q69YL0,1.8199798605837905
Q69YW2,0.09728852295106466
Q69YZ2,32.000054076784956
Q6B9Z1,1.5119489504726895
Q6DCA0,129.2156949318763
Q6EEV4,35.20707807582743
Q6GMV1,0.0
Q6GMV3,0.0
Q6ICG6,33.32245939479612
Q6ICI0,0.0
Q6IE37,7.773350161229647
Q6IE38,0.0
Q6IPW1,15.889866719450303
Q6JVE5,0.4629775003218277
Q6MZM9,0.9154790474479093
Q6MZN7,39.578222975451304
Q6NSI1,21.96830986874655
Q6NSI3,224.84980479340476
Q6NT46,0.0
Q6NUI1,71.98988087762035
Q6NV74,42.48061435937063
Q6NVV0,0.0
Q6NVV1,0.0
Q6NXN4,2.4017708493106387
Q6NXP6,6.7372014248521275
Q6P047,0.0
Q6P0A1,12.22766043316112
Q6P1M9,8.9591637068175
Q6P1R3,179.25702767480269
Q6P1X6,36.83914643706933
Q6P2C0,0.25889633373779375
Q6P2H8,7.4661800846148445
Q6P2I3,3.138556318836253
Q6P2I7,43.054793107488166
Q6P2S7,21.459094463388684
Q6P3W6,79.70592959019922
Q6P3X3,4.523894940591392
Q6P3X8,9.438228097141064
Q6P575,31.87034280572722
Q6P5R6,1.1781066184969549
Q6P6B1,14.388538135672999
Q6P7N7,0.31366550519359515
Q6P9G0,0.0
Q6PDB4,51.30876502774575
Q6PEV8,143.30123092384636
Q6PEX7,0.6835968957843699
Q6PGQ1,2.897336586687872
Q6PIV7,1.635121428063104
Q6PIY5,0.0
Q6PK57,1.6262097524454202
Q6Q795,6.744510661016493
Q6QAJ8,0.0
Q6T311,2.98786705403229
Q6UDR6,0.0
Q6URK8,0.993393872074781
Q6UWF9,0.0
Q6UWH6,9.983566261485592
Q6UWW0,0.4209929374497212
Q6UXB0,48.50635878546899
Q6UXD1,1.629811707276303
Q6UXP3,1.214666066046852
Q6UXP7,0.0
Q6UXQ8,13.789905148262802
Q6UXR4,7.258162056098061
Q6UXR6,52.24656567974239
Q6UXS0,2.487696629379861
Q6UXU0,18.357263799371516
Q6UYE1,12.023215463565885
Q6WQI6,0.0
Q6WRX3,13.026343998468445
Q6X4T0,22.721549658044598
Q6XXX2,32.78506917157001
Q6ZMT9,17.670772787787712
Q6ZMU1,51.797858641719415
Q6ZMV8,15.766911341284507
Q6ZN03,51.39527646653166
Q6ZN92,0.0
Q6ZNB5,11.408331843422168
Q6ZNG2,19.05811698522766
Q6ZNG9,41.22536491709413
Q6ZNM6,7.291373689995442
Q6ZNQ3,0.0
Q6ZQN5,71.2729494292567
Q6ZQQ2,268.40254444804543
Q6ZQT0,0.0
Q6ZQV5,0.0
Q6ZQY2,3.5621814680986312
Q6ZRC1,0.28097977175560274
Q6ZRK6,141.24630785321813
Q6ZRP0,13.157960106448131
Q6ZRR7,55.67303789824421
Q6ZRT6,19.654186324314416
Q6ZS02,54.96627194227447
Q6ZS62,6.995218266440784
Q6ZSB3,1.4432449880677312
Q6ZSC3,1.6612740212838746
Q6ZSJ8,22.291171309245357
Q6ZSR9,87.64925391180216
Q6ZST2,22.93826159768236
Q6ZST4,17.74022967602084
Q6ZT52,23.615330785034697
Q6ZTB9,13.567723704920711
Q6ZTK2,9.731717870453533
Q6ZTZ1,32.70601881503764
Q6ZU45,13.703250597010026
Q6ZU69,100.31436083764862
Q6ZUA9,53.63123079338426
Q6ZUB0,138.86353526953323
Q6ZUF6,42.58583021815572
Q6ZUL3,4.309528768546393
Q6ZUS5,4.5129843994896195
Q6ZUU3,9.226684415570004
Q6ZV70,22.513145297190704
Q6ZV77,25.521836522672356
Q6ZV80,3.956365918845807
Q6ZVK1,0.0
Q6ZVN7,0.0
Q6ZVS7,0.0
Q6ZVT6,154.65959866677386
Q6ZVW7,26.99980906399516
Q6ZW13,0.5308295837707293
Q6ZWI9,0.0
Q71RG6,40.42580850543188
Q75LS8,3.3162709212554677
Q75MW2,0.7561274782742557
Q7L0L9,48.333842709439516
Q7Z2F6,0.0
Q7Z2R9,0.30353882125047094
Q7Z2V1,114.05746025720966
Q7Z2X7,6.604593038010095
Q7Z3B0,0.0
Q7Z4B0,0.29823554374078504
Q7Z4S9,14.648599029030168
Q7Z4U5,0.7002388438086649
Q7Z5D8,0.9161395193042143
Q7Z5U6,18.761545075508582
Q7Z6I8,27.06078741886317
Q7Z6K3,9.452902979011014
Q7Z7L8,94.99300683694338
Q86SG4,0.0
Q86SH2,96.09716114856766
Q86SH4,0.0
Q86SI9,4.0822562363975985
Q86SY8,3.949716937984121
Q86T23,0.0
Q86TI4,17.37376184354483
Q86TZ1,2.163130736437101
Q86U02,0.0
Q86U17,9.467840611059124
Q86UD1,0.0
Q86UD7,10.357718247749375
Q86UF4,38.80981820007971
Q86UQ5,13.3282277958869
Q86V59,1.556669669399117
Q86V85,16.6955219056467
Q86VQ1,199.84122812172254
Q86VZ2,4.633023174987964
Q86WR6,30.889725850638044
Q86WZ0,16.808074372147104
Q86X40,0.0
Q86X53,22.640731822015912
Q86X59,147.77450254557203
Q86XG9,21.888483952148842
Q86XI8,23.570688225586743
Q86XN7,554.0522823781935
Q86Y27,0.0
Q86Y28,0.0
Q86Y29,0.0
Q86Y30,0.0
Q86YG4,34.24891587160109
Q8IU53,6.233522997173256
Q8IUF1,1.0710129766081522
Q8IUI4,73.92809697221064
Q8IV32,20.14852442592212
Q8IV35,18.599894096380446
Q8IV56,24.3640302724486
Q8IVB5,12.084439779342686
Q8IVF1,225.46186803664614
Q8IVJ8,15.900337825489771
Q8IVK1,0.0
Q8IVU9,0.0
Q8IWA6,57.66757674484429
Q8IWD5,30.3122055971176
Q8IWF7,0.0
Q8IWF9,0.6763607294069396
Q8IWN6,7.266561670455038
Q8IXL9,0.0
Q8IXM7,23.630503562392736
Q8IXP5,112.08561413988524
Q8IXQ8,13.129784753426328
Q8IXR5,10.549832911836663
Q8IXR9,48.93398477253061
Q8IXS0,29.887186429320526
Q8IY45,0.9867384767050041
Q8IYA2,123.23899618120234
Q8IYD2,1.2147781312189
Q8IYK2,6.56496634688703
Q8IYN6,34.77171305518971
Q8IYQ7,15.336927456151264
Q8IZ63,32.33293912904561
Q8IZP6,15.3857314659544
Q8IZQ5,1.8287662792236068
Q8IZU2,31.640580101066362
Q8MH63,2.9290471591521854
Q8N0U4,46.01269676672588
Q8N0U7,57.46933711448123
Q8N0V1,12.703334078474747
Q8N0W5,8.213347787731367
Q8N0W7,0.0
Q8N123,0.44109674514329467
Q8N1D5,7.62896024586262
Q8N1P7,233.2109709594348
Q8N1Y9,23.803437911661483
Q8N239,54.765229733862455
Q8N268,0.0
Q8N2C3,16.45488750918531
Q8N2G6,17.328552108323372
Q8N2R8,80.94358360440718
Q8N2U0,1.4493277876151007
Q8N319,7.837360713971609
Q8N326,0.3905788080149913
Q8N398,260.6767839607981
Q8N412,58.24391176710569
Q8N446,77.99623393193056
Q8N485,0.4999198080174295
Q8N4B5,69.08100458814361
Q8N4C9,18.013208352618594
Q8N4E4,5.0659925403428385
Q8N4K4,23.33339247135057
Q8N4L1,65.32085202889886
Q8N4L4,11.415745067001069
Q8N4P6,25.581161922410466
Q8N4S7,1.2382821273255764
Q8N4W6,0.0
Q8N535,0.9518786987601379
Q8N5C1,0.0
Q8N5Q1,62.377266143421096
Q8N5S3,19.06355829687875
Q8N5U0,43.01873749948824
Q8N5W8,0.0
Q8N614,7.312790049115706
Q8N6C7,4.667982840426861
Q8N6G2,18.596054766834502
Q8N6L7,0.5334188690551701
Q8N6N2,60.06057913272521
Q8N6Q8,13.773314845847457
Q8N6V4,0.0
Q8N755,0.0
Q8N769,26.830267987689304
Q8N7C4,2.3698102873065263
Q8N7L0,0.0
Q8N7N1,7.72636426998429
Q8N7Q2,19.675049814912168
Q8N7S6,37.450582243292246
Q8N7U9,0.2313405032906645
Q8N7X1,2194.248711229816
Q8N7X2,62.84993868790012
Q8N7X8,1.6325118689440294
Q8N7Y1,59.20237293176333
Q8N7Z2,20.87352103343907
Q8N808,16.21797159874656
Q8N816,7.117996773722927
Q8N888,4.516677025983373
Q8N8A8,21.1069688300771
Q8N8D7,0.0
Q8N8D9,0.2838077850268393
Q8N8E1,81.63956483268672
Q8N8H1,31.00312703161763
Q8N8I0,1.2057085660418125
Q8N8I6,64.89340694479468
Q8N8J0,0.0
Q8N8J7,7.142763821314942
Q8N8L6,0.0
Q8N8Z3,38.918048936125864
Q8N910,34.11611662707208
Q8N945,0.0
Q8N957,34.691641862841685
Q8N999,3.30808433801082
Q8N9B4,18.389177310677287
Q8N9C0,18.152752483449383
Q8N9G6,59.218454955666154
Q8N9H9,75.6247386113555
Q8N9R0,8.27831053279373
Q8N9R6,0.7329957702240055
Q8N9T2,18.947513206608505
Q8N9V3,11.45246564325245
Q8N9W7,0.7071953557316885
Q8N9X5,10.864699195300997
Q8N9Z2,7.772910832762917
Q8NA03,47.30174259606606
Q8NA57,29.490918053921725
Q8NA66,1.6936738166737098
Q8NA70,7.548762983003689
Q8NA75,10.126482459805878
Q8NAA5,4.9574997029270556
Q8NAA6,3.8350614001989483
Q8NAB2,13.733203244361594
Q8NAJ2,25.246739147937923
Q8NAP1,15.250264523449175
Q8NAV2,29.332423339238858
Q8NBB2,24.867263793908275
Q8NBC4,21.237031801931742
Q8NBE8,0.3987649435336386
Q8NBP0,33.96022517733268
Q8NBP5,0.6390248963616375
Q8NBR9,8.07094170994451
Q8NBT3,47.43660658711315
Q8NBZ9,50.257649800261106
Q8NC38,0.0
Q8NC54,61.66907504240189
Q8NCJ5,61.14714147165338
Q8NCL8,0.3019720704675636
Q8NCQ2,20.880496873767502
Q8NCQ3,0.0
Q8NCS4,0.0
Q8NCT3,5.199768235325533
Q8NCU4,86.54695798758416
Q8ND24,110.29803567043913
Q8ND94,4.340407974475589
Q8NDY4,3.1414856101702955
Q8NDY8,8.893796546795727
Q8NEA4,0.0
Q8NEE0,6.462165958655082
Q8NEE8,124.99926116865853
Q8NEG2,48.75067198874601
Q8NEL0,8.649851795242814
Q8NEQ5,21.7269698113549
Q8NET4,624.642947710217
Q8NEX5,0.0
Q8NEX6,0.0
Q8NF67,0.0
Q8NFP0,3.0448699863166917
Q8NFV5,1.5406102096609602
Q8NH21,0.0
Q8NHX4,32.713060152096624
Q8NI28,14.12284329400408
Q8TAC1,1.3889172918070594
Q8TAD7,14.35989222638484
Q8TAF5,1.5605796971336374
Q8TAL5,59.322000548858014
Q8TAY7,98.5097144417838
Q8TB05,60.3859036907732
Q8TBR4,0.0
Q8TBR5,1.646736702493011
Q8TBZ9,0.006576063006485603
Q8TC99,0.8225198120476566
Q8TCA0,0.0
Q8TCZ7,0.0
Q8TD33,0.32941003713124756
Q8TD35,8.148315533249626
Q8TD47,12.290872558449163
Q8TD90,16.02186230961566
Q8TDY3,14.019931872792046
Q8TE82,54.74789531462181
Q8TEE9,55.059348595149615
Q8TEF2,6.023219270740475
Q8WTQ4,6.164210588531472
Q8WTZ4,0.0
Q8WU43,28.920435263706246
Q8WUB2,88.11758391150602
Q8WUD4,0.0
Q8WUR7,0.31694872714190125
Q8WUY1,0.0
Q8WVF5,7.918813079852151
Q8WW33,31.791934361067668
Q8WW59,0.0
Q8WWF8,0.0
Q8WWM1,1.3889733242874587
Q8WWR9,10.742881867166034
Q8WZA9,65.80694384369848
Q8WZB0,9.428799851129892
Q92623,27.183251104263363
Q92628,223.42098997672795
Q969H9,5.080837066772435
Q96A19,36.79707369150175
Q96A22,17.459131115297776
Q96AQ1,60.20208818300152
Q96AQ2,65.90563705082559
Q96AT1,5.0007997482387765
Q96B54,12.39904424903056
Q96B70,24.204970181675098
Q96CN7,2.363121102933308
Q96CP2,0.227369435636667
Q96CX6,6.058988853330623
Q96D70,0.6585272584899673
Q96DE9,0.0
Q96DM1,43.56232197415625
Q96EE4,40.20313026941072
Q96EH5,0.0
Q96EK9,30.35895781658777
Q96EX1,0.0
Q96F63,10.67796697937034
Q96F83,61.98587766784689
Q96FA7,40.01311977048042
Q96FF7,40.06633228809688
Q96FQ7,24.931365658887735
Q96FV0,5.520191913448921
Q96GI7,39.76033148424641
Q96H35,4.990462379068585
Q96HG1,0.1952675373516518
Q96HH4,3.29048488342513
Q96HM7,10.37484446209489
Q96HZ7,0.0
Q96I45,0.0
Q96IR2,23.626092621046748
Q96IW2,15.39958035078092
Q96K31,6.786905349060391
Q96KF7,0.1902970820195887
Q96KW2,340.81284293171666
Q96L03,0.9556597667771355
Q96LI9,11.955976358906822
Q96LM9,18.47633312728801
Q96LP6,25.568328268906814
Q96LR7,10.531252327134105
Q96LS8,36.86900490627212
Q96LZ2,24.62737170464029
Q96M19,3.4542177318863763
Q96M43,44.336562268876385
Q96M60,7.3313491422785795
Q96MC4,65.5414233369127
Q96MD7,13.53020350874431
Q96MH6,0.0
Q96MP5,45.37419553610907
Q96MR7,32.782930963337506
Q96MU5,27.626083709167474
Q96MW7,9.997706343931661
Q96MZ0,0.0
Q96MZ4,14.2823341487945
Q96N35,0.0
Q96N53,10.601806339919785
Q96NR7,21.922113839211836
Q96NS1,0.0
Q96NS8,26.914093616515718
Q96PP4,7.412275287523744
Q96PQ5,14.627870461259274
Q96PY0,81.82756949757226
Q96QU4,39.37772360740671
Q96S07,154.6391235582692
Q96SJ8,0.0
Q99440,3.9436902259730164
Q9BPW8,6.3476109537359955
Q9BPX7,3.3755493073143272
Q9BQ49,2.182135214953666
Q9BQM9,14.439353654757834
Q9BR11,6.709957878672381
Q9BR46,33.28763252347976
Q9BRJ6,0.6641286235577953
Q9BRP1,24.363745073113073
Q9BS92,0.6121792786151036
Q9BTA0,14.61575017205005
Q9BTX7,6.921880760514041
Q9BU68,4.459755717602945
Q9BVG4,12.383205972208046
Q9BVR0,44.19228521627457
Q9BVW6,3.758708910001549
Q9BWJ2,1.9521644345905105
Q9BX51,13.19703289750786
Q9BXJ2,159.23602483718392
Q9BXQ6,317.02969165722584
Q9BXU2,17.837818372233237
Q9BY89,326.3509470706234
Q9BYD9,5.07834321949024
Q9BYL1,21.606948031597156
Q9BYS8,0.0
Q9BZ19,20.064478321446728
Q9BZ68,23.808816572289704
Q9BZ81,2.496723860728066
Q9BZ97,0.0
Q9BZA5,1.6792433142574903
Q9BZE7,0.4865150360648219
Q9BZP3,21.833737569555907
Q9C002,0.0
Q9C073,56.56054901802419
Q9GZL8,11.905017937508054
Q9GZU0,0.6243543674257324
Q9H098,0.05437872331960727
Q9H0H9,77.91946371239493
Q9H0P7,46.59768181893722
Q9H0Q0,0.44711096671929873
Q9H0V1,0.0
Q9H0W7,7.54274652423323
Q9H106,17.31874377824023
Q9H1F0,0.0
Q9H246,0.6143595309150021
Q9H2J1,90.13489244951168
Q9H3Y8,56.70704476501877
Q9H478,11.890031362427449
Q9H489,25.24370296089299
Q9H496,0.0
Q9H4I3,1.0679411026209784
Q9H4R4,39.558866440104055
Q9H521,0.0
Q9H560,0.0
Q9H579,0.0
Q9H606,2.9467450610013506
Q9H607,7.864261435919292
Q9H6B1,80.86810729123698
Q9H6K5,248.46200358175165
Q9H7B7,0.9073705763212965
Q9H7F4,0.8277352950361757
Q9H7M6,12.199465741990998
Q9H7X2,1.9420641108816636
Q9H819,11.082085497686602
Q9H8W3,0.0
Q9H8X3,36.36712745502665
Q9H9A6,11.434475050336724
Q9H9R9,2.5782345679907865
Q9HAH7,51.77000618203824
Q9HAU6,11.504806307596173
Q9HBX3,0.0
Q9HC47,0.0
Q9HD87,0.0
Q9NPB0,4.124722584337701
Q9NPU4,4.998225662930729
Q9NQ32,4.444148409453864
Q9NQ39,3.2964609240062277
Q9NQR7,67.29693853832002
Q9NRI6,0.0
Q9NRJ2,25.234584449793818
Q9NRP4,3.655075613561298
Q9NRX3,4.8757992198821976
Q9NSG2,1.0827757603143682
Q9NSQ0,0.0
Q9NU23,0.0
Q9NU53,11.116088721202047
Q9NUB4,39.36137998332656
Q9NUC0,120.76854844435941
Q9NUD7,0.23535801976765588
Q9NUJ7,5.133736438332443
Q9NUR3,55.681764349239586
Q9NVV2,5.596985991630223
Q9NWW7,7.624928509808747
Q9NX00,8.952255765453126
Q9NX31,103.17107743726322
Q9NXS3,14.90875917097864
Q9NYP8,0.38369010069865445
Q9NZY2,9.67364056572893
Q9P1F3,0.0
Q9P1G2,2.662249369993056
Q9P1V8,1.1225184240108428
Q9P217,136.73265846256848
Q9P298,0.0
Q9P2W6,20.724393432056345
Q9P2X7,0.0
Q9P2X8,33.75647847963813
Q9UBP8,1.011156966094494
Q9UEU5,0.0
Q9UFV1,16.51324166439128
Q9UH64,3.0585325688476583
Q9UHL3,3.6842352062913424
Q9UHQ7,0.0
Q9UIY3,0.16704256216846414
Q9UJ72,1.2270544181700056
Q9UJQ7,9.205762597198483
Q9UK00,12.169893983780206
Q9ULE4,110.21270061690525
Q9ULG3,7.402237282862597
Q9ULI1,20.163713998991025
Q9ULN7,16.083263738049226
Q9UNX3,0.0
Q9UNZ5,0.0
Q9Y442,3.225160162584003
Q9Y4M8,25.11391068438882
Q9Y546,0.1406353259782031
Q9Y5L5,0.898270584031977
Q9Y5M1,19.181719381612425
Q9Y5V0,0.0
Q9Y675,0.0
Q9Y6J3,4.363791264367498
Q9Y6Z5,124.5991151562248
S4R3P1,
S4R3Y5,
A0A087WV53,10.134406090155913
A0A087WWA1,5.474723565642153
A0A096LP01,7.548509501679197
A0A096LPI5,6.659081949367703
A0A0J9YX94,24.193061190396783
A0A0J9YXQ4,14.563199976288681
A0A0U1RQS6,18.891309116618913
A0A0U1RR37,0.7289562290112547
A0A0U1RRK4,2.6412471192609925
A0A1B0GTC6,0.0
A0A1B0GTD5,9.81225557668427
A0A1B0GTI1,38.197486109344126
A0A1B0GTK4,0.26454887313911196
A0A1B0GTK5,4.09454295592942
A0A1B0GTR3,0.9957637062260591
A0A1B0GTR4,0.0
A0A1B0GTU2,0.0
A0A1B0GU29,1.5746306203472749
A0A1B0GU33,8.509235345804115
A0A1B0GU71,0.1196202235193453
A0A1B0GUA5,1.6294554132939487
A0A1B0GUA6,34.27231399212152
A0A1B0GUA9,3.872397425079341
A0A1B0GUC4,5.188679398609098
A0A1B0GUJ8,0.9773810778248198
A0A1B0GUQ0,5.684256490709312
A0A1B0GUS0,5.876095104189536
A0A1B0GUT2,52.66342571370119
A0A1B0GUU1,41.94757014877851
A0A1B0GUV1,5.831006974016323
A0A1B0GUX0,0.0
A0A1B0GV22,5.684256490709312
A0A1B0GV90,0.0
A0A1B0GVD1,0.3735361279766116
A0A1B0GVG4,2.381859502723379
A0A1B0GVG6,6.223308187837668
A0A1B0GVH6,24.03312804795553
A0A1B0GVH7,0.0
A0A1B0GVM5,0.0
A0A1B0GVQ3,27.820264836527343
A0A1B0GVR7,3.435678781402546
A0A1B0GVT2,6.572639948701395
A0A1B0GVZ2,0.0
A0A1B0GVZ6,27.465443912641742
A0A1B0GVZ9,6.901363278701901
A0A1B0GW54,0.0
A0A1W2PP97,0.0
A0A286YFK9,0.0
A0A2R8Y4Y8,8.154660447180571
A0A2R8YCJ5,3.030863320843154
A0A3B3IT52,1.29241006011679
A0A494C0N9,28.73520999845978
A0A494C0Y3,34.04894045145236
A0A590UK83,11.457830352672918
A0A5F9ZH02,0.0
A1L4L8,7.478659865741335
A1L4Q6,0.0
A4D0Y5,1.251284515813868
A4D1N5,4.626805193453243
A4D250,25.92574019311025
A4QN01,0.0
A6NC62,22.4057930100323
A6NCN8,11.718444622137014
A6NCS6,4.912068251863754
A6NDN8,0.0
A6NDZ8,25.03469646141646
A6NF36,1.84437844102572
A6NFE3,0.0
A6NGG3,10.419835821248915
A6NGY3,69.26883821449795
A6NHR8,4.525853189465348
A6NHS1,0.6943987900616215
A6NIU2,0.0
A6NJI1,6.614686937287695
A6NJI9,0.0
A6NJY4,0.0
A6NKX1,10.788757562649051
A6NM66,36.67162444581396
A6NML5,0.0
A6NN06,20.964430285308254
A6NNH2,85.04839561603394
A6NNX1,0.0
A8K554,0.6603670049486751
A8MT66,7.004580923948055
A8MTL0,0.0
A8MTW9,18.088736962847953
A8MTZ7,22.376912746614483
A8MU10,0.7784394357767715
A8MU93,28.53491423058579
A8MUN3,6.231140988321766
A8MUU9,2.8668647779728578
A8MV24,33.465497538483625
A8MVM7,25.8934773378581
A8MWE9,3.884211339230562
A8MWP4,27.125120310267032
A8MY62,35.20665683759867
A8MYJ7,6.513981019327424
A8MYX2,34.52053051462095
A8MYZ5,0.0
A8MZ25,6.546596784724352
A8MZF0,56.34717688084828
A8MZG2,41.16931253045866
B1AMM8,5.294903561991404
B3EWG3,0.3080567802545326
B3EWG6,0.3080567802545326
B9A014,0.0
C9J302,34.665311158513
C9J3I9,0.0
C9J6K1,0.0
C9JC47,53.934284715073815
C9JFL3,159.4618888237327
E9PRG8,0.0
F2Z398,0.22524062509878404
F2Z3F1,41.50408744599508
F2Z3M2,25.22720872724582
H0YL09,0.41284393942057623
H3BMG3,0.0
H3BNL1,27.667715847862954
H3BNL8,0.0
H3BQW9,9.113931094420293
I3L1E1,12.872595963674861
J3KSC0,6.435181988863331
O15225,0.0
O15544,26.78178285116828
O60384,19.570460305762055
O60756,0.0
P01358,
P01858,
P0C5K6,2.931213970258615
P0C5K7,22.265710009384176
P0C7U9,7.648850718566182
P0C875,1.6890549133100383
P0C879,15.136001172232527
P0C880,13.833838036971816
P0CE67,4.562486683915705
P0CF97,20.556768372846715
P0CG42,47.41411833419827
P0CG43,54.931775728709184
P0CH98,3.954982631452488
P0CZ25,83.21649994091948
P0DH78,9.164400962223056
P0DKL9,1.8169815529381341
P0DMQ9,13.368265311633479
P0DMU3,12.830175411578498
P0DMW3,0.19435201061161417
P0DMW4,0.0
P0DMW5,0.0
P0DN24,0.04796663695097051
P0DO97,19.59027658816789
P0DP71,4.09454295592942
P0DPF5,22.656151478410465
P0DPF6,22.65615147841048
P0DPH9,0.9957637062260591
P0DPP9,0.0
P0DPQ3,25.572868985324803
P0DV60,4.483280290592763
P0DV73,60.647792653335294
P0DV74,60.647792653335294
P0DV79,10.720037186835542
P0DW11,1.01047663215535
P0DW12,1.01047663215535
P0DW13,1.01047663215535
P0DW14,1.01047663215535
P13985,10.129192132158593
P58513,5.598651762354059
P59020,21.91898685067133
P59022,1.2152519659951544
P86481,4.3875742902557455
Q05BU3,0.16460678954919816
Q0P140,0.0
Q0VDD5,0.0
Q0VFX4,92.82563676397336
Q13166,0.0
Q14695,2.5200930053191124
Q17RA5,0.04036290065671779
Q17RH7,929.1493677039327
Q1RN00,1.4029362830464622
Q3B7I2,0.0
Q3ZM63,0.0
Q495D7,0.0
Q499Y3,24.493670697405896
Q4KMX7,3.954982631452487
Q4W4Y0,1.8494426786077267
Q52M75,0.09529171738138599
Q53H64,1.9783598932119069
Q56UQ5,12.365521436298913
Q5JQF7,2.046296989504259
Q5STR5,0.05153135848239337
Q5SVJ3,0.0
Q5SY85,19.180625004536253
Q5T0J3,12.281540833492672
Q5T1J6,29.678693294613264
Q5T3Y7,0.42084740889107086
Q5T7N8,17.439417644344857
Q5T7P6,0.7990731421790278
Q5T7R7,34.23061525028119
Q5T870,0.0
Q5TEZ4,2.0831054047610422
Q5TEZ5,0.0
Q5VSD8,46.625801441748514
Q5VT33,0.0
Q5VT40,19.275311437626236
Q5VUE5,30.96414985808341
Q5VV11,12.646293212399918
Q5VVS0,4.03700567425314
Q68DL7,39.592543550188964
Q6AWC8,3.379582175443155
Q6IC83,0.5535680793440284
Q6NUR6,0.0
Q6P435,195.55619117011622
Q6RUI8,5.480566409387281
Q6UWF5,0.0
Q6UXP9,9.813469800451179
Q6UXQ4,9.670244216680436
Q6UXR8,2.355638381470569
Q6UXV3,3.099070457702679
Q6UY13,4.754604306570597
Q6W349,4.900342055585333
Q6XCG6,1.0161106802725537
Q6ZMV7,0.33511868119885796
Q6ZP68,6.800984086202526
Q6ZPA2,85.13787555316844
Q6ZQT7,55.64645833817413
Q6ZQY7,18.041814384829937
Q6ZR03,129.58757524132605
Q6ZR54,143.80645375002797
Q6ZR85,17.394647069939154
Q6ZRG5,0.0
Q6ZRM9,20.442446564891263
Q6ZRN7,90.91798082779607
Q6ZRP5,29.62696638860144
Q6ZRU5,0.0
Q6ZRV3,134.2720249369794
Q6ZRX8,31.62450166112552
Q6ZS46,183.3582576067468
Q6ZS49,2.4171349580415065
Q6ZS52,27.407666551676144
Q6ZS92,0.595018597762002
Q6ZSA8,61.20042933464725
Q6ZSK4,21.88792931635374
Q6ZSN1,83.64762849744318
Q6ZSR3,0.3546863225664154
Q6ZSR6,0.92490294203407
Q6ZSV7,47.659012690122225
Q6ZTC4,18.985887323342162
Q6ZTI0,45.001345090835166
Q6ZTR6,127.49778547123206
Q6ZTY9,19.876596200607366
Q6ZUG5,16.43621426168664
Q6ZUT4,6.862700056581975
Q6ZV60,0.7289403131014336
Q6ZVH6,0.20360448933200007
Q6ZVL8,8.765212236966205
Q6ZVQ6,0.0
Q6ZVU0,37.95852560873384
Q6ZWC4,73.10566035728984
Q71F78,81.51975962013555
Q75L30,29.08550396200388
Q86TA4,0.09494618806565838
Q86TS7,0.0
Q86TU6,3.1214729086279336
Q86U37,0.35112974928668833
Q8IXQ3,62.337023508753575
Q8IYB0,43.045556805758935
Q8IZM0,0.0
Q8N1I8,13.94898964492645
Q8N1L1,38.79149837606903
Q8N1V8,57.20682792509105
Q8N1X5,178.44609789509292
Q8N2A0,47.8251642652403
Q8N2B8,20.06410263906629
Q8N2C9,23.67411794658581
Q8N377,67.21546393409214
Q8N3U1,86.62516833018698
Q8N402,0.0
Q8N4M7,9.683335987901128
Q8N5N4,16.346027237425787
Q8N616,0.0
Q8N6K4,10.309569426067698
Q8N6U2,114.16959560438649
Q8N7H1,0.0065090482591378404
Q8N7P7,375.68021221232294
Q8N812,3.7919145191836465
Q8N813,34.29166742024324
Q8N814,5.575901144818852
Q8N8G6,1.123316136814786
Q8N8P6,1.973844788738107
Q8N8V8,16.83005544356181
Q8N976,20.326175736425647
Q8N9L7,27.2690812697534
Q8N9P0,32.957128124834796
Q8N9P6,8.952395553232787
Q8N9U9,209.42972775018973
Q8N9X3,10.706505390673215
Q8NA96,60.06531018237311
Q8NA97,3.6269387915117894
Q8NAE3,0.0
Q8NAQ8,14.389530234907477
Q8NBF4,71.1185508063227
Q8NFD4,10.146550313716606
Q8TAT8,0.6727584829301243
Q8TB33,7.638227903304919
Q8TCH9,1.1684034087534148
Q8TEV8,12.989626228525823
Q8WU49,9.184568749344745
Q8WWF1,1.928297199141945
Q8WXQ3,106.38848914311241
Q8WY50,9.637307961644698
Q8WZ26,3.38388501441939
Q8WZ69,2.163488361626726
Q8WZA8,0.0
Q96BQ5,17.630913682325286
Q96BT1,4.819176552337556
Q96CB5,0.0
Q96FK6,26.835425129338
Q96IR3,2.3027506665598576
Q96IT6,0.0
Q96KT0,0.7150299559715318
Q96KT6,0.0
Q96KX1,0.0
Q96LM1,0.0
Q96M15,10.832705685573574
Q96M42,5.5264752012084095
Q96M66,52.28356016026623
Q96M78,0.0
Q96M85,15.666529120084352
Q96MC9,18.400562022580417
Q96MF0,1.870659735159149
Q96MF4,19.662117475060754
Q96MH7,50.871431281317925
Q96MT0,0.7121647368357606
Q96MT4,27.362759032849855
Q96N68,4.275555718242364
Q96NJ1,71.54220238554063
Q96PS1,4.808444818966616
Q96PS6,0.8245970580153196
Q96T59,0.0
Q9BRP9,30.76385620707298
Q9BTD1,8.056137664433724
Q9BTK2,0.0
Q9BXW3,0.0
Q9BZ98,0.0
Q9BZA0,0.0
Q9BZK8,1.8658681396250074
Q9BZS9,0.0
Q9H0A3,0.0
Q9H1L0,21.79313872715195
Q9H2U6,0.05231351547414168
Q9H354,0.0
Q9H379,0.0
Q9H693,43.92710375891613
Q9H7T3,47.62765277365661
Q9H8Q6,0.0
Q9H8V8,9.545396924604226
Q9H8W2,3.7625798865646933
Q9HAA7,20.579898083932587
Q9HBI5,0.0
Q9NRI7,
Q9NZ38,16.644676293492832
Q9P1C3,0.0
Q9P1D8,49.38902057499094
Q9P1J3,0.0
Q9UF83,161.43014811506285
Q9UFV3,2.837411329508345
Q9UHT4,0.0
Q9UHU1,0.0
Q9UI25,12.909053776813707
Q9UI54,0.0
Q9UI72,1.7834921655014173
Q9Y3F1,0.0
Q9Y6C7,0.0
Q9Y6Z2,3.0669649336562923
X6R8D5,11.621060484754274
X6R8R1,72.79425912084703
