UniProt_ID,Protein_Name,Gene_Names,MLO_Types,Source,is_membrane,PICNIC_score,PICNIC_GO_score,PSAP_score,PSPHunter_prob,PSPire_score,PSPire_includes_IDRs,PSPspredict_PDL,PSPspredict_catGRANULE,PSPspredict_PLAAC,PSPspredict_PScore,PSPspredict_ESpritz_DisProt,PSPspredict_SEG,PSPspredict_DeepPhase,PSPspredict_SaPS_10fea,PSPspredict_PdPS_10fea,PSPspredict_Psphunter,PSPspredict_PSPire
P35637,RNA-binding protein FUS,FUS TLS,DNA damage foci; Mesh-like condensate; Neuronal granule; Nuclear pore complex; Nuclear speckle; Nucleolus; Oskar granule; Paraspeckle; Stress granule; Transcriptional condensate,LLPSDB+PhasePDB,False,0.8617607835000001,0.945786727,,0.984,0.99866885,Yes,0.9857379,0.999705521472392,0.99906084721467,0.999510763209393,0.931582822085889,0.994208588957055,0.826101552664708,0.993668711656441,0.980564417177914,0.984,0.998862087726593
Q13148,TAR DNA-binding protein 43,TARDBP TDP43,Anisosome; Cajal body; Inclusion body; Nuclear body; Nuclear speckle; Nucleolus; Paraspeckle; PML nuclear body; RNP transport granule; Stress granule; TDP-43 nuclear condensate,LLPSDB+PhasePDB,False,0.8596329597,0.9133736608,,0.991,0.99284744,Yes,0.982682,0.989398773006135,0.996292817952646,0.987279843444227,0.574331288343558,0.918920245398773,0.806546370121695,0.999705521472392,0.997791411042944,0.991,0.999302744865417
Q13283,Ras GTPase-activating protein-binding protein 1,G3BP1 G3BP,Neuronal granule; P-body; SARS-CoV-2 N condensate; Stress granule,PhasePDB,False,0.8971113481,0.9242664453,,0.981,0.99007493,Yes,0.9802531,0.93801226993865,0.696060501211012,0.610621874320504,0.878920245398773,0.892269938650306,0.673856483424255,0.993766871165644,0.814576687116564,0.981,0.992386996746063
P10636,Microtubule-associated protein tau,MAPT MAPTL MTBT1 TAU,Nuclear pore complex; Nuclear speckle; Stress granule; Tau condensate,PhasePDB,False,0.8027611292,0.9830198964,,0.968,0.980744,Yes,0.75364035,0.982576687116564,0.875389254114972,0.918841052402696,0.949742331288343,0.794846625766871,0.986991187578682,0.993079754601227,0.948269938650306,0.968,0.990094542503356
P09651,Heterogeneous nuclear ribonucleoprotein A1,HNRNPA1 HNRPA1,Nuclear body; Nuclear speckle; Stress granule,PhasePDB,False,0.9161035025,0.948826981,,0.995,0.99967444,Yes,0.98786247,0.999067484662576,0.996688250704364,0.999456403565992,0.802257668711656,0.979533742331288,0.484767100293747,0.999803680981595,0.994552147239263,0.995,0.999645888805389
P06748,Nucleophosmin,NPM1 NPM,Nucleolus; ViPR body,LLPSDB+PhasePDB,False,0.8669064266000001,0.9881384637,,0.959,0.98870933,Yes,0.9622603,0.84760736196319,0.256190994019079,0.315612089584692,0.845153374233128,0.805840490797546,0.996307175828787,0.992932515337423,0.992883435582822,0.959,0.995037734508514
Q13501,Sequestosome-1,SQSTM1 ORCA OSIL,Nucleolus; p62 cluster; PML nuclear body; Stress granule,LLPSDB+PhasePDB,False,0.6431450049,0.9385885349,,0.942,0.9106805,Yes,0.83048576,0.769472392638036,0.367307597251742,0.841161121983039,0.854478527607362,0.728441717791411,0.992614351657574,0.916613496932515,0.992196319018404,0.942,0.978011965751648
P37840,Alpha-synuclein,SNCA NACP PARK1,Inclusion body; P-body; Postsynaptic density; Stress granule; Synapsin condensate; α-synuclein condensates,PhasePDB,False,0.7913308254,0.93120318,0.0025,0.754,0.99638814,No,0.5722021,0.925840490797546,0.07266076812812,0.158349641226353,0.960638036809816,0.884662576687116,,0.894282208588957,0.786306748466257,0.754,0.996388137340545
O60885,Bromodomain-containing protein 4,BRD4 HUNK1,PML nuclear body; Transcriptional condensate,LLPSDB+PhasePDB,False,0.8963481155,0.9228022039,,0.94,0.97284096,Yes,0.97338676,0.476122699386503,0.99569966882507,0.864263970428354,0.929521472392638,0.98080981595092,0.495342005874947,0.987779141104294,0.964368098159509,0.94,0.990575969219207
P45973,Chromobox protein homolog 5,CBX5 HP1A,Heterochromatin; Nucleolus; Stress granule,LLPSDB+PhasePDB,False,0.8347471714,0.5792320543,,0.929,0.99147904,Yes,0.9826872,0.679018404907975,0.020216499431565,0.152533159382474,0.94763190184049,0.410797546012269,0.502895509861519,0.972662576687116,0.934380368098159,0.929,0.991116881370544
P31483,Cytotoxic granule associated RNA binding protein TIA1,TIA1,P-body; Stress granule,LLPSDB+PhasePDB,False,0.7380251392,0.8696296886,,0.956,0.9776422,Yes,0.9864977,0.882993865030674,0.995847956106964,0.983637747336377,4.9079754601227e-05,0.544932515337423,0.127654217373059,0.996858895705521,0.897766871165644,0.956,0.990926623344421
P46937,Transcriptional coactivator YAP1,YAP1 YAP65,Receptor cluster; Transcriptional condensate,PhasePDB,False,0.4691324681,0.5714579202,,0.901,0.9965744,Yes,0.95549864,0.572515337423312,0.98897731204587,0.859425962165688,0.73840490797546,0.787680981595092,0.301300881242131,0.998674846625766,0.943754601226993,0.901,0.997602343559265
Q01844,RNA-binding protein EWS,EWSR1 EWS,DNA damage foci,LLPSDB+PhasePDB,False,0.8869135789,0.9079434763,,0.98,0.9682558,Yes,0.9815244,0.996564417177914,0.998269981711235,0.997227658186562,0.907533742331288,0.991361963190184,0.924548887956357,0.988760736196319,0.919460122699386,0.98,0.974105834960937
Q15648,Mediator of RNA polymerase II transcription subunit 1,MED1 ARC205 CRSP1 CRSP200 DRIP205 DRIP230 PBP PPARBP PPARGBP RB18A,Mediator condensate; Nuclear speckle; Transcriptional condensate,LLPSDB+PhasePDB,False,0.7262434205,0.8054850253,,0.945,0.99256533,Yes,0.81578374,0.979779141104294,0.97375315110474,0.950369645575125,0.882699386503067,0.895411042944785,0.085606378514477,0.994601226993865,0.949791411042944,0.945,0.994213700294494
Q92804,TATA-binding protein-associated factor 2N,TAF15 RBP56 TAF2N,DNA damage foci; Nucleolus; Transcriptional condensate,PhasePDB,False,0.9215432682,0.9339185202,,0.97,0.99848807,Yes,0.9801819,0.999950920245398,0.998072265335376,1.0,0.938355828220859,0.993717791411043,0.566009232060428,0.995484662576687,0.977766871165644,0.97,0.998907208442688
Q9NQI0,Probable ATP-dependent RNA helicase DDX4,DDX4 VASA,Nuage; P granule,LLPSDB+PhasePDB,False,0.8217701461,0.8799896971000001,,0.881,0.8348505,Yes,0.96270967,0.984441717791411,0.81824922149177,0.992117851706892,0.848687116564417,0.458846625766871,,0.928392638036809,0.660220858895705,0.881,0.968909740447998
P22626,Heterogeneous nuclear ribonucleoproteins A2/B1,HNRNPA2B1 HNRPA2B1,Nuclear speckle; Stress granule,LLPSDB+PhasePDB,False,0.8953593091000001,0.9215459274,,0.997,0.99977905,Yes,0.9878038,0.998625766871165,0.997330828925905,0.999565122852794,0.725251533742331,0.979828220858895,0.762652119177507,0.999950920245398,0.999067484662576,0.997,0.999659538269043
P24928,DNA-directed RNA polymerase II subunit RPB1,POLR2A POLR2,Nuclear speckle; Splicesome; Transcriptional condensate,LLPSDB+PhasePDB,False,0.8981064517,0.9692385905,0.015833333,0.956,0.7904207,Yes,0.9582403,0.89963190184049,0.982897533488211,0.994400956729723,0.810257668711656,0.886576687116564,0.711204364246747,0.997938650306748,0.971092024539877,0.956,0.998963356018066
P52948,Nuclear pore complex protein Nup98-Nup96,NUP98 ADAR2,Cytoplasmic Nucleoporin Granule; Nuclear body; Nuclear pore complex; Transcriptional condensate,PhasePDB,False,0.5318589719,0.7751263705,,0.968,0.99202645,Yes,0.78696555,0.959656441717791,0.976916613118481,0.986410089149815,4.9079754601227e-05,0.683582822085889,0.814351657574485,0.998134969325153,0.975165644171779,0.968,0.993070602416992
P04637,Cellular tumor antigen p53,TP53 P53,DNA damage foci; Nucleolus; Stress granule; Transcriptional condensate,LLPSDB+PhasePDB,False,0.3840000961,0.8876784508000001,0.009166667,0.963,0.9618738,Yes,0.5726422,0.403828220858895,0.732539172556967,0.762339639051967,0.858208588957055,0.500760736196319,0.32547209399916,0.875680981595092,0.945766871165644,0.963,0.982938587665558
Q14444,Caprin-1,CAPRIN1 GPIAP1 GPIP137 M11S1 RNG105,P-body; RNP transport granule; Stress granule,PhasePDB,False,0.8545546902000001,0.9386520693,0.039166667,0.919,0.9971789,Yes,0.94154125,0.883926380368098,0.989422173891552,0.992389649923896,0.79003680981595,0.938110429447852,,0.995877300613496,0.985914110429447,0.919,0.99810916185379
O15169,Axin-1,AXIN1 AXIN,Centrosome; Destruction complex condensate; Wnt signalodroplet,PhasePDB,False,0.8160373434,0.7323096480000001,0.000833333,0.929,0.8545039,Yes,0.6556667,0.907288343558282,0.722949928327813,0.789899978256142,0.650601226993865,0.655754601226993,0.981032312211498,0.777717791411042,0.712490797546012,0.929,0.971771538257598
P29590,Protein PML,PML MYL PP8675 RNF71 TRIM19,Nuclear body; PML nuclear body; PML/RARα microspeckle,PhasePDB,False,0.6971524544000001,0.8250041916,,0.92,0.93921745,Yes,0.24838634,0.306159509202454,0.616677376303692,0.794031311154598,0.625423312883435,0.496932515337423,0.99446076374318,0.846184049079754,0.805006134969325,0.92,0.977119088172912
Q9UHD9,Ubiquilin-2,UBQLN2 N4BP4 PLIC2,Stress granule; UBQLN puncta,LLPSDB+PhasePDB,False,0.6253908781,0.5376817096000001,,0.944,0.97951585,Yes,0.97547764,0.672687116564417,0.975829173051257,0.909328114807566,0.649570552147239,0.96,0.604448174569869,0.979828220858895,0.849472392638036,0.944,0.989888966083526
Q9UN86,Ras GTPase-activating protein-binding protein 2,G3BP2 KIAA0660,P-body; Stress granule,PhasePDB,False,0.8885985074,0.9292310568,,0.963,0.947954,Yes,0.9802531,0.974331288343558,0.745341307893826,0.830017395085888,0.863803680981595,0.943312883435582,0.708015107007973,0.947239263803681,0.976441717791411,0.963,0.985348105430603
P22087,rRNA 2'-O-methyltransferase fibrillarin,FBL FIB1 FLRN,DNA damage foci; Nucleolus; ViPR body,PhasePDB,False,0.922365784,0.981088881,,0.964,0.9719213,Yes,0.9826853,0.996515337423312,0.978893776877069,0.998423570341378,0.622233128834355,0.894920245398773,0.982039446076374,0.956368098159509,0.964515337423312,0.964,0.989612758159637
P23246,"Splicing factor, proline- and glutamine-rich",SFPQ PSF,DNA damage foci; Nucleolus; Paraspeckle; Stress granule,PhasePDB,False,0.8474162345,0.977592528,,0.981,0.9885807,Yes,0.97874874,0.993177914110429,0.996836537986258,0.99559686888454,0.915877300613496,0.987779141104294,0.56802349979018,0.993963190184049,0.993177914110429,0.981,0.996214568614959
Q09472,Histone acetyltransferase p300,EP300 P300,enhancer condensate; Nuclear body; Transcriptional condensate,PhasePDB,False,0.7796517636,0.7960658409,0.009166667,0.863,0.9885675,Yes,0.98196685,0.925104294478527,0.998566556275023,0.968471406827571,0.648392638036809,0.911018404907975,0.642803189257238,0.991018404907975,0.887656441717791,0.863,0.994486451148986
Q12888,TP53-binding protein 1,TP53BP1,DNA damage foci; Heterochromatin; Nucleolus,PhasePDB,False,0.7739284625,0.7957753781,0.005,0.948,0.98038405,Yes,0.72233313,0.938699386503067,0.722949928327813,0.845999130245705,0.895754601226993,0.548957055214723,0.982626940830885,0.994650306748466,0.984147239263803,0.948,0.989898085594177
Q15233,Non-POU domain-containing octamer-binding protein,NONO NRB54,Nucleolus; Paraspeckle; Stress granule,PhasePDB,False,0.8750173509,0.9528649623,,0.976,0.98610365,Yes,0.98296493,0.795779141104294,0.976076318521081,0.995325070667536,0.804466257668711,0.922159509202454,0.212505245488879,0.963435582822085,0.967067484662576,0.976,0.995200037956237
Q8N884,Cyclic GMP-AMP synthase,CGAS C6orf150 MB21D1,cGAS-DNA complex; Stress granule,LLPSDB+PhasePDB,False,0.8374495215000001,0.9523626899,0.0025,0.789,0.9739369,Yes,0.20651951,0.676073619631901,0.551678117740101,0.613068058273537,0.802208588957055,0.731582822085889,0.48652958455728,0.889325153374233,0.989349693251533,0.789,0.976333796977996
O00571,ATP-dependent RNA helicase DDX3X,DDX3X DBX DDX3,DNA damage foci; Stress granule,LLPSDB+PhasePDB,False,0.8984102759,0.9258589417,,0.989,0.9975494,Yes,0.9842861,0.988662576687116,0.982452671642528,0.995923026744944,0.789791411042944,0.85560736196319,0.709274024339068,0.998184049079754,0.998576687116564,0.989,0.998033344745636
O14641,Segment polarity protein dishevelled homolog DVL-2,DVL2,Centrosome; Wnt signalodroplet,PhasePDB,False,0.7266444826,0.6114314545,0.031666667,0.985,0.97844064,Yes,0.8483074,0.937030674846625,0.954772379022292,0.959882583170254,0.722699386503067,0.950625766871165,0.470499370541334,0.979484662576687,0.987680981595092,0.985,0.989545166492462
O60563,Cyclin-T1,CCNT1,DNA damage foci; Elongation complex; Nuclear speckle; Transcriptional condensate,LLPSDB+PhasePDB,False,0.6356288156000001,0.9528524441,0.003333333,0.934,0.92152774,Yes,0.7115542,0.583558282208589,0.896198902674114,0.883670363122417,0.633325153374233,0.689815950920245,0.171212757028955,0.97079754601227,0.7880245398773,0.934,0.966651916503906
Q9GZV5,WW domain-containing transcription regulator protein 1,WWTR1 TAZ,Receptor cluster; Transcriptional condensate,PhasePDB,False,0.5814976535,0.4708369286,,0.737,0.986606,Yes,0.9405068,0.364171779141104,0.992882210469082,0.892150467492933,0.73560736196319,0.657766871165644,0.911120436424674,0.997496932515337,0.957104294478527,0.737,0.994639039039611
O43561,Linker for activation of T-cells family member 1,LAT,Receptor cluster,PhasePDB,True,0.3832165678,0.5234676667,,0.785,0.8835028,Yes,0.13425925,0.221791411042944,0.786416884978498,0.861980865405523,0.817914110429447,0.948564417177914,0.491313470415442,0.854233128834355,0.993963190184049,0.785,0.974634289741516
P10275,Androgen receptor,AR DHTR NR3C4,enhancer condensate; Transcriptional condensate,LLPSDB+PhasePDB,False,0.6672746978,0.5353484372,0.000833333,0.964,0.97823846,Yes,0.5957942,0.928,0.997429687113835,0.978854098717112,0.630134969325153,0.856883435582822,0.547545111204364,0.997349693251533,0.971975460122699,0.964,0.993384361267089
Q06787,Fragile X messenger ribonucleoprotein 1,FMR1,P-body; Stress granule,LLPSDB+PhasePDB,False,0.8870830143,0.9459569646,,0.973,0.96494234,Yes,0.9548365,0.96922699386503,0.870990064752113,0.96917808219178,0.782576687116564,0.437153374233128,0.452790600083927,0.843582822085889,0.982085889570552,0.973,0.973698735237121
Q13185,Chromobox protein homolog 3,CBX3,Heterochromatin,PhasePDB,False,0.8162661893000001,0.8729417042000001,0.018333333,0.888,0.9858556,No,0.98396516,0.645546012269938,0.009935247886906,0.07947379865188,0.936147239263803,0.932662576687116,0.841963911036508,0.948171779141104,0.965153374233128,0.888,0.98750877380371
O00401,Actin nucleation-promoting factor WASL,WASL,Cortical condensate; Receptor cluster; Synapsin condensate,PhasePDB,False,0.829573336,0.4812690977,0.041666667,0.971,0.9832088,Yes,0.96428174,0.78561963190184,0.960654441204092,0.97352685366384,0.894576687116564,0.950233128834355,0.52018464120856,0.948760736196319,0.993570552147239,0.971,0.992352187633514
P17600,Synapsin-1,SYN1,Synapsin condensate,LLPSDB+PhasePDB,False,0.9060923616,0.8125002527,0.055,0.949,0.96978414,Yes,0.92938286,0.954061349693251,0.99317878503287,0.940802348336594,0.880490797546012,0.963582822085889,,0.997251533742331,0.940711656441717,0.949,0.992493629455566
P50995,Annexin A11,ANXA11 ANX11,Stress granule,PhasePDB,False,0.9052709066,0.9100844332,0.005833333,0.955,0.9968268,Yes,0.9751002,0.942036809815951,0.992585635905293,0.979941291585127,0.669055214723926,0.9240245398773,0.207049937054133,0.999067484662576,0.900858895705521,0.955,0.997580885887146
P67809,Y-box-binding protein 1,YBX1 NSEP1 YB1,Nuclear speckle; P-body; Stress granule,PhasePDB,False,0.9128194057,0.9757382751,0.053333333,0.948,0.9974974,Yes,0.9869201,0.991656441717791,0.962928179526469,0.789899978256142,0.917742331288343,0.97001226993865,0.698111624003357,0.996957055214723,0.99283435582822,0.948,0.999033451080322
Q16630,Cleavage and polyadenylation specificity factor subunit 6,CPSF6 CFIM68,Nuclear speckle; Paraspeckle,PhasePDB,False,0.7690603201,0.9228493196,,0.935,0.995735,Yes,0.9739237,0.980269938650306,0.967129652513469,0.988095238095238,0.922748466257668,0.986453987730061,0.380444817456987,0.969276073619631,0.978944785276073,0.935,0.995710968971252
Q9BYJ9,YTH domain-containing family protein 1,YTHDF1 C20orf21,P-body; Stress granule,PhasePDB,False,0.7591510908,0.923794543,,0.986,0.9734731,Yes,0.97605366,0.961177914110429,0.989867035737234,0.911013263752989,0.75401226993865,0.859582822085889,,0.960687116564417,0.869153374233128,0.986,0.985107123851776
Q9NZI8,Insulin-like growth factor 2 mRNA-binding protein 1,IGF2BP1 CRDBP VICKZ1 ZBP1,Stress granule,PhasePDB,False,0.93899246,0.945936039,0.026666667,0.912,0.99223596,Yes,0.98418844,0.812957055214724,0.883742770995007,0.393074581430745,0.540466257668711,0.252711656441717,0.641796055392362,0.851779141104294,0.919509202453987,0.912,0.993071377277374
Q9Y5A9,YTH domain-containing family protein 2,YTHDF2 HGRG8,P-body; Stress granule,PhasePDB,False,0.814012854,0.9112986841,,0.988,0.995632,Yes,0.97778076,0.977128834355828,0.992783352281152,0.95373994346597,0.75082208588957,0.633472392638036,0.873856483424255,0.997742331288343,0.975460122699386,0.988,0.99680072069168
P00441,Superoxide dismutase [Cu-Zn],SOD1,Stress granule,PhasePDB,False,0.8100940564,0.7177372266000001,,0.814,0.96683514,No,0.9279564,0.988613496932515,0.226681824922149,0.657099369428136,0.563926380368098,4.9079754601227e-05,0.534284515316827,0.884711656441717,0.979582822085889,0.814,0.95870304107666
P04156,Major prion protein,PRNP ALTPRP PRIP PRP,"Cell membrane; Lipid-anchor, GPI-anchor; Golgi apparatus.",LLPSDB+PhasePDB,False,0.4432001319,0.2744451738,0.008333333,0.893,0.85921586,Yes,0.8450531,0.990576687116564,0.986258711877811,0.999238964992389,4.9079754601227e-05,0.971435582822085,0.492068820814099,0.995092024539877,0.88682208588957,0.893,0.932270348072052
P16333,SH2/SH3 adapter protein NCK1,NCK1 NCK,PML nuclear body; Postsynaptic density; Receptor cluster,LLPSDB+PhasePDB,False,0.7931331127,0.6623469182,0.001666667,0.925,0.7867857,Yes,0.9648697,0.877496932515337,0.686273540606,0.48309415090237,4.9079754601227e-05,0.367460122699386,0.215442719261435,0.891288343558282,0.899582822085889,0.925,0.967540860176086
P35222,Catenin beta-1,CTNNB1 CTNNB,Centrosome; Destruction complex condensate; Transcriptional condensate,PhasePDB,False,0.61211665,0.5868006698,0.000833333,0.776,0.9910223,Yes,0.9818472,0.551950920245398,0.743512431417132,0.982006958034355,4.9079754601227e-05,0.222184049079754,0.568778850188837,0.881570552147239,0.873668711656441,0.776,0.996535181999206
P42858,Huntingtin,HTT HD IT15,Htt inclusion; Inclusion body; Stress granule,PhasePDB,False,0.4497776212,0.3042174881,,0.885,0.6051492,Yes,0.21054994,0.574576687116564,0.998517127181058,0.791258969341161,0.556760736196319,0.526576687116564,0.196475031472933,0.986944785276073,0.828662576687116,0.885,
P62993,Growth factor receptor-bound protein 2,GRB2 ASH,Nucleus; Cytoplasm; Endosome; Golgi apparatus.,LLPSDB+PhasePDB,False,0.8148856167,0.9572113786,,0.931,0.99600136,No,0.98283523,0.808638036809815,0.471454698235381,0.509078060447923,4.9079754601227e-05,4.9079754601227e-05,0.281326059588753,0.900957055214723,0.980907975460122,0.931,0.997795403003692
Q00613,Heat shock factor protein 1,HSF1 HSTF1,Nuclear stress body; Transcriptional condensate,PhasePDB,False,0.5043355104,0.8303277480000001,0.0075,0.857,0.966368,Yes,0.49848545,0.464883435582822,0.718550738964954,0.654924983692106,0.696736196319018,0.43563190184049,0.777675199328577,0.86080981595092,0.896,0.857,0.98798382282257
Q01130,Serine/arginine-rich splicing factor 2,SRSF2 SFRS2,Nuclear speckle,PhasePDB,False,0.919023935,0.9774598248,,0.92,0.99009526,Yes,0.9823167,0.928539877300613,0.86130196233503,0.894759730376168,0.889717791411042,0.990184049079754,0.923541754091481,0.984638036809816,0.998920245398773,0.92,0.992694735527038
Q8WXF1,Paraspeckle component 1,PSPC1 PSP1,Paraspeckle; Stress granule,LLPSDB+PhasePDB,False,0.912181571,0.9578053843,,0.962,0.9914299,Yes,0.97987366,0.918674846625766,0.984726409964905,0.976570993694281,0.723975460122699,0.95042944785276,0.806882081409987,0.98763190184049,0.971582822085889,0.962,0.992143809795379
O60500,Nephrin,NPHS1 NPHN,Receptor cluster,LLPSDB+PhasePDB,True,0.2428889741,0.1194671032,0.0,0.816,0.19236472,Yes,0.38799757,0.783263803680981,0.693539617418812,0.714231354642313,4.9079754601227e-05,0.58041717791411,,0.014773006134969,0.909104294478527,0.816,0.953405499458313
P00533,Epidermal growth factor receptor,EGFR ERBB ERBB1 HER1,,PhasePDB,True,0.7243557948,0.9770155874,0.000833333,0.781,0.9948772,Yes,0.85725904,0.784932515337423,0.921803173347832,0.885953468145249,0.547386503067484,0.525104294478527,0.510616869492236,0.919705521472392,0.956220858895705,0.781,0.997010350227356
P11940,Polyadenylate-binding protein 1,PABPC1 PAB1 PABP PABP1 PABPC2,Inclusion body; Nuclear speckle; Stress granule,PhasePDB,False,0.9198745263,0.9524845828,,0.982,0.9958561,Yes,0.98761415,0.707926380368098,0.974049725668528,0.62578821482931,4.9079754601227e-05,0.452564417177914,0.894922366764582,0.956466257668711,0.994797546012269,0.982,0.997455596923828
P26196,Probable ATP-dependent RNA helicase DDX6,DDX6 HLR2 RCK,P-body; Stress granule,PhasePDB,False,0.8760337849000001,0.8665014113,0.001666667,0.926,0.99086845,Yes,0.9811292,0.701447852760736,0.983638969897681,0.552728854098717,0.526674846625766,0.454380368098159,0.997566093159882,0.921668711656441,0.993472392638036,0.926,0.989958584308624
P46013,Proliferation marker protein Ki-67,MKI67,Nucleolus,PhasePDB,False,0.8957399927,0.9507972007,,0.774,0.6521288,Yes,0.73373175,0.975411042944785,0.614156492511492,0.687812567949554,0.931730061349693,0.27680981595092,0.989005455308434,0.98880981595092,0.991558282208589,0.774,
P78352,Disks large homolog 4,DLG4 PSD95,Postsynaptic density,PhasePDB,False,0.8924714123,0.7472970553,0.000833333,0.935,0.81107175,Yes,0.98229593,0.92441717791411,0.542336018980772,0.615677321156773,4.9079754601227e-05,4.9079754601227e-05,0.560637851447754,0.326969325153374,0.954503067484662,0.935,0.984603583812713
Q07889,Son of sevenless homolog 1,SOS1,Receptor cluster,LLPSDB+PhasePDB,False,0.8241281172,0.6983862185,,0.936,0.97446334,Yes,0.87783086,0.628073619631901,0.856013049280806,0.904055229397695,0.760932515337423,0.580907975460122,0.949139739823751,0.934920245398773,0.980122699386503,0.936,0.986451625823974
Q07955,Serine/arginine-rich splicing factor 1,SRSF1 ASF SF2 SF2P33 SFRS1,Centrosome; Nuclear speckle,PhasePDB,False,0.960481657,0.9732640745,,0.923,0.99659127,Yes,0.9865067,0.993128834355828,0.783945430280263,0.950587084148728,0.854920245398773,0.9720245398773,0.101972303818715,0.976,0.999116564417177,0.923,0.995155990123748
Q14011,Cold-inducible RNA-binding protein,CIRBP A18HNRNP CIRP,Stress granule,PhasePDB,False,0.9352058602,0.8994777690000001,0.1425,0.973,0.9968597,Yes,0.9871158,0.996957055214723,0.950175473283574,0.998314851054577,0.927509202453987,0.979779141104294,0.162903902643726,0.991460122699386,0.975754601226993,0.973,0.995867729187011
Q14653,Interferon regulatory factor 3,IRF3,Receptor cluster,PhasePDB,False,0.2772135948,0.1432844405,0.0,0.728,0.96070826,Yes,0.4414487,0.793766871165644,0.386337798428154,0.566536203522504,4.9079754601227e-05,4.9079754601227e-05,0.720604280318925,0.871460122699386,0.916711656441717,0.728,0.979081332683563
Q15691,Microtubule-associated protein RP/EB family member 1,MAPRE1,Centrosome,PhasePDB,False,0.7700810914,0.9596121618,0.0025,0.837,0.89833003,Yes,0.97782284,0.631950920245398,0.688695566210271,0.059795607740813,0.613398773006135,0.365153374233128,0.226605119597146,0.833276073619631,0.877889570552147,0.837,0.994920909404754
Q7Z739,YTH domain-containing family protein 3,YTHDF3,Stress granule,PhasePDB,False,0.8459765432,0.9200556964,,0.962,0.99375474,Yes,0.9770009,0.961914110429447,0.997577974395729,0.949010654490106,0.739779141104294,0.933693251533742,0.791691145614771,0.99563190184049,0.895705521472392,0.962,0.996228575706482
Q8TDY2,RB1-inducible coiled-coil protein 1,RB1CC1 KIAA0203 RBICC,,PhasePDB,False,0.6499504482,0.6765971114,0.0,0.702,0.96085393,Yes,0.41819397,0.543705521472392,0.433740299540309,0.704772776690584,4.9079754601227e-05,0.707828220858895,0.198741082668904,0.709398773006135,0.888932515337423,0.702,0.983324885368347
Q9UQ35,Serine/arginine repetitive matrix protein 2,SRRM2 KIAA0324 SRL300 SRM300,Nuclear speckle,PhasePDB,False,0.8063559486,0.9449462833,0.005833333,0.697,0.9465014,Yes,0.8279278,0.962846625766871,0.965004201472987,0.958795390302239,0.942969325153374,0.987533742331288,0.927822073017205,0.987239263803681,0.999656441717791,0.697,
O14497,AT-rich interactive domain-containing protein 1A,ARID1A BAF250 BAF250A C1orf4 OSA1 SMARCF1,Transcriptional condensate,PhasePDB,False,0.8149832085000001,0.5256884348,0.02,0.886,0.970435,Yes,0.97084796,0.985914110429447,0.998665414462952,0.995053272450532,0.905914110429447,0.9480245398773,0.555014687368862,0.996073619631901,0.950969325153374,0.886,0.984482765197754
O43781,Dual specificity tyrosine-phosphorylation-regulated kinase 3,DYRK3,Centrosome; Nuclear speckle; Spindle apparatus; Stress granule,PhasePDB,False,0.8403193139,0.9399946192,,0.755,0.8953184,Yes,0.8187311,0.898895705521472,0.412485789135485,0.820504457490758,0.589055214723926,0.42203680981595,0.376751993285774,0.671803680981595,0.973938650306748,0.755,0.980966567993164
P03372,Estrogen receptor,ESR1 ESR NR3A1,Nuclear speckle; Transcriptional condensate,LLPSDB+PhasePDB,False,0.6287174743,0.6009172104,0.000833333,0.924,0.99098426,Yes,0.82947135,0.685349693251533,0.947160298551727,0.785007610350076,4.9079754601227e-05,0.666944785276073,0.594544691565253,0.984687116564417,0.91641717791411,0.924,0.991973221302032
P09874,Poly [ADP-ribose] polymerase 1,PARP1 ADPRT PPOL,DNA damage foci; Transcriptional condensate,PhasePDB,False,0.9154513855,0.9820470058,0.000833333,0.887,0.92012626,Yes,0.94821954,0.961963190184049,0.544758044585042,0.62138508371385,4.9079754601227e-05,0.649177914110429,0.69013848090642,0.957791411042944,0.97722699386503,0.887,0.916137337684631
P17931,Galectin-3,LGALS3 MAC2,,PhasePDB,False,0.7431467667,0.9715348641,0.015,0.949,0.97792023,Yes,0.87692773,0.976539877300613,0.990015323019129,0.98168080017395,0.662478527607361,0.958184049079754,0.030130088124213,0.997840490797546,0.890797546012269,0.949,0.992851734161377
P20591,Interferon-induced GTP-binding protein Mx1,MX1,,PhasePDB,False,0.7648855428,0.7235843377000001,0.0,0.642,0.7630478,Yes,0.6714812,0.619926380368098,0.636893875735257,0.255055446836268,4.9079754601227e-05,0.430920245398773,0.533780948384389,0.089521472392638,0.980515337423312,0.642,0.956203579902648
P25490,Transcriptional repressor protein YY1,YY1 INO80S,Transcriptional condensate,PhasePDB,False,0.7538581093000001,0.8901502747000001,0.009166667,0.957,0.7309974,Yes,0.8074874,0.986110429447852,0.693539617418812,0.870352250489236,4.9079754601227e-05,0.936490797546012,0.505077633235417,0.96161963190184,0.932319018404907,0.957,0.740139067173004
P51114,RNA-binding protein FXR1,FXR1,FXR1 network; Nuclear pore complex; Stress granule,PhasePDB,False,0.9045377317,0.9366145183,0.040833333,0.919,0.99129117,Yes,0.9586184,0.953521472392638,0.544758044585042,0.877419004131332,0.827680981595092,0.645938650306748,0.644313890054553,0.954846625766871,0.985521472392638,0.919,0.996116518974304
P51608,Methyl-CpG-binding protein 2,MECP2,Heterochromatin; Nucleolus,PhasePDB,False,0.9119822571,0.9493116866,,0.955,0.9460454,Yes,0.8261783,0.963926380368098,0.275072907913597,0.676125244618395,0.960638036809816,0.960687116564417,0.659672681493915,0.968245398773006,0.996269938650306,0.955,0.981540083885192
P54132,RecQ-like DNA helicase BLM,BLM RECQ2 RECQL3,Assemblysome; PML nuclear body; Stress granule,PhasePDB,False,0.8569382975000001,0.8192658615,0.001666667,0.786,0.5370062,Yes,0.43320772,0.872441717791411,0.593939993079926,0.68020221787345,0.643582822085889,0.680785276073619,0.77247167436005,0.977325153374233,0.881865030674846,0.786,0.514248490333557
P61978,Heterogeneous nuclear ribonucleoprotein K,HNRNPK HNRPK,Nuclear stress body; Paraspeckle; Stress granule,PhasePDB,False,0.8828861686,0.9296107377,0.0525,0.964,0.9958849,Yes,0.98197895,0.978650306748466,0.884583065592407,0.978201782996303,0.665865030674846,0.926233128834355,0.392110784725136,0.987582822085889,0.992539877300613,0.964,0.996350288391113
P62805,Histone H4,H4C1 H4/A H4FA HIST1H4A,Inclusion body,PhasePDB,False,0.8963928889,0.958051505,0.000833333,0.764,0.98304826,No,0.985873,0.981496932515337,0.03118975829173,,0.942723926380368,0.846871165644171,0.236760386067981,0.56642944785276,0.905865030674846,0.764,0.695562720298767
P83916,Chromobox protein homolog 1,CBX1 CBX,Heterochromatin,LLPSDB+PhasePDB,False,0.7879217511000001,0.7914752182,0.003333333,0.916,0.9813865,Yes,0.9845071,0.787484662576687,0.005486629430082,0.058436616655794,0.960638036809816,0.920883435582822,0.841544271926143,0.971042944785276,0.97521472392638,0.916,0.986994743347168
Q01085,Nucleolysin TIAR,TIAL1,Stress granule,LLPSDB+PhasePDB,False,0.8043891772,0.8920983345,,0.977,0.9895754,Yes,0.98630905,0.881374233128834,0.990015323019129,0.975592520113068,0.667975460122699,0.475337423312883,0.805371380612673,0.990723926380368,0.954453987730061,0.977,0.990497469902038
Q07157,Tight junction protein 1,TJP1 ZO1,,PhasePDB,False,0.909714748,0.4981680621,,0.975,0.9968437,Yes,0.96402556,0.943705521472392,0.928228955563244,0.817895194607523,0.877546012269938,0.610208588957055,0.843306756189676,0.997104294478527,0.982674846625766,0.975,0.997873306274414
Q14596,Next to BRCA1 gene 1 protein,NBR1 1A13B KIAA0049 M17S2,p62 cluster,PhasePDB,False,0.5956197877,0.6838004671,0.000833333,0.527,0.298528,Yes,0.39555892,0.63882208588957,0.619445405565716,0.7573929115025,4.9079754601227e-05,0.498699386503067,0.89542593369702,0.178846625766871,0.949742331288343,0.527,0.952046513557434
Q14781,Chromobox protein homolog 2,CBX2,Heterochromatin; Nuclear body; Polycomb body,LLPSDB+PhasePDB,False,0.8311087818,0.7328262308,,0.908,0.7094682,Yes,0.7585295,0.871263803680981,0.902278681231773,0.74342248314851,0.898895705521472,0.805693251533742,0.726647083508183,0.991754601226993,0.785865030674846,0.908,0.973938822746276
Q15532,Protein SSXT,SS18 SSXT SYT,,PhasePDB,False,0.7751268203,0.3524772431,0.018333333,0.831,0.86507666,Yes,0.9753811,0.990969325153374,0.999258563590529,0.984290063057186,0.892760736196319,0.981889570552147,0.031472933277381,0.945276073619632,0.81163190184049,0.831,0.861548602581024
Q15561,Transcriptional enhancer factor TEF-3,TEAD4 RTEF1 TCF13L1 TEF3,Transcriptional condensate,PhasePDB,False,0.656870308,0.5601346584,0.005833333,0.437,0.8787389,Yes,0.9622431,0.568294478527607,0.872176363007266,0.772776690584909,0.703509202453987,0.645644171779141,0.103650860260176,0.673374233128834,0.648981595092024,0.437,0.984187245368957
Q16198,,EWS-Fli1,enhancer condensate; Transcriptional condensate,PhasePDB,False,,,,,,,,,,,,,,,,,
Q16637,Survival motor neuron protein,SMN1 SMN SMNT,Cajal body; Gems; Neuronal granule,PhasePDB,False,0.4943715006,0.8736749721,,0.976,0.9690921,Yes,0.55337006,0.815018404907975,0.777865651722603,0.785007610350076,0.810208588957055,0.968441717791411,,0.938699386503067,0.92961963190184,0.976,0.977174282073974
Q86U44,N(6)-adenosine-methyltransferase catalytic subunit METTL3,METTL3 MTA70,Nuclear speckle; Nucleolus,PhasePDB,False,0.7794453524,0.8785670915,0.000833333,0.783,0.9627371,Yes,0.4308169,0.587680981595092,0.22228263555929,0.438736681887366,0.683877300613496,0.355730061349693,,0.720245398773006,0.802061349693251,0.783,0.977434277534484
Q8IYB3,Serine/arginine repetitive matrix protein 1,SRRM1 SRM160,Nuclear speckle,PhasePDB,False,0.8963981441000001,0.9597381653,0.005,0.76,0.9853004,Yes,0.9375258,0.870773006134969,0.905392714151549,0.9705914329202,0.941398773006135,0.993030674846625,0.998153587914393,0.979042944785276,0.98679754601227,0.76,0.993907630443573
Q8NFD5,AT-rich interactive domain-containing protein 1B,ARID1B BAF250B DAN15 KIAA1235 OSA2,,PhasePDB,False,0.8473046341,0.5523305874000001,0.013333333,0.845,0.6186096,Yes,0.9659823,0.988171779141104,0.99822055261727,0.997390737116764,0.837349693251533,0.943165644171779,0.724800671422576,0.994061349693251,0.911950920245398,0.845,0.427336692810058
Q99700,Ataxin-2,ATXN2 ATX2 SCA2 TNRC13,Neuronal granule; P-body; RNP granules; Stress granule,PhasePDB,False,0.7804610756,0.942575733,,0.959,0.9757239,Yes,0.893043,0.857472392638036,0.997034254362117,0.993313763861709,0.895018404907975,0.948711656441717,0.049181703734788,0.989595092024539,0.945472392638036,0.959,0.993058979511261
Q9BYB0,SH3 and multiple ankyrin repeat domains protein 3,SHANK3 KIAA1650 PROSAP2 PSAP2,Postsynaptic density,PhasePDB,False,0.8189816510000001,0.4368824941,0.0025,0.82,0.8640445,Yes,0.8592479,0.965104294478527,0.870001482872819,0.92503805175038,0.909398773006134,0.885693251533742,,0.980515337423312,0.821447852760736,0.82,0.983045101165771
Q9NR30,Nucleolar RNA helicase 2,DDX21,Nuclear speckle; Nucleolus; RNA-helicase condensates,PhasePDB,False,0.9551248805,0.9696308583,0.016666667,0.944,0.9706044,Yes,0.71609163,0.972564417177914,0.930403835697691,0.983257229832572,0.836171779141104,0.803386503067484,0.969450272765421,0.995730061349693,0.956564417177914,0.944,0.992060005664825
Q9UER7,Death domain-associated protein 6,DAXX BING2 DAP6,Nuclear speckle; p62 cluster; PML nuclear body,LLPSDB+PhasePDB,False,0.7491195792,0.7196256646,0.008333333,0.941,0.93534815,Yes,0.42875233,0.756466257668711,0.639414759527457,0.798978038704066,0.904736196319018,0.882503067484662,0.991355434326479,0.975018404907975,0.998723926380368,0.941,0.979690253734588
Q9UKV8,Protein argonaute-2,AGO2 EIF2C2,miRISC; P-body; Stress granule,PhasePDB,False,0.8899840353,0.8712181623,0.000833333,0.935,0.9759515,Yes,0.9820009,0.635386503067484,0.607038702980574,0.51549249836921,4.9079754601227e-05,0.22120245398773,0.406294586655476,0.65840490797546,0.968687116564417,0.935,0.994432270526886
Q9Y6M1,Insulin-like growth factor 2 mRNA-binding protein 2,IGF2BP2 IMP2 VICKZ2,Stress granule,PhasePDB,False,0.9021922656,0.9217406467,,0.882,0.9100335,Yes,0.9822015,0.835141104294478,0.897385200929267,0.68020221787345,0.555926380368098,0.481521472392638,0.457742341586235,0.908220858895705,0.962552147239263,0.882,0.941001713275909
J7MA22,Tyrosine-protein kinase receptor,EML4-ALK,,PhasePDB,False,,,,,,,,,,,,,,,,,
O00444,Serine/threonine-protein kinase PLK4,PLK4 SAK STK18,Centrosome; Pericentriolar matrix,PhasePDB,False,0.8067516158,0.9597150664,,0.842,0.97523534,Yes,0.3771666,0.856785276073619,0.867777173644407,0.690204392259186,4.9079754601227e-05,0.221644171779141,0.128829206882081,0.959852760736196,0.913079754601227,0.842,0.986782252788543
O43670,BUB3-interacting and GLEBS motif-containing protein ZNF207,ZNF207 BUGZ,Centrosome; Nuclear speckle; Spindle apparatus,PhasePDB,False,0.7168263354000001,0.9163416536,0.0075,0.934,0.9623359,Yes,0.96499246,0.558380368098159,0.991844199495823,0.982441835181561,0.733055214723926,0.991018404907975,0.748132605958875,0.985717791411043,0.950527607361963,0.934,0.97444725036621
O43809,Cleavage and polyadenylation specificity factor subunit 5,NUDT21 CFIM25 CPSF25 CPSF5,Nuclear speckle,PhasePDB,False,0.5350134822,0.92319987,0.0,0.678,0.5897547,No,0.31001633,0.461153374233128,0.415253818397508,0.138019134594477,4.9079754601227e-05,4.9079754601227e-05,0.897608057070919,0.755435582822085,0.692466257668711,0.678,0.569818496704101
O43823,A-kinase anchor protein 8,AKAP8 AKAP95,Nuclear speckle; Transcriptional condensate,PhasePDB,False,0.8823098625,0.9644979305,,0.943,0.9566746,Yes,0.7680886,0.983460122699386,0.961099303049775,0.961622091759078,0.761079754601227,0.814674846625766,0.726143516575744,0.993717791411043,0.969374233128834,0.943,0.978876769542694
O60341,Lysine-specific histone demethylase 1A,KDM1A AOF2 KDM1 KIAA0601 LSD1,enhancer condensate,PhasePDB,False,0.8402431133,0.957215956,0.000833333,0.92,0.96986973,Yes,0.8467411,0.826552147239263,0.787949186891404,0.905957816916721,0.76161963190184,0.699435582822085,0.627444397817876,0.8520245398773,0.840196319018404,0.92,0.988142013549804
O75683,Surfeit locus protein 6,SURF6 SURF-6,Nucleolus,LLPSDB+PhasePDB,False,0.9029685462,0.9408546673,,0.841,0.8874224,Yes,0.28381294,0.838723926380368,0.06583955316099,0.485431615568601,0.921963190184049,0.971877300613497,0.998153587914393,0.915533742331288,0.983950920245398,0.841,0.973759651184082
O95243,Methyl-CpG-binding domain protein 4,MBD4 MED1,Mediator condensate; Transcriptional condensate,PhasePDB,False,0.7523560231,0.7646804563,0.000833333,0.425,0.2097199,Yes,0.2791933,0.818699386503067,0.465720923335475,0.279082409219395,0.641865030674846,0.237496932515337,0.979353755770037,0.848294478527607,0.952736196319018,0.425,0.213246420025825
P01106,Myc proto-oncogene protein,MYC BHLHE39,Transcriptional condensate,LLPSDB+PhasePDB,False,0.6058029056,0.476376142,0.0125,0.949,0.7929566,Yes,0.7493598,0.447852760736196,0.511838268004547,0.788758425744727,4.9079754601227e-05,0.850306748466257,0.368778850188837,0.904098159509202,0.986306748466257,0.949,0.957823872566223
P02794,Ferritin heavy chain,FTH1 FTH FTHL6,,PhasePDB,False,0.610028427,0.4473562036,0.001666667,0.547,0.9484781,No,0.51127785,0.338748466257668,0.634323562849093,0.023483365949119,4.9079754601227e-05,4.9079754601227e-05,0.051951321863197,0.846920245398773,0.703901840490797,0.547,0.970251679420471
P04792,Heat shock protein beta-1,HSPB1 HSP27 HSP28,Stress granule,PhasePDB,False,0.4478221499,0.8935267732000001,0.0,0.865,0.7797641,No,0.85284257,0.210748466257668,0.233947901734961,0.229669493368123,0.821987730061349,0.498601226993865,0.602349979018044,0.804466257668711,0.914944785276073,0.865,0.973032176494598
P08621,U1 small nuclear ribonucleoprotein 70 kDa,SNRNP70 RNPU1Z RPU1 SNRP70 U1AP1,Nuclear body; Nuclear speckle; Nucleolus,PhasePDB,False,0.9031689855,0.9453214705,,0.808,0.987663,Yes,0.9754463,0.99160736196319,0.22228263555929,0.813437703848662,0.911950920245398,0.987386503067484,0.485774234158623,0.945079754601227,0.960147239263803,0.808,0.996457457542419
P0DMV8,Heat shock 70 kDa protein 1A,HSPA1A HSP72 HSPA1 HSX70,Anisosome; TDP-43 nuclear condensate,PhasePDB,False,0.9272627685,0.9862554048,0.003333333,0.805,0.9985092,Yes,0.98558515,0.953030674846625,0.424002768029262,0.635572950641443,0.632981595092024,0.530944785276073,0.978766261015526,0.913030674846625,0.986110429447852,0.805,0.99880564212799
P10412,Histone H1.4,H1-4 H1F4 HIST1H1E,Heterochromatin; Nucleolus,PhasePDB,False,0.8910242012,0.9543345368,0.000833333,0.865,0.99262035,Yes,0.98647016,0.867484662576687,0.075774801047896,0.465101108936725,0.960638036809816,0.994306748466257,0.653545950482585,0.961423312883435,0.994306748466257,0.865,0.99653023481369
P18583,Protein SON,SON C21orf50 DBP5 KIAA1019 NREBP,Centrosome; Nuclear speckle,PhasePDB,False,0.8208686252,0.9326071397,0.006666667,0.807,0.37022626,Yes,0.5992123,0.603975460122699,0.932232712174385,0.942596216568819,0.780466257668711,0.90561963190184,0.935543432647922,0.949006134969325,0.932858895705521,0.807,0.359522491693496
P19484,Transcription factor EB,TFEB BHLHE35,Transcriptional condensate,PhasePDB,False,0.5861740403,0.7499411635000001,0.011666667,0.584,0.9636245,Yes,0.74552757,0.459484662576687,0.981958380702881,0.834257447271145,0.870380368098159,0.930503067484662,0.058245908518673,0.959656441717791,0.869349693251533,0.584,0.98231965303421
P25054,Adenomatous polyposis coli protein,APC DP2.5,Centrosome; Destruction complex condensate,PhasePDB,False,0.7815710520000001,0.6998738084,0.000833333,0.723,0.941779,Yes,0.7974254,0.971239263803681,0.962928179526469,0.907153729071537,0.898110429447852,0.795533742331288,,0.978208588957055,0.987484662576687,0.723,
P35226,Polycomb complex protein BMI-1,BMI1 PCGF4 RNF51,Nuclear body; Polycomb body,PhasePDB,False,0.7160485773,0.744254317,0.000833333,0.81,0.98870194,Yes,0.9181046,0.425423312883435,0.961840739459245,0.916340508806262,0.815950920245398,0.525251533742331,0.963911036508602,0.9560245398773,0.899239263803681,0.81,0.991719603538513
P35240,Merlin,NF2 SCH,,PhasePDB,False,0.8821239301,0.6255989874,0.0,0.777,0.9630437,Yes,0.9651037,0.362699386503067,0.040383569769166,0.561154598825831,0.746257668711656,0.557987730061349,0.625346202266051,0.343312883435582,0.574920245398773,0.777,0.982343077659606
P37198,Nuclear pore glycoprotein p62,NUP62,Nuclear pore complex,PhasePDB,False,0.4428253464,0.4525718612,0.020833333,0.924,0.9497015,Yes,0.8391232,0.617865030674846,0.942167960061292,0.9265057621222,4.9079754601227e-05,0.978748466257668,0.677633235417541,0.89521472392638,0.606527607361963,0.924,0.977242648601532
P43243,Matrin-3,MATR3 KIAA0723,,PhasePDB,False,0.7999915206,0.9276263895,,0.984,0.9630966,Yes,0.84109473,0.975558282208589,0.954772379022292,0.852739726027397,0.797987730061349,0.760196319018404,,0.981349693251533,0.997055214723926,0.984,0.99438726902008
P48431,Transcription factor SOX-2,SOX2,Nucleolus,LLPSDB+PhasePDB,False,0.6425856426000001,0.8126816629,0.004166667,0.95,0.9816507,Yes,0.97363156,0.915141104294478,0.988532450200187,0.913948684496629,0.754601226993865,0.844613496932515,0.124045321023919,0.997006134969325,0.84642944785276,0.95,0.992411136627197
P49715,CCAAT/enhancer-binding protein alpha,CEBPA CEBP,Transcriptional condensate,PhasePDB,False,0.634450474,0.8770143530000001,0.0,0.681,0.05146665,Yes,0.68940705,0.860319018404908,0.925114922643468,0.956186127419004,0.776736196319018,0.975263803680981,0.255308434746118,0.840294478527607,0.62120245398773,0.681,0.0457289367914199
P50552,Vasodilator-stimulated phosphoprotein,VASP,,PhasePDB,False,0.7697411112,0.4390687348,0.014166667,0.954,0.6386884,Yes,0.97506726,0.90561963190184,0.972863427413375,0.739508588823657,0.918625766871165,0.942969325153374,0.945530843474611,0.983901840490797,0.969521472392638,0.954,0.617294013500213
P55072,Transitional endoplasmic reticulum ATPase,VCP HEL-220 HEL-S-70,Proteasome containing foci; Stress granule,PhasePDB,False,0.8976498044000001,0.9755519939,0.001666667,0.896,0.9996293,Yes,0.98446965,0.897570552147239,0.893282586130196,0.755599043270276,0.613251533742331,0.540269938650306,0.703231221149811,0.939975460122699,0.999852760736196,0.896,0.999698519706726
P55884,Eukaryotic translation initiation factor 3 subunit B,EIF3B EIF3S9,Stress granule,PhasePDB,False,0.7890816772,0.8245742492,0.006666667,0.854,0.96965235,Yes,0.6293564,0.820760736196319,0.345707083189165,0.374646662317895,0.797791411042944,0.746797546012269,0.595048258497691,0.966773006134969,0.930159509202453,0.854,0.981919646263122
P60008,Putative histone H1.9,H1-9P H1-9 HILS1,Nucleolus,PhasePDB,False,0.4738826749,0.65887744,0.0,0.187,0.0012067427,Yes,0.4540096,0.542576687116564,0.315258761306905,0.354696673189823,4.9079754601227e-05,0.65403680981595,,0.48760736196319,0.100269938650306,0.187,0.0014384690439328
Q04637,Eukaryotic translation initiation factor 4 gamma 1,EIF4G1 EIF4F EIF4G EIF4GI,Inclusion body,PhasePDB,False,0.8930226452000001,0.9301950607,,0.917,0.9863327,Yes,0.9681666,0.881030674846625,0.975532598487469,0.931289410741465,0.850159509202454,0.904736196319018,0.901972303818716,0.992539877300613,0.960392638036809,0.917,0.990472137928009
Q05086,Ubiquitin-protein ligase E3A,UBE3A E6AP EPVE6AP HPVE6A,Proteasome containing foci,PhasePDB,False,0.7505239677000001,0.6263137512,0.0,0.732,0.7740196,Yes,0.7641953,0.776490797546012,0.208936780188819,0.264840182648401,4.9079754601227e-05,0.457325153374233,0.801174989509022,0.160539877300613,0.987239263803681,0.732,0.966176033020019
Q06124,Tyrosine-protein phosphatase non-receptor type 11,PTPN11 PTP2C SHPTP2,,PhasePDB,False,0.7924946446000001,0.9556968573,0.0,0.886,0.9933647,Yes,0.96269417,0.900957055214723,0.350353418021847,0.526255707762557,0.660515337423312,0.31160736196319,0.964666386907259,0.980073619631901,0.876466257668711,0.886,0.994052290916442
Q13772,Nuclear receptor coactivator 4,NCOA4 ARA70 ELE1 RFG,,PhasePDB,False,0.2536214555,0.2179576285,0.0,0.311,0.058003575,Yes,0.17929184,0.528245398773006,0.669517077751964,0.20808871493803,4.9079754601227e-05,0.389987730061349,0.986403692824171,0.749104294478527,0.721472392638036,0.311,0.0447899773716926
Q14157,Ubiquitin-associated protein 2-like,UBAP2L KIAA0144 NICE4,Stress granule,PhasePDB,False,0.6742318696,0.8973020873,0.035,0.924,0.960781,Yes,0.97074395,0.963288343558282,0.97365429291681,0.992172211350293,0.581104294478527,0.957153374233128,0.889634913973982,0.998969325153374,0.997595092024539,0.924,0.983135819435119
Q15554,Telomeric repeat-binding factor 2,TERF2 TRBF2 TRF2,Heterochromatin; PML nuclear body,PhasePDB,False,0.9065513433,0.9557912724,,0.892,0.94890153,Yes,0.2079051,0.888392638036809,0.764322079976274,0.854696673189823,0.834061349693251,0.852122699386503,0.933613092740243,0.64961963190184,0.854331288343558,0.892,0.981914520263672
Q53HL2,Borealin,CDCA8 PESCRG3,,PhasePDB,False,0.690377589,0.5685355527,,0.599,0.8956963,Yes,0.37038603,0.60961963190184,0.28822104690821,0.695966514459665,0.521128834355828,0.292907975460122,0.952077213596307,0.955190184049079,0.997693251533742,0.599,0.972432732582092
Q7Z434,Mitochondrial antiviral-signaling protein,MAVS IPS1 KIAA1271 VISA,Inclusion body; Receptor cluster,PhasePDB,True,0.3417054212,0.3719084584,0.008333333,0.795,0.97495615,Yes,0.22459128,0.50041717791411,0.789234343334486,0.785007610350076,0.831754601226993,0.817521472392638,0.403524968527066,0.898208588957055,0.921815950920245,0.795,0.982102215290069
Q86U42,Polyadenylate-binding protein 2,PABPN1 PAB2 PABP2,Nuclear speckle,PhasePDB,False,0.7470579206,0.9788237699,0.0275,0.909,0.56198496,Yes,0.35738704,0.978159509202454,0.799070733033463,0.811698195259839,0.871067484662576,0.97879754601227,,0.962503067484662,0.939337423312883,0.909,0.592435479164123
Q8NC51,SERPINE1 mRNA-binding protein 1,SERBP1 PAIRBP1,Nucleolus; Stress granule; Tau condensate,PhasePDB,False,0.9069847666,0.9537349672,0.048333333,0.941,0.98430663,Yes,0.9704066,0.994895705521472,0.604418961000444,0.981463361600347,0.960638036809816,0.965251533742331,0.461351237935375,0.970453987730061,0.968785276073619,0.941,0.993743896484375
Q8ND56,Protein LSM14 homolog A,LSM14A C19orf13 FAM61A RAP55 RAP55A,P-body,PhasePDB,False,0.8306817922,0.9271593869,0.09,0.846,0.94991493,Yes,0.9771328,0.989938650306748,0.948643171370668,0.97874537943031,0.693104294478527,0.92083435582822,0.992530423835501,0.994306748466257,0.991705521472392,0.846,0.945644736289978
Q8WWM7,Ataxin-2-like protein,ATXN2L A2D A2LG A2LP A2RP,Stress granule,PhasePDB,False,0.8218845168000001,0.922256783,0.0225,0.974,0.977063,Yes,0.9048384,0.943901840490797,0.987642726508823,0.92134159599913,0.890355828220858,0.909889570552147,0.429794376835921,0.995190184049079,0.982871165644171,0.974,0.975345611572265
Q92547,DNA topoisomerase 2-binding protein 1,TOPBP1 KIAA0259,DNA damage foci; Nucleolus,PhasePDB,False,0.735535787,0.7369192853000001,0.003333333,0.753,0.88609934,Yes,0.8054578,0.804171779141104,0.704512876278977,0.563818221352468,4.9079754601227e-05,0.341251533742331,0.489131347041544,0.797693251533742,0.946944785276073,0.753,0.967913269996643
Q96LT7,Guanine nucleotide exchange factor C9orf72,C9orf72 DENND9 DENNL72,Nuclear pore complex; Nuclear speckle; Nucleolus; Stress granule,PhasePDB,False,0.584618176,0.5117185267000001,,0.729,0.81184244,No,0.13787746,0.325496932515337,0.327220602046364,0.273809523809523,4.9079754601227e-05,4.9079754601227e-05,,0.845496932515337,0.107337423312883,0.729,0.980720698833465
Q96PK6,RNA-binding protein 14,RBM14 SIP,Paraspeckle,PhasePDB,False,0.8654389485,0.9304894807,,0.955,0.99737394,Yes,0.8540369,0.849423312883435,0.991547624932035,0.961350293542074,4.9079754601227e-05,0.939190184049079,0.888375996642887,0.999558282208589,0.993815950920245,0.955,0.999027609825134
Q96PV0,Ras/Rap GTPase-activating protein SynGAP,SYNGAP1 KIAA1938,Postsynaptic density,PhasePDB,False,0.7851046272000001,0.2754481559,0.003333333,0.864,0.8622611,Yes,0.885782,0.95401226993865,0.97207256190994,0.972276581865622,0.811582822085889,0.799067484662576,0.088543852287033,0.887165644171779,0.967312883435582,0.864,0.976751208305358
Q99873,Protein arginine N-methyltransferase 1,PRMT1 HMT2 HRMT1L2 IR1B4,Stress granule,LLPSDB+PhasePDB,False,0.6395642392,0.9592887473,0.0,0.707,0.7603696,Yes,0.44972888,0.29560736196319,0.168157777667935,0.239889106327462,4.9079754601227e-05,0.323484662576687,0.7026437263953,0.559509202453987,0.612073619631901,0.707,0.974692463874816
Q9H3P2,Negative elongation factor A,NELFA WHSC2,Transcriptional condensate,PhasePDB,False,0.7757722486,0.3833911083,0.005,0.735,0.9308923,Yes,0.8683791,0.266895705521472,0.946320003954327,0.81914546640574,4.9079754601227e-05,0.853447852760736,0.83894250944188,0.89280981595092,0.916368098159509,0.735,0.982639193534851
Q9NPI6,mRNA-decapping enzyme 1A,DCP1A SMIF,P-body,PhasePDB,False,0.5100310743,0.9252733124,,0.753,0.97974443,Yes,0.66957724,0.249423312883435,0.848697543374029,0.31914546640574,4.9079754601227e-05,0.405840490797546,0.949979018044481,0.81840490797546,0.988613496932515,0.753,0.98511391878128
Q9UJW0,Dynactin subunit 4,DCTN4,Inclusion body; p62 cluster; Stress granule,PhasePDB,False,0.7436210313,0.4245607149,0.0,0.471,0.036305875,Yes,0.3638914,0.264294478527607,0.233947901734961,0.283974777125462,4.9079754601227e-05,4.9079754601227e-05,0.271338648762064,0.450110429447852,0.887460122699386,0.471,0.0384931117296218
Q9UN81,LINE-1 retrotransposable element ORF1 protein,L1RE1 LRE1,P-body; Stress granule,PhasePDB,False,0.8641293742,0.8838207988000001,,0.306,0.9139226,Yes,0.9555194,0.532564417177914,0.439968365379862,0.630626223091976,0.764368098159509,0.345668711656441,,0.180613496932515,0.489766871165644,0.306,0.962153553962707
Q9Y6K9,NF-kappa-B essential modulator,IKBKG FIP3 NEMO,,PhasePDB,False,0.6915781293000001,0.7959674666000001,0.001666667,0.75,0.7132967,Yes,0.52844316,0.190723926380368,0.511838268004547,0.748749728201783,0.720588957055214,0.852368098159509,0.488208140998741,0.856687116564417,0.973791411042944,0.75,0.749988079071044
O00257,E3 SUMO-protein ligase CBX4,CBX4,Nuclear body,PhasePDB,False,0.9319493431,0.9745078792,0.0075,0.912,0.15655151,Yes,0.79025924,0.909398773006134,0.875389254114972,0.758969341161122,4.9079754601227e-05,0.898503067484662,0.404699958036088,0.957398773006135,0.95160736196319,0.912,0.275966376066207
O00425,Insulin-like growth factor 2 mRNA-binding protein 3,IGF2BP3 IMP3 KOC1 VICKZ3,Stress granule,PhasePDB,False,0.8960282827,0.965083606,0.026666667,0.911,0.90787685,Yes,0.9828644,0.765153374233128,0.83589540803717,0.598010437051532,0.593963190184049,0.626650306748466,0.777926982794796,0.816785276073619,0.850355828220858,0.911,0.791232943534851
O14686,Histone-lysine N-methyltransferase 2D,KMT2D ALR MLL2 MLL4,Transcriptional condensate,PhasePDB,False,0.5216994999,0.6758871362000001,,0.639,0.017485615,Yes,0.8270077,0.973447852760736,0.999851712718105,0.979723853011524,0.888588957055214,0.939582822085889,0.547125472093999,0.992049079754601,0.944049079754601,0.639,
O15392,Baculoviral IAP repeat-containing protein 5,BIRC5 API4 IAP4,,PhasePDB,False,0.5807027406,0.8570802999,0.000833333,0.475,0.98272866,No,0.5976065,0.153423312883435,0.012752706242894,0.657099369428136,0.933104294478527,0.707484662576687,0.243558539655895,0.813104294478527,0.974674846625766,0.475,0.989281058311462
O15523,ATP-dependent RNA helicase DDX3Y,DDX3Y DBY,Stress granule,PhasePDB,False,0.8911859193,0.9049637167,0.091666667,0.854,0.987064,Yes,0.98428124,0.989742331288343,0.987346151945034,0.996575342465753,0.74640490797546,0.682797546012269,0.709274024339068,0.999018404907975,0.973496932515337,0.854,0.993561446666717
O43245,,p65,Transcriptional condensate,PhasePDB,False,,,,,,,,,,,,,,,,,
O43463,Histone-lysine N-methyltransferase SUV39H1,SUV39H1 KMT1A SUV39H,Heterochromatin; Nucleolus,PhasePDB,False,0.4541750174,0.6615205333,0.0,0.653,0.9166155,Yes,0.17042355,0.642797546012269,0.236617072809055,0.420254403131115,4.9079754601227e-05,0.264392638036809,,0.247656441717791,0.950233128834355,0.653,0.972871661186218
O43791,Speckle-type POZ protein,SPOP,Nuclear speckle,LLPSDB+PhasePDB,False,0.7076577398,0.7829814203000001,0.0,0.762,0.96224576,No,0.9755643,0.247901840490797,0.115960654441204,0.370678408349641,4.9079754601227e-05,0.36961963190184,,0.13442944785276,0.945914110429447,0.762,0.98123025894165
O60832,H/ACA ribonucleoprotein complex subunit DKC1,DKC1 NOLA4,Nucleolus,PhasePDB,False,0.8714082764000001,0.9495011257,0.0,0.824,0.51982695,Yes,0.97419894,0.674552147239263,0.10385052641985,0.235159817351598,0.785128834355828,0.789546012269938,0.968191355434326,0.852269938650306,0.980269938650306,0.824,0.47265487909317
O75334,Liprin-alpha-2,PPFIA2,Presynaptic active zone condensate,PhasePDB,False,0.6947286180000001,0.5017042124000001,0.0,0.526,0.8523936,Yes,0.96047497,0.70920245398773,0.412485789135485,0.678625788214829,4.9079754601227e-05,0.697766871165644,,0.115926380368098,0.776196319018404,0.526,0.974145531654358
O75385,Serine/threonine-protein kinase ULK1,ULK1 KIAA0722,FIP200 puncta,PhasePDB,False,0.5874711154000001,0.9751045432,0.0,0.775,0.8204056,Yes,0.7805743,0.816147239263803,0.915229103850526,0.950587084148728,0.763386503067484,0.747779141104294,0.547629039026437,0.940662576687116,0.931386503067484,0.775,0.741269171237945
O75460,Serine/threonine-protein kinase/endoribonuclease IRE1,ERN1 IRE1,Stress granule,PhasePDB,True,0.7630394757000001,0.9830522498,0.0,0.274,0.13928577,Yes,0.2746446,0.652220858895705,0.898868073748208,0.746738421395955,4.9079754601227e-05,0.612564417177914,,0.656490797546012,0.59401226993865,0.274,0.0547319278120994
O94986,Centrosomal protein of 152 kDa,CEP152 KIAA0912,Centrosome; Pericentriolar matrix,PhasePDB,False,0.5347828507,0.7255978559,0.0,0.605,0.9435056,Yes,0.39937088,0.885447852760736,0.961099303049775,0.663948684496629,0.680147239263803,0.435779141104294,0.707259756609316,0.716319018404908,0.799950920245398,0.605,0.975729823112487
O95398,Rap guanine nucleotide exchange factor 3,RAPGEF3 CGEF1 EPAC EPAC1,Cajal body; Histone locus body; PML nuclear body; Transcriptional condensate,PhasePDB,False,0.3395837938,0.1791882718,0.0,0.162,0.0050125546,Yes,0.2246131,0.494969325153374,0.307251248084622,0.501087192868014,4.9079754601227e-05,0.402355828220858,0.163743180864456,0.085349693251533,0.188564417177914,0.162,0.0031756006646901
O95835,Serine/threonine-protein kinase LATS1,LATS1 WARTS,,PhasePDB,False,0.8592377709000001,0.9810188133,0.030833333,0.936,0.99342155,Yes,0.9538247,0.857865030674846,0.982600958924422,0.892150467492933,0.7240245398773,0.589889570552147,0.924464960134284,0.989104294478527,0.958773006134969,0.936,0.99738585948944
O96028,Histone-lysine N-methyltransferase NSD2,NSD2 KIAA1090 MMSET TRX5 WHSC1,,PhasePDB,False,0.7455269673,0.7504237466,0.0075,0.844,0.77575773,Yes,0.87212557,0.929865030674846,0.302209480500222,0.845999130245705,0.611435582822085,0.595190184049079,0.212673101133025,0.880049079754601,0.883484662576687,0.844,0.974324703216552
P02511,Alpha-crystallin B chain,CRYAB CRYA2 HSPB5,,PhasePDB,False,0.6511788668,0.1910447718,0.001666667,0.826,0.9413112,No,0.8909049,0.226846625766871,0.05239483960259,0.301098064796694,0.767901840490797,4.9079754601227e-05,0.525388166177087,0.876122699386503,0.970110429447852,0.826,0.991338610649108
P02545,Prelamin-A/C,LMNA LMN1,,PhasePDB,False,0.9024847487,0.6107744439,0.0025,0.875,0.9864895,Yes,0.9581299,0.859386503067484,0.937867628886362,0.865242444009567,0.589693251533742,0.910969325153374,,0.97403680981595,0.998134969325153,0.875,0.988390922546386
P04150,Glucocorticoid receptor,NR3C1 GRL,Transcriptional condensate,PhasePDB,False,0.5260707498,0.8657860943000001,,0.851,0.8388705,Yes,0.6202786,0.760392638036809,0.905985863279126,0.685855620787127,0.690061349693251,0.498257668711656,0.416198069660092,0.90483435582822,0.988466257668711,0.851,0.987816929817199
P05067,Amyloid-beta precursor protein,APP A4 AD1,"Cell membrane; Single- pass type I membrane protein; Membrane; Single- pass type I membrane protein; Perikaryon; Cell projection, growth cone; Membrane, clathrin-coated pit; Early endosome; Cytoplasmic vesicle.",LLPSDB+PhasePDB,True,0.769808888,0.9115391104,0.0,0.922,0.8443614,Yes,0.9060831,0.52,0.256190994019079,0.870895846923244,4.9079754601227e-05,0.805644171779141,0.57859840537138,0.425276073619631,0.592392638036809,0.922,0.971359848976135
P06241,Tyrosine-protein kinase Fyn,FYN,Stress granule,LLPSDB+PhasePDB,False,0.8360835705,0.9580192069,0.0,0.93,0.99545795,Yes,0.980497,0.875435582822085,0.954772379022292,0.879267232006958,4.9079754601227e-05,0.261104294478527,0.1026437263953,0.924466257668711,0.989153374233128,0.93,0.996938407421112
P06401,Progesterone receptor,PGR NR3C3,Nuclear body; Transcriptional condensate,PhasePDB,False,0.5254191718,0.470103446,0.000833333,0.663,0.8482419,Yes,0.46319157,0.630773006134969,0.843013197568088,0.810067405957816,0.824441717791411,0.907042944785276,,0.782920245398773,0.499582822085889,0.663,0.973418831825256
P06730,Eukaryotic translation initiation factor 4E,EIF4E EIF4EL1 EIF4F,Inclusion body; Stress granule,PhasePDB,False,0.5765510094,0.9123392611,0.000833333,0.698,0.9931239,No,0.9698183,0.353423312883435,0.074440215510849,0.212981082844096,0.715141104294478,0.589447852760736,0.855895929500629,0.898257668711656,0.883680981595092,0.698,0.99617862701416
P07766,T-cell surface glycoprotein CD3 epsilon chain,CD3E T3E,,PhasePDB,True,0.164514824,0.3334278235,0.0025,0.214,0.061977915,No,0.08398447,0.861398773006135,0.526320992536206,0.322570123939986,0.820907975460122,0.443141104294478,,0.597349693251533,0.676220858895705,0.214,0.0514188185334205
P07949,Proto-oncogene tyrosine-protein kinase receptor Ret,RET CDHF12 CDHR16 PTC,,PhasePDB,True,0.2879960374,0.8939286407,0.0,0.555,0.91190875,Yes,0.23649363,0.708907975460122,0.593939993079926,0.937866927592955,4.9079754601227e-05,0.35563190184049,0.199664288711707,0.680147239263803,0.734282208588957,0.555,0.98181265592575
P08247,Synaptophysin,SYP,,PhasePDB,True,0.1996463957,0.0809225178,0.001666667,0.308,0.09619441,Yes,0.09528848,0.917349693251533,0.995600810637141,0.994564035659926,0.801128834355828,0.916564417177914,,0.958134969325153,0.816196319018405,0.308,0.106939315795898
P08670,Vimentin,VIM,,PhasePDB,False,0.7376955361,0.9338320348,0.0,0.808,0.8539373,Yes,0.9408351,0.451435582822085,0.857199347535959,0.961730811045879,0.567705521472392,0.738699386503067,0.823415862358371,0.971680981595092,0.998773006134969,0.808,0.856472313404083
P11021,Endoplasmic reticulum chaperone BiP,HSPA5 GRP78,Anisosome,PhasePDB,False,0.887293438,0.9206926655,,0.92,0.99867326,No,0.9854735,0.939582822085889,0.285996737679798,0.494292237442922,0.701791411042944,0.425668711656441,0.422912295425933,0.947582822085889,0.999705521472392,0.92,0.999017357826232
P16401,Histone H1.5,H1-5 H1F5 HIST1H1B,,PhasePDB,False,0.8859524423,0.970640459,0.0025,0.853,0.9956061,Yes,0.98643017,0.920343558282208,0.100736493500074,0.587355946944988,0.960638036809816,0.994699386503067,0.111875786823331,0.916466257668711,0.979730061349693,0.853,0.996292412281036
P16403,Histone H1.2,H1-2 H1F2 HIST1H1C,,PhasePDB,False,0.8825139045,0.9716888194,0.0025,0.883,0.99456155,Yes,0.9860037,0.926134969325153,0.071326182591073,0.224124809741248,0.960638036809816,0.992441717791411,0.800671422576584,0.947975460122699,0.990184049079754,0.883,0.994785904884338
P18615,Negative elongation factor E,NELFE RD RDBP,Transcriptional condensate,PhasePDB,False,0.7622669669000001,0.8936935897,,0.558,0.9955928,Yes,0.75686276,0.94282208588957,0.213286540457713,0.695966514459665,0.919116564417177,0.934527607361963,0.802266051195971,0.975312883435582,0.988122699386503,0.558,0.995875716209411
P18887,DNA repair protein XRCC1,XRCC1,,PhasePDB,False,0.8540569758000001,0.9285561623,0.011666667,0.848,0.9936377,Yes,0.552335,0.860515337423312,0.730858583362167,0.652641878669275,4.9079754601227e-05,0.819092024539877,0.685774234158623,0.978061349693251,0.973889570552147,0.848,0.994182229042053
P19338,Nucleolin,NCL,Nuclear stress body; Nucleolus,PhasePDB,False,0.935643248,0.9766970211,,0.859,0.9969306,Yes,0.97716707,0.993766871165644,0.91883742770995,0.996031746031746,0.913325153374233,0.978159509202454,0.995719681074276,0.994257668711656,0.997889570552147,0.859,0.996844112873077
P19474,E3 ubiquitin-protein ligase TRIM21,TRIM21 RNF81 RO52 SSA1,Stress granule,PhasePDB,False,0.4484463722,0.9314565309,0.0,0.59,0.20266393,No,0.664898,0.460073619631901,0.542336018980772,0.654924983692106,4.9079754601227e-05,0.482159509202454,0.497859840537138,0.019975460122699,0.520638036809815,0.59,0.083214558660984
P19532,Transcription factor E3,TFE3 BHLHE33,Transcriptional condensate,PhasePDB,False,0.6043318072,0.4258309568,0.0075,0.693,0.97136927,Yes,0.52914596,0.477987730061349,0.894567742573278,0.6985757773429,0.785815950920245,0.962993865030674,0.073268988669744,0.892319018404908,0.817570552147239,0.693,0.986825168132782
P20226,TATA-box-binding protein,TBP GTF2D1 TF2D TFIID,Transcriptional condensate,PhasePDB,False,0.6641000554000001,0.9029135134,0.004166667,0.771,0.9547796,Yes,0.97957146,0.237398773006134,0.999752854530176,0.786747118938899,0.697865030674846,0.92122699386503,0.281997482165337,0.974576687116564,0.84721472392638,0.771,0.976090729236602
P26599,Polypyrimidine tract-binding protein 1,PTBP1 PTB,Nucleus.,LLPSDB+PhasePDB,False,0.8431440648,0.9440502449,0.0,0.938,0.9985617,Yes,0.9855295,0.833914110429447,0.90277297217142,0.509078060447923,4.9079754601227e-05,0.691239263803681,0.219890893831305,0.875828220858895,0.978159509202454,0.938,0.997007668018341
P27695,DNA repair nuclease/redox regulator APEX1,APEX1 APE APE1 APEX APX HAP1 REF1,Nucleolus; Stress granule,PhasePDB,False,0.7500747296,0.937214941,0.000833333,0.825,0.5531521,Yes,0.05258185,0.760785276073619,0.697938806781671,0.566536203522504,0.78920245398773,0.342134969325153,0.544271926143516,0.893447852760736,0.936294478527607,0.825,0.582654654979705
P28347,Transcriptional enhancer factor TEF-1,TEAD1 TCF13 TEF1,Transcriptional condensate,PhasePDB,False,0.7780790189,0.4401978574,0.005833333,0.307,0.982823,Yes,0.9708599,0.591263803680981,0.866739162671148,0.566536203522504,0.659042944785276,0.433570552147239,0.327066722618548,0.53241717791411,0.967558282208589,0.307,0.993112385272979
P30622,CAP-Gly domain-containing linker protein 1,CLIP1 CYLN1 RSN,,PhasePDB,False,0.8849777209,0.7116881434,0.0025,0.677,0.9877302,Yes,0.9608258,0.828269938650306,0.779496811823439,0.896879756468797,0.570061349693251,0.783901840490797,0.279815358791439,0.935165644171779,0.968932515337423,0.677,0.992581844329834
P35658,Nuclear pore complex protein Nup214,NUP214 CAIN CAN KIAA0023,Cytoplasmic Nucleoporin Granule; Nuclear body; Nuclear pore complex,PhasePDB,False,0.6597996260000001,0.3256733688,0.003333333,0.825,0.7782434,Yes,0.77351665,0.939337423312883,0.979536355098611,0.995216351380734,0.592343558282208,0.940368098159509,0.887788501888376,0.99160736196319,0.860662576687116,0.825,0.718879282474517
P38398,Breast cancer type 1 susceptibility protein,BRCA1 RNF53,DNA damage foci,PhasePDB,False,0.7341395795,0.9523496915,0.0,0.768,0.5354,Yes,0.8149777,0.933496932515337,0.657901240670258,0.546749293324635,4.9079754601227e-05,0.470134969325153,,0.9400245398773,0.879165644171779,0.768,0.441704839468002
P38432,Coilin,COIL CLN80,Cajal body,PhasePDB,False,0.674918247,0.8491927114000001,,0.968,0.6432292,Yes,0.4224757,0.941889570552147,0.816716919578864,0.845999130245705,0.807803680981595,0.812171779141104,0.930004196391103,0.997987730061349,0.961865030674846,0.968,0.641991555690765
P42566,Epidermal growth factor receptor substrate 15,EPS15 AF1P,,PhasePDB,False,0.6231835957,0.496224013,0.011666667,0.9,0.930905,Yes,0.94783074,0.689717791411043,0.614156492511492,0.907914764079147,0.846920245398773,0.519705521472392,0.959882501049097,0.936343558282208,0.883386503067484,0.9,0.992070019245147
P42768,Actin nucleation-promoting factor WAS,WAS IMD2,Nuclear speckle,PhasePDB,False,0.6552525982,0.6483211606,0.011666667,0.854,0.8211335,Yes,0.93977094,0.967263803680981,0.97365429291681,0.957762557077625,0.886085889570552,0.960196319018404,,0.952098159509202,0.98242944785276,0.854,0.971206963062286
P43351,DNA repair protein RAD52 homolog,RAD52,PML nuclear body,PhasePDB,False,0.6724173769,0.7441162146,,0.625,0.5881899,Yes,0.30479357,0.746601226993865,0.783945430280263,0.676125244618395,0.738601226993865,0.602453987730061,0.186823331934536,0.926723926380368,0.81123926380368,0.625,0.674271762371063
P46934,E3 ubiquitin-protein ligase NEDD4,NEDD4 KIAA0093 NEDD4-1 RPF1,,PhasePDB,False,0.7230113544,0.5578217357,0.005,0.815,0.13858241,Yes,0.682722,0.904294478527607,0.896198902674114,0.932539682539682,4.9079754601227e-05,0.466944785276073,0.007637431808644,0.733889570552147,0.414233128834355,0.815,0.14730554819107
P49116,Nuclear receptor subfamily 2 group C member 2,NR2C2 TAK1 TR4,SARS-CoV-2 N condensate; Stress granule,PhasePDB,False,0.5280876678,0.3404453126,0.0,0.608,0.77192503,Yes,0.6182327,0.418895705521472,0.657901240670258,0.251576429658621,4.9079754601227e-05,4.9079754601227e-05,0.237599664288711,0.670773006134969,0.52480981595092,0.608,0.972304344177246
P49841,Glycogen synthase kinase-3 beta,GSK3B,Centrosome; Destruction complex condensate,PhasePDB,False,0.8420391335,0.9769080375,0.0025,0.853,0.9917032,Yes,0.9760533,0.368441717791411,0.898868073748208,0.798978038704066,0.791165644171779,0.49001226993865,0.450608476710029,0.862674846625766,0.90321472392638,0.853,0.99563580751419
P49959,Double-strand break repair protein MRE11,MRE11 HNGS1 MRE11A,,PhasePDB,False,0.8673190972,0.8233051207000001,0.000833333,0.9,0.7661633,Yes,0.15798108,0.891680981595092,0.856013049280806,0.874211785170689,0.682110429447852,0.685644171779141,0.890725975660931,0.992098159509202,0.983656441717791,0.9,0.820917606353759
P51532,SWI/SNF-related matrix-associated actin-dependent regulator of chromatin subfamily A member 4,SMARCA4 BAF190A BRG1 SNF2B SNF2L4,,PhasePDB,False,0.8990656248000001,0.9588159072,0.0125,0.937,0.9837655,Yes,0.97460043,0.963779141104294,0.986110424595917,0.983746466623179,0.832343558282208,0.917349693251533,0.020142677297524,0.992147239263803,0.919067484662576,0.937,0.993787288665771
P51610,Host cell factor 1,HCFC1 HCF1 HFC1,Transcriptional condensate,PhasePDB,False,0.5943511884,0.4278061022,0.003333333,0.837,0.7964653,Yes,0.76952577,0.649079754601227,0.844792644950818,0.920417482061317,0.552932515337423,0.896098159509202,0.938145195132186,0.89482208588957,0.731975460122699,0.837,0.757289826869964
P54274,Telomeric repeat-binding factor 1,TERF1 PIN2 TRBF1 TRF TRF1,Heterochromatin; PML nuclear body,PhasePDB,False,0.785658564,0.745041712,0.001666667,0.719,0.92083246,Yes,0.12170035,0.486184049079754,0.233947901734961,0.14193302891933,0.713423312883435,0.613693251533742,0.750566512798992,0.918920245398773,0.981889570552147,0.719,0.968028545379638
P54727,UV excision repair protein RAD23 homolog B,RAD23B,Proteasome containing foci,PhasePDB,False,0.7647883243,0.8471774121000001,,0.931,0.96350414,Yes,0.9834468,0.385865030674846,0.960654441204092,0.571809088932376,4.9079754601227e-05,0.958134969325153,0.095006294586655,0.865079754601227,0.963190184049079,0.931,0.99511706829071
P55036,26S proteasome non-ATPase regulatory subunit 4,PSMD4 MCB1,Proteasome containing foci,PhasePDB,False,0.666353022,0.8880088741000001,0.001666667,0.842,0.9172637,Yes,0.9744313,0.663705521472392,0.228955563244525,0.450695803435529,0.789693251533742,0.728736196319018,0.541670163659253,0.165104294478527,0.813398773006135,0.842,0.966669201850891
P55854,Small ubiquitin-related modifier 3,SUMO3 SMT3A SMT3H1,PML nuclear body,LLPSDB+PhasePDB,False,0.7624933551,0.8592678301000001,0.000833333,0.932,0.9964264,No,0.9841845,0.415656441717791,0.168157777667935,,0.960638036809816,4.9079754601227e-05,0.926479227864036,0.860220858895705,0.828368098159509,0.932,0.996426403522491
P61956,Small ubiquitin-related modifier 2,SUMO2 SMT3B SMT3H2,PML nuclear body,PhasePDB,False,0.8350800911,0.9771277329,,0.851,0.98548806,No,0.98624474,0.379288343558282,0.193712619247689,,0.960638036809816,4.9079754601227e-05,0.885858161980696,0.864245398773006,0.787680981595092,0.851,0.980452239513397
P61964,WD repeat-containing protein 5,WDR5 BIG3,Inclusion body,PhasePDB,False,0.7068044169000001,0.6154769721000001,0.0,0.685,0.054407913,Yes,0.9671396,0.593030674846625,0.211062231229301,0.273809523809523,0.705815950920245,0.349693251533742,0.696349139739823,0.369766871165644,0.497423312883435,0.685,0.0687588825821876
P62424,Large ribosomal subunit protein eL8,RPL7A SURF-3 SURF3,DNA damage foci,PhasePDB,False,0.9532854911,0.960767453,0.0,0.822,0.9495803,No,0.9862898,0.581398773006135,0.236617072809055,0.255055446836268,0.721276073619631,0.779582822085889,0.878892152748636,0.790233128834355,0.930453987730061,0.822,0.956626772880554
P62491,Ras-related protein Rab-11A,RAB11A RAB11,,PhasePDB,False,0.7236869867,0.6876459857,0.0,0.738,0.9933964,No,0.98399484,0.372662576687116,0.241559982205526,0.367960426179604,4.9079754601227e-05,4.9079754601227e-05,0.781200167855644,0.852760736196319,0.977472392638036,0.738,0.996550738811492
P62633,CCHC-type zinc finger nucleic acid binding protein,CNBP RNF163 ZNF9,,PhasePDB,False,0.6515907390000001,0.8935263852,0.0,0.774,0.90618056,Yes,0.9837922,0.907435582822085,0.202313281597548,0.921885192433137,4.9079754601227e-05,0.576981595092024,0.002349979018044,0.910773006134969,0.948171779141104,0.774,0.892968833446502
P63165,Small ubiquitin-related modifier 1,SUMO1 SMT3C SMT3H3 UBL1,,PhasePDB,False,0.794765206,0.9713455995,0.0,0.845,0.9695302,No,0.9849555,0.506306748466257,0.036033809500271,,0.960638036809816,4.9079754601227e-05,0.684095677717163,0.871509202453987,0.755975460122699,0.845,0.99158889055252
P63279,SUMO-conjugating enzyme UBC9,UBE2I UBC9 UBCE9,Stress granule,PhasePDB,False,0.5524002962,0.9266013782,0.0,0.69,0.9883176,No,0.9853917,0.214576687116564,0.069744451584202,0.205316373124592,4.9079754601227e-05,4.9079754601227e-05,0.355602182123373,0.381987730061349,0.959950920245398,0.69,0.988317608833313
P78364,Polyhomeotic-like protein 1,PHC1 EDR1 PH1,Nuclear body,PhasePDB,False,0.7048617735,0.7847137108000001,0.005833333,0.731,0.9075222,Yes,0.8741588,0.704932515337423,0.996737679798329,0.95373994346597,0.558331288343558,0.940662576687116,0.270415442719261,0.98522699386503,0.929325153374233,0.731,0.955718517303466
P84022,Mothers against decapentaplegic homolog 3,SMAD3 MADH3,Transcriptional condensate,PhasePDB,False,0.2528203378,0.4881318243,0.0,0.761,0.9955327,Yes,0.971528,0.374233128834355,0.899510651969749,0.51549249836921,4.9079754601227e-05,0.392785276073619,0.94687368862778,0.850453987730061,0.936883435582822,0.761,0.995034515857696
Q00059,"Transcription factor A, mitochondrial",TFAM TCF6 TCF6L2,Mitochondrial nucleoid,PhasePDB,False,0.5830226477,0.7684465435000001,0.0,0.677,0.8849018,Yes,0.54657394,0.364613496932515,0.058128614502496,0.36176342683192,0.829300613496932,4.9079754601227e-05,0.871254720939991,0.931484662576687,0.895901840490797,0.677,0.971041798591613
Q03111,Protein ENL,MLLT1 ENL LTG19 YEATS1,Elongation complex; Transcriptional condensate,PhasePDB,False,0.8652155227,0.58775771,0.023333333,0.804,0.99023277,Yes,0.76993996,0.808343558282208,0.718550738964954,0.92134159599913,0.89403680981595,0.952294478527607,0.661099454469156,0.968294478527607,0.999558282208589,0.804,0.99148404598236
Q04206,Transcription factor p65,RELA NFKB3,Inclusion body,PhasePDB,False,0.7863556325000001,0.8477199166,0.0025,0.879,0.9793226,Yes,0.734704,0.404466257668711,0.905985863279126,0.808056099151989,0.688147239263803,0.780220858895705,0.761309274024339,0.927803680981595,0.778061349693251,0.879,0.990732550621032
Q07666,"KH domain-containing, RNA-binding, signal transduction-associated protein 1",KHDRBS1 SAM68,,PhasePDB,False,0.8950865696,0.9814286212,0.056666667,0.986,0.9888352,Yes,0.8559419,0.945177914110429,0.930848697543374,0.961024135681669,0.862085889570552,0.966036809815951,0.485942089802769,0.984932515337423,0.998871165644171,0.986,0.989796996116638
Q08050,Forkhead box protein M1,FOXM1 FKHL16 HFH11 MPP2 WIN,Transcriptional condensate,PhasePDB,False,0.5706354523,0.8071179581,0.0,0.726,0.31082207,Yes,0.5149175,0.518723926380368,0.786416884978498,0.70297890845836,0.882944785276073,0.491435582822085,0.859420898027696,0.878184049079754,0.698208588957055,0.726,0.231635063886642
Q08345,Epithelial discoidin domain-containing receptor 1,DDR1 CAK EDDR1 NEP NTRK4 PTK3A RTK6 TRKE,,PhasePDB,True,0.2617370626,0.7716558811,0.0,0.49,0.092777506,Yes,0.49380827,0.833128834355828,0.855024467401512,0.816644922809306,4.9079754601227e-05,0.808098159509202,0.367771716323961,0.570061349693251,0.66483435582822,0.49,0.116858422756195
Q08379,Golgin subfamily A member 2,GOLGA2,Golgin condensate,PhasePDB,False,0.7205291694,0.7012234598,,0.903,0.98561966,Yes,0.7978563,0.694134969325153,0.852355296327418,0.598010437051532,0.670282208588957,0.817521472392638,0.93713806126731,0.695018404907975,0.93722699386503,0.903,0.988157272338867
Q12988,Heat shock protein beta-3,HSPB3 HSP27 HSPL27,,PhasePDB,False,0.7111014925,0.2758790906,0.003333333,0.056,0.40571404,No,0.16998036,0.128736196319018,0.026296277989224,0.037345075016307,4.9079754601227e-05,4.9079754601227e-05,,0.330552147239263,0.925055214723926,0.056,0.980534374713897
Q13415,Origin recognition complex subunit 1,ORC1 ORC1L PARC1,Heterochromatin; Nuclear body,PhasePDB,False,0.7618884278,0.7053325735,0.004166667,0.678,0.534496,Yes,0.5583659,0.358478527607362,0.574810933715585,0.383779082409219,4.9079754601227e-05,0.48721472392638,0.673688627780109,0.881865030674846,0.854674846625766,0.678,0.647083461284637
Q13950,Runt-related transcription factor 2,RUNX2 AML3 CBFA1 OSF2 PEBP2A,Transcriptional condensate,PhasePDB,False,0.4322133732,0.2709839897,0.0175,0.85,0.9820937,Yes,0.77088016,0.397055214723926,0.995106519697494,0.954066101326375,0.767460122699386,0.812073619631901,0.369114561477129,0.998478527607362,0.922453987730061,0.85,0.987748503684997
Q14247,Src substrate cortactin,CTTN EMS1,,PhasePDB,False,0.9085498443,0.6398506875000001,0.014166667,0.97,0.98362666,Yes,0.89549005,0.986846625766871,0.436953190648015,0.792454881495977,0.870723926380368,0.529374233128834,0.735627360469995,0.98203680981595,0.994895705521472,0.97,0.989749312400818
Q14694,Ubiquitin carboxyl-terminal hydrolase 10,USP10 KIAA0190,Stress granule,PhasePDB,False,0.7825955678000001,0.8976927672,0.000833333,0.909,0.9941603,Yes,0.69303674,0.87641717791411,0.706737185507389,0.897640791476408,4.9079754601227e-05,0.295558282208588,0.828619387326898,0.925889570552147,0.995239263803681,0.909,0.996677100658416
Q15007,Pre-mRNA-splicing regulator WTAP,WTAP KIAA0105,Nuclear speckle,PhasePDB,False,0.6219713301,0.5653002281,0.0075,0.803,0.9883958,Yes,0.75388014,0.811582822085889,0.932232712174385,0.960263100674059,0.843042944785276,0.860760736196319,0.732773814519513,0.979092024539877,0.972711656441717,0.803,0.989980995655059
Q15059,Bromodomain-containing protein 3,BRD3 KIAA0043 RING3L,Transcriptional condensate,PhasePDB,False,0.9347300335,0.7116615134000001,,0.809,0.9387661,Yes,0.9810486,0.707386503067484,0.83673570263457,0.78310502283105,0.882846625766871,0.959411042944785,0.880906420478388,0.986306748466257,0.995092024539877,0.809,0.967589855194091
Q15154,Pericentriolar material 1 protein,PCM1,Centrosome; Pericentriolar matrix,PhasePDB,False,0.7789301275,0.5278560897,0.000833333,0.796,0.97122306,Yes,0.34008476,0.918478527607361,0.962384459492857,0.918841052402696,0.779533742331288,0.66601226993865,0.434997901804448,0.987484662576687,0.997840490797546,0.796,0.949911952018737
Q16082,Heat shock protein beta-2,HSPB2,Nuclear body,PhasePDB,False,0.5395694953,0.3722092528,0.0,0.817,0.9326186,No,0.1722972,0.261742331288343,0.207157332806089,0.259947814742335,0.683042944785276,0.613742331288343,,0.709104294478527,0.957251533742331,0.817,0.978681921958923
Q16204,Coiled-coil domain-containing protein 6,CCDC6 D10S170 TST1,,PhasePDB,False,0.6919323747,0.4924574519,0.0075,0.755,0.99384576,Yes,0.89241964,0.617079754601227,0.956650684592951,0.968906283974777,0.830331288343558,0.933791411042944,0.280151070079731,0.94360736196319,0.978306748466257,0.755,0.995098948478698
Q16236,Nuclear factor erythroid 2-related factor 2,NFE2L2 NRF2,Mediator condensate; p62 cluster,PhasePDB,False,0.478322433,0.7462319597,,0.729,0.9622895,Yes,0.5532125,0.54880981595092,0.55439671790816,0.687812567949554,0.636907975460122,0.589840490797546,0.788417960553923,0.962453987730061,0.823067484662576,0.729,0.971475481986999
Q16273,,FUS-CHOP,,PhasePDB,False,,,,,,,,,,,,,,,,,
Q17RY0,Cytoplasmic polyadenylation element-binding protein 4,CPEB4 KIAA1673,,PhasePDB,False,0.7129344361000001,0.8169143346000001,0.014166667,0.787,0.96441925,Yes,0.9710679,0.95842944785276,0.973357718353022,0.963905196781909,4.9079754601227e-05,0.77280981595092,0.212924884599244,0.907582822085889,0.899337423312883,0.787,0.988836288452148
Q4G0J3,La-related protein 7,LARP7,Elongation complex; Nucleolus,PhasePDB,False,0.9175154314,0.9736614069,0.0025,0.842,0.9810635,Yes,0.7414069,0.894625766871165,0.146458405417428,0.506577516851489,0.847460122699386,0.703361963190184,0.137641628199748,0.97241717791411,0.979288343558282,0.842,0.992653727531433
Q6UVJ0,Spindle assembly abnormal protein 6 homolog,SASS6 SAS6,Centrosome,PhasePDB,False,0.7120091196,0.4975133405,0.0,0.508,0.9641846,Yes,0.60556114,0.694920245398773,0.8511195689783,0.741791693846488,0.629644171779141,0.406871165644171,0.045656735207721,0.621300613496932,0.969865030674846,0.508,0.974231898784637
Q86YR5,G-protein-signaling modulator 1,GPSM1 AGS3,Inclusion body; P-body; Stress granule,PhasePDB,False,0.6019305683,0.3996538187,0.0025,0.52,0.44493866,Yes,0.56700504,0.860122699386503,0.48257624437744,0.566536203522504,0.663460122699386,0.372760736196319,0.853881661770877,0.675484662576687,0.765153374233128,0.52,0.963606476783752
Q8IU60,m7GpppN-mRNA hydrolase,DCP2 NUDT20,P-body; Stress granule,PhasePDB,False,0.6733207222,0.8861659448,0.0,0.83,0.9111301,Yes,0.6666591,0.752588957055214,0.939350501705303,0.532778864970645,4.9079754601227e-05,0.537472392638036,0.870079731430969,0.982576687116564,0.979533742331288,0.83,0.882891297340393
Q8IX03,Protein KIBRA,WWC1 KIAA0869 KIBRA,,PhasePDB,False,0.6692243895000001,0.7061211295,0.0025,0.744,0.27576575,Yes,0.6889295,0.68240490797546,0.611536750531362,0.913948684496629,0.600147239263803,0.813889570552147,0.773394880402853,0.959950920245398,0.960196319018404,0.744,0.247787982225418
Q8N114,Protein shisa-5,SHISA5 SCOTIN,,PhasePDB,True,0.0353312183,0.0413076915,0.000833333,0.268,0.0060578524,Yes,0.111964665,0.030576687116564,0.985270129998517,0.95221787345075,0.537717791411042,0.978552147239263,,0.958282208588957,0.739582822085889,0.268,0.0096855638548731
Q92734,Protein TFG,TFG,,PhasePDB,False,0.8197289493000001,0.3840625104,0.03,0.926,0.9168024,Yes,0.96234727,0.753128834355828,0.998764272650882,0.827190693629049,0.912883435582822,0.92603680981595,0.983550146873688,0.989840490797546,0.936049079754601,0.926,0.900897800922393
Q92793,CREB-binding protein,CREBBP CBP,,PhasePDB,False,0.8054282824000001,0.7190206511,0.005833333,0.848,0.9899812,Yes,0.9817234,0.924858895705521,0.9991597054026,0.933463796477495,0.678282208588957,0.909644171779141,0.768527066722618,0.99121472392638,0.798380368098159,0.848,0.994215369224548
Q92973,Transportin-1,TNPO1 KPNB2 MIP1 TRN,Stress granule,LLPSDB+PhasePDB,False,0.5501679946,0.9035336741,0.0,0.642,0.97245157,No,0.9654543,0.310380368098159,0.3532203054718,0.125896934116112,4.9079754601227e-05,0.344147239263803,0.544355853965589,0.157791411042944,0.191116564417177,0.642,0.973973155021667
Q92985,Interferon regulatory factor 7,IRF7,,PhasePDB,False,0.1889941243,0.1649124958,0.0,0.478,0.0065836655,Yes,0.344239,0.524368098159509,0.646384261776481,0.57653837790824,4.9079754601227e-05,0.835680981595092,0.51573646663869,0.052368098159509,0.184736196319018,0.478,0.0055750906467437
Q96B01,RAD51-associated protein 1,RAD51AP1 PIR51,,PhasePDB,False,0.8057978681,0.9826931752,0.0025,0.417,0.666749,Yes,0.35390165,0.658159509202454,0.233947901734961,0.468525766470971,0.960638036809816,0.929030674846625,0.016869492236676,0.917251533742331,0.893546012269938,0.417,0.607645153999328
Q96MT8,Centrosomal protein of 63 kDa,CEP63,Centrosome; Pericentriolar matrix,PhasePDB,False,0.5761802928,0.5170123692,0.0,0.502,0.8839944,Yes,0.4502859,0.478576687116564,0.523058672334536,0.769243313763861,4.9079754601227e-05,0.266453987730061,0.744607637431808,0.088392638036809,0.519116564417177,0.502,0.948119044303894
Q96MU7,YTH domain-containing protein 1,YTHDC1 KIAA1966 YT521,Nuclear speckle; Transcriptional condensate,PhasePDB,False,0.8610502291000001,0.9348646122,0.025,0.803,0.9766556,Yes,0.6285611,0.978895705521472,0.96020957935841,0.93166992824527,0.901349693251533,0.93963190184049,0.356525388166177,0.976294478527607,0.96520245398773,0.803,0.987430274486541
Q99496,E3 ubiquitin-protein ligase RING2,RNF2 BAP1 DING HIPI3 RING1B,Polycomb body,PhasePDB,False,0.6137573316,0.6159176623,0.0,0.753,0.8846963,Yes,0.8993234,0.407950920245398,0.873313232168454,0.465101108936725,4.9079754601227e-05,4.9079754601227e-05,0.944691565253881,0.842159509202454,0.980662576687116,0.753,0.967659950256347
Q9BW19,Kinesin-like protein KIFC1,KIFC1 HSET KNSL2,Centrosome,PhasePDB,False,0.5000402808000001,0.4335736846,0.003333333,0.591,0.18856105,Yes,0.66262615,0.847263803680981,0.636893875735257,0.779626005653402,0.777717791411042,0.608098159509202,0.22282836760386,0.213644171779141,0.598331288343558,0.591,0.108637973666191
Q9BXT4,Tudor domain-containing protein 1,TDRD1,Nuage,PhasePDB,False,0.5079069477,0.3818112857,0.0,0.411,0.020287959,Yes,0.6456633,0.717889570552147,0.745341307893826,0.654924983692106,0.631018404907975,0.246085889570552,,0.101300613496932,0.379828220858895,0.411,0.0166569836437702
Q9GZQ8,Microtubule-associated protein 1 light chain 3 beta,MAP1LC3B MAP1ALC3,p62 cluster,LLPSDB+PhasePDB,False,0.7717574166000001,0.6765414078,0.0,0.834,0.8820863,No,0.96439093,0.1320245398773,0.107953141218921,,0.798773006134969,4.9079754601227e-05,,0.479018404907975,0.971386503067484,0.834,0.983970642089843
Q9H7E2,Tudor domain-containing protein 3,TDRD3,Stress granule,PhasePDB,False,0.8455331404,0.93252741,0.005833333,0.817,0.867256,Yes,0.92564726,0.983165644171779,0.920715733280609,0.75222874537943,0.591411042944785,0.293496932515337,0.78052874527906,0.981006134969325,0.964957055214724,0.817,0.853058457374572
Q9HC35,Echinoderm microtubule-associated protein-like 4,EML4 C2orf2 EMAPL4,,PhasePDB,False,0.6792216478,0.3373203932,0.005,0.622,0.98651284,Yes,0.6622694,0.886920245398773,0.773861895111462,0.402152641878669,0.793325153374233,0.493251533742331,0.151657574485942,0.904588957055214,0.899092024539877,0.622,0.991061985492706
Q9HCE5,N(6)-adenosine-methyltransferase non-catalytic subunit METTL14,METTL14 KIAA1627,Nuclear speckle; Nucleolus,PhasePDB,False,0.7133954447,0.8256422609,0.005,0.851,0.36005282,Yes,0.6368546,0.939533742331288,0.799070733033463,0.911937377690802,0.853153374233128,0.883190184049079,0.585732270247587,0.727460122699386,0.69001226993865,0.851,0.968849658966064
Q9NQS7,Inner centromere protein,INCENP,,PhasePDB,False,0.8986962234,0.7433376399,0.02,0.648,0.9482223,Yes,0.8758806,0.57442944785276,0.816716919578864,0.933028919330289,0.872294478527607,0.957693251533742,0.918757868233319,0.976785276073619,0.999901840490797,0.648,0.989312291145324
Q9NRM7,Serine/threonine-protein kinase LATS2,LATS2 KPM,Receptor cluster,PhasePDB,False,0.888485367,0.955669928,0.0025,0.912,0.86534387,Yes,0.86146337,0.894233128834355,0.891552567841431,0.946020874103065,0.667484662576687,0.666797546012269,0.044901384809064,0.941840490797546,0.728785276073619,0.912,0.827626526355743
Q9NRR5,Ubiquilin-4,UBQLN4 C1orf6 CIP75 UBIN,UBQLN puncta,PhasePDB,False,0.3784563428,0.5225085823,0.04,0.903,0.9748745,Yes,0.97579724,0.664932515337423,0.968365379862587,0.935094585779517,0.612711656441717,0.954748466257668,0.287620646244229,0.934674846625766,0.892220858895705,0.903,0.989970684051513
Q9NSC5,Homer protein homolog 3,HOMER3,Postsynaptic density,LLPSDB+PhasePDB,False,0.7501208604,0.4708910325,0.001666667,0.876,0.9824349,Yes,0.8552013,0.484073619631901,0.562750234788196,0.279082409219395,0.769570552147239,0.912245398773006,0.751993285774234,0.989251533742331,0.808196319018404,0.876,0.984175026416778
Q9NVP1,ATP-dependent RNA helicase DDX18,DDX18 cPERP-D,Nucleolus,PhasePDB,False,0.8209411023000001,0.9271227989,0.001666667,0.828,0.9353193,Yes,0.9562477,0.944,0.75147051554545,0.405033702978908,0.731779141104294,0.714699386503067,0.953587914393621,0.952049079754601,0.838380368098159,0.828,0.934784054756164
Q9NYB0,Telomeric repeat-binding factor 2-interacting protein 1,TERF2IP DRIP5 RAP1,,PhasePDB,False,0.819119538,0.9327782686,0.004166667,0.837,0.75543624,Yes,0.3090363,0.570453987730061,0.236617072809055,0.806153511632963,0.9000245398773,0.776539877300613,0.962819974821653,0.933006134969325,0.920343558282208,0.837,0.762744605541229
Q9UBN7,Protein deacetylase HDAC6,HDAC6 KIAA0901,Transcriptional condensate,PhasePDB,False,0.4424693946,0.7998092209000001,0.000833333,0.759,0.8987972,Yes,0.1490849,0.753914110429447,0.814097177598734,0.6985757773429,0.573840490797546,0.485840490797546,0.437347880822492,0.592539877300613,0.646478527607361,0.759,0.974826335906982
Q9UHB7,AF4/FMR2 family member 4,AFF4 AF5Q31 MCEF,Elongation complex; Transcriptional condensate,PhasePDB,False,0.8354928445,0.6251294062,0.0275,0.762,0.980758,Yes,0.87845653,0.970159509202454,0.966487074291928,0.92503805175038,0.937766871165644,0.884564417177914,0.891229542593369,0.996564417177914,0.983558282208589,0.762,0.985128760337829
Q9UHD2,Serine/threonine-protein kinase TBK1,TBK1 NAK,STING phase-separator,PhasePDB,False,0.7180687117,0.9833725127,0.0,0.728,0.983525,No,0.33524507,0.683042944785276,0.170382086896347,0.287181996086105,4.9079754601227e-05,4.9079754601227e-05,0.544859420898027,0.7640245398773,0.868564417177914,0.728,0.991370856761932
Q9UJU2,Lymphoid enhancer-binding factor 1,LEF1,Destruction complex condensate; Transcriptional condensate,PhasePDB,False,0.5971739626,0.8413577642000001,0.005,0.877,0.9040437,Yes,0.971162,0.86880981595092,0.940240225396668,0.902804957599478,0.815018404907975,0.5560245398773,0.202601762484263,0.935509202453987,0.957938650306748,0.877,0.787383496761322
Q9UMX0,Ubiquilin-1,UBQLN1 DA41 PLIC1,UBQLN puncta,PhasePDB,False,0.565506175,0.8114819231,0.0425,0.887,0.98401386,Yes,0.9799177,0.788711656441717,0.985270129998517,0.881822135246792,0.668073619631901,0.901447852760736,0.70348300461603,0.954503067484662,0.849963190184049,0.887,0.988786578178405
Q9UPU9,Protein Smaug homolog 1,SAMD4A KIAA1053 SAMD4 SMAUG1,P-body; Stress granule,PhasePDB,False,0.3738547748,0.7213459541,0.001666667,0.507,0.9573951,Yes,0.79485494,0.743754601226993,0.969798823587563,0.832898456186127,4.9079754601227e-05,0.656,0.511707931179185,0.99680981595092,0.960932515337423,0.507,0.974878668785095
Q9Y4K3,TNF receptor-associated factor 6,TRAF6 RNF85,,PhasePDB,False,0.4270227627,0.5532771144,0.0,0.613,0.055812597,Yes,0.50092536,0.234257668711656,0.53160990559043,0.40813220265275,4.9079754601227e-05,4.9079754601227e-05,0.635837180025178,0.283435582822085,0.441963190184049,0.613,0.0337240807712078
A0A286NGJ8,,,,PhasePDB,False,,,,,,,,,,,,,,,,,
A0A2H4FYY8,receptor protein-tyrosine kinase,CCDC6-RET fusion,,PhasePDB,False,,,,,,,,,,,,,,,,,
A0JLT2,Mediator of RNA polymerase II transcription subunit 19,MED19 LCMR1,,PhasePDB,False,0.6368165591,0.3667300327,0.0025,0.794,0.90176994,Yes,0.72928566,0.900760736196319,0.884583065592407,0.874211785170689,0.905472392638036,0.952981595092024,0.943684431389005,0.937963190184049,0.924858895705521,0.794,0.971364021301269
A1L020,RNA-binding protein MEX3A,MEX3A RKHD4,P-body,PhasePDB,False,0.752270654,0.8206151129,0.0075,0.65,0.3216526,Yes,0.8218443,0.915877300613496,0.945578567544856,0.897640791476408,0.63720245398773,0.93040490797546,0.246412085606378,0.752539877300613,0.638920245398773,0.65,0.25773286819458
A4D1B5,Gamma-secretase-activating protein,GSAP PION,,PhasePDB,False,0.1947932279,0.126374494,0.0,0.184,0.937308,No,0.06421729,0.511803680981595,0.49097919035144,0.345075016307893,4.9079754601227e-05,0.27720245398773,0.689550986151909,0.009472392638036,0.056785276073619,0.184,0.980940222740173
A7MCY6,TANK-binding kinase 1-binding protein 1,TBKBP1 KIAA0775 SINTBAD,SINT-speckle,PhasePDB,False,0.3690355971,0.2861720879,0.0,0.445,0.8996293,Yes,0.3756566,0.434208588957055,0.927092086402056,0.954718417047184,0.777128834355828,0.941889570552147,0.478052874527906,0.94679754601227,0.980368098159509,0.445,0.967662215232849
B1Q3L0,RING-type E3 ubiquitin transferase,TRIM5 TRIM5alpha,,PhasePDB,False,,,,,,,,,,,,,,,,,
O00165,HCLS1-associated protein X-1,HAX1 HS1BP1,P-body,PhasePDB,False,0.411754258,0.4702570013,0.013333333,0.862,0.65704733,Yes,0.10737376,0.931484662576687,0.465720923335475,0.939388997608175,0.94483435582822,0.752294478527607,0.54049517415023,0.938355828220859,0.908711656441717,0.862,0.648570358753204
O00254,Proteinase-activated receptor 3,F2RL2 PAR3,,PhasePDB,True,0.033985114,0.0564192103,0.0,0.082,0.0067556067,Yes,0.0671593,0.068073619631901,0.329692056744599,0.226081756903674,4.9079754601227e-05,0.307877300613496,,0.291190184049079,0.092220858895705,0.082,0.0044090170413255
O00267,Transcription elongation factor SPT5,SUPT5H SPT5 SPT5H,,PhasePDB,False,0.9275300248,0.9654203406,0.03,0.972,0.88386697,Yes,0.9699442,0.976441717791411,0.992931639563046,0.974233529028049,0.68201226993865,0.680098159509202,0.256986991187578,0.998920245398773,0.951558282208589,0.972,0.803627610206604
O00411,"DNA-directed RNA polymerase, mitochondrial",POLRMT,Mitochondrial nucleoid,PhasePDB,False,0.5468700115,0.8812211451,0.0,0.455,0.7068252,Yes,0.07166279,0.510184049079754,0.657901240670258,0.471135029354207,0.548269938650306,0.48603680981595,0.501216953420058,0.043386503067484,0.094920245398773,0.455,0.955439209938049
O00472,RNA polymerase II elongation factor ELL2,ELL2,,PhasePDB,False,0.8521063674,0.6881702877,0.009166667,0.498,0.90249836,Yes,0.7698596,0.815460122699386,0.857199347535959,0.817895194607523,4.9079754601227e-05,0.627337423312883,0.557868233319345,0.810944785276073,0.945079754601227,0.498,0.964322090148925
O00541,Pescadillo homolog,PES1,Nucleolus,PhasePDB,False,0.923838765,0.9566217457,0.001666667,0.805,0.6225585,Yes,0.35459998,0.726723926380368,0.277692649893727,0.555609915198956,0.795288343558282,0.815018404907975,0.998153587914393,0.721570552147239,0.908662576687116,0.805,0.643796205520629
O00560,Syntenin-1,SDCBP MDA9 SYCL,,PhasePDB,False,0.7549107084000001,0.4618429654,0.0,0.697,0.60902494,Yes,0.96396595,0.561668711656441,0.619445405565716,0.068601869971732,4.9079754601227e-05,4.9079754601227e-05,0.307259756609316,0.813447852760736,0.615018404907975,0.697,0.618345379829406
O14490,Disks large-associated protein 1,DLGAP1 DAP1 GKAP,,PhasePDB,False,0.6525555376000001,0.4742085931,0.004166667,0.81,0.13019164,Yes,0.75905246,0.605595092024539,0.876476694182195,0.733257229832572,0.638773006134969,0.624588957055214,,0.909398773006134,0.866748466257668,0.81,0.165097326040267
O14526,F-BAR domain only protein 1,FCHO1 KIAA0290,,PhasePDB,False,0.5853100337,0.3017244598,0.004166667,0.537,0.22255993,Yes,0.59932834,0.647852760736196,0.81824922149177,0.919547727766905,0.797693251533742,0.680245398773006,0.484683172471674,0.822871165644171,0.781791411042944,0.537,0.948905169963836
O14607,Histone demethylase UTY,UTY KDM6C,,PhasePDB,False,0.5167366552,0.4206498046,0.000833333,0.469,0.90601623,Yes,0.83257353,0.839705521472392,0.825663585586476,0.725646879756468,4.9079754601227e-05,0.429595092024539,0.794880402853546,0.414134969325153,0.576490797546012,0.469,0.97773540019989
O14639,Actin-binding LIM protein 1,ABLIM1 ABLIM KIAA0059 LIMAB1,,PhasePDB,False,0.6641148836,0.321949767,0.0025,0.862,0.81750166,Yes,0.9554209,0.82080981595092,0.923730908012456,0.916340508806262,4.9079754601227e-05,0.464196319018404,0.351657574485942,0.928049079754601,0.997644171779141,0.862,0.64006495475769
O14746,Telomerase reverse transcriptase,TERT EST2 TCS1 TRT,Cajal body,PhasePDB,False,0.2846399283,0.7792263581000001,0.0,0.419,0.009594506,Yes,0.08450305,0.568,0.574810933715585,0.852739726027397,4.9079754601227e-05,0.56161963190184,0.939907679395719,0.219730061349693,0.378846625766871,0.419,0.0099966805428266
O14763,Tumor necrosis factor receptor superfamily member 10B,TNFRSF10B DR5 KILLER TRAILR2 TRICK2 ZTNFR9,,PhasePDB,True,0.4304014178,0.2870047146,0.003333333,0.512,0.005453388,Yes,0.18987988,0.475680981595092,0.347783105135682,0.615677321156773,0.659239263803681,0.852564417177914,,0.135558282208588,0.214723926380368,0.512,0.0255585554987192
O14773,Tripeptidyl-peptidase 1,TPP1 CLN2,,PhasePDB,False,0.16006906,0.1692163316,0.0,0.441,0.96047175,No,0.22499277,0.735460122699386,0.901042953882655,0.652641878669275,4.9079754601227e-05,0.363092024539877,,0.597300613496932,0.361570552147239,0.441,0.984877586364746
O14920,Inhibitor of nuclear factor kappa-B kinase subunit beta,IKBKB IKKB,SARS-CoV-2 N condensate,PhasePDB,False,0.3749897114,0.9554152631,0.0,0.707,0.98637486,Yes,0.22419599,0.47283435582822,0.676832583658741,0.194933681235051,4.9079754601227e-05,0.219680981595092,0.731095258078052,0.85722699386503,0.900269938650306,0.707,0.983992576599121
O14933,Ubiquitin/ISG15-conjugating enzyme E2 L6,UBE2L6 UBCH8,p62 cluster,PhasePDB,False,0.2517970804,0.5488713022,0.0,0.464,0.06901026,No,0.94828296,0.056539877300613,0.144876674410558,0.210534898891063,4.9079754601227e-05,4.9079754601227e-05,0.29626521191775,0.275190184049079,0.565595092024539,0.464,0.0690102577209472
O14936,Peripheral plasma membrane protein CASK,CASK LIN2,,PhasePDB,False,0.8260645833,0.9446829431,0.0,0.826,0.9012432,Yes,0.97906667,0.708564417177914,0.806040235282487,0.574363992172211,4.9079754601227e-05,0.215263803680981,0.085186739404112,0.841963190184049,0.906650306748466,0.826,0.832525730133056
O14965,Aurora kinase A,AURKA AIK AIRK1 ARK1 AURA AYK1 BTAK IAK1 STK15 STK6,Centrosome,PhasePDB,False,0.7580545677,0.9631817861,0.000833333,0.808,0.99095833,Yes,0.92787766,0.517546012269938,0.930403835697691,0.671232876712328,0.794944785276073,4.9079754601227e-05,0.684515316827528,0.918282208588957,0.913521472392638,0.808,0.995558857917785
O14979,Heterogeneous nuclear ribonucleoprotein D-like,HNRNPDL HNRPDL JKTBP,Nucleus; Cytoplasm.,LLPSDB+PhasePDB,False,0.9057193941,0.9372348185,,0.997,0.99530137,Yes,0.95190084,0.990085889570552,0.99738025801987,0.999945640356599,0.782969325153374,0.945766871165644,0.056986991187578,0.998282208588957,0.938993865030674,0.997,0.996165454387664
O15016,Tripartite motif-containing protein 66,TRIM66 C11orf29 KIAA0298,Heterochromatin,PhasePDB,False,0.368510327,0.1207929787,0.001666667,0.426,0.018205624,Yes,0.6115177,0.409472392638036,0.97375315110474,0.853935638182213,0.603435582822085,0.580957055214724,0.683508182962652,0.858257668711656,0.583312883435582,0.426,0.0165117718279361
O15027,Protein transport protein Sec16A,SEC16A KIAA0310 SEC16 SEC16L,,PhasePDB,False,0.7198614554,0.2979226917,0.000833333,0.812,0.89302367,Yes,0.72997254,0.942576687116564,0.958182986505857,0.981843879104153,0.800294478527607,0.787975460122699,0.590180444817457,0.987730061349693,0.961030674846625,0.812,0.848241031169891
O15054,Lysine-specific demethylase 6B,KDM6B JMJD3 KIAA0346,Transcriptional condensate,PhasePDB,False,0.615615259,0.4226714058,0.0025,0.583,0.070814505,Yes,0.688607,0.82601226993865,0.958578419257575,0.962981082844096,0.904883435582822,0.935018404907975,0.971044901384809,0.847509202453987,0.640932515337423,0.583,0.0432116948068141
O15067,Phosphoribosylformylglycinamidine synthase,PFAS KIAA0361,Purinosome,PhasePDB,False,0.2728256826,0.3445237774,0.0,0.64,0.8074899,No,0.09435311,0.91842944785276,0.657901240670258,0.722330941509023,4.9079754601227e-05,0.261447852760736,0.593789341166596,0.078969325153374,0.591509202453987,0.64,0.981157779693603
O15119,T-box transcription factor TBX3,TBX3,,PhasePDB,False,0.5814345416000001,0.4823622946,0.001666667,0.7,0.83266747,Yes,0.6152133,0.582576687116564,0.904848994117937,0.92134159599913,0.636368098159509,0.846674846625766,0.597566093159882,0.92642944785276,0.839263803680981,0.7,0.833560943603515
O15205,Ubiquitin D,UBD FAT10,,PhasePDB,False,0.6980304119,0.5154556488,0.0,0.579,0.63920814,No,0.84720707,0.232588957055214,0.032277198358954,0.186942813655142,4.9079754601227e-05,4.9079754601227e-05,0.573227024758707,0.814527607361963,0.747239263803681,0.579,0.520261287689209
O15232,Matrilin-3,MATN3,,PhasePDB,False,0.1728064083,0.2540503263,0.0025,0.294,0.117317095,Yes,0.2148292,0.470331288343558,0.421383026049132,0.695966514459665,4.9079754601227e-05,0.664883435582822,0.669240453210239,0.113570552147239,0.4440245398773,0.294,0.10994704067707
O15294,UDP-N-acetylglucosamine--peptide N-acetylglucosaminyltransferase 110 kDa subunit,OGT,Transcriptional condensate,PhasePDB,False,0.7857114764,0.4499927253,0.0,0.668,0.9756214,No,0.9791493,0.667337423312883,0.816716919578864,0.54337899543379,4.9079754601227e-05,4.9079754601227e-05,0.201174989509022,0.480294478527607,0.575803680981595,0.668,0.990736842155456
O15514,DNA-directed RNA polymerase II subunit RPB4,POLR2D,,PhasePDB,False,0.2834779076,0.8832699497000001,0.0,0.346,0.33787048,No,0.051610705,0.09963190184049,0.016361030102318,0.000869754294411,0.910527607361963,4.9079754601227e-05,0.899118757868233,0.285447852760736,0.608049079754601,0.346,0.429590165615081
O15550,Lysine-specific demethylase 6A,KDM6A UTX,,PhasePDB,False,0.5789904851000001,0.5687388696,0.0025,0.712,0.9539918,Yes,0.90305597,0.851779141104294,0.978646631407246,0.797347249402043,0.55361963190184,0.466257668711656,0.794880402853546,0.866699386503067,0.827435582822085,0.712,0.982425093650818
O43251,RNA binding protein fox-1 homolog 2,RBFOX2 FOX2 HRNBP2 RBM9 RTA,,PhasePDB,False,0.7043368145000001,0.9177656788,0.014166667,0.931,0.8394079,Yes,0.9758306,0.910625766871165,0.965449063318669,0.925907806044792,0.805987730061349,0.883435582822085,0.551237935375577,0.870380368098159,0.606674846625766,0.931,0.84889543056488
O43290,U4/U6.U5 tri-snRNP-associated protein 1,SART1,,PhasePDB,False,0.9443239787,0.9603695918,0.019166667,0.865,0.7469311,Yes,0.12342586,0.97761963190184,0.272601453215362,0.746738421395955,0.944,0.907926380368098,0.977591271506504,0.973153374233128,0.985472392638036,0.865,0.763301312923431
O43324,Eukaryotic translation elongation factor 1 epsilon-1,EEF1E1 AIMP3 P18,,PhasePDB,False,0.4116218668,0.3976919027,0.000833333,0.285,0.9083187,No,0.3778232,0.347779141104294,0.337748999060847,0.002283105022831,4.9079754601227e-05,0.652515337423312,0.087872429710449,0.641717791411042,0.382085889570552,0.285,0.932057976722717
O43583,Density-regulated protein,DENR DRP1,,PhasePDB,False,0.7392998557,0.9219516697,0.0,0.593,0.33042723,Yes,0.48767444,0.687852760736196,0.027136572586624,0.426179604261796,0.706110429447852,0.842699386503067,0.075870751154007,0.9320245398773,0.916564417177914,0.593,0.533330619335174
O43660,Pleiotropic regulator 1,PLRG1,Nuclear speckle,PhasePDB,False,0.7214414406,0.372282188,0.001666667,0.727,0.9083191,Yes,0.9538788,0.595141104294478,0.781721121051851,0.342791911285062,4.9079754601227e-05,4.9079754601227e-05,0.537641628199748,0.344196319018404,0.822380368098159,0.727,0.973480820655822
O43663,Protein regulator of cytokinesis 1,PRC1,Polycomb body,PhasePDB,False,0.6878241237,0.6574782295,0.0,0.882,0.99343145,Yes,0.7066084,0.451190184049079,0.775789629776086,0.746738421395955,0.619582822085889,0.451975460122699,,0.984147239263803,0.972957055214724,0.882,0.995270371437072
O43707,Alpha-actinin-4,ACTN4,,PhasePDB,False,0.7296519019000001,0.9061409096,0.000833333,0.857,0.99806154,Yes,0.9858779,0.713276073619631,0.648707429192822,0.441345944770602,4.9079754601227e-05,0.225177914110429,0.943516575744859,0.943361963190184,0.993717791411043,0.857,0.998990416526794
O43896,Kinesin-like protein KIF1C,KIF1C KIAA0706,P-body; Stress granule,PhasePDB,False,0.7839062969,0.8659276979,0.025833333,0.851,0.7676102,Yes,0.841955,0.893349693251533,0.962928179526469,0.9779843444227,0.808049079754601,0.815067484662576,,0.93001226993865,0.90282208588957,0.851,0.729275584220886
O60264,SWI/SNF-related matrix-associated actin-dependent regulator of chromatin subfamily A member 5,SMARCA5 SNF2H WCRF135,,PhasePDB,False,0.7766107175,0.6715033383,0.0,0.849,0.9802548,Yes,0.977353,0.859092024539877,0.679205180169047,0.396281800391389,0.729079754601227,0.676171779141104,0.980025178346622,0.860760736196319,0.970699386503067,0.849,0.99257218837738
O60333,Kinesin-like protein KIF1B,KIF1B KIAA0591 KIAA1448,,PhasePDB,False,0.7765342998,0.6471488738,0.001666667,0.866,0.56963074,Yes,0.84234035,0.865570552147239,0.75651228312985,0.733257229832572,4.9079754601227e-05,0.636564417177914,0.433319345362987,0.759361963190184,0.898503067484662,0.866,0.563714742660522
O60356,Nuclear protein 1,NUPR1 COM1,Stress granule,PhasePDB,False,0.4728908577,0.8184485267,,0.228,0.8796342,No,0.19177672,0.832588957055214,0.499678710889229,,0.960638036809816,0.950380368098159,0.215358791439362,0.87121472392638,0.913374233128834,0.228,0.896170616149902
O60506,Heterogeneous nuclear ribonucleoprotein Q,SYNCRIP HNRPQ NSAP1,P-body,PhasePDB,False,0.9517479796,0.9486231733,0.073333333,0.981,0.998522,Yes,0.9855333,0.992147239263803,0.974049725668528,0.996520982822352,0.716957055214724,0.879018404907975,0.603860679815358,0.998773006134969,0.975509202453987,0.981,0.999134838581085
O60674,Tyrosine-protein kinase JAK2,JAK2,,PhasePDB,False,0.7608752512,0.9819680822,0.0,0.633,0.6483239,Yes,0.72922343,0.831656441717791,0.55439671790816,0.290552293976951,4.9079754601227e-05,0.272441717791411,0.061015526647083,0.173791411042944,0.81879754601227,0.633,0.717166006565094
O60733,85/88 kDa calcium-independent phospholipase A2,PLA2G6 PLPLA9,,PhasePDB,True,0.5664662817,0.399266885,0.0,0.3,0.095477454,Yes,0.07689765,0.675533742331288,0.79714299836884,0.184714068275712,4.9079754601227e-05,4.9079754601227e-05,0.904825849769198,0.301398773006135,0.289766871165644,0.3,0.0843325778841972
O60812,Heterogeneous nuclear ribonucleoprotein C-like 1,HNRNPCL1 HNRPCL1,,PhasePDB,False,0.8494362617000001,0.9489442987,0.006666667,0.615,0.7656275,No,0.90684265,0.975754601226993,0.730858583362167,0.867253750815394,0.87283435582822,0.963141104294478,,0.98120245398773,0.950625766871165,0.615,0.765566229820251
O60934,Nibrin,NBN NBS NBS1 P95,,PhasePDB,False,0.7869967397000001,0.81307423,0.0,0.824,0.6787185,Yes,0.5243273,0.821055214723926,0.893282586130196,0.418188736681887,4.9079754601227e-05,0.213791411042944,0.812924884599244,0.964760736196319,0.969963190184049,0.824,0.567648231983184
O75128,Protein cordon-bleu,COBL KIAA0633,,PhasePDB,False,0.7433801453000001,0.5547893001,0.0025,0.789,0.16612756,Yes,0.66280156,0.922993865030674,0.880381592605407,0.880789302022178,0.878085889570552,0.729668711656441,0.008308854385228,0.946355828220858,0.738993865030674,0.789,0.208858639001846
O75151,Lysine-specific demethylase PHF2,PHF2 CENP-35 KIAA0662,,PhasePDB,False,0.8529286971000001,0.5948011995,0.0125,0.688,0.45025644,Yes,0.6791532,0.906748466257668,0.927092086402056,0.79560774081322,0.915337423312883,0.849423312883435,,0.96480981595092,0.85560736196319,0.688,0.416274607181549
O75157,TSC22 domain family protein 2,TSC22D2 KIAA0669 TILZ4,TWN body,PhasePDB,False,0.4976445827,0.3121962173,0.008333333,0.705,0.09358152,Yes,0.84644896,0.62841717791411,0.987346151945034,0.777288540987171,0.886134969325153,0.956368098159509,0.328157784305497,0.93320245398773,0.89722699386503,0.705,0.139474317431449
O75312,Zinc finger protein ZPR1,ZPR1 ZNF259,Transcriptional condensate,PhasePDB,False,0.7728969566,0.5922844768000001,0.000833333,0.572,0.23131344,Yes,0.06707569,0.447509202453987,0.49097919035144,0.390302239617308,0.77163190184049,0.568049079754601,0.679983214435585,0.107877300613496,0.386355828220858,0.572,0.063443049788475
O75340,Programmed cell death protein 6,PDCD6 ALG2,,PhasePDB,False,0.5961696976,0.2587704596,0.0025,0.706,0.8165108,No,0.97534776,0.706257668711656,0.64154021056794,0.109969558599695,4.9079754601227e-05,0.57280981595092,0.346789760805707,0.861546012269938,0.859092024539877,0.706,0.816905617713928
O75445,Usherin,USH2A,,PhasePDB,True,0.1711297,0.0767009046,,0.607,0.1819633,No,0.6192894,0.952343558282208,0.905985863279126,0.907914764079147,4.9079754601227e-05,0.208539877300613,,0.805742331288343,0.424343558282208,0.607,
O75475,PC4 and SFRS1-interacting protein,PSIP1 DFS70 LEDGF PSIP2,,PhasePDB,False,0.9225550982,0.9483929984,0.010833333,0.828,0.9238836,Yes,0.91949975,0.980760736196319,0.537047105926548,0.450695803435529,0.91842944785276,0.915484662576687,0.37943768359211,0.97482208588957,0.950184049079754,0.828,0.903222918510437
O75533,Splicing factor 3B subunit 1,SF3B1 SAP155,,PhasePDB,False,0.8432309089000001,0.8821935238,0.0025,0.862,0.99606884,Yes,0.9821816,0.80922699386503,0.636893875735257,0.959175907806044,0.835975460122699,0.240441717791411,0.685270667226185,0.909153374233128,0.988662576687116,0.862,0.996513962745666
O75581,Low-density lipoprotein receptor-related protein 6,LRP6,Wnt signalodroplet,PhasePDB,True,0.3626361058,0.1679332333,0.0,0.632,0.56313956,Yes,0.92131233,0.836368098159509,0.886906233008748,0.940204392259186,0.579484662576687,0.462576687116564,,0.816736196319018,0.690355828220859,0.632,0.54847776889801
O75920,Small EDRK-rich factor 1,SERF1A FAM2A SERF1 SMAM1,Nucleolus,PhasePDB,False,0.139514737,0.2736034448,0.001666667,0.164,0.011439031,Yes,0.114188,0.336736196319018,0.607038702980574,,0.942233128834355,0.934723926380368,0.729332773814519,0.811042944785276,0.571190184049079,0.164,0.0301218833774328
O75928,E3 SUMO-protein ligase PIAS2,PIAS2 PIASX,PML nuclear body,LLPSDB+PhasePDB,False,0.6491340445,0.8629015480000001,0.0,0.882,0.8952095,Yes,0.9176907,0.233668711656441,0.539567989718748,0.494292237442922,4.9079754601227e-05,0.792343558282208,0.070163659253042,0.023411042944785,0.381644171779141,0.882,0.977701961994171
O75940,Survival of motor neuron-related-splicing factor 30,SMNDC1 SMNR SPF30,Nuclear speckle,PhasePDB,False,0.8210458423,0.9158994045,0.004166667,0.603,0.9553582,No,0.840826,0.698650306748466,0.660422124462458,0.552728854098717,0.904392638036809,0.700073619631901,0.683927822073017,0.967950920245398,0.974773006134969,0.603,0.918878555297851
O75970,Multiple PDZ domain protein,MPDZ MUPP1,,PhasePDB,False,0.8041084423,0.5178021082,0.001666667,0.773,0.35254002,Yes,0.90185314,0.973938650306748,0.720775048193366,0.714231354642313,4.9079754601227e-05,0.363239263803681,,0.488785276073619,0.681128834355828,0.773,0.351787745952606
O94822,E3 ubiquitin-protein ligase listerin,LTN1 C21orf10 C21orf98 KIAA0714 RNF160 ZNF294,,PhasePDB,False,0.308313349,0.3423752388,0.0,0.514,0.4954628,Yes,0.3515549,0.509300613496932,0.360980673224259,0.473853011524244,0.514944785276073,0.442061349693251,0.672513638271086,0.076711656441717,0.0680245398773,0.514,0.944131731986999
O94829,Importin-13,IPO13 KIAA0724 RANBP13,,PhasePDB,False,0.3284568318,0.3087610633,0.0,0.372,0.44224533,No,0.23687428,0.228368098159509,0.407048588799367,0.080995868667101,4.9079754601227e-05,0.550331288343558,,0.219092024539877,0.074552147239263,0.372,0.376778781414032
O94832,Unconventional myosin-Id,MYO1D KIAA0727,p62 cluster,PhasePDB,False,0.9084868095,0.6619042581,0.0,0.69,0.9902994,No,0.93412775,0.849865030674846,0.679205180169047,0.248641008914981,4.9079754601227e-05,4.9079754601227e-05,0.251028115820394,0.820858895705521,0.85963190184049,0.69,0.996827006340026
O94844,Rho-related BTB domain-containing protein 1,RHOBTB1 KIAA0740,,PhasePDB,False,0.6378625144,0.756994931,0.0,0.181,0.035448365,Yes,0.2530065,0.399460122699386,0.47407444021551,0.444933681235051,4.9079754601227e-05,0.523141104294478,0.657574485942089,0.024343558282208,0.260368098159509,0.181,0.0200548451393842
O94855,Protein transport protein Sec24D,SEC24D KIAA0755,Sec body,PhasePDB,False,0.7539173791,0.2696946293,0.0075,0.73,0.8164774,Yes,0.9623761,0.713865030674846,0.993673075972517,0.962056968906284,0.812122699386503,0.543705521472392,0.480234997901804,0.955141104294478,0.831852760736196,0.73,0.806736469268798
O94953,Lysine-specific demethylase 4B,KDM4B JHDM3B JMJD2B KIAA0876,,PhasePDB,False,0.6665213899,0.2365676865,0.000833333,0.573,0.10307592,Yes,0.5078044,0.751558282208589,0.347783105135682,0.68020221787345,0.761423312883435,0.556515337423312,0.674192194712547,0.200147239263803,0.633423312883435,0.573,0.120944246649742
O94979,Protein transport protein Sec31A,SEC31A KIAA0905 SEC31L1,,PhasePDB,False,0.6574575315,0.3822582003,0.005833333,0.924,0.93811876,Yes,0.9558031,0.786699386503067,0.990756759428599,0.902804957599478,4.9079754601227e-05,0.643484662576687,0.962064624422996,0.980662576687116,0.94282208588957,0.924,0.93924856185913
O94992,Protein HEXIM1,HEXIM1 CLP1 EDG1 HIS1 MAQ1,Elongation complex,PhasePDB,False,0.5092330899,0.8505684785000001,0.009166667,0.838,0.9811986,Yes,0.23858671,0.90763190184049,0.544758044585042,0.811698195259839,0.960588957055214,0.932613496932515,0.786151909357952,0.976441717791411,0.930944785276073,0.838,0.990203082561492
O95049,Tight junction protein ZO-3,TJP3 ZO3,,PhasePDB,False,0.8942560285000001,0.4776303197,,0.651,0.96702987,Yes,0.93251145,0.962944785276073,0.64396223617221,0.93677973472494,0.700220858895705,0.689668711656441,0.911875786823331,0.992490797546012,0.896687116564417,0.651,0.989895820617675
O95104,SR-related and CTD-associated factor 4,SCAF4 KIAA1172 SFRS15,,PhasePDB,False,0.8987021053,0.9187762002,,0.838,0.9787955,Yes,0.9720528,0.873766871165644,0.998665414462952,0.984072624483583,0.811435582822085,0.97403680981595,0.569450272765421,0.94120245398773,0.9240245398773,0.838,0.981259524822235
O95478,Ribosome biogenesis protein NSA2 homolog,NSA2 TINP1,,PhasePDB,False,0.9343730144,0.9502593348,0.000833333,0.558,0.1494435,No,0.93598485,0.889717791411042,0.118580396421333,0.197271145901282,0.793374233128834,0.396466257668711,0.596558959295006,0.138503067484662,0.622184049079754,0.558,0.0856797769665718
O95486,Protein transport protein Sec24A,SEC24A,,PhasePDB,False,0.4362365884,0.1801279788,0.001666667,0.735,0.76794916,Yes,0.9575712,0.608638036809816,0.979042064158964,0.865242444009567,0.545276073619631,0.486085889570552,0.921443558539655,0.886233128834355,0.795926380368098,0.735,0.763163030147552
O95696,Bromodomain-containing protein 1,BRD1 BRL BRPF2,,PhasePDB,False,0.7258977986,0.5095801106,,0.799,0.38902813,Yes,0.84810066,0.715680981595092,0.667539913993376,0.733257229832572,4.9079754601227e-05,0.614527607361963,0.962400335711288,0.971435582822085,0.967803680981595,0.799,0.331538707017898
O95793,Double-stranded RNA-binding protein Staufen homolog 1,STAU1 STAU,,PhasePDB,False,0.8997748123,0.9696380708,,0.962,0.7992795,Yes,0.9608121,0.854920245398773,0.939350501705303,0.737388562731028,4.9079754601227e-05,0.791361963190184,0.216030214015946,0.861055214723926,0.830871165644171,0.962,0.888656914234161
O95816,BAG family molecular chaperone regulator 2,BAG2,BAG2 condensate,PhasePDB,False,0.6223319527,0.7830547671,0.0,0.634,0.44291955,No,0.091988645,0.269398773006134,0.120063269240274,0.005327245053272,4.9079754601227e-05,4.9079754601227e-05,0.241628199748216,0.81040490797546,0.819337423312883,0.634,0.469737589359283
O95886,Disks large-associated protein 3,DLGAP3 DAP3,Postsynaptic density,PhasePDB,False,0.60588533,0.3406748041,0.005,0.588,0.044985987,Yes,0.7909354,0.977668711656441,0.839306015520735,0.96988475755599,0.640196319018404,0.895067484662576,,0.856098159509202,0.62041717791411,0.588,0.0407937578856945
O95931,Chromobox protein homolog 7,CBX7,Nuclear body,PhasePDB,False,0.5658833835,0.3060548211,0.0,0.387,0.087526895,Yes,0.6264333,0.423411042944785,0.040383569769166,0.598010437051532,0.850748466257668,0.666993865030674,0.789760805707092,0.676957055214723,0.838085889570552,0.387,0.96161013841629
O95999,B-cell lymphoma/leukemia 10,BCL10 CIPER CLAP,,PhasePDB,False,0.3275793587,0.6971288412000001,0.0,0.582,0.77526224,No,0.11036598,0.250453987730061,0.334980969798823,0.737388562731028,0.78041717791411,0.766773006134969,0.329332773814519,0.889030674846625,0.991312883435582,0.582,0.760704457759857
P00492,Hypoxanthine-guanine phosphoribosyltransferase,HPRT1 HPRT,,PhasePDB,False,0.8350420472000001,0.5138156061,0.0,0.445,0.99592113,No,0.027896836,0.545030674846625,0.05239483960259,0.184714068275712,4.9079754601227e-05,4.9079754601227e-05,0.746537977339488,0.860957055214723,0.595239263803681,0.445,0.996600925922393
P01116,GTPase KRas,KRAS KRAS2 RASK2,,PhasePDB,False,0.9020194888,0.7344028368000001,0.0,0.715,0.9968378,No,0.98186815,0.338503067484662,0.039394987889871,0.210534898891063,4.9079754601227e-05,0.381546012269938,,0.868760736196319,0.944147239263803,0.715,0.997469425201416
P01215,Glycoprotein hormones alpha chain,CGA,,PhasePDB,False,0.2080540418,0.0699378393,0.0,0.028,0.031472288,No,0.077677146,0.015460122699386,0.277692649893727,,4.9079754601227e-05,4.9079754601227e-05,,0.25521472392638,0.260171779141104,0.028,0.0314722880721092
P01857,Immunoglobulin heavy constant gamma 1,IGHG1,,PhasePDB,True,0.5233330433,0.3389780551,,0.688,0.37336266,No,0.8466357,0.41320245398773,0.602194651772033,0.561154598825831,4.9079754601227e-05,0.36961963190184,,0.788466257668711,0.80760736196319,0.688,0.98456871509552
P02649,Apolipoprotein E,APOE,,PhasePDB,False,0.3643757812,0.2984581402,0.0,0.685,0.9576422,No,0.6100057,0.220858895705521,0.10647026839998,0.004566210045662,4.9079754601227e-05,0.550184049079754,0.841124632815778,0.441570552147239,0.75882208588957,0.685,0.988059818744659
P02745,Complement C1q subcomponent subunit A,C1QA,,PhasePDB,False,0.2925887575,0.1018880037,0.0025,0.449,0.9173892,No,0.21116175,0.989104294478527,0.90277297217142,0.714231354642313,0.587484662576687,0.562601226993865,0.761477129668485,0.692564417177914,0.396564417177914,0.449,0.985885918140411
P02768,Albumin,ALB,,PhasePDB,False,0.8235445355000001,0.8285436342,0.0,0.678,0.9943918,No,0.31725273,0.197889570552147,0.029113736345212,0.210534898891063,4.9079754601227e-05,4.9079754601227e-05,0.840453210239194,0.839116564417178,0.967361963190184,0.678,0.994957566261291
P02787,Serotransferrin,TF,,PhasePDB,False,0.7787318173000001,0.5408211852,0.0,0.573,0.8527423,No,0.10721323,0.800736196319018,0.327220602046364,0.453305066318764,4.9079754601227e-05,0.259239263803681,0.570709190096517,0.873030674846625,0.90920245398773,0.573,0.890884101390838
P02792,Ferritin light chain,FTL,,PhasePDB,False,0.7372418369,0.6426948876,0.0,0.274,0.9503225,No,0.8435962,0.439705521472392,0.092036972962285,0.229669493368123,4.9079754601227e-05,0.500073619631901,0.089970625262274,0.129766871165644,0.961668711656441,0.274,0.985772311687469
P04049,RAF proto-oncogene serine/threonine-protein kinase,RAF1 RAF,,PhasePDB,False,0.643071073,0.9702516388,0.000833333,0.792,0.98795176,Yes,0.8896471,0.55641717791411,0.79714299836884,0.729778212654924,4.9079754601227e-05,0.277546012269938,0.972052035249685,0.888932515337423,0.961815950920245,0.792,0.991667926311492
P04626,Receptor tyrosine-protein kinase erbB-2,ERBB2 HER2 MLN19 NEU NGL,,PhasePDB,True,0.392907963,0.9582996305,0.000833333,0.722,0.97369987,Yes,0.57638264,0.700368098159509,0.711334091246107,0.870352250489236,0.690748466257668,0.519411042944785,0.688292068820814,0.881079754601227,0.755533742331288,0.722,0.986435115337371
P05412,Transcription factor Jun,JUN,Stress granule,PhasePDB,False,0.5316857381,0.9389504502,0.005,0.871,0.77190864,Yes,0.9376919,0.42920245398773,0.97879491868914,0.816644922809306,4.9079754601227e-05,0.867239263803681,0.404951741502308,0.966723926380368,0.954208588957055,0.871,0.746572732925415
P05556,Integrin beta-1,ITGB1 FNRB MDF2 MSK12,,PhasePDB,True,0.6429573146,0.4607566586,0.000833333,0.77,0.3943021,No,0.8566749,0.869300613496932,0.542336018980772,0.872907153729071,4.9079754601227e-05,0.316515337423312,0.422324800671422,0.16721472392638,0.832,0.77,0.420895516872406
P06239,Tyrosine-protein kinase Lck,LCK,,PhasePDB,False,0.5954621381,0.9208652723,0.0,0.809,0.9868406,Yes,0.9720219,0.68161963190184,0.412485789135485,0.414818438791041,4.9079754601227e-05,4.9079754601227e-05,0.717582878724297,0.904441717791411,0.967165644171779,0.809,0.988356411457061
P06400,Retinoblastoma-associated protein,RB1,Transcriptional condensate,PhasePDB,False,0.5456932290000001,0.809695214,0.000833333,0.795,0.8482164,Yes,0.43748856,0.469349693251533,0.648707429192822,0.411339421613394,0.721865030674846,0.293987730061349,0.344859420898027,0.837055214723926,0.967263803680981,0.795,0.883476138114929
P06454,Prothymosin alpha,PTMA TMSA,,PhasePDB,False,0.74126187,0.7576743729000001,0.001666667,0.704,0.9022521,No,0.97937036,0.954306748466257,0.001482872818941,,0.960638036809816,0.995435582822085,0.83256399496433,0.908319018404908,0.890993865030674,0.704,0.902252078056335
P06703,Protein S100-A6,S100A6 CACY,,PhasePDB,False,0.6923288436,0.3758952586,,0.324,0.6599854,No,0.9414174,0.20721472392638,0.003163462013741,,0.960638036809816,0.796907975460122,0.818044481745698,0.763337423312883,0.701104294478527,0.324,0.659985423088073
P06744,Glucose-6-phosphate isomerase,GPI,,PhasePDB,False,0.6113819620000001,0.425401022,0.0,0.698,0.98469466,No,0.7416242,0.775852760736196,0.779496811823439,0.7205914329202,4.9079754601227e-05,4.9079754601227e-05,0.600167855644146,0.900613496932515,0.955386503067484,0.698,0.985243797302246
P06746,DNA polymerase beta,POLB,,PhasePDB,False,0.9385482943,0.970015776,0.0,0.464,0.77274096,No,0.830773,0.819582822085889,0.096139587761356,0.181996086105675,4.9079754601227e-05,4.9079754601227e-05,0.543348720100713,0.735263803680981,0.881472392638036,0.464,0.76216185092926
P06858,Lipoprotein lipase,LPL LIPD,,PhasePDB,False,0.3974065597,0.2950831591,0.000833333,0.268,0.1412183,No,0.07607458,0.686773006134969,0.396025900845237,0.76766688410524,4.9079754601227e-05,0.302134969325153,0.750146873688627,0.095950920245398,0.469153374233128,0.268,0.0794203579425811
P07237,Protein disulfide-isomerase,P4HB ERBA2L PDI PDIA1 PO4DB,Stress granule,PhasePDB,False,0.7159795735000001,0.9736958474,0.000833333,0.825,0.63787234,Yes,0.9792954,0.723582822085889,0.09376699125105,0.351924331376386,0.680196319018404,0.558184049079754,0.794292908099034,0.879460122699386,0.994159509202454,0.825,0.991742134094238
P07305,Histone H1.0,H1-0 H1F0 H1FV,,PhasePDB,False,0.936493169,0.9683402796,0.0025,0.869,0.98674214,Yes,0.98450524,0.789889570552147,0.283376995699668,0.226081756903674,0.960638036809816,0.989055214723926,0.797314309693663,0.948613496932515,0.989055214723926,0.869,0.990189433097839
P07320,Gamma-crystallin D,CRYGD CRYG4,Nucleus.Cytoplasm.,LLPSDB+PhasePDB,False,0.3442239908,0.1530908167,0.000833333,0.722,0.82664096,No,0.9851467,0.515975460122699,0.681034056645741,0.405033702978908,4.9079754601227e-05,4.9079754601227e-05,0.108182962652119,0.311950920245398,0.347975460122699,0.722,0.981854081153869
P07900,Heat shock protein HSP 90-alpha,HSP90AA1 HSP90A HSPC1 HSPCA,P-body; Stress granule,PhasePDB,False,0.9386904646,0.9762259865,0.0,0.832,0.9835676,Yes,0.98526275,0.826110429447852,0.307251248084622,0.51250271798217,0.607067484662576,0.704490797546012,0.15996642887117,0.951067484662576,0.991361963190184,0.832,0.986158967018127
P08047,Transcription factor Sp1,SP1 TSFP1,,PhasePDB,False,0.6758562221000001,0.6374428349,0.01,0.868,0.8859314,Yes,0.86485845,0.98120245398773,0.991943057683752,0.969558599695586,0.693840490797546,0.935411042944785,0.535795216114141,0.996319018404908,0.964613496932515,0.868,0.987128257751464
P08172,Muscarinic acetylcholine receptor M2,CHRM2,,PhasePDB,True,0.2188307225,0.1227573668,0.000833333,0.262,0.05264176,Yes,0.18099809,0.261006134969325,0.57140032623202,0.306534029136768,4.9079754601227e-05,0.48961963190184,,0.762944785276073,0.514944785276073,0.262,0.0555135421454906
P08237,"ATP-dependent 6-phosphofructokinase, muscle type",PFKM PFKX,,PhasePDB,False,0.7664869311,0.9634426266,0.0,0.614,0.9802729,No,0.3787205,0.946061349693251,0.64154021056794,0.526255707762557,4.9079754601227e-05,0.226699386503067,0.678556441460344,0.800245398773006,0.752049079754601,0.614,0.942889511585235
P08238,Heat shock protein HSP 90-beta,HSP90AB1 HSP90B HSPC2 HSPC3 HSPCB,,PhasePDB,False,0.9294503277,0.9841407165,0.0,0.833,0.9937829,Yes,0.98520875,0.832981595092024,0.340269882853047,0.441345944770602,0.60480981595092,0.784392638036809,0.880654637012169,0.979141104294478,0.99803680981595,0.833,0.993976593017578
P08865,Small ribosomal subunit protein uS2,RPSA LAMBR LAMR1,,PhasePDB,False,0.4794916461,0.8550980684,0.0,0.78,0.9346072,Yes,0.9803185,0.142380368098159,0.39301072611339,0.420254403131115,0.822184049079754,0.477251533742331,0.146370121695342,0.763582822085889,0.801570552147239,0.78,0.95581567287445
P09016,Homeobox protein Hox-D4,HOXD4 HOX4B,,PhasePDB,False,0.6301702282,0.2626629202,0.003333333,0.549,0.7002396,Yes,0.908483,0.89163190184049,0.951856062478374,0.989780387040661,0.883877300613496,0.934920245398773,0.769618128409567,0.962895705521472,0.867141104294478,0.549,0.628884732723236
P09017,Homeobox protein Hox-C4,HOXC4 HOX3E,,PhasePDB,False,0.4187239537,0.347288373,0.000833333,0.488,0.04757602,Yes,0.9363576,0.285055214723926,0.897879491868914,0.772776690584909,0.888638036809815,0.890944785276073,0.114813260595887,0.682453987730061,0.458159509202453,0.488,0.0198574773967266
P09038,Fibroblast growth factor 2,FGF2 FGFB,,PhasePDB,False,0.7184468841,0.3962279779,0.0175,0.736,0.7151333,Yes,0.12197748,0.991116564417177,0.736345212792249,0.753533376821048,0.775018404907975,0.96961963190184,0.952832563994964,0.981938650306748,0.873177914110429,0.736,0.853105723857879
P09429,High mobility group protein B1,HMGB1 HMG1,Nucleolus,PhasePDB,False,0.8840588407000001,0.9876459455,0.004166667,0.776,0.96515054,Yes,0.9875415,0.913570552147239,0.023429390539271,0.465101108936725,0.960638036809816,0.932907975460122,0.138480906420478,0.970503067484662,0.923877300613496,0.776,0.990291714668274
P0C0S8,Histone H2A type 1,H2AC11 H2AFP HIST1H2AG,,PhasePDB,False,0.8741115694,0.8982182265,0.0,0.685,0.9438608,No,0.9868361,0.80721472392638,0.205031881765607,,0.905815950920245,0.822380368098159,,0.065374233128834,0.967705521472392,0.685,0.987556457519531
P0DJD4,"RNA-binding motif protein, Y chromosome, family 1 member C",RBMY1C,,PhasePDB,False,0.7734361858000001,0.9287355993,,0.697,0.12706459,Yes,0.96465856,0.99082208588957,0.877662992437348,0.986138290932811,0.916711656441717,0.796220858895705,,0.839558282208589,0.643288343558282,0.697,0.222404554486274
P0DN86,Choriogonadotropin subunit beta 3,CGB3 CGB,,PhasePDB,False,0.0450703778,0.0640623133,0.0,0.117,0.067175284,Yes,0.11164597,0.048098159509202,0.162275715486135,0.642367906066536,0.850601226993865,0.823558282208589,0.077129668485102,0.685889570552147,0.602159509202454,0.117,0.068667247891426
P10276,Retinoic acid receptor alpha,RARA NR1B1,Nucleus; Cytoplasm.,LLPSDB+PhasePDB,False,0.760530303,0.9399569593,0.0075,0.907,0.97868794,Yes,0.9358914,0.459533742331288,0.905392714151549,0.854696673189823,0.701546012269938,0.769521472392638,0.027612253462022,0.692760736196319,0.491484662576687,0.907,0.978687942028045
P10644,cAMP-dependent protein kinase type I-alpha regulatory subunit,PRKAR1A PKR1 PRKAR1 TSE1,Stress granule,PhasePDB,False,0.7956409421,0.7192995286,,0.822,0.96238583,No,0.9679708,0.630282208588957,0.137610597597746,0.471135029354207,0.518674846625766,4.9079754601227e-05,0.553168275283256,0.968147239263803,0.982920245398773,0.822,0.996790409088134
P10747,T-cell-specific surface glycoprotein CD28,CD28,,PhasePDB,True,0.08681307,0.1246023925,0.0,0.048,0.08280896,No,0.07588824,0.280098159509202,0.631950966338787,0.339802130898021,4.9079754601227e-05,4.9079754601227e-05,,0.741349693251533,0.53521472392638,0.048,0.0775647833943367
P10909,Clusterin,CLU APOJ CLI KUB1,,PhasePDB,False,0.3581519658,0.5925264595,0.0,0.71,0.5215169,Yes,0.123432666,0.328883435582822,0.465720923335475,0.558545335942596,0.517055214723926,0.417766871165644,,0.79440490797546,0.900368098159509,0.71,0.461136400699615
P10914,Interferon regulatory factor 1,IRF1,Cajal body; PML nuclear body,PhasePDB,False,0.4412174869,0.4727315474,0.004166667,0.424,0.19173059,Yes,0.5367373,0.35121472392638,0.182294498541841,0.613068058273537,4.9079754601227e-05,0.63361963190184,0.401846412085606,0.67042944785276,0.681030674846625,0.424,0.370798170566558
P11142,Heat shock cognate 71 kDa protein,HSPA8 HSC70 HSP73 HSPA10,Anisosome; Nuclear stress body,PhasePDB,False,0.9370910658,0.9829675097,0.000833333,0.921,0.9992727,Yes,0.98595864,0.95283435582822,0.451485344273639,0.529354207436399,0.638674846625766,0.630331288343558,0.978766261015526,0.952,0.987582822085889,0.921,0.999332785606384
P11362,Fibroblast growth factor receptor 1,FGFR1 BFGFR CEK FGFBR FLG FLT2 HBGFR,,PhasePDB,True,0.6645710642,0.9266439739,0.0,0.76,0.47035217,Yes,0.92361313,0.583411042944785,0.304928080668281,0.62138508371385,0.594895705521472,0.403092024539877,0.79026437263953,0.79322699386503,0.761815950920245,0.76,0.962527453899383
P11388,DNA topoisomerase 2-alpha,TOP2A TOP2,,PhasePDB,False,0.9056084683,0.9745895349,0.0,0.826,0.8782609,Yes,0.93819976,0.967509202453987,0.829271909445899,0.813437703848662,0.831852760736196,0.604957055214723,0.827780109106168,0.997644171779141,0.957055214723926,0.826,0.888587474822998
P12081,"Histidine--tRNA ligase, cytoplasmic",HARS1 HARS HRS,Stress granule,PhasePDB,False,0.8674482924,0.8150992199,,0.588,0.67381513,No,0.16338421,0.788171779141104,0.191092877267559,0.447869101978691,0.52603680981595,0.321668711656441,0.010658833403273,0.71082208588957,0.837546012269938,0.588,0.677419543266296
P12643,Bone morphogenetic protein 2,BMP2 BMP2A,,PhasePDB,False,0.377832891,0.4059436301,0.0,0.103,0.001018781,Yes,0.21118537,0.435042944785276,0.324057140032623,0.598010437051532,4.9079754601227e-05,0.42880981595092,0.938396978598405,0.194699386503067,0.082601226993865,0.103,0.0009342087432742
P12931,Proto-oncogene tyrosine-protein kinase Src,SRC SRC1,,PhasePDB,False,0.7338304280000001,0.9389473183,0.000833333,0.858,0.9962689,Yes,0.97777516,0.730453987730061,0.821560970787405,0.558545335942596,0.694380368098159,0.217374233128834,0.232731850608476,0.88603680981595,0.975312883435582,0.858,0.995375514030456
P12956,X-ray repair cross-complementing protein 6,XRCC6 G22P1,,PhasePDB,False,0.8854161153000001,0.9522620481,0.0,0.862,0.5881804,Yes,0.1347334,0.758134969325153,0.465720923335475,0.506577516851489,0.614478527607362,0.601030674846625,0.563491397398237,0.973644171779141,0.993521472392638,0.862,0.643170773983001
P13010,X-ray repair cross-complementing protein 5,XRCC5 G22P2,,PhasePDB,False,0.8744125210000001,0.9751488388,0.0,0.853,0.2895847,Yes,0.10773625,0.727361963190184,0.329692056744599,0.414818438791041,0.581546012269938,0.217717791411042,0.343180864456567,0.888098159509202,0.905815950920245,0.853,0.219675615429878
P13501,C-C motif chemokine 5,CCL5 D17S136E SCYA5,,PhasePDB,False,0.3357503729,0.5054897625,,0.199,0.009245547,No,0.46918538,0.008147239263803,0.170382086896347,,0.857423312883435,0.814723926380368,,0.331877300613496,0.062233128834355,0.199,0.0092455465346574
P13569,Cystic fibrosis transmembrane conductance regulator,CFTR ABCC7,,PhasePDB,True,0.2546825181,0.4120775603,0.0,0.663,0.021911938,Yes,0.09145178,0.711067484662576,0.626464336908704,0.332952815829528,0.539533742331288,0.302723926380368,,0.719312883435582,0.505570552147239,0.663,0.022392014041543
P13639,Elongation factor 2,EEF2 EF2,,PhasePDB,False,0.8826857143,0.978370578,0.0,0.866,0.9977579,No,0.9833717,0.838969325153374,0.590529385596362,0.558545335942596,4.9079754601227e-05,0.25840490797546,0.630297943768359,0.876220858895705,0.884662576687116,0.866,0.998541474342346
P14618,Pyruvate kinase PKM,PKM OIP3 PK2 PK3 PKM2,,PhasePDB,False,0.9227336525,0.9600651832,0.0,0.926,0.9939307,No,0.85582775,0.679165644171779,0.208936780188819,0.273809523809523,4.9079754601227e-05,4.9079754601227e-05,0.391607217792698,0.881030674846625,0.851435582822085,0.926,0.993378460407257
P14653,Homeobox protein Hox-B1,HOXB1 HOX2I,,PhasePDB,False,0.4241913354,0.2747162343,0.0025,0.495,0.08840974,Yes,0.8408312,0.815312883435582,0.976768325836587,0.979941291585127,0.880196319018404,0.828564417177914,,0.869349693251533,0.701742331288343,0.495,0.0987258106470108
P14866,Heterogeneous nuclear ribonucleoprotein L,HNRNPL HNRPL,,PhasePDB,False,0.8191742279,0.87915648,0.05,0.953,0.9987928,Yes,0.98085564,0.988220858895705,0.944935989323315,0.991791693846488,0.698306748466257,0.854969325153374,0.625849769198489,0.97840490797546,0.955779141104294,0.953,0.997597217559814
P15056,Serine/threonine-protein kinase B-raf,BRAF BRAF1 RAFB1,,PhasePDB,False,0.7359772611000001,0.9456735132,0.003333333,0.883,0.9698323,Yes,0.79000854,0.792883435582822,0.80460679155751,0.748749728201783,0.586944785276073,0.699828220858895,0.90071338648762,0.913423312883435,0.949104294478527,0.883,0.98153531551361
P15172,Myoblast determination protein 1,MYOD1 BHLHC1 MYF3 MYOD,Nucleolus,PhasePDB,False,0.4395101201,0.8453776270000001,0.01,0.653,0.03436502,Yes,0.47165743,0.359361963190184,0.875389254114972,0.965101108936725,0.814184049079754,0.721570552147239,0.921863197650021,0.870527607361963,0.801865030674846,0.653,0.0241584256291389
P15502,Elastin,ELN,extracellular matrix.,LLPSDB+PhasePDB,False,0.7415272154,0.5971802919,,0.822,0.9319576,Yes,0.8499588,0.997496932515337,0.887746527606149,0.983637747336377,4.9079754601227e-05,0.996907975460122,0.377255560218212,0.82041717791411,0.378552147239263,0.822,0.945894837379455
P15529,Membrane cofactor protein,CD46 MCP MIC10,,PhasePDB,True,0.2376365743,0.1220824125,0.0,0.326,0.0045261797,Yes,0.40443537,0.355582822085889,0.534180218476595,0.640193520330506,4.9079754601227e-05,0.816343558282208,0.524129248845992,0.084466257668711,0.087705521472392,0.326,0.002218049718067
P15927,Replication protein A 32 kDa subunit,RPA2 REPA2 RPA32 RPA34,PML nuclear body; Stress granule,PhasePDB,False,0.7154774878,0.9265250685,0.005,0.831,0.988602,Yes,0.9771763,0.637889570552147,0.910137907172161,0.197271145901282,4.9079754601227e-05,0.527165644171779,0.925975660931598,0.853006134969325,0.851288343558282,0.831,0.978250801563262
P15941,Mucin-1,MUC1 PUM,,PhasePDB,True,0.5785296345000001,0.5411850709,0.001666667,0.64,0.14811698,Yes,0.8432403,0.636171779141104,0.861993969650536,0.934768427919112,0.930159509202453,0.417325153374233,,0.842650306748466,0.513276073619631,0.64,0.198781177401542
P15954,"Cytochrome c oxidase subunit 7C, mitochondrial",COX7C,Nucleolus,PhasePDB,True,0.1903205977,0.0629877918,,0.112,0.49630556,No,0.019097123,0.055067484662576,0.064010676684296,,0.960638036809816,4.9079754601227e-05,,0.712687116564417,0.583754601226993,0.112,0.496305555105209
P16402,Histone H1.3,H1-3 H1F3 HIST1H1D,,PhasePDB,False,0.9047438426,0.9613566116,0.005833333,0.855,0.99587834,Yes,0.9854333,0.936245398773006,0.110721170480945,0.357903892150467,0.960638036809816,0.994650306748466,,0.956171779141104,0.989398773006135,0.855,0.99591064453125
P17066,Heat shock 70 kDa protein 6,HSPA6 HSP70B',Anisosome,PhasePDB,False,0.9114421271,0.8727170995,0.003333333,0.914,0.9794563,Yes,0.98504305,0.888785276073619,0.616677376303692,0.595346814524896,0.603337423312883,0.537570552147239,0.978766261015526,0.897766871165644,0.942871165644171,0.914,0.985869765281677
P17096,High mobility group protein HMG-I/HMG-Y,HMGA1 HMGIY,,PhasePDB,False,0.8433374062000001,0.9373848517,0.001666667,0.77,0.9627352,No,0.96435845,0.957546012269938,0.224754090257525,,0.960638036809816,0.993668711656441,0.027108686529584,0.883386503067484,0.876368098159509,0.77,0.966636657714843
P17480,Nucleolar transcription factor 1,UBTF UBF UBF1,Nucleolus,PhasePDB,False,0.8742028162000001,0.969356861,0.005,0.763,0.8729447,Yes,0.97770566,0.917742331288343,0.380455736246354,0.405033702978908,0.882159509202454,0.861693251533742,0.968359211078472,0.968638036809816,0.945963190184049,0.763,0.824547171592712
P17661,Desmin,DES,,PhasePDB,False,0.8405844156000001,0.6034602831,0.0,0.763,0.9600462,Yes,0.94903183,0.533546012269938,0.883742770995007,0.957273320287019,4.9079754601227e-05,0.901006134969325,0.427108686529584,0.944785276073619,0.996662576687116,0.763,0.95777291059494
P17676,CCAAT/enhancer-binding protein beta,CEBPB TCF5,Transcriptional condensate,PhasePDB,False,0.5630969984,0.7051964772,0.0,0.796,0.42336145,Yes,0.47244713,0.53040490797546,0.903563837674855,0.913948684496629,4.9079754601227e-05,0.946993865030674,0.533277381451951,0.945325153374233,0.942625766871165,0.796,0.494831711053848
P17947,Transcription factor PU.1,SPI1,,PhasePDB,False,0.5753657679,0.9478914446,0.000833333,0.353,0.06919569,Yes,0.59649694,0.665325153374233,0.76669467648658,0.725646879756468,0.521423312883435,0.71401226993865,0.001174989509022,0.165251533742331,0.516957055214723,0.353,0.0908476859331131
P17948,Vascular endothelial growth factor receptor 1,FLT1 FLT FRT VEGFR1,,PhasePDB,True,0.7882259247000001,0.9377701125,0.0,0.587,0.9283825,Yes,0.47822154,0.771435582822085,0.497108398003064,0.433083278973689,4.9079754601227e-05,0.314110429447852,0.211246328157784,0.298552147239263,0.766674846625766,0.587,0.983291506767273
P18124,Large ribosomal subunit protein uL30,RPL7,Nucleolus,PhasePDB,False,0.9072536802,0.9541143088,0.0,0.745,0.9861466,No,0.98196906,0.85163190184049,0.14952300924324,0.138019134594477,0.586503067484662,0.685496932515337,0.185060847671002,0.834650306748466,0.890944785276073,0.745,0.986146628856658
P18206,Vinculin,VCL,,PhasePDB,False,0.9615661497,0.8120054829000001,0.0025,0.869,0.9901783,Yes,0.96941197,0.622233128834355,0.537047105926548,0.393074581430745,4.9079754601227e-05,0.60240490797546,0.444901384809064,0.901938650306748,0.944392638036809,0.869,0.985175609588623
P19174,"1-phosphatidylinositol 4,5-bisphosphate phosphodiesterase gamma-1",PLCG1 PLC1,,PhasePDB,False,0.6443232835,0.6332773616,0.0,0.837,0.9833962,Yes,0.772263,0.822331288343558,0.775789629776086,0.497662535333768,0.523239263803681,0.207411042944785,0.548216533780948,0.893840490797546,0.963484662576687,0.837,0.978785991668701
P19388,"DNA-directed RNA polymerases I, II, and III subunit RPABC1",POLR2E,Transcriptional condensate,PhasePDB,False,0.8560660922000001,0.9572616836,0.0,0.626,0.49976063,No,0.9638119,0.166674846625766,0.096139587761356,0.085072841922156,4.9079754601227e-05,0.381546012269938,0.287201007133864,0.032490797546012,0.811926380368098,0.626,0.457015693187713
P19525,"Interferon-induced, double-stranded RNA-activated protein kinase",EIF2AK2 PKR PRKR,,PhasePDB,False,0.8016559825,0.9745073385,0.0,0.818,0.693331,Yes,0.7302087,0.935901840490797,0.683802085907765,0.297292889758643,4.9079754601227e-05,0.66522699386503,0.318002517834662,0.962061349693251,0.936147239263803,0.818,0.690076053142547
P20592,Interferon-induced GTP-binding protein Mx2,MX2,P-body; Stress granule,PhasePDB,False,0.7933980673000001,0.587982022,0.000833333,0.382,0.8679538,Yes,0.695947,0.594650306748466,0.947654589491374,0.456240487062404,0.546061349693251,4.9079754601227e-05,,0.734920245398773,0.662871165644171,0.382,0.893664717674255
P20823,Hepatocyte nuclear factor 1-alpha,HNF1A TCF1,,PhasePDB,False,0.4013497833,0.3506336149,0.009166667,0.599,0.31741208,Yes,0.5628893,0.601030674846625,0.96020957935841,0.704772776690584,4.9079754601227e-05,0.769423312883435,0.240369282417121,0.799018404907975,0.567361963190184,0.599,0.317962646484375
P20930,Filaggrin,FLG,,PhasePDB,False,0.6881611088,0.5701324114,,0.619,0.5222683,Yes,0.9240974,0.996858895705521,0.952251495230092,0.970210915416394,0.951558282208589,0.929963190184049,0.985312631137222,0.979877300613497,0.8680245398773,0.619,
P20963,T-cell surface glycoprotein CD3 zeta chain,CD247 CD3Z T3Z TCRZ,,PhasePDB,True,0.3123967122,0.4840543155,0.000833333,0.557,0.7059225,No,0.27302536,0.685742331288343,0.560130492808066,0.018482278756251,0.914110429447852,4.9079754601227e-05,,0.910576687116564,0.86360736196319,0.557,0.705922484397888
P21333,Filamin-A,FLNA FLN FLN1,,PhasePDB,False,0.8481673836,0.9716622752,0.003333333,0.831,0.99807817,Yes,0.98309326,0.990478527607362,0.912658790964361,0.800826266579691,0.535116564417177,0.326184049079754,0.66261015526647,0.918085889570552,0.96161963190184,0.831,0.9987154006958
P21802,Fibroblast growth factor receptor 2,FGFR2 BEK KGFR KSAM,,PhasePDB,True,0.7650979889,0.9424842616,0.0,0.768,0.9132317,Yes,0.94704413,0.615950920245398,0.299243734862339,0.592411393781256,0.581398773006135,0.478625766871165,0.463533361309274,0.73403680981595,0.85163190184049,0.768,0.989517331123352
P22234,Bifunctional phosphoribosylaminoimidazole carboxylase/phosphoribosylaminoimidazole succinocarboxamide synthetase,PAICS ADE2 AIRC PAIS,Purinosome,PhasePDB,False,0.5344526962,0.5259628114,0.0,0.712,0.7921613,No,0.051035233,0.594355828220858,0.465720923335475,0.566536203522504,4.9079754601227e-05,4.9079754601227e-05,0.509357952161141,0.852122699386503,0.831312883435582,0.712,0.78430551290512
P22736,Nuclear receptor subfamily 4immunitygroup A member 1,NR4A1 GFRP1 HMR NAK1,Nuclear body,PhasePDB,False,0.4631036693,0.2270877404,0.0,0.698,0.9282864,Yes,0.645438,0.504147239263803,0.847115812367159,0.917373342030876,0.61722699386503,0.800736196319018,0.41754091481326,0.881668711656441,0.730650306748466,0.698,0.976434528827667
P23396,Small ribosomal subunit protein uS3,RPS3,DNA damage foci,PhasePDB,False,0.9326302319,0.9625649817,0.0,0.784,0.9624386,No,0.9721202,0.636907975460122,0.047649646581978,0.197271145901282,0.796073619631901,4.9079754601227e-05,0.178262694083088,0.841570552147239,0.821791411042944,0.784,0.966418147087097
P23458,Tyrosine-protein kinase JAK1,JAK1 JAK1A JAK1B,,PhasePDB,False,0.8547040909,0.9791788951,0.0,0.669,0.8829157,No,0.59592336,0.820122699386503,0.290494785230586,0.40813220265275,4.9079754601227e-05,0.292613496932515,,0.543509202453987,0.842552147239263,0.669,0.639907896518707
P23588,Eukaryotic translation initiation factor 4B,EIF4B,,PhasePDB,False,0.9071317085,0.9318044506,0.031666667,0.901,0.979263,Yes,0.9767883,0.988711656441717,0.873313232168454,0.988910632746249,0.945276073619632,0.969472392638036,0.436256819135543,0.986355828220858,0.961766871165644,0.901,0.983716785907745
P23771,Trans-acting T-cell-specific transcription factor GATA-3,GATA3,Nuclear speckle; Transcriptional condensate,PhasePDB,False,0.512077039,0.2744965944,0.000833333,0.905,0.9366573,Yes,0.90991855,0.687950920245398,0.829271909445899,0.803489889106327,4.9079754601227e-05,0.885055214723926,0.155350398657154,0.979288343558282,0.782085889570552,0.905,0.973882675170898
P25440,Bromodomain-containing protein 2,BRD2 KIAA9001 RING3,Transcriptional condensate,PhasePDB,False,0.8338386627000001,0.9366761743,0.049166667,0.753,0.7854714,Yes,0.97272563,0.800294478527607,0.628935791606939,0.880789302022178,0.884760736196319,0.951950920245398,0.935291649181703,0.952883435582822,0.974282208588957,0.753,0.778358697891235
P25685,DnaJ homolog subfamily B member 1,DNAJB1 DNAJ1 HDJ1 HSPF1,Stress granule,PhasePDB,False,0.9399953583,0.7572692576000001,0.005,0.904,0.9981949,Yes,0.984421,0.979877300613497,0.800800751322228,0.980702326592737,0.772613496932515,0.661447852760736,0.265463701216953,0.974380368098159,0.976588957055214,0.904,0.998175144195556
P25788,Proteasome subunit alpha type-3,PSMA3 HC8 PSC8,Proteasome containing foci,PhasePDB,False,0.8163365162,0.7412055817000001,0.0,0.691,0.9829348,No,0.22692029,0.616441717791411,0.701942563392813,0.345075016307893,0.72240490797546,0.402601226993865,0.619890893831305,0.878920245398773,0.657325153374233,0.691,0.991307914257049
P26368,Splicing factor U2AF 65 kDa subunit,U2AF2 U2AF65,Nuclear speckle,PhasePDB,False,0.9172914941,0.9713094244,0.005833333,0.976,0.9330634,Yes,0.98503256,0.802110429447852,0.806040235282487,0.273809523809523,0.758331288343558,0.813398773006135,0.535963071758287,0.989398773006135,0.887067484662576,0.976,0.990968108177185
P26373,Large ribosomal subunit protein eL13,RPL13 BBC1,,PhasePDB,False,0.9530228036,0.9749554168,0.000833333,0.812,0.95980835,No,0.97949183,0.433325153374233,0.1740892689437,0.20808871493803,0.787042944785276,0.687950920245398,0.242551405791019,0.863509202453987,0.962355828220858,0.812,0.959048092365264
P26651,mRNA decay activator protein ZFP36,ZFP36 G0S24 NUP475 RNF162A TIS11A TTP,P-body; Stress granule,PhasePDB,False,0.1655719123,0.9180120908,0.000833333,0.723,0.8610527,Yes,0.7678766,0.527950920245398,0.843013197568088,0.940204392259186,0.871901840490797,0.953325153374233,0.46093159882501,0.917644171779141,0.983803680981595,0.723,0.729613482952117
P27348,14-3-3 protein theta,YWHAQ,Transcriptional condensate,PhasePDB,False,0.6520089868000001,0.5065783935,0.0,0.751,0.93105507,No,0.9699108,0.217325153374233,0.162275715486135,0.076701456838443,4.9079754601227e-05,0.461546012269938,0.040956777171632,0.812122699386503,0.934233128834355,0.751,0.917686104774475
P27361,Mitogen-activated protein kinase 3,MAPK3 ERK1 PRKM3,,PhasePDB,False,0.8587512219000001,0.9789278608,0.000833333,0.744,0.8847969,Yes,0.9556091,0.450944785276073,0.688695566210271,0.654924983692106,4.9079754601227e-05,0.458208588957055,0.30960973562736,0.771975460122699,0.772957055214723,0.744,0.920860588550567
P28070,Proteasome subunit beta type-4,PSMB4 PROS26,,PhasePDB,False,0.5257334060000001,0.2261546842,0.0,0.616,0.92663604,No,0.07152339,0.594159509202454,0.604418961000444,0.552728854098717,4.9079754601227e-05,4.9079754601227e-05,0.841796055392362,0.852220858895705,0.854625766871165,0.616,0.983560442924499
P28360,Homeobox protein MSX-1,MSX1 HOX7,,PhasePDB,False,0.6000394872,0.4950372773,0.000833333,0.32,0.039081898,Yes,0.5137996,0.400539877300613,0.753299392022144,0.453305066318764,0.868319018404908,0.925987730061349,0.075702895509861,0.159656441717791,0.368981595092024,0.32,0.0331886038184165
P28702,Retinoic acid receptor RXR-beta,RXRB NR2B2,,PhasePDB,False,0.7516802912,0.3351828684,0.005,0.755,0.027506959,Yes,0.89288205,0.919656441717791,0.951411200632692,0.958904109589041,0.814331288343558,0.946699386503067,0.162987830465799,0.787975460122699,0.451730061349693,0.755,0.0800341516733169
P29317,Ephrin type-A receptor 2,EPHA2 ECK,,PhasePDB,True,0.6092959723,0.8335993825,0.0,0.795,0.83137894,No,0.9140496,0.754895705521472,0.430576837526568,0.633072407045009,4.9079754601227e-05,0.331582822085889,0.779353755770037,0.837595092024539,0.75641717791411,0.795,0.372473508119583
P29350,Tyrosine-protein phosphatase non-receptor type 6,PTPN6 HCP PTP1C,,PhasePDB,False,0.7755011325000001,0.9332561853,0.000833333,0.897,0.99354184,Yes,0.9293114,0.93683435582822,0.634323562849093,0.264840182648401,0.69163190184049,4.9079754601227e-05,0.326143516575744,0.905963190184049,0.937865030674846,0.897,0.994775295257568
P29966,Myristoylated alanine-rich C-kinase substrate,MARCKS MACS PRKCSL,,PhasePDB,False,0.8204996474,0.8327334594,0.0,0.697,0.8330835,Yes,0.941304,0.833963190184049,0.587267065394691,0.523320287018917,0.960638036809816,0.995828220858895,0.610826689047419,0.96363190184049,0.920687116564417,0.697,0.782509922981262
P30566,Adenylosuccinate lyase,ADSL AMPS,Purinosome,PhasePDB,False,0.5527389603,0.3012359259,0.0,0.555,0.684353,No,0.022991387,0.268269938650306,0.220107755424843,0.077843009349858,4.9079754601227e-05,0.265668711656441,0.170960973562736,0.22282208588957,0.45963190184049,0.555,0.666027843952179
P31151,Protein S100-A7,S100A7 PSOR1 S100A7C,Stress granule,PhasePDB,False,0.8267071328000001,0.5914769858000001,0.000833333,0.411,0.98801106,No,0.9401303,0.358233128834355,0.028866590875389,,0.960638036809816,0.635730061349693,,0.859435582822085,0.944490797546012,0.411,0.98870050907135
P31269,Homeobox protein Hox-A9,HOXA9 HOX1G,Transcriptional condensate,PhasePDB,False,0.5677618194,0.7953356696,0.001666667,0.277,0.32056358,Yes,0.84716,0.432539877300613,0.768424694775344,0.579256360078277,0.535263803680981,0.74282208588957,0.171296684851028,0.161079754601227,0.339975460122699,0.277,0.960930347442627
P31271,Homeobox protein Hox-A13,HOXA13 HOX1J,Transcriptional condensate,PhasePDB,False,0.6235527269000001,0.4304532296,0.008333333,0.391,0.25790435,Yes,0.66905314,0.539975460122699,0.935445603282091,0.951076320939334,4.9079754601227e-05,0.961668711656441,,0.943656441717791,0.427042944785276,0.391,0.983655095100402
P31431,Syndecan-4,SDC4,,PhasePDB,True,0.388778526,0.7115716514,0.0,0.207,0.02247028,No,0.067893796,0.615263803680981,0.035638376748554,0.711024135681669,4.9079754601227e-05,0.809374233128834,0.446663869072597,0.443730061349693,0.664343558282208,0.207,0.021769318729639
P31645,Sodium-dependent serotonin transporter,SLC6A4 HTT SERT,,PhasePDB,True,0.0786668072,0.0928171348,0.0,0.169,0.011828845,Yes,0.07503053,0.370748466257668,0.534180218476595,0.42286366601435,0.544294478527607,4.9079754601227e-05,0.838858581619807,0.601128834355828,0.504294478527607,0.169,0.0121556241065263
P31689,DnaJ homolog subfamily A member 1,DNAJA1 DNAJ2 HDJ2 HSJ2 HSPF4,Nucleolus; Stress granule,PhasePDB,False,0.9309750831,0.8973696051000001,0.0,0.889,0.99129736,No,0.9852276,0.97801226993865,0.3532203054718,0.459719504240052,0.736638036809816,0.652073619631901,0.443222828367603,0.950773006134969,0.983901840490797,0.889,0.994173407554626
P31943,Heterogeneous nuclear ribonucleoprotein H,HNRNPH1 HNRPH HNRPH1,Nuclear stress body,PhasePDB,False,0.8488757594,0.9417750537,,0.995,0.999819,Yes,0.9847793,0.992588957055214,0.99139933765014,0.996466623178952,4.9079754601227e-05,0.739877300613496,0.389341166596726,0.998625766871165,0.994355828220858,0.995,0.999843299388885
P33176,Kinesin-1 heavy chain,KIF5B KNS KNS1,,PhasePDB,False,0.9466948072,0.9328285834,0.000833333,0.841,0.55606127,Yes,0.98077786,0.85521472392638,0.83589540803717,0.769243313763861,0.620269938650306,0.25560736196319,0.400587494754511,0.797447852760736,0.931533742331288,0.841,0.505070328712463
P33993,DNA replication licensing factor MCM7,MCM7 CDC47 MCM2,,PhasePDB,False,0.7915719557,0.7927970038000001,0.0,0.862,0.9938445,No,0.98031497,0.528736196319018,0.669517077751964,0.370678408349641,4.9079754601227e-05,0.212171779141104,0.310868652958455,0.80323926380368,0.88201226993865,0.862,0.996989130973816
P34931,Heat shock 70 kDa protein 1-like,HSPA1L,Anisosome,PhasePDB,False,0.9219577937,0.9119392477,0.0,0.887,0.99324167,Yes,0.98571235,0.927558282208588,0.436953190648015,0.57653837790824,0.526723926380368,0.322355828220858,0.978766261015526,0.881325153374233,0.852711656441717,0.887,0.995067000389099
P35227,Polycomb group RING finger protein 2,PCGF2 MEL18 RNF110 ZNF144,Nuclear body,PhasePDB,False,0.7158515696000001,0.6536343582,0.0,0.543,0.29752985,Yes,0.8468303,0.317496932515337,0.917354554891008,0.852739726027397,0.814625766871165,0.782871165644171,0.10960973562736,0.71680981595092,0.461889570552147,0.543,0.292328298091888
P35453,Homeobox protein Hox-D13,HOXD13 HOX4I,Transcriptional condensate,PhasePDB,False,0.561003389,0.4093017392,0.005,0.512,0.9242256,Yes,0.4354258,0.793570552147239,0.877662992437348,0.836594911937377,0.745914110429447,0.902134969325153,0.28929920268569,0.569276073619632,0.439312883435582,0.512,0.975241065025329
P35568,Insulin receptor substrate 1,IRS1,,PhasePDB,False,0.6371185167,0.5955644577,0.001666667,0.88,0.8878306,Yes,0.81104344,0.975018404907975,0.946863723987939,0.967058056099152,0.672981595092024,0.872343558282208,0.099454469156525,0.973742331288343,0.965840490797546,0.88,0.829253315925598
P35579,Myosin-9,MYH9,Stress granule,PhasePDB,False,0.9489594446,0.9588095652,0.000833333,0.783,0.87321824,Yes,0.9843902,0.892220858895705,0.292966239928822,0.615677321156773,0.580220858895705,0.773987730061349,0.337054133445237,0.91842944785276,0.954944785276073,0.783,0.877551853656768
P35609,Alpha-actinin-2,ACTN2,,PhasePDB,False,0.6896124067,0.4464337384,0.0,0.757,0.9718981,Yes,0.9857017,0.560147239263803,0.724877662992437,0.202707110241356,4.9079754601227e-05,0.307435582822085,,0.859533742331288,0.843141104294478,0.757,0.986789107322692
P35638,DNA damage-inducible transcript 3 protein,DDIT3 CHOP CHOP10 GADD153,,PhasePDB,False,0.3683356173,0.3189708753,0.0,0.511,0.22608864,Yes,0.32362226,0.219877300613496,0.166230043003311,0.682267884322678,0.95921472392638,0.720883435582822,0.232312211498111,0.868858895705521,0.922699386503067,0.511,0.962543487548828
P35968,Vascular endothelial growth factor receptor 2,KDR FLK1 VEGFR2,,PhasePDB,True,0.7550936052,0.9323550167,0.0,0.692,0.8592192,Yes,0.4420609,0.79042944785276,0.332262369630764,0.51842791911285,0.605006134969325,0.27842944785276,0.114981116240033,0.11803680981595,0.584196319018404,0.692,0.958085358142852
P36406,E3 ubiquitin-protein ligase TRIM23,TRIM23 ARD1 ARFD1 RNF46,P-body,PhasePDB,False,0.4466848993,0.6605452148000001,0.0,0.613,0.006812536,Yes,0.5979389,0.416490797546012,0.034600365775295,0.200641443792128,4.9079754601227e-05,0.261251533742331,,0.251092024539877,0.472883435582822,0.613,0.0054427310824394
P36871,Phosphoglucomutase-1,PGM1,P-body,PhasePDB,False,0.8536341691,0.4827404629,0.0,0.644,0.86385787,No,0.33461034,0.912392638036809,0.602194651772033,0.62578821482931,4.9079754601227e-05,0.467680981595092,0.621233738984473,0.867288343558282,0.852368098159509,0.644,0.866599738597869
P36873,Serine/threonine-protein phosphatase PP1-gamma catalytic subunit,PPP1CC,Nuclear speckle; Nucleolus,PhasePDB,False,0.6880148668,0.9330390713,0.0,0.707,0.88754404,Yes,0.9796245,0.495852760736196,0.141367208739063,0.354696673189823,0.648343558282208,4.9079754601227e-05,,0.77241717791411,0.693742331288343,0.707,0.884564280509948
P37231,Peroxisome proliferator-activated receptor gamma,PPARG NR1C3,,PhasePDB,False,0.7113112059000001,0.7528762603,0.0,0.648,0.13054219,Yes,0.72234285,0.365693251533742,0.09114724927092,0.396281800391389,4.9079754601227e-05,0.270085889570552,0.520436424674779,0.111803680981595,0.587975460122699,0.648,0.103584334254264
P38159,"RNA-binding motif protein, X chromosome",RBMX HNRPG RBMXP1,,PhasePDB,False,0.8869362559,0.941611079,0.048333333,0.935,0.9968544,Yes,0.98274255,0.995239263803681,0.93732390885275,0.992770167427701,0.947042944785276,0.979926380368098,0.254469156525388,0.985963190184049,0.996613496932515,0.935,0.997425436973571
P38646,"Stress-70 protein, mitochondrial",HSPA9 GRP75 HSPA9B mt-HSP70,Stress granule,PhasePDB,False,0.9534323124,0.9807820243,0.008333333,0.928,0.98624516,Yes,0.982178,0.924073619631901,0.523058672334536,0.420254403131115,0.666208588957055,0.656392638036809,0.839613932018464,0.93280981595092,0.986699386503067,0.928,0.982616424560546
P40337,von Hippel-Lindau disease tumor suppressor,VHL,Amyloid body,LLPSDB+PhasePDB,False,0.5687250061,0.7435165124,0.0,0.905,0.9909358,Yes,0.07153376,0.617472392638036,0.350353418021847,0.714231354642313,0.842601226993865,0.89560736196319,0.286277801091061,0.921177914110429,0.983509202453987,0.905,0.992102444171905
P40763,Signal transducer and activator of transcription 3,STAT3 APRF,Transcriptional condensate,PhasePDB,False,0.5445089795,0.8344984485,0.0,0.833,0.9973521,Yes,0.9555349,0.522159509202454,0.648707429192822,0.326375298978038,4.9079754601227e-05,0.294773006134969,0.383634074695761,0.767312883435582,0.81482208588957,0.833,0.996635735034942
P40818,Ubiquitin carboxyl-terminal hydrolase 8,USP8 KIAA0055 UBPY,Stress granule,PhasePDB,False,0.9074047578,0.6728124781,0.0,0.847,0.6570163,Yes,0.8877993,0.884073619631901,0.838317433641441,0.839204174820613,0.781496932515337,0.586895705521472,0.735711288292068,0.991509202453987,0.981742331288343,0.847,0.679588973522186
P40967,Melanocyte protein PMEL,PMEL D12S53E PMEL17 SILV,,PhasePDB,True,0.196225374,0.0732124528,0.000833333,0.526,0.89362746,Yes,0.12667523,0.464736196319018,0.777865651722603,0.70075016307893,4.9079754601227e-05,0.520049079754601,,0.441374233128834,0.027779141104294,0.526,0.95143049955368
P41208,Centrin-2,CETN2 CALT CEN2,,PhasePDB,False,0.8398240609000001,0.8179670777,0.003333333,0.556,0.92005634,Yes,0.9846519,0.642895705521472,0.016558746478177,0.071428571428571,0.950331288343558,0.634846625766871,,0.917398773006134,0.797889570552147,0.556,0.886517643928527
P41250,Glycine--tRNA ligase,GARS1 GARS,Stress granule,PhasePDB,False,0.7804918689,0.7716244833,,0.769,0.53095704,Yes,0.10994317,0.685006134969325,0.773861895111462,0.485431615568601,4.9079754601227e-05,0.397104294478527,0.015610574905581,0.800785276073619,0.795533742331288,0.769,0.561215996742248
P42568,Protein AF-9,MLLT3 AF9 YEATS3,,PhasePDB,False,0.8092544912,0.8446411345,0.015,0.743,0.98482955,Yes,0.71389437,0.801128834355828,0.959913004794622,0.824363992172211,0.893447852760736,0.95563190184049,0.405455308434746,0.970208588957055,0.9880245398773,0.743,0.994131207466125
P42574,Caspase-3,CASP3 CPP32,Stress granule,PhasePDB,False,0.6656637009,0.5752996533,0.0,0.72,0.8249308,Yes,0.076394156,0.551361963190184,0.254114972072561,0.468525766470971,4.9079754601227e-05,4.9079754601227e-05,0.803441040704993,0.906208588957055,0.84520245398773,0.72,0.83687674999237
P42677,Small ribosomal subunit protein eS27,RPS27 MPS1,,PhasePDB,False,0.6735335316000001,0.8291002039,,0.664,0.61290437,No,0.97869176,0.078478527607361,0.062132371113637,,0.960638036809816,0.73879754601227,0.434242551405791,0.745128834355828,0.703803680981595,0.664,0.555002093315124
P43354,Nuclear receptor subfamily 4 group A member 2,NR4A2 NOT NURR1 TINUR,,PhasePDB,False,0.5040382128,0.4837626964,0.010833333,0.479,0.9564988,Yes,0.888286,0.57840490797546,0.944935989323315,0.603283322461404,4.9079754601227e-05,0.595042944785276,0.709106168694922,0.873963190184049,0.87401226993865,0.479,0.99094933271408
P43403,Tyrosine-protein kinase ZAP-70,ZAP70 SRK,,PhasePDB,False,0.6931164926000001,0.9514900006,0.0,0.657,0.8824418,Yes,0.89993805,0.577914110429447,0.665019030201176,0.663948684496629,4.9079754601227e-05,0.232490797546012,,0.883779141104294,0.956073619631901,0.657,0.846281349658966
P45984,Mitogen-activated protein kinase 9,MAPK9 JNK2 PRKM9 SAPK1A,,PhasePDB,False,0.8119754133,0.9535884203,0.0,0.66,0.24433713,Yes,0.9150331,0.280932515337423,0.44288468192378,0.326375298978038,0.762159509202454,0.473963190184049,,0.383263803680981,0.354699386503067,0.66,0.156011492013931
P46527,Cyclin-dependent kinase inhibitor 1B,CDKN1B KIP1 p27,,PhasePDB,False,0.6895382328,0.7320423438,0.0,0.857,0.8242591,Yes,0.46475425,0.622282208588957,0.370866492017201,0.739508588823657,0.960638036809816,4.9079754601227e-05,0.718170373478808,0.933938650306748,0.956858895705521,0.857,0.774592995643615
P46531,Neurogenic locus notch homolog protein 1,NOTCH1 TAN1,Transcriptional condensate,PhasePDB,True,0.1535407927,0.2245633972,0.001666667,0.743,0.03198308,Yes,0.94605476,0.952196319018405,0.992684494093223,0.955044574907588,0.563042944785276,0.577865030674846,0.208476710029374,0.905766871165644,0.862233128834355,0.743,0.0149847920984029
P46777,Large ribosomal subunit protein uL18,RPL5,Nucleolus,LLPSDB+PhasePDB,False,0.9166209993,0.9821236963,0.000833333,0.925,0.9985331,No,0.9759913,0.822576687116564,0.188769709851218,0.418188736681887,0.777521472392638,0.378895705521472,0.050440621065883,0.963484662576687,0.979239263803681,0.925,0.998403847217559
P48594,Serpin B4,SERPINB4 PI11 SCCA2,P-body,PhasePDB,False,0.424761586,0.6630814716,0.0,0.466,0.63630986,No,0.97328806,0.538208588957055,0.399041075577084,0.304142204827136,4.9079754601227e-05,0.588171779141104,,0.659828220858895,0.616343558282208,0.466,0.622611284255981
P48729,Casein kinase I isoform alpha,CSNK1A1,Centrosome; Destruction complex condensate,PhasePDB,False,0.8537418118000001,0.9361617424,0.0,0.743,0.980147,Yes,0.98373586,0.779141104294478,0.811032573772922,0.100239182430963,0.704638036809816,0.685055214723926,0.113050776332354,0.885300613496932,0.838282208588957,0.743,0.981537044048309
P49023,Paxillin,PXN,,PhasePDB,False,0.3760316103,0.3659063349,0.0075,0.894,0.9336174,Yes,0.96353066,0.811484662576687,0.867777173644407,0.892150467492933,0.852711656441717,0.754503067484662,0.970709190096517,0.964907975460122,0.976539877300613,0.894,0.96087110042572
P49146,Neuropeptide Y receptor type 2,NPY2R,,PhasePDB,True,0.0676945485,0.0647755815,0.0,0.089,0.0028923738,Yes,0.08522265,0.136687116564417,0.118580396421333,0.034898891063274,0.587533742331288,0.350085889570552,,0.270380368098159,0.174723926380368,0.089,0.0027646373491734
P49450,Histone H3-like centromeric protein A,CENPA,,PhasePDB,False,0.5680255901,0.3589584817,0.0,0.453,0.5749033,No,0.26921472,0.199460122699386,0.329692056744599,0.011306805827353,0.889668711656441,0.961472392638036,0.518925723877465,0.827141104294478,0.848245398773006,0.453,0.574903309345245
P49716,CCAAT/enhancer-binding protein delta,CEBPD,,PhasePDB,False,0.4923131238,0.4638846166,0.0,0.399,0.043860566,Yes,0.51559454,0.674650306748466,0.708961494735801,0.865242444009567,0.900564417177914,0.91160736196319,0.261267310113302,0.388907975460122,0.407361963190184,0.399,0.0438605658710002
P49721,Proteasome subunit beta type-2,PSMB2,Proteasome containing foci,PhasePDB,False,0.6834475926,0.3367768977,0.0,0.515,0.9938577,No,0.20981973,0.226355828220858,0.403736839503731,0.066155686018699,4.9079754601227e-05,0.597987730061349,0.35300041963911,0.760294478527607,0.602110429447852,0.515,0.997371971607208
P49760,Dual specificity protein kinase CLK2,CLK2,Nuclear speckle,PhasePDB,False,0.8615097533,0.9609780476,0.005833333,0.637,0.9446661,Yes,0.92480016,0.764368098159509,0.708961494735801,0.861980865405523,0.699288343558282,0.882699386503067,0.899286613512379,0.987337423312883,0.989693251533742,0.637,0.935780525207519
P49790,Nuclear pore complex protein Nup153,NUP153,Nuclear pore complex,PhasePDB,False,0.6740261040000001,0.6428108025,0.006666667,0.934,0.72980237,Yes,0.885464,0.973055214723926,0.985022984528693,0.982767993041965,0.666650306748466,0.813349693251533,0.928997062526227,0.999754601226993,0.991460122699386,0.934,0.969841182231903
P49916,DNA ligase 3,LIG3,,PhasePDB,False,0.8779069053,0.8780110276,0.0,0.853,0.7601682,Yes,0.39779612,0.857766871165644,0.587267065394691,0.661339421613394,4.9079754601227e-05,0.456736196319018,0.85841376416282,0.80760736196319,0.948907975460122,0.853,0.731853365898132
P50570,Dynamin-2,DNM2 DYN2,Stress granule,PhasePDB,False,0.8557409571,0.8629528603000001,0.005833333,0.889,0.8682748,Yes,0.98322797,0.677251533742331,0.880381592605407,0.781582952815829,0.656,0.722993865030674,0.420981955518254,0.945374233128834,0.963239263803681,0.889,0.868711113929748
P50750,Cyclin-dependent kinase 9,CDK9 CDC2L4 TAK,,PhasePDB,False,0.7522220404000001,0.945499944,0.0,0.772,0.98125327,Yes,0.9765459,0.431901840490797,0.691513024566259,0.613068058273537,4.9079754601227e-05,4.9079754601227e-05,0.998153587914393,0.826993865030674,0.86242944785276,0.772,0.978592097759246
P50914,Large ribosomal subunit protein eL14,RPL14,,PhasePDB,False,0.9741134126,0.9784834295,0.009166667,0.782,0.6294166,Yes,0.96167165,0.28441717791411,0.497108398003064,0.633072407045009,0.85521472392638,0.983411042944785,0.52211498111624,0.301153374233128,0.669055214723926,0.782,0.670971810817718
P51116,RNA-binding protein FXR2,FXR2 FMR1L2,,PhasePDB,False,0.8497861055,0.9277020649,0.0775,0.957,0.9918219,Yes,0.9513696,0.978061349693251,0.880381592605407,0.980376168732333,0.868711656441717,0.855263803680981,0.355434326479227,0.985276073619631,0.991116564417177,0.957,0.982113480567932
P51149,Ras-related protein Rab-7a,RAB7A RAB7,Stress granule,PhasePDB,False,0.7512701673000001,0.7326829628,0.0,0.746,0.8680394,No,0.97049767,0.270331288343558,0.224754090257525,0.095238095238095,4.9079754601227e-05,4.9079754601227e-05,0.978514477549307,0.814871165644171,0.848098159509202,0.746,0.880044162273407
P51991,Heterogeneous nuclear ribonucleoprotein A3,HNRNPA3 HNRPA3,Nuclear speckle; Paraspeckle; Stress granule,LLPSDB+PhasePDB,False,0.9430131725,0.9465899593,,0.994,0.99894845,Yes,0.98762554,0.999509202453987,0.996935396174188,0.999782561426397,0.821447852760736,0.983263803680981,0.183214435585396,0.999852760736196,0.994650306748466,0.994,0.998497009277343
P52597,Heterogeneous nuclear ribonucleoprotein F,HNRNPF HNRPF,,PhasePDB,False,0.8150366108,0.8976337759,0.000833333,0.952,0.9992077,Yes,0.98389935,0.972613496932515,0.962928179526469,0.81914546640574,4.9079754601227e-05,0.400490797546012,0.389341166596726,0.959312883435582,0.997742331288343,0.952,0.998841941356658
P52630,Signal transducer and activator of transcription 2,STAT2,,PhasePDB,False,0.3753091635,0.48727288,0.0,0.569,0.38876343,Yes,0.6310029,0.48760736196319,0.843013197568088,0.497662535333768,4.9079754601227e-05,0.543901840490797,0.497524129248846,0.677153374233128,0.736539877300613,0.569,0.269574105739593
P52789,Hexokinase-2,HK2,,PhasePDB,False,0.8005618550000001,0.8954238171000001,0.0,0.665,0.9259697,No,0.28637895,0.891926380368098,0.160496268103405,0.676125244618395,4.9079754601227e-05,4.9079754601227e-05,,0.624441717791411,0.816098159509202,0.665,0.919500529766082
P53567,CCAAT/enhancer-binding protein gamma,CEBPG,,PhasePDB,False,0.6294782171000001,0.6193793641,0.0025,0.313,0.4053309,No,0.8715666,0.761079754601227,0.899510651969749,0.628180039138943,0.960638036809816,0.744981595092024,0.093915232899706,0.598723926380368,0.608932515337423,0.313,0.342293888330459
P54252,Ataxin-3,ATXN3 ATX3 MJD MJD1 SCA3,,PhasePDB,False,0.474699378,0.6372010962,0.0,0.671,0.6784459,Yes,0.62991893,0.512539877300613,0.96020957935841,0.028375733855185,0.775460122699386,0.347288343558282,0.808392782207301,0.868073619631901,0.780907975460122,0.671,0.617863774299621
P54577,"Tyrosine--tRNA ligase, cytoplasmic",YARS1 YARS,Stress granule,PhasePDB,False,0.8480588306,0.9481418261,0.0,0.696,0.9648653,No,0.75789994,0.776539877300613,0.121546142059216,0.276201348119156,4.9079754601227e-05,0.535165644171779,0.701636592530423,0.900368098159509,0.933889570552147,0.696,0.948010444641113
P55210,Caspase-7,CASP7 MCH3,Stress granule,PhasePDB,False,0.8037650613,0.4747280504,0.000833333,0.568,0.7137925,Yes,0.0517995,0.607263803680981,0.22228263555929,0.23755164166123,0.700122699386503,4.9079754601227e-05,,0.813595092024539,0.826748466257668,0.568,0.737472414970398
P55316,Forkhead box protein G1,FOXG1 FKH2 FKHL1 FKHL2 FKHL3 FKHL4 FOXG1A FOXG1B FOXG1C,,PhasePDB,False,0.5711709724,0.4185924286,0.015,0.816,0.19714858,Yes,0.736402,0.936,0.986110424595917,0.941998260491411,0.685742331288343,0.959852760736196,,0.976245398773006,0.831558282208589,0.816,0.279839575290679
P56270,Myc-associated zinc finger protein,MAZ ZNF801,Transcriptional condensate,PhasePDB,False,0.6015396068000001,0.7931968374,0.004166667,0.607,0.08969151,Yes,0.674255,0.279705521472392,0.946072858484504,0.725646879756468,0.52682208588957,0.96520245398773,0.246076374318086,0.827092024539877,0.660122699386503,0.607,0.0469157733023166
P58004,Sestrin-2,SESN2 Hi95 SEST2,Stress granule,PhasePDB,False,0.2013771268,0.3204826017,0.001666667,0.109,0.025323624,Yes,0.027939256,0.393030674846625,0.523058672334536,0.722330941509023,0.537717791411042,0.322601226993865,0.154595048258497,0.085840490797546,0.251092024539877,0.109,0.033708568662405
P60709,"Actin, cytoplasmic 1",ACTB,,PhasePDB,False,0.8165860073000001,0.8670760474,0.0,0.77,0.99550927,No,0.98421335,0.410846625766871,0.396025900845237,0.587355946944988,4.9079754601227e-05,4.9079754601227e-05,,0.843092024539877,0.798576687116564,0.77,0.995035469532012
P60842,Eukaryotic initiation factor 4A-I,EIF4A1 DDX2A EIF4A,,PhasePDB,False,0.8475648108,0.9099792654,0.000833333,0.807,0.9928812,No,0.98412746,0.449963190184049,0.315258761306905,0.456240487062404,0.575754601226993,0.278871165644171,0.18749475451112,0.702969325153374,0.706895705521472,0.807,0.996809959411621
P61073,C-X-C chemokine receptor type 4,CXCR4,,PhasePDB,True,0.0584381525,0.1480987065,0.0,0.232,0.24888709,Yes,0.092421554,0.218552147239263,0.135584004745193,0.066155686018699,0.631116564417177,0.36961963190184,,0.762503067484662,0.659092024539877,0.232,0.307145565748214
P61160,Actin-related protein 2,ACTR2 ARP2,,PhasePDB,False,0.8308879219,0.6018219756000001,0.0,0.762,0.9419729,No,0.94036216,0.724122699386503,0.075774801047896,0.259947814742335,4.9079754601227e-05,0.325840490797546,0.088124213176668,0.782625766871165,0.733595092024539,0.762,0.924078106880188
P61289,Proteasome activator complex subunit 3,PSME3,,PhasePDB,False,0.6779762676000001,0.4657540512,0.000833333,0.721,0.21478264,Yes,0.050933745,0.20201226993865,0.129158222529781,0.088606218743205,4.9079754601227e-05,4.9079754601227e-05,0.373227024758707,0.811975460122699,0.905177914110429,0.721,0.247505024075508
P61328,Fibroblast growth factor 12,FGF12 FGF12B FHF1,,PhasePDB,False,0.611167484,0.3074104046,0.003333333,0.192,0.017735576,Yes,0.45179966,0.85840490797546,0.485443131827393,0.268373559469449,0.789742331288343,4.9079754601227e-05,0.042131766680654,0.388613496932515,0.657079754601227,0.192,0.0195751637220382
P62316,Small nuclear ribonucleoprotein Sm D2,SNRPD2 SNRPD1,,PhasePDB,False,0.8884248402,0.8832215059,0.001666667,0.722,0.80780745,No,0.9850021,0.516171779141104,0.061390934704166,,0.950920245398773,0.703656441717791,0.431808644565673,0.863263803680981,0.815950920245398,0.722,0.751931071281433
P62745,Rho-related GTP-binding protein RhoB,RHOB ARH6 ARHB,Postsynaptic density,PhasePDB,False,0.7129099562,0.8572992465,0.0,0.239,0.8802594,No,0.97272724,0.173595092024539,0.054470861549107,0.174113937812567,4.9079754601227e-05,4.9079754601227e-05,,0.739288343558282,0.791754601226993,0.239,0.872206509113311
P62753,Small ribosomal subunit protein eS6,RPS6,Inclusion body,PhasePDB,False,0.9259164945,0.9805080415,0.000833333,0.838,0.9762661,No,0.9837976,0.818748466257668,0.088774652760614,0.290552293976951,0.823558282208589,0.763828220858895,0.05396558959295,0.968785276073619,0.944638036809816,0.838,0.977892518043518
P62877,E3 ubiquitin-protein ligase RBX1,RBX1 RNF75 ROC1,Nuclear speckle,PhasePDB,False,0.6498301598,0.5561549298,0.0025,0.617,0.8669671,No,0.620281,0.039067484662576,0.018437052048835,,0.818895705521472,4.9079754601227e-05,0.468820814099874,0.709644171779141,0.639754601226993,0.617,0.98860627412796
P62917,Large ribosomal subunit protein uL2,RPL8,,PhasePDB,False,0.9526486863,0.9594118508,0.004166667,0.82,0.92435503,No,0.98269075,0.98321472392638,0.3532203054718,0.471135029354207,4.9079754601227e-05,0.33123926380368,0.234913973982375,0.794110429447852,0.902674846625766,0.82,0.931792914867401
P62937,Peptidyl-prolyl cis-trans isomerase A,PPIA CYPA,Nuclear speckle; Nuclear stress body,PhasePDB,False,0.7193665256,0.9486161164,0.003333333,0.812,0.9965809,No,0.9853931,0.977423312883435,0.544758044585042,0.465101108936725,4.9079754601227e-05,4.9079754601227e-05,,0.894233128834355,0.921472392638036,0.812,0.996432304382324
P62995,Transformer-2 protein homolog beta,TRA2B SFRS10,,PhasePDB,False,0.8815870962000001,0.9334335911,0.055,0.875,0.9906702,Yes,0.9798907,0.985472392638036,0.880381592605407,0.992498369210698,0.885398773006135,0.989644171779141,0.644397817876626,0.983950920245398,0.997104294478527,0.875,0.995469391345977
P63027,Vesicle-associated membrane protein 2,VAMP2 SYB2,,PhasePDB,True,0.3293824143,0.1218503367,0.000833333,0.372,0.091656424,No,0.94790345,0.048785276073619,0.363896989768177,,0.941447852760736,0.954110429447852,,0.588711656441717,0.479754601226993,0.372,0.0916564241051673
P63162,Small nuclear ribonucleoprotein-associated protein N,SNRPN HCERN3 SMN,,PhasePDB,False,0.7998777311,0.9307069555,0.0,0.779,0.41281563,Yes,0.9838945,0.859042944785276,0.93984479264495,0.837953903022396,0.826061349693251,0.984196319018404,0.591691145614771,0.769717791411042,0.536392638036809,0.779,0.306740432977676
P63244,Small ribosomal subunit protein RACK1,RACK1 GNB2L1,,PhasePDB,False,0.4170158361,0.8913123628,0.0,0.748,0.99226046,No,0.9844372,0.563680981595092,0.256190994019079,0.433083278973689,4.9079754601227e-05,4.9079754601227e-05,0.53352916491817,0.847067484662576,0.859484662576687,0.748,0.995203018188476
P67936,Tropomyosin alpha-4 chain,TPM4,,PhasePDB,False,0.904027478,0.7201112379,0.0,0.694,0.60234606,No,0.9826003,0.357693251533742,0.013246997182541,0.001902587519025,0.937521472392638,0.959018404907975,0.513470415442719,0.877987730061349,0.804515337423312,0.694,0.614384710788726
P68400,Casein kinase II subunit alpha,CSNK2A1 CK2A1,,PhasePDB,False,0.8202205606,0.9642916195,0.0,0.774,0.9943577,Yes,0.9780465,0.584098159509202,0.935989323315703,0.711024135681669,0.529079754601227,0.607901840490797,0.208140998741082,0.931435582822085,0.958576687116564,0.774,0.994670033454895
P78317,E3 ubiquitin-protein ligase RNF4,RNF4 SNURF,p62 cluster; PML nuclear body,PhasePDB,False,0.5187482188,0.7839601913,0.003333333,0.739,0.97045404,No,0.35765857,0.198282208588957,0.087489496317532,0.687812567949554,0.773006134969325,0.740269938650306,,0.858208588957055,0.970944785276073,0.739,0.986343502998352
P78344,Eukaryotic translation initiation factor 4 gamma 2,EIF4G2 DAP5,,PhasePDB,False,0.7278645354000001,0.9019589092,0.000833333,0.928,0.97365123,Yes,0.98327214,0.81320245398773,0.969255103553951,0.822135246792781,0.634699386503067,0.805889570552147,0.604532102391942,0.995926380368098,0.941889570552147,0.928,0.987635254859924
P78352-1,Isoform 1 of Disks large homolog 4,DLG4 PSD95,,PhasePDB,False,,,,,,,,,,,,,,,,,
P78362,SRSF protein kinase 2,SRPK2,Stress granule,PhasePDB,False,0.8257644876,0.9575174527,0.0025,0.892,0.2652784,Yes,0.8895126,0.717693251533742,0.270080569423162,0.640193520330506,0.829447852760736,0.866944785276073,0.140579101972303,0.821742331288343,0.861791411042944,0.892,0.192046254873275
P78371,T-complex protein 1 subunit beta,CCT2 99D8.1 CCTB,Inclusion body,PhasePDB,False,0.8918800334,0.9432941598,0.003333333,0.826,0.91047513,No,0.9122432,0.672687116564417,0.265038801838762,0.235159817351598,4.9079754601227e-05,0.229153374233128,0.650608476710029,0.862625766871165,0.728638036809816,0.826,0.930056452751159
P78396,Cyclin-A1,CCNA1,,PhasePDB,False,0.3259906651,0.1543326058,0.0,0.286,0.0037785254,Yes,0.38179165,0.282503067484662,0.53160990559043,0.537671232876712,4.9079754601227e-05,0.455018404907975,0.78917331095258,0.372515337423312,0.006773006134969,0.286,0.0080769751220941
P81133,Single-minded homolog 1,SIM1 BHLHE14,Mesh-like condensate,PhasePDB,False,0.4498839952,0.3289357108,0.0,0.352,0.30505434,Yes,0.6249655,0.750085889570552,0.691513024566259,0.695966514459665,0.518625766871165,0.249276073619631,0.498783046579941,0.097177914110429,0.566282208588957,0.352,0.950979113578796
P83731,Large ribosomal subunit protein eL24,RPL24,,PhasePDB,False,0.9631174028,0.9691620052,0.005833333,0.78,0.8803331,No,0.98361623,0.50561963190184,0.147941278236369,0.685855620787127,0.926478527607361,0.922159509202454,0.468736886277801,0.905079754601227,0.931435582822085,0.78,0.87793093919754
P84243,Histone H3.3,H3-3A H3.3A H3F3 H3F3A,,PhasePDB,False,0.8806320396,0.8315334716,0.0,0.783,0.9771177,No,0.98653895,0.212220858895705,0.120063269240274,,0.899484662576687,4.9079754601227e-05,0.48040285354595,0.257276073619631,0.586453987730061,0.783,0.985542297363281
P85037,Forkhead box protein K1,FOXK1 MNF,Transcriptional condensate,PhasePDB,False,0.6260903036000001,0.3351609033,0.0025,0.857,0.77754605,Yes,0.64433414,0.539435582822085,0.942810538282833,0.781582952815829,0.763042944785276,0.867042944785276,0.344355853965589,0.909055214723926,0.842993865030674,0.857,0.671233654022216
P98179,RNA-binding protein 3,RBM3 RNPL,,PhasePDB,False,0.8746950364,0.9409048019,,0.962,0.99707425,Yes,0.98686594,0.99680981595092,0.98141466066927,0.997934333550771,0.919950920245398,0.965398773006135,0.557784305497272,0.995337423312883,0.994846625766871,0.962,0.998270988464355
P99999,Cytochrome c,CYCS CYC,,PhasePDB,False,0.8354270971000001,0.7828847384000001,0.0,0.71,0.99023616,No,0.9854702,0.944785276073619,0.211062231229301,,0.957987730061349,4.9079754601227e-05,0.369450272765421,0.888,0.914503067484662,0.71,0.97748976945877
Q00987,E3 ubiquitin-protein ligase Mdm2,MDM2,,PhasePDB,False,0.6448369799,0.9520277842,0.003333333,0.791,0.42822123,Yes,0.19685034,0.513079754601227,0.172062676091147,0.133779082409219,4.9079754601227e-05,0.661644171779141,0.124213176668065,0.885987730061349,0.941398773006135,0.791,0.583165407180786
Q00994,Protein BEX3,BEX3 DXS6984E NADE NGFRAP1,,PhasePDB,False,0.2190225031,0.2728653922,0.000833333,0.675,0.7275041,Yes,0.63986635,0.816932515337423,0.812663733873758,,0.952932515337423,0.955730061349693,0.317331095258078,0.440539877300613,0.951018404907975,0.675,0.952194392681121
Q01081,Splicing factor U2AF 35 kDa subunit,U2AF1 U2AF35 U2AFBP,,PhasePDB,False,0.8120934028,0.8488458037000001,,0.818,0.9915444,Yes,0.98530895,0.974625766871165,0.386337798428154,0.393074581430745,0.813349693251533,0.955730061349693,0.302224087284934,0.962650306748466,0.978503067484662,0.818,0.991544425487518
Q01105,Protein SET,SET,,PhasePDB,False,0.7289590795,0.8595925714,0.003333333,0.877,0.45648247,Yes,0.9501859,0.878920245398773,0.042756166279472,0.056968906283974,0.880736196319018,0.909349693251533,0.715316827528325,0.899092024539877,0.842699386503067,0.877,0.765049397945404
Q01196,Runt-related transcription factor 1,RUNX1 AML1 CBFA2,Nucleolus,PhasePDB,False,0.4527917328,0.245892909,0.001666667,0.859,0.9925562,Yes,0.76816136,0.443484662576687,0.97207256190994,0.933463796477495,0.535312883435582,0.628515337423312,0.894418799832144,0.993914110429447,0.97079754601227,0.859,0.992442488670349
Q01543,Friend leukemia integration 1 transcription factor,FLI1,,PhasePDB,False,0.3446211516,0.3682451567,0.005,0.594,0.9727087,Yes,0.93917334,0.699337423312883,0.942810538282833,0.830017395085888,4.9079754601227e-05,4.9079754601227e-05,0.959043222828367,0.956073619631901,0.970601226993865,0.594,0.977127075195312
Q01860,"POU domain, class 5, transcription factor 1",POU5F1 OCT3 OCT4 OTF3,Mediator condensate; Transcriptional condensate,LLPSDB+PhasePDB,False,0.5588062971000001,0.8339188781,,0.88,0.9523099,Yes,0.5772829,0.954503067484662,0.771884731352874,0.962437486410089,0.742233128834355,0.721570552147239,0.498531263113722,0.953766871165644,0.988319018404908,0.88,0.990375339984893
Q02224,Centromere-associated protein E,CENPE,,PhasePDB,False,0.7996685515,0.7645311776,0.0,0.515,0.4058435,Yes,0.62298197,0.907730061349693,0.587267065394691,0.687812567949554,0.565693251533742,0.398969325153374,0.604867813680235,0.221742331288343,0.683926380368098,0.515,
Q02880,DNA topoisomerase 2-beta,TOP2B,,PhasePDB,False,0.9007977891,0.9509842818,0.000833333,0.833,0.9234735,Yes,0.9121975,0.980220858895705,0.834461964312194,0.797347249402043,0.843828220858895,0.628662576687116,0.975996642887117,0.989349693251533,0.954355828220858,0.833,0.897482693195343
Q03135,Caveolin-1,CAV1 CAV,,PhasePDB,True,0.1765001169,0.1565787829,0.0,0.516,0.9744093,No,0.03209884,0.172907975460122,0.07266076812812,0.004185692541856,4.9079754601227e-05,4.9079754601227e-05,0.06537977339488,0.74841717791411,0.653742331288343,0.516,0.987749099731445
Q03164,Histone-lysine N-methyltransferase 2A,KMT2A ALL1 CXXC7 HRX HTRX MLL MLL1 TRX1,,PhasePDB,False,0.8198684532,0.8079078887000001,,0.698,0.46639928,Yes,0.75652164,0.976981595092024,0.957935841036033,0.967492933246357,0.819435582822085,0.854527607361963,0.271002937473772,0.979337423312883,0.870331288343558,0.698,
Q03468,DNA excision repair protein ERCC-6,ERCC6 CSB,Nucleolus,PhasePDB,False,0.8257427777,0.9243807933,0.004166667,0.756,0.27128696,Yes,0.47983885,0.967067484662576,0.462508032227769,0.678625788214829,0.64520245398773,0.591018404907975,,0.562699386503067,0.845349693251533,0.756,0.306757986545562
Q04671,P protein,OCA2 D15S12 P,Inclusion body,PhasePDB,True,0.0756650948,0.0351939545,0.0,0.164,0.00041875648,Yes,0.037596446,0.265865030674846,0.634323562849093,0.595346814524896,0.624196319018404,0.726282208588957,,0.464441717791411,0.018208588957055,0.164,0.0004599345847964
Q05D60,Deuterosome assembly protein 1,DEUP1 CCDC67,,PhasePDB,False,0.4699805853,0.5016082788,0.0,0.344,0.87126493,Yes,0.47371677,0.488981595092024,0.593939993079926,0.332952815829528,4.9079754601227e-05,0.25521472392638,,0.193177914110429,0.534674846625766,0.344,0.971754670143127
Q07065,Cytoskeleton-associated protein 4,CKAP4,,PhasePDB,True,0.8507573909,0.9447702764,0.004166667,0.803,0.75943923,Yes,0.7105539,0.83042944785276,0.98561613365627,0.957762557077625,0.735165644171779,0.890453987730061,0.739823751573646,0.99921472392638,0.967018404907975,0.803,0.670287489891052
Q07352,mRNA decay activator protein ZFP36L1,ZFP36L1 BERG36 BRF1 ERF1 RNF162B TIS11B,TIS granule,PhasePDB,False,0.3397683518,0.8923486051,0.000833333,0.813,0.9535645,Yes,0.9302733,0.66041717791411,0.787949186891404,0.771526418786692,0.773546012269938,0.877300613496932,,0.897865030674846,0.882993865030674,0.813,0.97550880908966
Q08378,Golgin subfamily A member 3,GOLGA3,Golgin condensate,PhasePDB,False,0.8116532934,0.5951840863,0.006666667,0.734,0.9854609,Yes,0.62667924,0.769717791411042,0.76995699668825,0.943574690150032,0.795190184049079,0.736638036809816,0.791439362148552,0.885546012269938,0.987533742331288,0.734,0.989772677421569
Q0JRZ9,F-BAR domain only protein 2,FCHO2,,PhasePDB,False,0.6505978963,0.5568629544,0.010833333,0.613,0.9651493,Yes,0.902076,0.719509202453987,0.81824922149177,0.729778212654924,4.9079754601227e-05,0.590134969325153,0.295090222408728,0.923828220858895,0.918527607361963,0.613,0.98220282793045
Q12756,Kinesin-like protein KIF1A,KIF1A ATSV C2orf20,,PhasePDB,False,0.6988463537,0.6061768461,0.0,0.768,0.21450782,Yes,0.9099917,0.784196319018404,0.587267065394691,0.62138508371385,4.9079754601227e-05,0.45280981595092,0.465715484683172,0.568932515337423,0.937128834355828,0.768,0.236220717430114
Q12824,SWI/SNF-related matrix-associated actin-dependent regulator of chromatin subfamily B member 1,SMARCB1 BAF47 INI1 SNF5L1,Transcriptional condensate,PhasePDB,False,0.5739911723000001,0.7594438451000001,0.0,0.732,0.26246578,Yes,0.9486039,0.351460122699386,0.164351737432652,0.387203739943465,4.9079754601227e-05,0.287509202453987,0.720520352496852,0.365496932515337,0.637447852760736,0.732,0.257956951856613
Q12830,Nucleosome-remodeling factor subunit BPTF,BPTF FAC1 FALZ,,PhasePDB,False,0.8881967883,0.7562377401,,0.815,0.11359267,Yes,0.73009837,0.9480245398773,0.988433592012258,0.936344857577734,0.83720245398773,0.908319018404908,0.154846831724716,0.994748466257668,0.904490797546012,0.815,
Q12879,"Glutamate receptor ionotropic, NMDA 2A",GRIN2A NMDAR2A,,PhasePDB,True,0.5079130691,0.2602143113,0.000833333,0.406,0.21759966,Yes,0.20490889,0.882601226993865,0.881815036330384,0.603283322461404,4.9079754601227e-05,0.23361963190184,,0.662282208588957,0.827582822085889,0.406,0.212021350860595
Q12906,Interleukin enhancer-binding factor 3,ILF3 DRBF MPHOSPH4 NF90,,PhasePDB,False,0.9431396077,0.9395818418,0.051666667,0.991,0.9991919,Yes,0.97752464,0.99361963190184,0.997577974395729,0.998151772124374,0.800343558282208,0.955435582822085,0.801342845153168,1.0,0.993128834355828,0.991,0.999335169792175
Q12933,TNF receptor-associated factor 2,TRAF2 TRAP3,,PhasePDB,False,0.5319869695,0.5795856701000001,0.0,0.665,0.51587987,No,0.49986613,0.331484662576687,0.332262369630764,0.420254403131115,4.9079754601227e-05,4.9079754601227e-05,0.161561057490558,0.687411042944785,0.627337423312883,0.665,0.48259225487709
Q12959,Disks large homolog 1,DLG1,,PhasePDB,False,0.837419491,0.9386017016,0.005,0.921,0.95814097,Yes,0.98199975,0.912539877300613,0.799070733033463,0.595346814524896,4.9079754601227e-05,0.482257668711656,0.971128829206882,0.911263803680981,0.982134969325153,0.921,0.97972172498703
Q13021,MAL-like protein,MALL BENE,PML nuclear body,PhasePDB,True,0.0720814804,0.0480926459,0.0,0.02,0.036293495,No,0.030321533,0.014085889570552,0.129158222529781,0.001032833224614,4.9079754601227e-05,0.410061349693251,,0.242699386503067,0.158871165644171,0.02,0.0505762882530689
Q13049,E3 ubiquitin-protein ligase TRIM32,TRIM32 HT2A,,PhasePDB,False,0.5222896119,0.7743823769,0.000833333,0.542,0.021980815,Yes,0.177486,0.584245398773006,0.55439671790816,0.31914546640574,4.9079754601227e-05,0.391067484662576,0.828367603860679,0.179877300613496,0.363092024539877,0.542,0.0176360327750444
Q13111,Chromatin assembly factor 1 subunit A,CHAF1A CAF CAF1P150,Nuclear body,PhasePDB,False,0.8528852419,0.7118436393,0.006666667,0.857,0.07586239,Yes,0.49284455,0.937374233128834,0.503237605654688,0.852739726027397,0.865128834355828,0.898110429447852,0.046579941250524,0.928785276073619,0.902527607361963,0.857,0.978489875793457
Q13131,5'-AMP-activated protein kinase catalytic subunit alpha-1,PRKAA1 AMPK1,,PhasePDB,False,0.8664819428,0.9660692694,0.0,0.753,0.94050235,Yes,0.9642617,0.549693251533742,0.430576837526568,0.426179604261796,4.9079754601227e-05,0.565251533742331,0.928157784305497,0.90880981595092,0.964907975460122,0.753,0.795095562934875
Q13137,Calcium-binding and coiled-coil domain-containing protein 2,CALCOCO2 NDP52,,PhasePDB,False,0.5336588494,0.4093961908,0.0,0.691,0.63755757,Yes,0.49718776,0.517349693251533,0.734615194503484,0.739508588823657,4.9079754601227e-05,0.244319018404907,0.852622744439781,0.899582822085889,0.918969325153374,0.691,0.617916226387023
Q13188,Serine/threonine-protein kinase 3,STK3 KRS1 MST2,,PhasePDB,False,0.9019909758,0.9745381805,0.000833333,0.823,0.7590684,Yes,0.9683814,0.462478527607361,0.64396223617221,0.48309415090237,0.71283435582822,0.543165644171779,0.728073856483424,0.941398773006135,0.91121472392638,0.823,0.759300708770752
Q13263,Transcription intermediary factor 1-beta,TRIM28 KAP1 RNF96 TIF1B,,PhasePDB,False,0.7233501402,0.9700715216,0.0,0.899,0.9967497,Yes,0.61724776,0.75882208588957,0.849933270723147,0.912698412698412,0.679263803680981,0.817423312883435,0.553252203105329,0.955239263803681,0.996171779141104,0.899,0.997102618217468
Q13402,Unconventional myosin-VIIa,MYO7A USH1B,Receptor cluster,PhasePDB,False,0.7683502865,0.5721219812,0.000833333,0.453,0.57088184,Yes,0.9215822,0.878871165644171,0.593939993079926,0.58240921939552,4.9079754601227e-05,0.389595092024539,0.016449853126311,0.033521472392638,0.949447852760736,0.453,0.96629649400711
Q13428,Treacle protein,TCOF1,Nucleolus,PhasePDB,False,0.8772846487,0.9647456724,0.0,0.791,0.8688487,Yes,0.83467734,0.970748466257668,0.726657110375166,0.746738421395955,0.955877300613497,0.950871165644171,0.995887536718422,0.997546012269938,0.966969325153374,0.791,0.858284950256347
Q13439,Golgin subfamily A member 4,GOLGA4,Golgin condensate,PhasePDB,False,0.7701295459,0.7696456702000001,0.0,0.627,0.96056616,Yes,0.9325195,0.841374233128834,0.830655924076911,0.444933681235051,0.571975460122699,0.681276073619631,0.754427192614351,0.81521472392638,0.966282208588957,0.627,0.985844016075134
Q13485,Mothers against decapentaplegic homolog 4,SMAD4 DPC4 MADH4,,PhasePDB,False,0.4982965601,0.2001211668,0.0,0.834,0.8444849,Yes,0.95217496,0.533595092024539,0.980574366071869,0.748749728201783,4.9079754601227e-05,0.57040490797546,0.104406210658833,0.888147239263803,0.82640490797546,0.834,0.79929769039154
Q13526,Peptidyl-prolyl cis-trans isomerase NIMA-interacting 1,PIN1,Transcriptional condensate,PhasePDB,False,0.7550435079000001,0.823703893,0.001666667,0.838,0.9685712,No,0.96156925,0.799018404907975,0.764322079976274,0.506577516851489,0.924662576687116,0.494380368098159,0.648258497691984,0.966331288343558,0.903705521472392,0.838,0.970523357391357
Q13535,Serine/threonine-protein kinase ATR,ATR FRP1,,PhasePDB,False,0.5108666762,0.9320414994,0.0,0.682,0.77923346,Yes,0.46562612,0.656049079754601,0.44288468192378,0.635572950641443,4.9079754601227e-05,0.269546012269938,0.149895090222408,0.054773006134969,0.226748466257668,0.682,0.943816363811492
Q13546,Receptor-interacting serine/threonine-protein kinase 1,RIPK1 RIP RIP1,Necrosome,PhasePDB,False,0.598909633,0.9800465169,0.003333333,0.836,0.99641865,Yes,0.39135993,0.826944785276073,0.964757056003163,0.931289410741465,4.9079754601227e-05,0.22640490797546,0.14771296684851,0.944883435582822,0.957791411042944,0.836,0.99585610628128
Q13554,Calcium/calmodulin-dependent protein kinase type II subunit beta,CAMK2B CAM2 CAMK2 CAMKB,,PhasePDB,False,0.7763256706,0.9388996905,0.005,0.816,0.59109724,Yes,0.9623081,0.58561963190184,0.626464336908704,0.76032833224614,4.9079754601227e-05,0.717349693251533,0.119429290809903,0.857717791411043,0.818993865030674,0.816,0.705593764781951
Q13569,G/T mismatch-specific thymine DNA glycosylase,TDG,Nucleolus,PhasePDB,False,0.6878325172,0.7930790873,0.0125,0.595,0.18600245,Yes,0.541906,0.827042944785276,0.794177252730957,0.858175690367471,0.818110429447852,0.79322699386503,0.505413344523709,0.261987730061349,0.568981595092024,0.595,0.0872758105397224
Q13618,Cullin-3,CUL3 KIAA0617,Nuclear speckle,PhasePDB,False,0.8610032493,0.779406543,0.0,0.819,0.961915,Yes,0.9779207,0.771582822085889,0.80460679155751,0.405033702978908,4.9079754601227e-05,0.222871165644171,,0.756269938650306,0.923533742331288,0.819,0.983817875385284
Q13627,Dual specificity tyrosine-phosphorylation-regulated kinase 1A,DYRK1A DYRK MNB MNBH,Nuclear speckle,LLPSDB+PhasePDB,False,0.8875062558,0.9585164911,0.006666667,0.971,0.97144634,Yes,0.9503747,0.875779141104294,0.975236023923681,0.933028919330289,0.559361963190184,0.728147239263803,0.708518673940411,0.977079754601227,0.968588957055214,0.971,0.984965622425079
Q13702,43 kDa receptor-associated protein of the synapse,RAPSN RNF205,,PhasePDB,False,0.3892738068,0.2864103454,0.0,0.103,0.85907966,No,0.15991595,0.41241717791411,0.231624734318619,0.383779082409219,4.9079754601227e-05,4.9079754601227e-05,0.201930339907679,0.365742331288343,0.374969325153374,0.103,0.981374740600586
Q13823,Nucleolar GTP-binding protein 2,GNL2 NGP1,Nucleolus,LLPSDB+PhasePDB,False,0.9300902953,0.9388530454,0.0075,0.936,0.7928535,Yes,0.34283283,0.926773006134969,0.771884731352874,0.441345944770602,0.842748466257668,0.678478527607361,0.982710868652958,0.825079754601227,0.973251533742331,0.936,0.958521664142608
Q13838,Spliceosome RNA helicase DDX39B,DDX39B BAT1 UAP56,Nuclear speckle,PhasePDB,False,0.8275780653,0.9197821097,0.0,0.798,0.8133806,Yes,0.98392963,0.468220858895705,0.280806682813504,0.66623178951946,0.624245398773006,4.9079754601227e-05,0.978262694083088,0.903460122699386,0.691190184049079,0.798,0.887721836566925
Q14008,Cytoskeleton-associated protein 5,CKAP5 KIAA0097,,PhasePDB,False,0.8449181204,0.6261184718,0.000833333,0.797,0.9447602,Yes,0.97328305,0.89280981595092,0.636893875735257,0.552728854098717,0.564073619631901,0.581496932515337,0.532857742341586,0.128736196319018,0.851190184049079,0.797,0.976551830768585
Q14103,Heterogeneous nuclear ribonucleoprotein D0,HNRNPD AUF1 HNRPD,Nucleus; Cytoplasm.,LLPSDB+PhasePDB,False,0.9031584222,0.9803331837,0.055,0.994,0.9990576,Yes,0.9828935,0.995190184049079,0.997231970737976,0.999891280713198,0.837153374233128,0.966920245398773,0.617121275702895,0.999656441717791,0.996368098159509,0.994,0.999300301074981
Q14145,Kelch-like ECH-associated protein 1,KEAP1 INRF2 KIAA0132 KLHL19,p62 cluster,PhasePDB,False,0.4334246907,0.2987390178,0.0,0.682,0.81409866,Yes,0.7501535,0.590723926380368,0.795808412831792,0.861980865405523,4.9079754601227e-05,4.9079754601227e-05,0.663197650020982,0.379582822085889,0.953865030674846,0.682,0.972695529460907
Q14149,MORC family CW-type zinc finger protein 3,MORC3 KIAA0136 NXP2 ZCWCC3,,PhasePDB,False,0.7447049406,0.8830792696,0.001666667,0.828,0.8072157,Yes,0.31420296,0.733987730061349,0.611536750531362,0.468525766470971,4.9079754601227e-05,0.416687116564417,0.588921527486361,0.839460122699386,0.978208588957055,0.828,0.959452271461486
Q14152,Eukaryotic translation initiation factor 3 subunit A,EIF3A EIF3S10 KIAA0139,Stress granule,PhasePDB,False,0.8830435642000001,0.8983402023,0.004166667,0.767,0.57769406,Yes,0.95384264,0.947386503067484,0.446196431219415,0.992770167427701,0.896196319018404,0.952785276073619,0.025933697020562,0.862871165644171,0.876662576687116,0.767,0.605144679546356
Q14207,Protein NPAT,NPAT CAND3 E14,Histone locus body,PhasePDB,False,0.6627476153,0.4980150905,0.001666667,0.548,0.07776034,Yes,0.5687646,0.834453987730061,0.953141218921457,0.739508588823657,0.780957055214723,0.460171779141104,0.993033990767939,0.769177914110429,0.797546012269938,0.548,0.0746682360768318
Q14258,E3 ubiquitin/ISG15 ligase TRIM25,TRIM25 EFP RNF147 ZNF147,Stress granule,PhasePDB,False,0.705104244,0.8565199092,0.000833333,0.809,0.45565075,Yes,0.29232326,0.26080981595092,0.511838268004547,0.584692324418351,4.9079754601227e-05,0.455754601226993,0.539068401174989,0.806380368098159,0.925791411042944,0.809,0.453992784023284
Q14498,RNA-binding protein 39,RBM39 HCC1 RNPC2,Nuclear stress body,PhasePDB,False,0.9046287906,0.9389943876,0.020833333,0.935,0.7639168,Yes,0.9756218,0.817521472392638,0.80460679155751,0.532778864970645,0.770797546012269,0.919361963190184,0.57331095258078,0.985914110429447,0.992343558282208,0.935,0.767784476280212
Q14671,Pumilio homolog 1,PUM1 KIAA0099 PUMH1,NORAD-PUM body; Stress granule,PhasePDB,False,0.8487651446000001,0.90707807,0.015833333,0.883,0.9916441,Yes,0.9799012,0.973104294478527,0.994661657851811,0.941998260491411,4.9079754601227e-05,0.86120245398773,0.915652538816617,0.996466257668711,0.985815950920245,0.883,0.993894219398498
Q14676,Mediator of DNA damage checkpoint protein 1,MDC1 KIAA0170 NFBD1,DNA damage foci,PhasePDB,False,0.8376274151,0.642639017,0.000833333,0.793,0.94791317,Yes,0.6125043,0.789595092024539,0.878602145222678,0.914601000217438,0.90841717791411,0.565496932515337,0.927906000839278,0.982380368098159,0.991509202453987,0.793,0.976675629615783
Q14678,KN motif and ankyrin repeat domain-containing protein 1,KANK1 ANKRD15 KANK KIAA0172,,PhasePDB,False,0.7541975482000001,0.4727079521,0.001666667,0.715,0.6345781,Yes,0.53290915,0.895950920245398,0.967574514359151,0.923950858882365,0.581055214723926,0.441423312883435,0.253210239194292,0.915288343558282,0.919754601226993,0.715,0.65326577425003
Q14684,Ribosomal RNA processing protein 1 homolog B,RRP1B KIAA0179,Heterochromatin,PhasePDB,False,0.8863051385,0.9286973214,0.003333333,0.893,0.9211079,Yes,0.3948545,0.925006134969325,0.814097177598734,0.735377255925201,0.888098159509202,0.678576687116564,0.993285774234158,0.985668711656441,0.984883435582822,0.893,0.923454105854034
Q14814,Myocyte-specific enhancer factor 2D,MEF2D,,PhasePDB,False,0.5376504525,0.5947002092,0.005833333,0.862,0.54942447,Yes,0.87250084,0.632147239263803,0.997973407147447,0.893563818221352,0.775558282208588,0.838036809815951,0.998153587914393,0.99361963190184,0.950674846625766,0.862,0.560941755771637
Q14974,Importin subunit beta-1,KPNB1 NTF97,Cytoplasm;Nucleus envelope.,LLPSDB+PhasePDB,False,0.6582229434,0.9130675144,0.0,0.917,0.99659693,No,0.9733387,0.321177914110429,0.544758044585042,0.121656881930854,4.9079754601227e-05,0.262134969325153,0.280318925723877,0.57241717791411,0.369865030674846,0.917,0.997145533561706
Q14978,Nucleolar and coiled-body phosphoprotein 1,NOLC1 KIAA0035 NS5ATP13,Cajal body; Nucleolus,PhasePDB,False,0.9219297144,0.9605366641,0.013333333,0.811,0.85978806,Yes,0.9172019,0.954110429447852,0.342988483021106,0.592411393781256,0.952687116564417,0.989693251533742,0.965673520772136,0.95720245398773,0.99842944785276,0.811,0.810338139533996
Q14BN4,Sarcolemmal membrane-associated protein,SLMAP KIAA1601 SLAP,,PhasePDB,True,0.6384488869,0.4659361981,0.0,0.572,0.58318293,Yes,0.79843414,0.475779141104294,0.290494785230586,0.399162861491628,4.9079754601227e-05,0.42880981595092,0.574402014267729,0.15401226993865,0.576932515337423,0.572,0.475735485553741
Q15022,Polycomb protein SUZ12,SUZ12 CHET9 JJAZ1 KIAA0160,,PhasePDB,False,0.8864480865000001,0.5978734644,0.003333333,0.897,0.6661487,Yes,0.5840666,0.941153374233128,0.967920518016904,0.865242444009567,0.756711656441717,0.640883435582822,0.970877045740663,0.848,0.877349693251533,0.897,0.611247062683105
Q15029,116 kDa U5 small nuclear ribonucleoprotein component,EFTUD2 KIAA0031 SNRP116,Cajal body,PhasePDB,False,0.8762277740000001,0.8804591001000001,0.0,0.826,0.55391145,Yes,0.9599363,0.693840490797546,0.198210666798477,0.600945857795172,0.621447852760736,0.291680981595092,0.542761225346202,0.75960736196319,0.796220858895705,0.826,0.619536042213439
Q15287,RNA-binding protein with serine-rich domain 1,RNPS1 LDC2,,PhasePDB,False,0.9109166655,0.9325187258,0.019166667,0.865,0.98820174,Yes,0.97188276,0.91322699386503,0.964608768721269,0.953033268101761,0.941300613496932,0.99160736196319,0.35216114141838,0.969668711656441,0.968490797546012,0.865,0.988181889057159
Q15303,Receptor tyrosine-protein kinase erbB-4,ERBB4 HER4,,PhasePDB,True,0.6498495255,0.9418487265,0.0,0.719,0.9430021,Yes,0.91226614,0.835484662576687,0.844792644950818,0.89117199391172,4.9079754601227e-05,0.213104294478527,,0.75322699386503,0.779190184049079,0.719,0.978199183940887
Q15424,Scaffold attachment factor B1,SAFB HAP HET SAFB1,Nuclear stress body,PhasePDB,False,0.9003042027,0.9421578572,,0.866,0.9875005,Yes,0.93867594,0.987828220858895,0.969502249023775,0.995053272450532,0.946895705521472,0.933889570552147,0.558539655895929,0.994993865030674,0.968343558282208,0.866,0.98838061094284
Q15436,Protein transport protein Sec23A,SEC23A,,PhasePDB,False,0.5332661543,0.1319871848,0.0,0.605,0.43295652,No,0.9735537,0.523337423312883,0.90277297217142,0.51842791911285,4.9079754601227e-05,4.9079754601227e-05,0.893831305077633,0.623901840490797,0.563779141104294,0.605,0.404033720493316
Q15466,Nuclear receptor subfamily 0 group B member 2,NR0B2 SHP,,PhasePDB,False,0.0589827882,0.0710228828,0.0,0.247,0.045267094,No,0.24576795,0.071705521472392,0.130641095348722,0.091378560556642,4.9079754601227e-05,0.52682208588957,,0.526527607361963,0.043042944785276,0.247,0.032979879528284
Q15468,SCL-interrupting locus protein,STIL SIL,Centrosome,PhasePDB,False,0.4276846406,0.2796947617,0.000833333,0.596,0.83614045,Yes,0.16407388,0.669840490797546,0.870001482872819,0.769243313763861,4.9079754601227e-05,0.25840490797546,0.376668065463701,0.713276073619631,0.903361963190184,0.596,0.955862343311309
Q15596,Nuclear receptor coactivator 2,NCOA2 BHLHE75 SRC2 TIF2,PML nuclear body,PhasePDB,False,0.7351043211,0.7280965410000001,0.021666667,0.893,0.91652745,Yes,0.9063443,0.940711656441717,0.995897385200929,0.949010654490106,0.562601226993865,0.586846625766871,0.861854804867813,0.955092024539877,0.902920245398773,0.893,0.867155373096466
Q15643,Thyroid receptor-interacting protein 11,TRIP11 CEV14,Golgin condensate,PhasePDB,False,0.7106779583,0.844670766,0.0,0.602,0.98185074,Yes,0.92471415,0.888049079754601,0.732539172556967,0.748749728201783,4.9079754601227e-05,0.609570552147239,0.796558959295006,0.784638036809815,0.893447852760736,0.602,0.98565798997879
Q15652,Probable JmjC domain-containing histone demethylation protein 2C,JMJD1C JHDM2C KIAA1380 TRIP8,,PhasePDB,False,0.8024339892,0.4648746629,0.000833333,0.661,0.3504241,Yes,0.7540873,0.940073619631901,0.976521180366763,0.772776690584909,0.608392638036809,0.578355828220858,0.4370121695342,0.96122699386503,0.966380368098159,0.661,0.292681127786636
Q15672,Twist-related protein 1,TWIST1 BHLHA38 TWIST,,PhasePDB,False,0.6811035226000001,0.4413822319,0.013333333,0.754,0.21189752,Yes,0.6875682,0.989840490797546,0.958924422915328,0.988747553816047,0.882993865030674,0.977177914110429,,0.966674846625766,0.952490797546012,0.754,0.215909928083419
Q15717,ELAV-like protein 1,ELAVL1 HUR,Mesh-like condensate,PhasePDB,False,0.8153342148,0.963211703,0.001666667,0.951,0.9968875,Yes,0.9869971,0.91042944785276,0.938559636201868,0.661339421613394,4.9079754601227e-05,4.9079754601227e-05,0.471758287872429,0.907386503067484,0.994993865030674,0.951,0.99448549747467
Q15744,CCAAT/enhancer-binding protein epsilon,CEBPE,,PhasePDB,False,0.5748018074,0.3127777069,0.000833333,0.411,0.042563293,Yes,0.5191915,0.669496932515337,0.743512431417132,0.592411393781256,0.794650306748466,4.9079754601227e-05,0.825346202266051,0.745472392638036,0.783165644171779,0.411,0.0357564464211463
Q15788,Nuclear receptor coactivator 1,NCOA1 BHLHE74 SRC1,,PhasePDB,False,0.6715282566,0.9073240425,0.005833333,0.803,0.7454573,Yes,0.8901248,0.880736196319018,0.994908803321635,0.944009567297238,0.605300613496932,0.785963190184049,0.407889215274863,0.994355828220858,0.952785276073619,0.803,0.791233658790588
Q15796,Mothers against decapentaplegic homolog 2,SMAD2 MADH2 MADR2,,PhasePDB,False,0.1754364057,0.6317623465000001,0.0,0.792,0.9899691,Yes,0.8927914,0.495705521472392,0.716277000642578,0.405033702978908,4.9079754601227e-05,0.625030674846625,0.110281158203944,0.844957055214724,0.807312883435582,0.792,0.993249773979187
Q15910,Histone-lysine N-methyltransferase EZH2,EZH2 KMT6,Nuclear body,PhasePDB,False,0.7675961249000001,0.8482942884,0.0075,0.855,0.9530176,Yes,0.8841879,0.789251533742331,0.38964954772379,0.745107632093933,4.9079754601227e-05,0.603680981595092,0.458245908518673,0.909889570552147,0.992392638036809,0.855,0.981505990028381
Q16046,,H-RAS,,PhasePDB,False,,,,,,,,,,,,,,,,,
Q16143,Beta-synuclein,SNCB,,PhasePDB,False,0.5139695637,0.6303818352,0.001666667,0.257,0.79660434,Yes,0.4394772,0.472294478527607,0.058919480005931,,0.956613496932515,0.935754601226993,,0.696883435582822,0.825079754601227,0.257,0.965589702129364
Q16629,Serine/arginine-rich splicing factor 7,SRSF7 SFRS7,Nuclear speckle,PhasePDB,False,0.7119491535,0.9394798973,0.004166667,0.849,0.9900776,Yes,0.98077744,0.954748466257668,0.741584696752508,0.869645575125027,0.83121472392638,0.989496932515337,0.112043642467477,0.963877300613497,0.989447852760736,0.849,0.989402294158935
Q16635,Tafazzin,TAFAZZIN EFE2 G4.5 TAZ,Z granule,PhasePDB,True,0.3143809595,0.1119900462,0.0,0.295,0.009672598,No,0.023787301,0.410650306748466,0.051752261381048,0.163785605566427,4.9079754601227e-05,4.9079754601227e-05,0.110700797314309,0.568343558282208,0.321177914110429,0.295,0.108853138983249
Q16665,Hypoxia-inducible factor 1-alpha,HIF1A BHLHE78 MOP1 PASD8,,PhasePDB,False,0.5395020476,0.8584909270000001,0.0025,0.855,0.3008085,Yes,0.67078644,0.465128834355828,0.581088428649102,0.526255707762557,0.58360736196319,0.495950920245398,0.819303399076794,0.853791411042944,0.815705521472392,0.855,0.391795933246612
Q32NB8,"CDP-diacylglycerol--glycerol-3-phosphate 3-phosphatidyltransferase, mitochondrial",PGS1,,PhasePDB,False,0.2462800455,0.5229545694000001,0.0,0.091,0.01613313,No,0.027714496,0.406331288343558,0.544758044585042,0.174113937812567,4.9079754601227e-05,0.781398773006134,0.458581619806966,0.062969325153374,0.060368098159509,0.091,0.0068857073783874
Q3KP66,Innate immunity activator protein,INAVA C1orf106,,PhasePDB,False,0.3131158548,0.1702691004,,0.513,0.6326888,Yes,0.29011327,0.620662576687116,0.669517077751964,0.84268319199826,0.859533742331288,0.848539877300613,,0.827828220858895,0.777079754601227,0.513,0.957798838615417
Q495M9,pre-mRNA splicing regulator USH1G,USH1G SANS,Receptor cluster,PhasePDB,False,0.4913721311,0.3884877063,0.0,0.162,0.6319622,Yes,0.3537374,0.764122699386503,0.446196431219415,0.764133507284192,0.602699386503067,0.789693251533742,,0.221251533742331,0.968294478527607,0.162,0.960832297801971
Q4G0F5,Vacuolar protein sorting-associated protein 26B,VPS26B,P-body,PhasePDB,False,0.8764146943000001,0.4137904497,0.0,0.342,0.28094977,Yes,0.3070663,0.738993865030674,0.090109238297662,0.060774081322026,4.9079754601227e-05,4.9079754601227e-05,,0.459386503067484,0.84161963190184,0.342,0.266335189342498
Q4VCS5,Angiomotin,AMOT KIAA1071,,PhasePDB,False,0.8109544429000001,0.4012350421,0.010833333,0.823,0.7223437,Yes,0.85999995,0.522748466257668,0.996441105234541,0.827190693629049,0.605055214723926,0.931730061349693,0.00696600923206,0.895803680981595,0.854478527607362,0.823,0.739142060279846
Q53ET0,CREB-regulated transcription coactivator 2,CRTC2 TORC2,Transcriptional condensate,PhasePDB,False,0.2880218253,0.5002280762,0.001666667,0.744,0.9805676,Yes,0.78716636,0.79842944785276,0.979536355098611,0.921885192433137,0.656490797546012,0.930895705521472,0.350986151909357,0.985521472392638,0.993766871165644,0.744,0.982404053211212
Q53GS7,mRNA export factor GLE1,GLE1 GLE1L,,PhasePDB,False,0.6603566395,0.2892603394,0.001666667,0.417,0.80192006,Yes,0.47158128,0.577717791411043,0.762147199841826,0.623613829093281,4.9079754601227e-05,0.477938650306748,0.265211917750734,0.089374233128834,0.624,0.417,0.968450844287872
Q53GS9,Ubiquitin carboxyl-terminal hydrolase 39,USP39,Nucleolus,PhasePDB,False,0.8866570963,0.4595564882,0.001666667,0.71,0.019602448,Yes,0.80465096,0.725938650306748,0.636893875735257,0.168732333115894,0.740711656441717,0.622184049079754,0.165589592950062,0.165006134969325,0.62522699386503,0.71,0.0141351614147424
Q58A45,PAN2-PAN3 deadenylation complex subunit PAN3,PAN3,Stress granule,PhasePDB,False,0.7154470545,0.9265370671,0.004166667,0.694,0.14036617,Yes,0.8370505,0.810846625766871,0.935445603282091,0.943574690150032,0.555190184049079,0.750380368098159,,0.791263803680981,0.390282208588957,0.694,0.172176882624626
Q5FBB7,Shugoshin 1,SGO1 SGOL1,"Nucleus; Chromosome, centromere; Chromosome, centromere, kinetochore; Cytoplasm, cytoskeleton, spindle pole; Cytoplasm, cytoskeleton, microtubule organizing center, centrosome.",LLPSDB+PhasePDB,False,0.8154403572000001,0.7411779099,0.001666667,0.813,0.7866374,Yes,0.27574039,0.668711656441717,0.217883446196431,0.628180039138943,4.9079754601227e-05,0.746257668711656,0.691649181703734,0.878380368098159,0.995337423312883,0.813,0.951733231544494
Q5JR59,Microtubule-associated tumor suppressor candidate 2,MTUS2 CAZIP KIAA0774 TIP150,,PhasePDB,False,0.8029729615000001,0.5480778199,0.003333333,0.685,0.57415676,Yes,0.574318,0.882944785276073,0.786416884978498,0.848173515981735,0.572269938650306,0.637889570552147,0.182123373898447,0.323877300613496,0.771337423312883,0.685,0.598880171775817
Q5T1M5,FK506-binding protein 15,FKBP15 KIAA0674,,PhasePDB,False,0.8476336671,0.5335970158000001,0.014166667,0.741,0.9782097,Yes,0.5344295,0.75121472392638,0.975137165735752,0.716460100021743,0.82880981595092,0.453840490797546,0.861015526647083,0.977276073619631,0.986846625766871,0.741,0.989567875862121
Q5T481,RNA-binding protein 20,RBM20,Nuclear speckle; Stress granule,PhasePDB,False,0.8259593212,0.8697355727,0.014166667,0.523,0.6926416,Yes,0.76432174,0.929423312883435,0.961593593989422,0.944009567297238,0.875877300613496,0.699288343558282,0.424842635333613,0.861693251533742,0.780662576687116,0.523,0.968791961669922
Q5T6F2,Ubiquitin-associated protein 2,UBAP2 KIAA1491,Purinosome,PhasePDB,False,0.7763345036,0.9074911701,0.013333333,0.861,0.3915798,Yes,0.96399266,0.942527607361963,0.979388067816717,0.965970863231137,0.58080981595092,0.939141104294478,0.173478808224926,0.987042944785276,0.914061349693251,0.861,0.41487580537796
Q5UEC7,,MLL/EB1,Spindle apparatus,PhasePDB,False,,,,,,,,,,,,,,,,,
Q5UIP0,Telomere-associated protein RIF1,RIF1,,PhasePDB,False,0.7834162961000001,0.5758256888000001,0.0,0.763,0.8896035,Yes,0.50704616,0.884171779141104,0.92135831150215,0.76766688410524,0.639165644171779,0.474993865030674,0.679815358791439,0.938601226993865,0.97963190184049,0.763,0.901448249816894
Q6LD62,,14-3-3 protein cytosolic phospholipase A2,,PhasePDB,False,,,,,,,,,,,,,,,,,
Q6NTE8,MRN complex-interacting protein,MRNIP C5orf45,DNA damage foci,PhasePDB,False,0.2710213767,0.2523398672,,0.267,0.00615191,Yes,0.14527784,0.669055214723926,0.634323562849093,0.615677321156773,0.909153374233128,0.358871165644171,0.538396978598405,0.157251533742331,0.499730061349693,0.267,0.0135458949953317
Q6NUN9,Zinc finger protein 746,ZNF746 PARIS,,PhasePDB,False,0.4373152772,0.5576841664000001,0.0,0.893,0.08689073,Yes,0.78872323,0.950134969325153,0.918244278582373,0.958795390302239,0.567852760736196,0.816932515337423,,0.870134969325153,0.592883435582822,0.893,0.131195873022079
Q6P6C2,RNA demethylase ALKBH5,ALKBH5 ABH5 OFOXD1,Paraspeckle,PhasePDB,False,0.8915707071000001,0.9586164253,0.005833333,0.533,0.65342087,Yes,0.11353308,0.55842944785276,0.285996737679798,0.523320287018917,0.856,0.386257668711656,0.380025178346621,0.93683435582822,0.959460122699386,0.533,0.665955781936645
Q6PD62,RNA polymerase-associated protein CTR9 homolog,CTR9 KIAA0155 SH2BP1,Transcriptional condensate,PhasePDB,False,0.9615955415,0.7623437512,0.005,0.817,0.6547686,Yes,0.87452143,0.962257668711656,0.829271909445899,0.958306153511633,0.832736196319018,0.878233128834355,0.500965169953839,0.982184049079754,0.976196319018404,0.817,0.636440694332122
Q6PIF6,Unconventional myosin-VIIb,MYO7B,Receptor cluster,PhasePDB,False,0.6796160981,0.461213222,0.0,0.4,0.73159844,Yes,0.7894548,0.781496932515337,0.869062330087489,0.297292889758643,4.9079754601227e-05,0.24721472392638,,0.554944785276073,0.932368098159509,0.4,0.950329005718231
Q6SZW1,NAD(+) hydrolase SARM1,SARM1 KIAA0524 SAMD2 SARM,,PhasePDB,False,0.4681569694,0.2287204641,0.0,0.246,0.53852564,Yes,0.36096004,0.66880981595092,0.363896989768177,0.741791693846488,0.556613496932515,0.69963190184049,0.793873268988669,0.050993865030674,0.242110429447852,0.246,0.954312026500702
Q6UWE0,E3 ubiquitin-protein ligase LRSAM1,LRSAM1 TAL,Stress granule,PhasePDB,False,0.4497057516,0.3487549976,0.0,0.557,0.8886445,Yes,0.50120294,0.225030674846625,0.809697988235875,0.297292889758643,4.9079754601227e-05,0.7000245398773,0.231389005455308,0.645840490797546,0.772858895705521,0.557,0.704428374767303
Q6WCQ1,Myosin phosphatase Rho-interacting protein,MPRIP KIAA0864 MRIP RHOIP3,Nuclear speckle,PhasePDB,False,0.8444232866,0.5265187292,0.003333333,0.836,0.7697001,Yes,0.8767595,0.735165644171779,0.64154021056794,0.535225048923679,0.664638036809815,0.846723926380368,0.105329416701636,0.95283435582822,0.979877300613497,0.836,0.697182595729827
Q6ZMT4,Lysine-specific demethylase 7A,KDM7A JHDM1D KDM7 KIAA1718,,PhasePDB,False,0.7476521284000001,0.3660324013,0.001666667,0.384,0.5395703,Yes,0.34778917,0.818895705521472,0.910137907172161,0.835562078712763,0.534478527607361,0.553766871165644,0.598657154846831,0.679116564417177,0.692171779141104,0.384,0.944145560264587
Q6ZN16,Mitogen-activated protein kinase kinase kinase 15,MAP3K15 ASK3,,PhasePDB,False,0.7296452822,0.8996429441,0.001666667,0.304,0.4987597,Yes,0.2159155,0.85761963190184,0.697938806781671,0.62578821482931,0.593815950920245,0.511460122699386,0.887536718422157,0.047950920245398,0.484122699386503,0.304,0.959704995155334
Q6ZUJ4,Uncharacterized protein C3orf62,C3orf62,,PhasePDB,False,0.1318384075,-,0.0,0.071,0.014053161,Yes,0.15268634,0.149447852760736,0.290494785230586,0.374646662317895,4.9079754601227e-05,0.493742331288343,0.689467058329836,0.228957055214723,0.35680981595092,0.071,0.0076607302762568
Q70E73,Ras-associated and pleckstrin homology domains-containing protein 1,RAPH1 ALS2CR18 ALS2CR9 KIAA1681 LPD PREL2 RMO1,,PhasePDB,False,0.7314547195000001,0.4757253101,0.006666667,0.758,0.9263829,Yes,0.87223184,0.504932515337423,0.954080371706786,0.927756033920417,0.912343558282208,0.92480981595092,0.966596726814939,0.959901840490797,0.904981595092024,0.758,0.849511325359344
Q71DI3,Histone H3.2,H3C15 HIST2H3A,,PhasePDB,False,0.8736088124,0.8315334716,0.0,0.77,0.9707321,No,0.9871703,0.162650306748466,0.113489199742968,,0.899484662576687,4.9079754601227e-05,,0.805791411042944,0.984490797546012,0.77,0.99020367860794
Q7KZ85,Transcription elongation factor SPT6,SUPT6H KIAA0162 SPT6H,Transcriptional condensate,PhasePDB,False,0.8998035618,0.9171691611,0.000833333,0.848,0.96899974,Yes,0.7887459,0.929766871165644,0.985714991844199,0.91329636877582,0.801325153374233,0.846380368098159,0.496181284095677,0.974085889570552,0.960981595092024,0.848,0.977649092674255
Q7KZF4,Staphylococcal nuclease domain-containing protein 1,SND1 TDRD11,,PhasePDB,False,0.8954647607,0.9378900353,0.003333333,0.892,0.9935214,No,0.98299456,0.821987730061349,0.789234343334486,0.235159817351598,4.9079754601227e-05,0.379582822085889,0.54326479227864,0.909840490797546,0.931877300613496,0.892,0.994285881519317
Q7Z333,Probable helicase senataxin,SETX ALS4 KIAA0625 SCAR1,,PhasePDB,False,0.6790143577000001,0.8887236171,0.0,0.72,0.35790735,Yes,0.28361636,0.914797546012269,0.75651228312985,0.727929984779299,0.560245398773006,0.261349693251533,0.580780528745279,0.255803680981595,0.830773006134969,0.72,0.264971315860748
Q7Z3C6,Autophagy-related protein 9A,ATG9A APG9L1,FIP200 puncta,PhasePDB,True,0.069750691,0.056589452,0.000833333,0.463,0.0078108557,Yes,0.07115102,0.4600245398773,0.697938806781671,0.931289410741465,0.644319018404908,0.576441717791411,0.608140998741082,0.752147239263803,0.428907975460122,0.463,0.0066938148811459
Q7Z3E1,Protein mono-ADP-ribosyltransferase TIPARP,TIPARP PARP7,Nuclear body,PhasePDB,False,0.4953583177,0.6995140706,0.0,0.288,0.33726802,Yes,0.30079055,0.53241717791411,0.697938806781671,0.488693194172646,0.579533742331288,4.9079754601227e-05,0.001594628619387,0.438331288343558,0.239361963190184,0.288,0.955939173698425
Q7Z417,FMR1-interacting protein NUFIP2,NUFIP2 KIAA1321,Nuclear pore complex; Stress granule,PhasePDB,False,0.7487905424,0.9341141733,0.02,0.914,0.99515694,Yes,0.74641097,0.969914110429447,0.98887845385794,0.766090454446618,0.530993865030674,0.726576687116564,0.447503147293327,0.992343558282208,0.999803680981595,0.914,0.994222342967987
Q7Z5P4,17-beta-hydroxysteroid dehydrogenase 13,HSD17B13 SCDR9 SDR16C3,,PhasePDB,False,0.4166905898,0.1086400246,0.0,0.074,0.09630031,No,0.029220378,0.340269938650306,0.062132371113637,0.07947379865188,4.9079754601227e-05,0.49001226993865,0.863449433487201,0.56883435582822,0.268220858895705,0.074,0.128300815820693
Q7Z5Q1,Cytoplasmic polyadenylation element-binding protein 2,CPEB2,,PhasePDB,False,0.6379582475000001,0.7758934051,,0.875,0.7154857,Yes,0.97990626,0.826453987730061,0.990015323019129,0.975864318330071,0.731828220858895,0.7880245398773,0.385984053713806,0.997693251533742,0.953914110429447,0.875,0.986865222454071
Q7Z6E9,E3 ubiquitin-protein ligase RBBP6,RBBP6 P2PR PACT RBQ1,Nuclear speckle,PhasePDB,False,0.930086988,0.9842809812,0.008333333,0.834,0.97141045,Yes,0.8039724,0.983656441717791,0.950175473283574,0.968906283974777,0.922503067484662,0.931337423312883,0.977591271506504,0.986993865030674,0.974920245398773,0.834,0.982094168663024
Q86U86,Protein polybromo-1,PBRM1 BAF180 PB1,,PhasePDB,False,0.8846566243,0.7492640475,0.003333333,0.892,0.88582456,Yes,0.9603518,0.91563190184049,0.977707478621916,0.865242444009567,0.551509202453987,0.774282208588957,0.559211078472513,0.988564417177914,0.959901840490797,0.892,0.858175098896026
Q86VP1,Tax1-binding protein 1,TAX1BP1 T6BP,,PhasePDB,False,0.7375632232,0.7407988997,0.0,0.703,0.6602813,Yes,0.5599602,0.649177914110429,0.843013197568088,0.837953903022396,4.9079754601227e-05,0.297963190184049,0.880234997901804,0.797840490797546,0.945521472392638,0.703,0.671133756637573
Q86WV6,Stimulator of interferon genes protein,STING1 ERIS MITA STING TMEM173,,PhasePDB,True,0.0673172323,0.1086805273,0.0,0.031,0.7079318,Yes,0.06642537,0.252171779141104,0.5088230932727,0.123396390519678,0.655411042944785,0.587828220858895,,0.328638036809815,0.122650306748466,0.031,0.925766825675964
Q86XR8,Centrosomal protein of 57 kDa,CEP57 KIAA0092 TSP57,Centrosome,PhasePDB,False,0.8212896629,0.6317989741000001,0.001666667,0.783,0.7705535,Yes,0.2994692,0.575656441717791,0.716277000642578,0.96477495107632,0.7160245398773,0.794257668711656,0.020562316407889,0.921030674846625,0.901300613496932,0.783,0.54272323846817
Q86Y26,NUT family member 1,NUTM1 C15orf55 NUT,,PhasePDB,False,0.6714761667,0.4137610388,0.001666667,0.458,0.12003197,Yes,0.45064154,0.948711656441717,0.741584696752508,0.867253750815394,0.782184049079754,0.763435582822085,,0.487361963190184,0.374380368098159,0.458,0.10711146891117
Q86YM7,Homer protein homolog 1,HOMER1 SYN47,,PhasePDB,False,0.5859719849,0.6167438442000001,0.0,0.386,0.059913762,Yes,0.9562872,0.379730061349693,0.485443131827393,0.79560774081322,4.9079754601227e-05,0.495950920245398,0.406210658833403,0.491926380368098,0.371680981595092,0.386,0.173579052090644
Q8IU81,Interferon regulatory factor 2-binding protein 1,IRF2BP1,Cajal body,PhasePDB,False,0.500522573,0.3999446786,0.000833333,0.614,0.23398173,Yes,0.7505299,0.867582822085889,0.901586673916267,0.823168080017395,4.9079754601227e-05,0.804907975460122,0.308602601762484,0.939386503067484,0.876907975460122,0.614,0.240084573626518
Q8IUD2,ELKS/Rab6-interacting/CAST family member 1,ERC1 ELKS KIAA1081 RAB6IP2,ELKS condensate; Receptor cluster,PhasePDB,False,0.8484085703,0.8953549356,0.004166667,0.899,0.9672572,Yes,0.965849,0.759803680981595,0.920073155059067,0.814959773863883,0.585668711656441,0.591411042944785,0.866722618548048,0.926282208588957,0.990380368098159,0.899,0.978480994701385
Q8IWJ2,GRIP and coiled-coil domain-containing protein 2,GCC2 KIAA0336 RANBP2L4,Golgin condensate,PhasePDB,False,0.6074509274000001,0.7401397091,0.0,0.554,0.91043437,Yes,0.8746629,0.789840490797546,0.38964954772379,0.226081756903674,0.515288343558282,0.555779141104294,0.519597146454049,0.098453987730061,0.709889570552147,0.554,0.968095779418945
Q8IXH7,Negative elongation factor C/D,NELFCD NELFD TH1 TH1L,Transcriptional condensate,PhasePDB,False,0.5940876616,0.8180514707000001,0.0,0.405,0.960866,Yes,0.3616054,0.292269938650306,0.523058672334536,0.336540552293976,0.559754601226993,0.460368098159509,0.895929500629458,0.122895705521472,0.141595092024539,0.405,0.973791718482971
Q8IXJ9,Polycomb group protein ASXL1,ASXL1 KIAA0978,Paraspeckle,PhasePDB,False,0.6656284088000001,0.7392657396,0.003333333,0.647,0.61078453,Yes,0.55747914,0.957251533742331,0.865009144382383,0.969558599695586,0.769030674846625,0.483877300613496,0.975577003776751,0.855950920245398,0.687018404907975,0.647,0.959226727485656
Q8IXK0,Polyhomeotic-like protein 2,PHC2 EDR2 PH2,Nuclear body,PhasePDB,False,0.6489993998,0.6156281188,0.0025,0.85,0.18884206,Yes,0.8117968,0.552687116564417,0.984182689931293,0.847195042400521,0.605153374233128,0.844760736196319,0.667813680234997,0.937570552147239,0.818944785276073,0.85,0.20402979850769
Q8IY92,Structure-specific endonuclease subunit SLX4,SLX4 BTBD12 KIAA1784 KIAA1987,PML nuclear body,PhasePDB,False,0.6625769893,0.8794230622,0.000833333,0.75,0.32064018,Yes,0.45125824,0.903116564417177,0.879491868914042,0.830017395085888,0.906650306748466,0.769521472392638,0.095761644985312,0.922846625766871,0.776588957055214,0.75,0.327219367027282
Q8IYT8,Serine/threonine-protein kinase ULK2,ULK2 KIAA0623,,PhasePDB,False,0.6594363568,0.9584723002,0.008333333,0.65,0.5605184,Yes,0.8422327,0.706355828220858,0.904848994117937,0.894759730376168,4.9079754601227e-05,0.658453987730061,,0.738846625766871,0.449472392638036,0.65,0.649372935295105
Q8IZA3,Histone H1.8,H1-8 H1FOO H1OO OSH1,Heterochromatin,PhasePDB,False,0.9421948149,0.8662224252,,0.432,0.18123856,Yes,0.7949755,0.963680981595092,0.58400474519302,0.762339639051967,0.928147239263803,0.967165644171779,,0.595779141104294,0.617030674846625,0.432,0.145232319831848
Q8IZH1,,SS18/SSX1 fusion,,PhasePDB,False,,,,,,,,,,,,,,,,,
Q8IZT6,Abnormal spindle-like microcephaly-associated protein,ASPM MCPH5,Transcriptional condensate,PhasePDB,False,0.6720423275,0.3540098501,,0.596,0.23491736,Yes,0.3695919,0.793325153374233,0.8511195689783,0.357903892150467,4.9079754601227e-05,0.333791411042944,0.517079311791859,0.887116564417177,0.95479754601227,0.596,
Q8N0X7,Spartin,SPART KIAA0610 SPG20 TAHCCP1,,PhasePDB,False,0.7170540433,0.7000848631000001,,0.774,0.06184891,Yes,0.29131964,0.893447852760736,0.886016509317384,0.62138508371385,0.615460122699386,0.574478527607362,0.544439781787662,0.603141104294478,0.7320245398773,0.774,0.0874863117933273
Q8N302,Angiogenic factor with G patch and FHA domains 1,AGGF1 GPATC7 GPATCH7 VG5Q,Paraspeckle,PhasePDB,False,0.7794476946000001,0.7567684478000001,0.0075,0.495,0.042999722,Yes,0.25075126,0.941055214723926,0.688695566210271,0.750597956077408,0.762797546012269,0.773546012269938,,0.342478527607361,0.755239263803681,0.495,0.0420832745730876
Q8N5C8,TGF-beta-activated kinase 1 and MAP3K7-binding protein 3,TAB3 MAP3K7IP3,,PhasePDB,False,0.6541161714,0.2972884172,0.005833333,0.672,0.80372226,Yes,0.7483542,0.492269938650306,0.991053333992387,0.927375516416612,0.554552147239263,0.873374233128834,0.559462861938732,0.99842944785276,0.948564417177914,0.672,0.797705352306366
Q8N726,Tumor suppressor ARF,CDKN2A CDKN2 MLM,Nucleolus,PhasePDB,False,,,,0.323,,,0.18992683,0.663950920245398,0.85373931095843,,0.935509202453987,0.986159509202454,,0.580858895705521,0.596368098159509,0.323,
Q8N8E3,Centrosomal protein of 112 kDa,CEP112 CCDC46,,PhasePDB,False,0.8028072820000001,0.6251373853000001,0.0,0.397,0.21987097,Yes,0.8709279,0.684122699386503,0.270080569423162,0.36176342683192,4.9079754601227e-05,0.288687116564417,0.56634494334872,0.174282208588957,0.596073619631901,0.397,0.27038761973381
Q8NB46,Serine/threonine-protein phosphatase 6 regulatory ankyrin repeat subunit C,ANKRD52,,PhasePDB,False,0.3601451625,-,0.0,0.487,0.9122391,Yes,0.4048085,0.670576687116564,0.607038702980574,0.342791911285062,4.9079754601227e-05,4.9079754601227e-05,0.304490138480906,0.607656441717791,0.599754601226993,0.487,0.971070110797882
Q8NC56,LEM domain-containing protein 2,LEMD2,,PhasePDB,True,0.2363709607,0.103006874,,0.346,0.9496786,Yes,0.20023857,0.360441717791411,0.665019030201176,0.648727984344422,0.778993865030674,0.930110429447852,0.744691565253881,0.975361963190184,0.931092024539877,0.346,0.977723300457
Q8NCB2,CaM kinase-like vesicle-associated protein,CAMKV,,PhasePDB,False,0.9189315565,0.9752001125,0.010833333,0.748,0.43754998,Yes,0.54453915,0.581595092024539,0.749493351786861,0.668732333115894,0.747779141104294,0.506650306748466,0.084934955937893,0.107092024539877,0.535361963190184,0.748,0.434902995824813
Q8ND24,RING finger protein 214,RNF214,,PhasePDB,False,0.7927859729000001,0.4980843733,0.003333333,0.503,0.8186042,Yes,0.49738136,0.446527607361963,0.922149177005585,0.801804740160904,0.685889570552147,0.830036809815951,0.549475451112043,0.942478527607362,0.884368098159509,0.503,0.840294957160949
Q8NDF8,Terminal nucleotidyltransferase 4B,TENT4B GLD4 PAPD5 TRF4-2 TUT3,Amyloid body; Nucleolus,PhasePDB,False,0.7897602642,0.9579981984,0.010833333,0.733,0.36131722,Yes,0.81836814,0.933987730061349,0.974049725668528,0.832898456186127,0.813300613496932,0.860466257668711,,0.851435582822085,0.862723926380368,0.733,0.322577565908432
Q8NDX5,Polyhomeotic-like protein 3,PHC3 EDR3 PH3,Nuclear body,PhasePDB,False,0.5107261124,0.5451434317,0.0,0.676,0.4164079,Yes,0.733713,0.194944785276073,0.978646631407246,0.51842791911285,0.541251533742331,0.926625766871165,0.234746118338229,0.882552147239263,0.952883435582822,0.676,0.415490448474884
Q8NE35,Cytoplasmic polyadenylation element-binding protein 3,CPEB3 KIAA0940,Neuronal granule; P-body,PhasePDB,False,0.6389477855,0.831926605,0.023333333,0.878,0.9367218,Yes,0.970687,0.682110429447852,0.991597054025999,0.739508588823657,0.78763190184049,0.841079754601227,0.613764162819974,0.88721472392638,0.969472392638036,0.878,0.987396597862243
Q8NFU5,Inositol polyphosphate multikinase,IPMK IMPK,,PhasePDB,False,0.7836041905000001,0.8872063662,0.0,0.268,0.50123394,Yes,0.07963397,0.725055214723926,0.448816173199545,0.687812567949554,0.63283435582822,4.9079754601227e-05,0.92992026856903,0.873717791411043,0.83563190184049,0.268,0.97598397731781
Q8NFZ5,TNFAIP3-interacting protein 2,TNIP2 ABIN2 FLIP1,SINT-speckle,PhasePDB,False,0.6840362399000001,0.6254688245000001,0.0,0.69,0.93827647,Yes,0.39185137,0.377177914110429,0.537047105926548,0.854696673189823,0.583165644171779,0.819779141104294,0.17054133445237,0.341644171779141,0.954993865030674,0.69,0.960297882556915
Q8NHQ8,Ras association domain-containing protein 8,RASSF8 C12orf2,,PhasePDB,False,0.7815496550000001,0.4475984194,0.000833333,0.535,0.19155997,Yes,0.57847565,0.698944785276073,0.304928080668281,0.364970645792563,4.9079754601227e-05,0.77683435582822,0.375073436844313,0.689570552147239,0.904147239263803,0.535,0.178246453404426
Q8NI35,InaD-like protein,PATJ CIPP INADL,,PhasePDB,False,0.8517270568,0.4867903385,0.001666667,0.86,0.6589993,Yes,0.8636899,0.96961963190184,0.83589540803717,0.635572950641443,4.9079754601227e-05,0.379239263803681,0.424422996223248,0.791509202453987,0.881521472392638,0.86,0.681928217411041
Q8TAQ2,SWI/SNF complex subunit SMARCC2,SMARCC2 BAF170,,PhasePDB,False,0.9050996384,0.5834933382,0.018333333,0.953,0.79359496,Yes,0.9616591,0.891190184049079,0.987791013790717,0.963905196781909,0.638134969325153,0.924122699386503,0.599160721779269,0.987533742331288,0.965055214723926,0.953,0.692079246044158
Q8TB72,Pumilio homolog 2,PUM2 KIAA0235 PUMH2,NORAD-PUM body; Stress granule,PhasePDB,False,0.8214404483000001,0.9159445129,0.015,0.854,0.991454,Yes,0.98155886,0.945374233128834,0.99233849043547,0.914601000217438,0.53722699386503,0.885546012269938,0.533193453629878,0.996368098159509,0.937717791411043,0.854,0.989866137504577
Q8TC71,Mitochondria-eating protein,SPATA18 MIEAP,,PhasePDB,False,0.6290080744000001,0.4279201397,0.003333333,0.165,0.0275478,Yes,0.44252595,0.368883435582822,0.574810933715585,0.411339421613394,4.9079754601227e-05,0.611533742331288,,0.363337423312883,0.461938650306748,0.165,0.021358847618103
Q8TCF1,AN1-type zinc finger protein 1,ZFAND1,Stress granule,PhasePDB,False,0.6706494125,0.4890873362,0.0,0.092,0.4894758,No,0.11350668,0.242846625766871,0.032771489298601,0.23755164166123,4.9079754601227e-05,4.9079754601227e-05,0.192530423835501,0.434503067484662,0.856588957055214,0.092,0.982451736927032
Q8TCS8,"Polyribonucleotide nucleotidyltransferase 1, mitochondrial",PNPT1 PNPASE,,PhasePDB,False,0.8353564090000001,0.9691129058,0.0,0.661,0.36280575,Yes,0.08462639,0.70880981595092,0.367307597251742,0.429821700369645,4.9079754601227e-05,0.252760736196319,0.447419219471254,0.741987730061349,0.740466257668711,0.661,0.340737253427505
Q8TD16,Protein bicaudal D homolog 2,BICD2 KIAA0699,Centrosome,PhasePDB,False,0.7861209103,0.7989914911,0.000833333,0.687,0.9680425,Yes,0.88008845,0.655901840490797,0.581088428649102,0.820504457490758,0.673766871165644,0.638674846625766,0.093075954678976,0.934184049079754,0.957644171779141,0.687,0.956876933574676
Q8TEM1,Nuclear pore membrane glycoprotein 210,NUP210 KIAA0906,Cytoplasmic Nucleoporin Granule; Nuclear pore complex,PhasePDB,True,0.4330318644,0.2007567422,0.0,0.645,0.08759173,Yes,0.18415655,0.687312883435582,0.747120755276555,0.426179604261796,0.53560736196319,0.288098159509202,,0.432441717791411,0.387092024539877,0.645,0.0519249513745307
Q8WUK0,Phosphatidylglycerophosphatase and protein-tyrosine phosphatase 1,PTPMT1 MOSP PLIP,,PhasePDB,False,0.353036338,0.6231383483,0.0,0.28,0.24471009,No,0.03133546,0.175460122699386,0.205031881765607,0.044411828658404,4.9079754601227e-05,4.9079754601227e-05,0.314141838019303,0.313963190184049,0.622723926380368,0.28,0.303729176521301
Q8WUM0,Nuclear pore complex protein Nup133,NUP133,Nuclear pore complex,PhasePDB,False,0.6423903521000001,0.3283573619,0.0,0.645,0.9399848,Yes,0.09969622,0.673128834355828,0.656121793287529,0.671232876712328,0.547337423312883,0.413251533742331,0.87066722618548,0.840539877300613,0.70120245398773,0.645,0.975554168224334
Q8WUM4,Programmed cell death 6-interacting protein,PDCD6IP AIP1 ALIX KIAA1375,Abscission checkpoint body,PhasePDB,False,0.8921493148,0.6857530615,0.003333333,0.921,0.99224937,Yes,0.9058421,0.58880981595092,0.996243388858682,0.98896499238965,0.734380368098159,0.772760736196319,0.608392782207301,0.990920245398773,0.946061349693251,0.921,0.989058136940002
Q8WV28,B-cell linker protein,BLNK BASH SLP65,,PhasePDB,False,0.7931207827000001,0.7665923425000001,0.004166667,0.916,0.95299834,Yes,0.6707978,0.61801226993865,0.79714299836884,0.823168080017395,0.923435582822085,0.561079754601226,0.375996642887117,0.864,0.965496932515337,0.916,0.986639022827148
Q8WVC0,RNA polymerase-associated protein LEO1,LEO1 RDL,Transcriptional condensate,PhasePDB,False,0.8538544956,0.6968662055,0.0075,0.754,0.76192224,Yes,0.23767419,0.984245398773006,0.48257624437744,0.878397477712546,0.92323926380368,0.77722699386503,0.36189676877885,0.930503067484662,0.914159509202454,0.754,0.753530144691467
Q8WXG9,Adhesion G-protein coupled receptor V1,ADGRV1 GPR98 KIAA0686 KIAA1943 MASS1 VLGR1,,PhasePDB,True,0.5305456419,0.3111176325,,0.556,0.022319196,Yes,,,,,,,,,,,
Q92522,Histone H1.10,H1-10 H1FX,,PhasePDB,False,0.9155847937,0.9304617629,0.0075,0.879,0.7609288,Yes,0.9556129,0.986355828220858,0.477040185853393,0.091378560556642,0.960638036809816,0.974282208588957,0.959462861938732,0.753865030674846,0.860368098159509,0.879,0.69997352361679
Q92570,Nuclear receptor subfamily 4 group A member 3,NR4A3 CHN CSMF MINOR NOR1 TEC,,PhasePDB,False,0.2784504169,0.4383503282,0.000833333,0.37,0.8190616,Yes,0.7694968,0.309398773006134,0.899510651969749,0.766090454446618,4.9079754601227e-05,0.882797546012269,,0.576736196319018,0.194503067484662,0.37,0.965780615806579
Q92576,PHD finger protein 3,PHF3 KIAA0244,,PhasePDB,False,0.9106405772,0.6706182786,0.0075,0.689,0.8657299,Yes,0.5885865,0.953177914110429,0.962087884929069,0.900521852576647,0.636515337423312,0.668073619631901,0.069408308854385,0.970993865030674,0.951754601226993,0.689,0.963179469108581
Q92646,Histone H2A,H2A/k,,PhasePDB,False,,,,,,,,,,,,,,,,,
Q92668,,K-ras,,PhasePDB,False,,,,,,,,,,,,,,,,,
Q92777,Synapsin-2,SYN2,"Cell junction, synapse.",LLPSDB+PhasePDB,False,0.8468583232,0.6763170017,0.0125,0.869,0.4312769,Yes,0.67604494,0.558773006134969,0.970095398151351,0.899489019352033,0.85040490797546,0.929325153374233,0.071086865295845,0.875141104294478,0.65280981595092,0.869,0.979647755622863
Q92794,Histone acetyltransferase KAT6A,KAT6A MOZ MYST3 RUNXBP2 ZNF220,KAT6A droplet,PhasePDB,False,0.8240451623,0.7769731402000001,0.005,0.676,0.37934396,Yes,0.847429,0.903852760736196,0.998615985368988,0.901065449010654,0.884220858895705,0.890846625766871,0.900293747377255,0.902576687116564,0.892122699386503,0.676,0.330176442861557
Q92805,Golgin subfamily A member 1,GOLGA1,Golgin condensate,PhasePDB,False,0.7593735992,0.6285167856,0.0,0.518,0.9779235,Yes,0.87336564,0.449423312883435,0.544758044585042,0.51842791911285,0.653840490797546,0.729865030674846,0.759043222828367,0.810993865030674,0.901055214723926,0.518,0.989201545715332
Q92830,Histone acetyltransferase KAT2A,KAT2A GCN5 GCN5L2,SINT-speckle,PhasePDB,False,0.6655924019,0.6442864407000001,0.000833333,0.725,0.27871507,Yes,0.8445849,0.630969325153374,0.95758983737828,0.9265057621222,0.685398773006134,0.844220858895705,,0.786993865030674,0.470723926380368,0.725,0.291539013385772
Q92878,DNA repair protein RAD50,RAD50,,PhasePDB,False,0.9239642606,0.8528559793,0.0,0.718,0.5058906,No,0.8748681,0.882257668711656,0.188769709851218,0.200641443792128,4.9079754601227e-05,0.309742331288343,0.326647083508182,0.099926380368098,0.651779141104294,0.718,0.590824544429779
Q92879,CUGBP Elav-like family member 1,CELF1 BRUNOL2 CUGBP CUGBP1 NAB50,P-body; Stress granule,PhasePDB,False,0.7475770088,0.9105433973,0.003333333,0.738,0.9567362,Yes,0.98507035,0.704785276073619,0.95927042657308,0.441345944770602,4.9079754601227e-05,0.896785276073619,0.495677717163239,0.776932515337423,0.707239263803681,0.738,0.986695885658264
Q92934,Bcl2-associated agonist of cell death,BAD BBC6 BCL2L8,,PhasePDB,False,0.3030767511,0.6089582608,0.0,0.73,0.7924781,Yes,0.26789793,0.890797546012269,0.79714299836884,0.77429876060013,0.960638036809816,0.596957055214724,0.478388585816198,0.974184049079754,0.952147239263803,0.73,0.781993627548217
Q92993,Histone acetyltransferase KAT5,KAT5 HTATIP TIP60,,PhasePDB,False,0.6036664982000001,0.3822413023,0.000833333,0.814,0.28660288,Yes,0.90354466,0.652368098159509,0.562750234788196,0.381169819525983,4.9079754601227e-05,0.26763190184049,0.44951741502308,0.731730061349693,0.910233128834355,0.814,0.289519488811492
Q92997,Segment polarity protein dishevelled homolog DVL-3,DVL3 KIAA0208,Centrosome,PhasePDB,False,0.7591329278000001,0.6429314679,0.025,0.977,0.9911753,Yes,0.87446517,0.903558282208588,0.955612673619692,0.98602957164601,0.763582822085889,0.943067484662576,0.634830046160302,0.983018404907975,0.988515337423312,0.977,0.979315757751464
Q93074,Mediator of RNA polymerase II transcription subunit 12,MED12 ARC240 CAGH45 HOPA KIAA0192 TNRC11 TRAP230,Nuclear stress body; Transcriptional condensate,PhasePDB,False,0.5771441473,0.4419664458,0.0025,0.778,0.8984296,Yes,0.770442,0.847558282208589,0.999950570906035,0.943574690150032,0.58880981595092,0.820613496932515,0.920100713386487,0.887067484662576,0.822969325153374,0.778,0.972077012062072
Q969Q1,E3 ubiquitin-protein ligase TRIM63,TRIM63 IRF MURF1 RNF28 SMRZ,,PhasePDB,False,0.5549955185000001,0.4790393475,0.0,0.489,0.00987603,Yes,0.5021969,0.308073619631901,0.290494785230586,0.51549249836921,0.682503067484662,0.657276073619631,,0.201963190184049,0.461546012269938,0.489,0.0110685685649514
Q96AC1,Fermitin family homolog 2,FERMT2 KIND2 MIG2 PLEKHC1,,PhasePDB,False,0.4799170294,0.5273911713,0.0,0.693,0.7932878,Yes,0.8814777,0.558233128834355,0.596559735060056,0.447869101978691,4.9079754601227e-05,0.464490797546012,0.022073017205203,0.856981595092024,0.864883435582822,0.693,0.75291758775711
Q96AH0,SOSS complex subunit B2,NABP1 OBFC2A SSB2,,PhasePDB,False,0.6844097312,0.8143309817000001,0.003333333,0.454,0.30362138,Yes,0.97602254,0.97840490797546,0.970540259997034,0.75222874537943,0.635337423312883,4.9079754601227e-05,0.444649601342845,0.814674846625766,0.480687116564417,0.454,0.18076853454113
Q96B36,Proline-rich AKT1 substrate 1,AKT1S1 PRAS40,,PhasePDB,False,0.4562604183,0.2985851758,0.000833333,0.443,0.7536961,Yes,0.12156125,0.165496932515337,0.621570856606198,0.532778864970645,0.960638036809816,0.94483435582822,0.34410407049937,0.872147239263803,0.911411042944785,0.443,0.706391930580139
Q96B97,SH3 domain-containing kinase-binding protein 1,SH3KBP1 CIN85,,PhasePDB,False,0.8516547522,0.5776279412,0.013333333,0.974,0.9057444,Yes,0.9190693,0.951116564417178,0.775789629776086,0.84268319199826,0.896736196319018,0.879312883435582,0.527570289550986,0.990969325153374,0.99921472392638,0.974,0.984941363334655
Q96BW9,"Phosphatidate cytidylyltransferase, mitochondrial",TAMM41 C3orf31,,PhasePDB,False,0.1227474359,0.2289012222,0.0,0.054,0.0018092912,Yes,0.048933133,0.434748466257668,0.471454698235381,0.23755164166123,4.9079754601227e-05,0.335950920245398,0.558203944607637,0.163042944785276,0.016883435582822,0.054,0.0018740786472335
Q96BY2,Modulator of apoptosis 1,MOAP1 PNMA4,p62 cluster,PhasePDB,False,0.5130710985,0.6494393053,0.0,0.122,0.71509945,No,0.47026035,0.377865030674846,0.129158222529781,0.322570123939986,4.9079754601227e-05,0.760736196319018,0.152748636172891,0.197447852760736,0.637104294478527,0.122,0.984412491321563
Q96C19,EF-hand domain-containing protein D2,EFHD2 SWS1,,PhasePDB,False,0.6921574207,0.6822879252,0.001666667,0.577,0.9790142,Yes,0.15730809,0.684220858895705,0.280806682813504,0.290552293976951,0.889177914110429,0.909791411042944,0.38472513638271,0.935411042944785,0.977963190184049,0.577,0.986483871936798
Q96CF2,Charged multivesicular body protein 4c,CHMP4C SHAX3,Abscission checkpoint body,PhasePDB,False,0.7495378453,0.6529008095000001,0.0,0.209,0.5208219,Yes,0.118929714,0.494085889570552,0.193712619247689,0.040226136116547,0.912147239263803,0.927803680981595,,0.513815950920245,0.611779141104294,0.209,0.511607706546783
Q96CN9,GRIP and coiled-coil domain-containing protein 1,GCC1,Golgin condensate,PhasePDB,False,0.8300310601,0.8306642437,0.0025,0.62,0.95186156,Yes,0.6944601,0.640490797546012,0.383421481884237,0.798978038704066,0.579828220858895,0.884613496932515,0.945950482584976,0.215263803680981,0.846674846625766,0.62,0.974173367023468
Q96CV9,Optineurin,OPTN FIP2 GLC1E HIP7 HYPL NRP,,PhasePDB,False,0.7821435285,0.8131718706000001,0.0025,0.73,0.7114674,Yes,0.48944637,0.555190184049079,0.312293015669022,0.663948684496629,0.87720245398773,0.448049079754601,0.657910197230381,0.948564417177914,0.878576687116564,0.73,0.668081581592559
Q96GD4,Aurora kinase B,AURKB AIK2 AIM1 AIRK2 ARK2 STK1 STK12 STK5,,PhasePDB,False,0.8014536149,0.968631469,0.0,0.734,0.9845897,Yes,0.92723745,0.369177914110429,0.722949928327813,0.485431615568601,4.9079754601227e-05,0.308662576687116,0.735291649181703,0.867190184049079,0.810797546012269,0.734,0.99278438091278
Q96GM5,SWI/SNF-related matrix-associated actin-dependent regulator of chromatin subfamily D member 1,SMARCD1 BAF60A,Transcriptional condensate,PhasePDB,False,0.8826858432,0.3946559927,0.005833333,0.848,0.682324,Yes,0.97632694,0.670723926380368,0.986258711877811,0.979343335507719,0.737374233128834,0.643828220858895,0.963994964330675,0.932711656441717,0.93280981595092,0.848,0.636971771717071
Q96I24,Far upstream element-binding protein 3,FUBP3 FBP3,,PhasePDB,False,0.8629329969,0.9390088467,0.029166667,0.972,0.9778055,Yes,0.98388046,0.971582822085889,0.982106667984775,0.881822135246792,0.717791411042944,0.581693251533742,0.546118338229122,0.992638036809816,0.971779141104294,0.972,0.989412128925323
Q96J02,E3 ubiquitin-protein ligase Itchy homolog,ITCH,,PhasePDB,False,0.5468547318,0.4281302297,0.0025,0.926,0.77915114,Yes,0.97470677,0.911705521472392,0.944935989323315,0.952652750597956,4.9079754601227e-05,0.408343558282208,0.15383969785984,0.926625766871165,0.901104294478527,0.926,0.842079758644104
Q96JG9,Zinc finger protein 469,ZNF469 KIAA1858,Proteasome containing foci; Stress granule,PhasePDB,False,0.6200201617000001,0.4978921173,,0.489,0.03556216,Yes,0.69939816,0.986552147239263,0.943255400128515,0.963361600347901,0.912490797546012,0.760932515337423,0.919765002098195,0.832539877300613,0.459042944785276,0.489,
Q96L73,"Histone-lysine N-methyltransferase, H3 lysine-36 specific",NSD1 ARA267 KMT3B,,PhasePDB,False,0.7846552954,0.7668978590000001,0.005833333,0.676,0.67860186,Yes,0.6649898,0.968343558282208,0.876476694182195,0.871765601217656,0.81560736196319,0.395141104294478,0.586823331934536,0.707190184049079,0.761766871165644,0.676,0.973330378532409
Q96NC0,Zinc finger matrin-type protein 2,ZMAT2,,PhasePDB,False,0.8982418873,0.8923377428,0.010833333,0.456,0.72568786,No,0.6612045,0.882699386503067,0.06583955316099,0.184714068275712,0.910233128834355,0.797742331288343,0.422576584137641,0.770552147239263,0.812515337423312,0.456,0.758460342884063
Q96QE5,"Transcription elongation factor, mitochondrial",TEFM C17orf42,Mitochondrial nucleoid,PhasePDB,False,0.5347050092,0.7809046601,0.0,0.102,0.7902474,Yes,0.052509326,0.255754601226993,0.430576837526568,0.255055446836268,4.9079754601227e-05,4.9079754601227e-05,0.17163239613932,0.46080981595092,0.33560736196319,0.102,0.933374047279358
Q96RN5,Mediator of RNA polymerase II transcription subunit 15,MED15 ARC105 CTG7A PCQAP TIG1 TNRC7,,PhasePDB,False,0.7487222401,0.3324786846,0.0125,0.694,0.98869145,Yes,0.96546715,0.275092024539877,0.999703425436211,0.981082844096542,4.9079754601227e-05,0.981791411042944,0.427360469995803,0.965791411042944,0.816245398773006,0.694,0.988702893257141
Q96RR4,Calcium/calmodulin-dependent protein kinase kinase 2,CAMKK2 CAMKKB KIAA0787,,PhasePDB,False,0.815731807,0.9664369773,0.0125,0.546,0.25909767,Yes,0.4265567,0.739582822085889,0.713904404132272,0.640193520330506,0.778895705521472,0.733742331288343,0.062778010910616,0.859141104294478,0.768147239263803,0.546,0.212012484669685
Q96T37,RNA-binding protein 15,RBM15 OTT OTT1,Nuclear speckle,PhasePDB,False,0.8464782732,0.9090133736,0.025833333,0.903,0.9777077,Yes,0.92312425,0.985570552147239,0.905392714151549,0.991628614916286,0.786503067484662,0.866306748466257,0.212169534200587,0.988957055214723,0.996858895705521,0.903,0.980154037475586
Q99551,"Transcription termination factor 1, mitochondrial",MTERF1 MTERF,Mitochondrial nucleoid,PhasePDB,False,0.460215547,0.8074069023,0.0,0.094,0.9073017,Yes,0.20595048,0.453546012269938,0.396025900845237,0.073168080017395,4.9079754601227e-05,0.412122699386503,0.057574485942089,0.113963190184049,0.371975460122699,0.094,0.966207802295684
Q99638,Cell cycle checkpoint control protein RAD9A,RAD9A,,PhasePDB,False,0.3937349348,0.5726340592,0.0,0.259,0.9507164,Yes,0.19230668,0.354748466257668,0.64396223617221,0.724124809741248,0.781791411042944,0.515582822085889,0.644565673520772,0.833030674846625,0.600343558282208,0.259,0.966191411018371
Q99661,Kinesin-like protein KIF2C,KIF2C KNSL6,,PhasePDB,False,0.8420579166000001,0.6746892779,0.005833333,0.864,0.80093324,Yes,0.8938547,0.580907975460122,0.544758044585042,0.468525766470971,0.550723926380368,0.221889570552147,0.414267729752412,0.891877300613496,0.950036809815951,0.864,0.777043282985687
Q99683,Mitogen-activated protein kinase kinase kinase 5,MAP3K5 ASK1 MAPKKK5 MEKK5,,PhasePDB,False,0.7503933796000001,0.9852729969,0.0,0.746,0.35079625,Yes,0.21178037,0.809865030674846,0.80460679155751,0.837953903022396,4.9079754601227e-05,0.517300613496932,0.400251783466219,0.093349693251533,0.779337423312883,0.746,0.251840442419052
Q9BPW5,Ras-like protein family member 11B,RASL11B,,PhasePDB,False,0.4173864476,0.3763603077,0.000833333,0.094,0.24131608,Yes,0.13023081,0.227386503067484,0.256190994019079,0.117906066536203,4.9079754601227e-05,0.362895705521472,0.899790180444817,0.019582822085889,0.474257668711656,0.094,0.201743602752685
Q9BQ15,SOSS complex subunit B1,NABP2 OBFC2B SSB1,Stress granule,PhasePDB,False,0.6972307506000001,0.9059978334,0.010833333,0.652,0.8154193,Yes,0.962386,0.918233128834355,0.982106667984775,0.921069797782126,0.881717791411042,0.816539877300613,0.543516575744859,0.966036809815951,0.9160245398773,0.652,0.809585273265838
Q9BQQ3,Golgi reassembly-stacking protein 1,GORASP1 GOLPH5 GRASP65,,PhasePDB,False,0.4136753543,0.30708544,0.0175,0.736,0.56930554,Yes,0.46182,0.663460122699386,0.696060501211012,0.825831702544031,0.846233128834355,0.694773006134969,0.698531263113722,0.740564417177914,0.615361963190184,0.736,0.571338891983032
Q9BR39,Junctophilin-2,JPH2 JP2,Nuclear body,PhasePDB,True,0.7654327439,0.5621715362,0.0075,0.677,0.5504534,Yes,0.83787763,0.978110429447852,0.94162424002768,0.961730811045879,0.853938650306748,0.92240490797546,,0.968196319018404,0.862184049079754,0.677,0.982243180274963
Q9BRQ8,Ferroptosis suppressor protein 1,AIFM2 AMID PRG3,,PhasePDB,True,0.6706123549,0.6064170081,,0.174,0.102038205,No,0.03575878,0.713815950920245,0.636893875735257,0.549575994781474,4.9079754601227e-05,0.322748466257668,0.326059588753671,0.353570552147239,0.428662576687116,0.174,0.145127445459365
Q9BSI4,TERF1-interacting nuclear factor 2,TINF2 TIN2,,PhasePDB,False,0.4743210195,0.5935240656,0.000833333,0.501,0.81700575,Yes,0.17422384,0.300662576687116,0.816716919578864,0.301098064796694,4.9079754601227e-05,0.44122699386503,0.905832983634074,0.324269938650306,0.258453987730061,0.501,0.943340480327606
Q9BTA9,WW domain-containing adapter protein with coiled-coil,WAC KIAA1844,Nuclear speckle,PhasePDB,False,0.4951584551,0.5510017846,0.0025,0.735,0.9824379,Yes,0.93618655,0.479116564417177,0.973950867480599,0.835562078712763,0.871263803680981,0.863165644171779,0.050524548887956,0.964368098159509,0.913177914110429,0.735,0.989729046821594
Q9BUR4,Telomerase Cajal body protein 1,WRAP53 TCAB1 WDR79,Cajal body,PhasePDB,False,0.2216190748,0.855961162,,0.583,0.26792264,Yes,0.08398695,0.801963190184049,0.57140032623202,0.849206349206349,0.790920245398773,0.667386503067484,0.780025178346621,0.890797546012269,0.78041717791411,0.583,0.278259366750717
Q9BX63,Fanconi anemia group J protein,BRIP1 BACH1 FANCJ,DNA damage foci,PhasePDB,False,0.7102592485,0.7583538664,0.0,0.547,0.8116245,Yes,0.20875135,0.832441717791411,0.614156492511492,0.824363992172211,4.9079754601227e-05,0.211288343558282,0.123206042803189,0.859484662576687,0.908368098159509,0.547,0.783103287220001
Q9BXP5,Serrate RNA effector molecule homolog,SRRT ARS2 ASR2,Cajal body,PhasePDB,False,0.9213656296,0.9254192269,0.0225,0.867,0.9819643,Yes,0.9541946,0.978453987730061,0.964757056003163,0.967058056099152,0.754061349693251,0.947975460122699,0.746621905161561,0.995779141104294,0.976098159509202,0.867,0.98547613620758
Q9BXU1,Serine/threonine-protein kinase 31,STK31 SGK396,,PhasePDB,False,0.5924088053000001,0.9194675503,0.0,0.363,0.20359907,Yes,0.20150405,0.74483435582822,0.619445405565716,0.402152641878669,0.523828220858895,0.21683435582822,,0.354601226993865,0.801815950920245,0.363,0.197907283902168
Q9BYW2,Histone-lysine N-methyltransferase SETD2,SETD2 HIF1 HYPB KIAA1732 KMT3A SET2,,PhasePDB,False,0.8484741551,0.5921603435,0.0025,0.733,0.954399,Yes,0.6938305,0.953276073619631,0.987692155602787,0.945477277669058,0.868220858895705,0.737079754601227,0.754846831724716,0.996760736196319,0.974085889570552,0.733,0.976496696472168
Q9GZR7,ATP-dependent RNA helicase DDX24,DDX24,Nucleolus,PhasePDB,False,0.9254321674,0.9583933567,0.000833333,0.891,0.8394631,Yes,0.28286842,0.701791411042944,0.213286540457713,0.523320287018917,0.810355828220858,0.665423312883435,0.590767939571968,0.80682208588957,0.942674846625766,0.891,0.890601813793182
Q9H0E2,Toll-interacting protein,TOLLIP,,PhasePDB,False,0.7073473959000001,0.7618416434,0.0,0.748,0.69072455,Yes,0.9636971,0.2680245398773,0.844792644950818,0.268373559469449,4.9079754601227e-05,0.813447852760736,0.244313890054553,0.785815950920245,0.617079754601227,0.748,0.753057658672332
Q9H171,Z-DNA-binding protein 1,ZBP1 C20orf183 DLM1,,PhasePDB,False,0.648685433,0.7924178847000001,0.005833333,0.419,0.04358548,Yes,0.15232794,0.845251533742331,0.83673570263457,0.75222874537943,0.583165644171779,0.375754601226993,,0.583263803680981,0.513177914110429,0.419,0.0992477908730506
Q9H211,DNA replication factor Cdt1,CDT1,,PhasePDB,False,0.6815478589,0.7390638939,0.005,0.651,0.9484459,Yes,0.45741612,0.167950920245398,0.511838268004547,0.712274407479886,0.778110429447852,0.895558282208588,0.573394880402853,0.848245398773006,0.975803680981595,0.651,0.975610435009002
Q9H257,Caspase recruitment domain-containing protein 9,CARD9,,PhasePDB,False,0.6997094572,0.4377412842,0.000833333,0.581,0.49257678,Yes,0.36548635,0.567509202453987,0.272601453215362,0.367960426179604,0.759509202453987,0.244171779141104,,0.888343558282208,0.8920245398773,0.581,0.640405416488647
Q9H2A3,Neurogenin-2,NEUROG2 ATOH4 BHLHA8 NGN2,,PhasePDB,False,0.2927736359,0.3028423216,0.000833333,0.178,0.0025653683,Yes,0.29816845,0.511852760736196,0.86130196233503,0.897640791476408,0.871165644171779,0.981546012269938,,0.734331288343558,0.251975460122699,0.178,0.0109128020703792
Q9H334,Forkhead box protein P1,FOXP1,Transcriptional condensate,PhasePDB,False,0.3591976059,0.274227027,0.005833333,0.689,0.7150438,Yes,0.93337876,0.358380368098159,0.982205526172705,0.739508588823657,0.718233128834355,0.920343558282208,0.245404951741502,0.889423312883435,0.850503067484662,0.689,0.746113002300262
Q9H3F6,BTB/POZ domain-containing adapter for CUL3-mediated RhoA degradation protein 3,KCTD10 ULR061,Postsynaptic density,PhasePDB,False,0.6946132949,0.6017576844,0.000833333,0.256,0.449754,No,0.9129626,0.495558282208588,0.430576837526568,0.608012611437268,4.9079754601227e-05,0.712147239263803,0.196307175828787,0.044858895705521,0.683386503067484,0.256,0.0858989953994751
Q9H3S7,Tyrosine-protein phosphatase non-receptor type 23,PTPN23 KIAA1471,SINT-speckle,PhasePDB,False,0.7666496302,0.947985014,0.0,0.78,0.91531694,Yes,0.6675883,0.622380368098159,0.982205526172705,0.961730811045879,0.763975460122699,0.856981595092024,0.942005874947545,0.900662576687116,0.985570552147239,0.78,0.979446411132812
Q9H3U5,Lysosomal dipeptide transporter MFSD1,MFSD1 SMAP4,,PhasePDB,True,0.0456853351,0.0441884626,0.0,0.082,0.01865598,No,0.023559052,0.291190184049079,0.270080569423162,0.132039573820395,0.550773006134969,0.750871165644171,0.522786403692824,0.503558282208589,0.008196319018404,0.082,0.0133684370666742
Q9H444,Charged multivesicular body protein 4b,CHMP4B C20orf178 SHAX1,Abscission checkpoint body,PhasePDB,False,0.6935582089,0.7907213813,0.000833333,0.789,0.6146025,Yes,0.12890877,0.656981595092024,0.10647026839998,0.016362252663622,0.936638036809815,0.946208588957055,,0.856196319018404,0.791950920245398,0.789,0.614602506160736
Q9H461,Frizzled-8,FZD8,Wnt signalodroplet,PhasePDB,True,0.0801331697,0.0894939003,0.000833333,0.501,0.0016049944,Yes,0.5680879,0.950920245398773,0.955612673619692,0.989073711676451,0.653742331288343,0.905815950920245,0.170037767519932,0.869595092024539,0.385325153374233,0.501,0.0011336824391037
Q9H4A3,Serine/threonine-protein kinase WNK1,WNK1 HSN2 KDP KIAA0344 PRKWNK1,TWN body,PhasePDB,False,0.8031623382,0.9833453401,0.006666667,0.804,0.63636124,Yes,0.89721465,0.873521472392638,0.993771934160446,0.808056099151989,0.739337423312883,0.911852760736196,0.040117498950902,0.993325153374233,0.835141104294478,0.804,0.600462138652801
Q9H4B6,Protein salvador homolog 1,SAV1 WW45,,PhasePDB,False,0.5397601731,0.2114942351,0.000833333,0.745,0.3237123,Yes,0.79888254,0.586895705521472,0.819732094310711,0.648727984344422,4.9079754601227e-05,0.288490797546012,0.699958036088963,0.912147239263803,0.872147239263803,0.745,0.322779238224029
Q9H4G4,Golgi-associated plant pathogenesis-related protein 1,GLIPR2 C9orf19 GAPR1,,PhasePDB,False,0.7474284832,0.6377321883,0.001666667,0.256,0.9726917,No,0.96359795,0.835828220858895,0.667539913993376,0.605566427484235,0.916319018404907,4.9079754601227e-05,0.48317247167436,0.891141104294478,0.852171779141104,0.256,0.991653263568878
Q9H5I1,Histone-lysine N-methyltransferase SUV39H2,SUV39H2 KMT1B,Nucleolus,PhasePDB,False,0.5911336013,0.6189999269,0.0,0.389,0.45829144,No,0.14996038,0.642453987730061,0.459344570214027,0.488693194172646,4.9079754601227e-05,0.265325153374233,0.443642467477968,0.036073619631901,0.846036809815951,0.389,0.465933382511138
Q9H5P4,PDZ domain-containing protein 7,PDZD7 PDZK7,,PhasePDB,False,0.7874796236,0.3551512121,0.011666667,0.37,0.039064754,Yes,0.48795077,0.93163190184049,0.897879491868914,0.932539682539682,0.741447852760736,0.837595092024539,,0.804711656441717,0.507141104294478,0.37,0.0142378164455294
Q9H5Q4,"Dimethyladenosine transferase 2, mitochondrial",TFB2M NS5ATP5,Mitochondrial nucleoid,PhasePDB,False,0.5072450257000001,0.7547906836,0.0,0.108,0.91853034,Yes,0.048301667,0.421791411042944,0.22228263555929,0.383779082409219,4.9079754601227e-05,4.9079754601227e-05,0.495509861519093,0.344687116564417,0.470773006134969,0.108,0.951844036579132
Q9H6S1,5-azacytidine-induced protein 2,AZI2 NAP1 TBKBP2,SINT-speckle,PhasePDB,False,0.4257999408,0.4636617967,0.0,0.236,0.85769033,Yes,0.19958448,0.375950920245398,0.399041075577084,0.520711024135681,4.9079754601227e-05,0.24642944785276,,0.90601226993865,0.98640490797546,0.236,0.962983310222625
Q9H7Z6,Histone acetyltransferase KAT8,KAT8 MOF MYST1,Cajal body; PML nuclear body,PhasePDB,False,0.5251935928,0.5841877815000001,0.0,0.418,0.46816835,Yes,0.89470583,0.658699386503067,0.315258761306905,0.771526418786692,0.710331288343558,0.538453987730061,0.017960553923625,0.586699386503067,0.752539877300613,0.418,0.610087990760803
Q9H8W2,Putative uncharacterized protein encoded by LINC00472,LINC00472 C6orf155,Nucleolus,PhasePDB,False,0.2724461097,-,0.0,0.336,0.037821215,No,0.08337129,0.607754601226993,0.48257624437744,,0.947239263803681,0.931828220858895,,0.136196319018404,0.421644171779141,0.336,0.0282147470861673
Q9H8Y8,Golgi reassembly-stacking protein 2,GORASP2 GOLPH6,,PhasePDB,False,0.4766841232,0.328931627,0.0025,0.836,0.824248,Yes,0.8578804,0.576441717791411,0.83589540803717,0.644596651445966,0.762699386503067,0.944294478527607,0.917498950902224,0.901251533742331,0.664687116564417,0.836,0.80594128370285
Q9H9J4,Ubiquitin carboxyl-terminal hydrolase 42,USP42,Nuclear speckle,PhasePDB,False,0.8705326538,0.5795376498,0.003333333,0.665,0.88063514,Yes,0.67538214,0.965349693251533,0.94404626563195,0.857197216786257,0.897766871165644,0.819386503067484,0.276710029374737,0.953865030674846,0.856049079754601,0.665,0.975980401039123
Q9H9S0,Homeobox protein NANOG,NANOG,Transcriptional condensate,LLPSDB+PhasePDB,False,0.4614246314,0.2927996163,0.000833333,0.861,0.960482,Yes,0.44849238,0.201030674846625,0.967920518016904,0.959502065666449,0.802355828220858,0.76520245398773,,0.906846625766871,0.912343558282208,0.861,0.980159163475036
Q9HBL0,Tensin-1,TNS1 TNS,,PhasePDB,False,0.6913675609000001,0.8827923421,0.008333333,0.846,0.95780313,Yes,0.865493,0.949546012269938,0.963323612278187,0.933463796477495,0.813644171779141,0.618355828220858,0.417289131347041,0.979730061349693,0.985276073619631,0.846,0.890575587749481
Q9HC52,Chromobox protein homolog 8,CBX8 PC3 RC1,Nuclear body,PhasePDB,False,0.7903869755,0.9350282019,0.014166667,0.834,0.78697884,Yes,0.80434376,0.936539877300613,0.539567989718748,0.748749728201783,0.641177914110429,0.909742331288343,0.688711707931179,0.970552147239263,0.932564417177914,0.834,0.772427439689636
Q9HC98,Serine/threonine-protein kinase Nek6,NEK6,,PhasePDB,False,0.7268237224,0.9805444533,0.0,0.446,0.9857874,Yes,0.8743518,0.355484662576687,0.616677376303692,0.716460100021743,4.9079754601227e-05,4.9079754601227e-05,0.327234578262694,0.81722699386503,0.837349693251533,0.446,0.990744709968566
Q9HCE1,Helicase MOV-10,MOV10 KIAA1631,P-body,PhasePDB,False,0.5844807768,0.8587436078,0.0,0.738,0.372971,Yes,0.15349029,0.786110429447852,0.360980673224259,0.36176342683192,0.567754601226993,0.474453987730061,0.024255140579101,0.592343558282208,0.673865030674846,0.738,0.342216610908508
Q9HCE7,E3 ubiquitin-protein ligase SMURF1,SMURF1 KIAA1625,,PhasePDB,False,0.5828738178,0.3192813671,0.0,0.791,0.15104027,Yes,0.97156626,0.888736196319018,0.873313232168454,0.77429876060013,4.9079754601227e-05,4.9079754601227e-05,,0.708662576687116,0.67361963190184,0.791,0.0997258201241493
Q9NP98,Myozenin-1,MYOZ1 MYOZ,,PhasePDB,False,0.5029935142,0.4779379318,0.004166667,0.604,0.9783939,Yes,0.6688382,0.992343558282208,0.986060995501952,0.974124809741248,0.713570552147239,0.841276073619631,,0.993815950920245,0.956319018404908,0.604,0.983037173748016
Q9NQG5,Regulation of nuclear pre-mRNA domain-containing protein 1B,RPRD1B C20orf77 CREPT,,PhasePDB,False,0.6283526252,0.5805682846,0.0,0.603,0.48073515,Yes,0.74811316,0.376049079754601,0.09114724927092,0.018917155903457,0.779141104294478,0.426895705521472,0.290306336550566,0.865423312883435,0.857570552147239,0.603,0.523119449615478
Q9NQW6,Anillin,ANLN,Transcriptional condensate,PhasePDB,False,0.7875086680000001,0.5032460710000001,0.001666667,0.834,0.85710126,Yes,0.4491861,0.720245398773006,0.653353764025505,0.673842139595564,0.79842944785276,0.421251533742331,0.683340327318506,0.973300613496932,0.946257668711656,0.834,0.834123969078064
Q9NR56,Muscleblind-like protein 1,MBNL1 EXP KIAA0428 MBNL,P-body; Stress granule,PhasePDB,False,0.7188128637,0.9061382938,0.000833333,0.543,0.6932688,Yes,0.9809576,0.108122699386503,0.967277939795363,0.537671232876712,4.9079754601227e-05,0.901104294478527,0.063617289131347,0.750871165644171,0.553766871165644,0.543,0.674830257892608
Q9NRA8,Eukaryotic translation initiation factor 4E transporter,EIF4ENIF1,P-body,PhasePDB,False,0.6578342042,0.9701060569,0.0175,0.788,0.6812708,Yes,0.67942345,0.851337423312883,0.912658790964361,0.678625788214829,0.869496932515337,0.790527607361963,0.998153587914393,0.989496932515337,0.969276073619631,0.788,0.751922249794006
Q9NSU2,Three-prime repair exonuclease 1,TREX1,cGAS-DNA complex,PhasePDB,False,0.123494458,0.3796837062,,0.225,0.7329813,Yes,0.0738617,0.133840490797546,0.262122485294844,0.348717112415742,4.9079754601227e-05,0.873717791411043,0.385228703315148,0.148319018404907,0.305276073619631,0.225,0.934645771980285
Q9NSV4,Protein diaphanous homolog 3,DIAPH3 DIAP3,,PhasePDB,False,0.8308964101,0.6814539183,0.001666667,0.603,0.32503203,Yes,0.8441533,0.709595092024539,0.93154070485888,0.890247879973907,0.611926380368098,0.784588957055214,0.01141418380193,0.76682208588957,0.886233128834355,0.603,0.143360704183578
Q9NTZ6,RNA-binding protein 12,RBM12 KIAA0765,Nuclear speckle,PhasePDB,False,0.8575701081,0.9207987009,0.010833333,0.904,0.92313796,Yes,0.9482409,0.98640490797546,0.983638969897681,0.995814307458143,4.9079754601227e-05,0.934134969325153,0.780276961812841,0.978552147239263,0.859386503067484,0.904,0.922081470489502
Q9NUD5,Zinc finger CCHC domain-containing protein 3,ZCCHC3 C20orf99,,PhasePDB,False,0.8354482294000001,0.8797265097,0.005833333,0.531,0.021983165,Yes,0.59652066,0.970355828220858,0.1740892689437,0.794031311154598,0.836760736196319,0.930650306748466,0.643810323122115,0.63440490797546,0.779779141104294,0.531,0.0178817026317119
Q9NUX5,Protection of telomeres protein 1,POT1,,PhasePDB,False,0.469099127,0.8207271994,0.0,0.521,0.2264334,Yes,0.12794095,0.484662576687116,0.342988483021106,0.226081756903674,4.9079754601227e-05,4.9079754601227e-05,0.493159882501049,0.622871165644171,0.100907975460122,0.521,0.931315541267395
Q9NWB1,RNA binding protein fox-1 homolog 1,RBFOX1 A2BP A2BP1 FOX1 HRNBP1,Nuclear speckle; Stress granule,PhasePDB,False,0.8141141310000001,0.9256688311,0.016666667,0.939,0.9231844,Yes,0.9761835,0.662184049079754,0.916069398447926,0.899489019352033,0.782085889570552,0.821889570552147,0.678136802349979,0.941153374233128,0.263803680981595,0.939,0.97853010892868
Q9NWF9,E3 ubiquitin-protein ligase RNF216,RNF216 TRIAD3 UBCE7IP1 ZIN,,PhasePDB,False,0.374535257,0.5071620003,0.0,0.601,0.06731413,Yes,0.35464728,0.591803680981595,0.927092086402056,0.989236790606653,0.779337423312883,0.609177914110429,0.150818296265211,0.853104294478527,0.686085889570552,0.601,0.0537408776581287
Q9NWS1,PCNA-interacting partner,PARPBP C12orf48 PARI,DNA damage foci,PhasePDB,False,0.6855978458,0.7941385956,0.000833333,0.23,0.078621216,Yes,0.105437316,0.766331288343558,0.329692056744599,0.202707110241356,4.9079754601227e-05,4.9079754601227e-05,0.086613512379353,0.413300613496932,0.65761963190184,0.23,0.100952789187431
Q9NX01,Thioredoxin-like protein 4B,TXNL4B DIM2 DLP,P-body,PhasePDB,False,0.7140240206,0.4497507277,0.000833333,0.147,0.7175623,No,0.20783207,0.187975460122699,0.265038801838762,0.042291802565775,4.9079754601227e-05,4.9079754601227e-05,0.134872010071338,0.611190184049079,0.615901840490797,0.147,0.700692236423492
Q9NYF0,Dapper homolog 1,DACT1 DPR1 HNG3,,PhasePDB,False,0.3700252537,0.6286157760000001,0.001666667,0.458,0.49501044,Yes,0.34426218,0.946552147239263,0.79106321981118,0.789899978256142,0.659582822085889,0.87440490797546,0.266722618548048,0.385276073619631,0.551509202453987,0.458,0.949279487133026
Q9NYJ8,TGF-beta-activated kinase 1 and MAP3K7-binding protein 2,TAB2 KIAA0733 MAP3K7IP2,,PhasePDB,False,0.5304805511,0.3504603401,0.001666667,0.853,0.7012552,Yes,0.6344856,0.740466257668711,0.987543868320893,0.850619699934768,4.9079754601227e-05,0.615705521472392,0.235249685270667,0.995239263803681,0.949153374233128,0.853,0.747250199317932
Q9NZB2,Constitutive coactivator of PPAR-gamma-like protein 1,FAM120A C9orf10 KIAA0183 OSSA,Stress granule,PhasePDB,False,0.6697452841,0.7087078504000001,0.003333333,0.841,0.9712879,Yes,0.6494657,0.92323926380368,0.947654589491374,0.974233529028049,0.627779141104294,0.738061349693251,0.268485102811582,0.957889570552147,0.952294478527607,0.841,0.961448013782501
Q9NZM5,Ribosome biogenesis protein NOP53,NOP53 GLT GLTSCR2 PICT1,Nucleolus,PhasePDB,False,0.8830510635000001,0.9289085824,,0.798,0.6118263,Yes,0.09623271,0.809472392638036,0.111858039642133,0.526255707762557,0.741791411042944,0.87960736196319,0.954595048258497,0.752245398773006,0.918674846625766,0.798,0.458545207977294
Q9P0U3,Sentrin-specific protease 1,SENP1,,PhasePDB,False,0.6147311923000001,0.3484378406,0.0,0.639,0.40325937,Yes,0.19270161,0.650944785276073,0.91883742770995,0.709284627092846,4.9079754601227e-05,0.849766871165644,0.733025597985732,0.965104294478527,0.872294478527607,0.639,0.247183084487915
Q9P202,Whirlin,WHRN DFNB31 KIAA1526,,PhasePDB,False,0.7216372403,0.3314187151,0.006666667,0.686,0.271432,Yes,0.652313,0.966036809815951,0.900103801097325,0.74342248314851,0.562748466257668,0.573006134969325,,0.677055214723926,0.615312883435582,0.686,0.299013912677764
Q9UBK2,Peroxisome proliferator-activated receptor gamma coactivator 1-alpha,PPARGC1A LEM6 PGC1 PGC1A PPARGC1,Transcriptional condensate,PhasePDB,False,0.5341830903,0.9554426804,0.004166667,0.695,0.8555204,Yes,0.67696536,0.782871165644171,0.8511195689783,0.921885192433137,0.583509202453987,0.867092024539877,0.085102811582039,0.824294478527607,0.937177914110429,0.695,0.966565430164337
Q9UBT2,SUMO-activating enzyme subunit 2,UBA2 SAE2 UBLE1B,,PhasePDB,False,0.844430436,0.9362365761,0.0,0.823,0.3967269,Yes,0.7052294,0.746257668711656,0.515248875488112,0.399162861491628,0.73442944785276,0.575361963190184,0.348468317247167,0.710233128834355,0.803975460122699,0.823,0.400850385427475
Q9UDY2,Tight junction protein 2,TJP2 X104 ZO2,,PhasePDB,False,0.9279060086,0.9367008172,,0.965,0.9972922,Yes,0.9558465,0.972269938650306,0.674262270772576,0.831485105457708,0.801276073619631,0.623018404907975,0.809064204783885,0.998576687116564,0.999509202453987,0.965,0.998318791389465
Q9UDY8,Mucosa-associated lymphoid tissue lymphoma translocation protein 1,MALT1 MLT,,PhasePDB,False,0.4565347064,0.5666888217,0.0,0.482,0.37332624,Yes,0.09709405,0.607067484662576,0.89081113143196,0.889269406392694,4.9079754601227e-05,0.561717791411042,0.669324381032312,0.715239263803681,0.727361963190184,0.482,0.38968339562416
Q9UGP4,LIM domain-containing protein 1,LIMD1,,PhasePDB,False,0.344439566,0.1042987996,0.005833333,0.833,0.94417554,Yes,0.729595,0.924171779141104,0.888339676733725,0.925907806044792,0.812073619631901,0.775558282208588,0.880738564834242,0.973349693251533,0.947239263803681,0.833,0.976087093353271
Q9UHR4,BAR/IMD domain-containing adapter protein 2-like 1,BAIAP2L1 IRTKS,Heterochromatin,PhasePDB,False,0.8556007219,0.5690151481,0.006666667,0.682,0.92844856,Yes,0.84241563,0.570257668711656,0.880381592605407,0.786747118938899,0.682552147239263,0.623312883435582,0.493075954678976,0.957595092024539,0.992490797546012,0.682,0.872319817543029
Q9UHY1,Nuclear receptor-binding protein,NRBP1 BCON3 NRBP,TWN body,PhasePDB,False,0.6974087477,0.6864403253,0.001666667,0.221,0.5427404,Yes,0.8626864,0.319263803680981,0.312293015669022,0.329745596868884,0.714306748466257,0.772368098159509,0.005539236256819,0.676122699386503,0.532760736196319,0.221,0.539198994636535
Q9UIS9,Methyl-CpG-binding domain protein 1,MBD1 CXXC3 PCM1,Heterochromatin,PhasePDB,False,0.7119271443,0.5748335517000001,0.001666667,0.624,0.2579595,Yes,0.45314404,0.646134969325153,0.515248875488112,0.748749728201783,0.759312883435582,0.704932515337423,0.733613092740243,0.868122699386503,0.821840490797546,0.624,0.226150229573249
Q9UJA2,Cardiolipin synthase (CMP-forming),CRLS1 C20orf155 CLS1,,PhasePDB,True,0.1170661771,0.2628498104,0.0,0.053,0.0030629006,Yes,0.024668079,0.13801226993865,0.749493351786861,0.239889106327462,4.9079754601227e-05,0.896490797546012,,0.365546012269938,0.026306748466257,0.053,0.0019523581722751
Q9UJY1,Heat shock protein beta-8,HSPB8 CRYAC E2IG1 HSP22,,PhasePDB,False,0.3375851418,0.4389478291,0.003333333,0.489,0.5160943,Yes,0.55189294,0.33722699386503,0.202313281597548,0.909328114807566,4.9079754601227e-05,0.513815950920245,0.452538816617708,0.820907975460122,0.881177914110429,0.489,0.952783584594726
Q9UM73,ALK tyrosine kinase receptor,ALK,,PhasePDB,True,0.3597359203,0.9039928255,0.000833333,0.749,0.72956294,Yes,0.23372291,0.961766871165644,0.829271909445899,0.980267449445531,0.515877300613496,0.651386503067484,0.585228703315149,0.81683435582822,0.599803680981595,0.749,0.952414631843566
Q9UMQ5,,N-myc,Transcriptional condensate,PhasePDB,False,,,,,,,,,,,,,,,,,
Q9UNE7,E3 ubiquitin-protein ligase CHIP,STUB1 CHIP,,PhasePDB,False,0.8370577294,0.7968872101000001,0.0,0.774,0.9340469,Yes,0.5238681,0.528147239263803,0.370866492017201,0.40813220265275,0.693742331288343,0.635730061349693,0.032480067142257,0.820711656441717,0.858208588957055,0.774,0.979204297065734
Q9UNQ2,Dimethyladenosine transferase,DIMT1 DIMT1L,Nucleolus,PhasePDB,False,0.8329283182,0.8882682234,0.0,0.537,0.6941063,No,0.8246263,0.473472392638036,0.14952300924324,0.304142204827136,4.9079754601227e-05,0.539779141104294,0.504741921947125,0.48961963190184,0.068220858895705,0.537,0.759255468845367
Q9UPQ9,Trinucleotide repeat-containing gene 6B protein,TNRC6B KIAA1093,miRISC; P-body,PhasePDB,False,0.6719195131,0.8791273879,0.011666667,0.945,0.951707,Yes,0.96302074,0.993668711656441,0.990015323019129,0.990160904544466,0.904785276073619,0.829889570552147,,0.988613496932515,0.986944785276073,0.945,0.9883953332901
Q9UPY8,Microtubule-associated protein RP/EB family member 3,MAPRE3,,PhasePDB,False,0.6519487782000001,0.6762756231,0.001666667,0.229,0.17174925,Yes,0.9692235,0.608147239263803,0.847115812367159,0.396281800391389,0.668171779141104,0.41722699386503,0.125052454888795,0.620711656441717,0.851582822085889,0.229,0.189068257808685
Q9UQB8,BAR/IMD domain-containing adapter protein 2,BAIAP2,Postsynaptic density,PhasePDB,False,0.8107121523,0.6316227451,0.011666667,0.876,0.9541624,Yes,0.8781026,0.801423312883435,0.819732094310711,0.716460100021743,0.644662576687116,0.267092024539877,0.220730172052035,0.946453987730061,0.980760736196319,0.876,0.881765365600585
Q9Y232,Chromodomain Y-like protein,CDYL CDYL1,,PhasePDB,False,0.812603941,0.426257081,,0.619,0.78864306,Yes,0.39707196,0.772515337423312,0.716277000642578,0.473853011524244,0.792883435582822,4.9079754601227e-05,0.954427192614351,0.827730061349693,0.871558282208589,0.619,0.784679532051086
Q9Y255,"PRELI domain-containing protein 1, mitochondrial",PRELID1 PRELI,,PhasePDB,False,0.358367447,0.280054249,0.000833333,0.094,0.30654654,No,0.13472804,0.150478527607361,0.124808462260886,0.098880191345944,0.807705521472392,0.77801226993865,0.882165337809483,0.741595092024539,0.705717791411043,0.094,0.300273418426513
Q9Y272,Dexamethasone-induced Ras-related protein 1,RASD1 AGS1 DEXRAS1,,PhasePDB,False,0.7133294182000001,0.7198311257000001,0.0,0.119,0.49876037,No,0.110979736,0.605889570552147,0.15120359843804,0.438736681887366,0.528343558282208,0.639312883435582,0.328745279060008,0.080638036809815,0.869546012269938,0.119,0.584487318992614
Q9Y2J0,Rabphilin-3A,RPH3A KIAA0985,,PhasePDB,False,0.8820356441,0.6204260009,0.0225,0.652,0.82494164,Yes,0.9559933,0.95960736196319,0.962384459492857,0.973309415090237,0.823754601226993,0.800490797546012,,0.882944785276073,0.81241717791411,0.652,0.873983681201934
Q9Y2K7,Lysine-specific demethylase 2A,KDM2A CXXC8 FBL11 FBL7 FBXL11 JHDM1A KIAA1004,,PhasePDB,False,0.6571511048,0.6352622167,0.0,0.527,0.091295026,Yes,0.46705332,0.718478527607362,0.345707083189165,0.613068058273537,0.520736196319018,0.563190184049079,0.384473352916491,0.629251533742331,0.823411042944785,0.527,0.1658396422863
Q9Y2X0,Mediator of RNA polymerase II transcription subunit 16,MED16 DRIP92 THRAP5,Mediator condensate,PhasePDB,False,0.2216805862,0.1881733514,0.0,0.35,0.45468655,Yes,0.10142353,0.255263803680981,0.285996737679798,0.40813220265275,0.58679754601227,0.214527607361963,0.305245488879563,0.54920245398773,0.90640490797546,0.35,0.943493485450744
Q9Y3I0,RNA-splicing ligase RtcB homolog,RTCB C22orf28,Stress granule,PhasePDB,False,0.9058909858,0.9390418726,0.0,0.689,0.53255,No,0.03966392,0.906110429447852,0.646384261776481,0.465101108936725,4.9079754601227e-05,4.9079754601227e-05,0.409651699538397,0.266601226993865,0.66601226993865,0.689,0.580728948116302
Q9Y490,Talin-1,TLN1 KIAA1027 TLN,,PhasePDB,False,0.9062634074,0.6561722867,0.0,0.784,0.97669965,Yes,0.9812151,0.811386503067484,0.973061143789234,0.436236138290932,0.542871165644171,0.616638036809816,0.613848090642047,0.95361963190184,0.908858895705521,0.784,0.982465863227844
Q9Y4G6,Talin-2,TLN2 KIAA0320,,PhasePDB,False,0.8638107421000001,0.6725020482,0.000833333,0.612,0.5516892,Yes,0.98131657,0.785815950920245,0.965449063318669,0.396281800391389,0.541104294478527,0.644319018404908,0.750734368443138,0.716171779141104,0.737128834355828,0.612,0.584252953529357
Q9Y572,Receptor-interacting serine/threonine-protein kinase 3,RIPK3 RIP3,Necrosome,PhasePDB,False,0.5094650224,0.8356820611,0.005833333,0.797,0.879204,Yes,0.2112813,0.820073619631901,0.943255400128515,0.893563818221352,0.672785276073619,0.633570552147239,,0.884613496932515,0.758085889570552,0.797,0.972970366477966
Q9Y5K6,CD2-associated protein,CD2AP,,PhasePDB,False,0.864043647,0.6770719144,0.004166667,0.881,0.9723652,Yes,0.87694246,0.899435582822085,0.256190994019079,0.571809088932376,0.832049079754601,0.799263803680981,0.939404112463281,0.960785276073619,0.964073619631901,0.881,0.97916442155838
Q9Y624,Junctional adhesion molecule A,F11R JAM1 JCAM,,PhasePDB,True,0.1165015876,0.1385051991,0.0,0.336,0.1137257,Yes,0.30035985,0.424883435582822,0.562750234788196,0.727929984779299,4.9079754601227e-05,0.698503067484662,0.078220730172052,0.78763190184049,0.620368098159509,0.336,0.110078170895576
Q9Y657,Spindlin-1,SPIN1 OCR SPIN,,PhasePDB,False,0.8421842139,0.6061210278,0.005,0.544,0.88973105,Yes,0.8226822,0.734134969325153,0.55439671790816,0.259947814742335,0.565055214723926,0.372122699386503,0.061938732689886,0.9000245398773,0.842159509202454,0.544,0.88296890258789
Q9Y6N9,Harmonin,USH1C AIE75,Receptor cluster,PhasePDB,False,0.9219509108,0.4784928349,0.000833333,0.422,0.6297293,Yes,0.77029556,0.920441717791411,0.172062676091147,0.605566427484235,4.9079754601227e-05,0.601914110429447,0.268736886277801,0.09320245398773,0.985668711656441,0.422,0.951903998851776
Q9Y6Q9,Nuclear receptor coactivator 3,NCOA3 AIB1 BHLHE42 RAC3 TRAM1,,PhasePDB,False,0.7552262084,0.4233075526,0.026666667,0.928,0.981398,Yes,0.917145,0.972858895705521,0.999110276308635,0.980539247662535,0.568098159509202,0.745717791411043,0.453545950482585,0.997398773006135,0.955288343558282,0.928,0.991932094097137
P09651-2,Heterogeneous nuclear ribonucleoprotein A1;Helix-destabilizing protein;Single-strand RNA-binding protein;hnRNP core protein A1,HNRNPA1;HNRPA1,Cytoplasm.,LLPSDB,False,,,,,,,,,,,,,,,,,
P00519,Tyrosine-protein kinase ABL1;Abelson murine leukemia viral oncogene homolog 1;Abelson tyrosine-protein kinase 1;Proto-oncogene c-Abl;p150,ABL1;ABL;JTK7,"Cytoplasm, cytoskeleton; Nucleus; Mitochondrion.",LLPSDB,False,0.794828623,0.9771932988,0.001666667,0.973,0.9740863,Yes,0.883547,0.937472392638036,0.628935791606939,0.828767123287671,0.868269938650306,0.597447852760736,0.445237096097356,0.937717791411043,0.99440490797546,0.973,0.990970134735107
P78352-3,Disks large homolog 4;Postsynaptic density protein 95;Synapse-associated protein 90,DLG4;PSD95,"Cell membrane; Lipid-anchor; Cytoplasmic side; Cell junction, synapse, postsynaptic cell membrane, postsynaptic density; Cell junction, synapse; Cytoplasm; Cell projection, axon.",LLPSDB,False,,,,,,,,,,,,,,,,,
P10636-8,Microtubule-associated protein tau;Neurofibrillary tangle protein;Paired helical filament-tau,MAPT;MAPTL;MTBT1;TAU,"Cytoplasm, cytosol; Cell membrane; Peripheral membrane protein; Cytoplasmic side; Cytoplasm, cytoskeleton; Cell projection, axon; Cytoplasm; Cell projection, dendrite.",LLPSDB,False,,,,,,,,,,,,,,,,,
Q14739,Lamin-B receptor;Integral nuclear envelope inner membrane protein;LMN2R,LBR,Nucleus inner membrane; Multi-pass membrane protein.,LLPSDB,True,0.3307056098,0.5650522090000001,0.0,0.424,0.5698512,Yes,0.121997654,0.555828220858895,0.48771687014977,0.563818221352468,0.541987730061349,0.53040490797546,0.435501468736886,0.819337423312883,0.688,0.424,0.952816784381866
P0CG48,Polyubiquitin-C,UBC,Cytoplasm; Nucleus.,LLPSDB,False,0.881793614,0.9814527395,0.0025,0.865,0.99456275,No,0.9518963,0.910134969325153,0.042410162621719,0.055881713415959,4.9079754601227e-05,4.9079754601227e-05,,0.905570552147239,0.936539877300613,0.865,0.98434954881668
P62750,60S ribosomal protein L23a;Large ribosomal subunit protein uL23,RPL23A,,LLPSDB,False,0.971865607,0.9789935067,0.005,0.893,0.9976136,No,0.9864674,0.292957055214723,0.031634620137412,0.420254403131115,0.904687116564417,0.848981595092024,,0.88240490797546,0.981693251533742,0.893,0.998157620429992
O43561-2,Linker for activation of T-cells family member 1;36 kDa phospho-tyrosine adapter protein;p36-38,LAT,Cell membrane; Single-pass type III membrane protein.,LLPSDB,False,,,,,,,,,,,,,,,,,
P18031,Tyrosine-protein phosphatase non-receptor type 1;Protein-tyrosine phosphatase 1B,PTPN1;PTP1B,Endoplasmic reticulum membrane; Peripheral membrane protein; Cytoplasmic side.,LLPSDB,False,0.5406235420000001,0.9453043604,0.000833333,0.783,0.96535873,Yes,0.3666246,0.457668711656441,0.202313281597548,0.51250271798217,4.9079754601227e-05,0.400392638036809,0.229290809903483,0.880294478527607,0.973693251533742,0.783,0.969563126564026
Q13094,Lymphocyte cytosolic protein 2;SH2 domain-containing leukocyte protein of 76 kDa;SLP-76 tyrosine phosphoprotein,LCP2,Cytoplasm.,LLPSDB,False,0.7901064079,0.4963913578,0.000833333,0.949,0.99594355,Yes,0.70351243,0.740319018404908,0.956255251841233,0.918080017395085,0.908957055214723,0.758871165644171,,0.949104294478527,0.990969325153374,0.949,0.997646450996398
O75791,GRB2-related adapter protein 2;Adapter protein GRID;GRB-2-like protein;GRBLG;GRBX;Grf40 adapter protein;Growth factor receptor-binding protein;Hematopoietic cell-associated adapter protein GrpL;P38;Protein GADS;SH3-SH2-SH3 adapter Mona,GRAP2;GADS;GRB2L;GRID,Nucleus; Cytoplasm; Endosome.,LLPSDB,False,0.6717987556,0.3023453876,0.006666667,0.905,0.9322678,Yes,0.9201848,0.866503067484662,0.970095398151351,0.166286149162861,4.9079754601227e-05,0.702036809815951,,0.925693251533742,0.861595092024539,0.905,0.977298855781555
P31942,Heterogeneous nuclear ribonucleoprotein H3;Heterogeneous nuclear ribonucleoprotein 2H9,HNRNPH3;HNRPH3,Nucleus.,LLPSDB,False,0.908541274,0.93948727,,0.983,0.9996933,Yes,0.9859423,0.997791411042944,0.989619890267411,0.998369210697977,4.9079754601227e-05,0.981055214723926,0.044985312631137,0.997595092024539,0.956368098159509,0.983,0.999744594097137
G8JLB6,Heterogeneous nuclear ribonucleoprotein H,HNRNPH1,,LLPSDB,False,,,,0.952,,,,,,,,,,,,,
P55795,Heterogeneous nuclear ribonucleoprotein H2;FTP-3;Heterogeneous nuclear ribonucleoprotein H',HNRNPH2;FTP3;HNRPH2,"Nucleus, nucleoplasm.",LLPSDB,False,0.8424448756,0.9261361649,,0.994,0.9997185,Yes,0.98453945,0.991754601226993,0.992091344965646,0.99635790389215,0.517055214723926,0.840932515337423,0.389341166596726,0.999165644171779,0.99042944785276,0.994,0.999724388122558
P33240,Cleavage stimulation factor subunit 2;CF-1 64 kDa subunit;Cleavage stimulation factor 64 kDa subunit,CSTF2,Nucleus.,LLPSDB,False,0.7807376112000001,0.944953702,0.015,0.973,0.97638637,Yes,0.96701103,0.945668711656441,0.99317878503287,0.9265057621222,0.573595092024539,0.891533742331288,0.759798573227024,0.99803680981595,0.967656441717791,0.973,0.990462660789489
Q9H0L4,Cleavage stimulation factor subunit 2 tau variant;CF-1 64 kDa subunit tau variant;Cleavage stimulation factor 64 kDa subunit tau variant;TauCstF-64,CSTF2T;KIAA0689,Nucleus.,LLPSDB,False,0.7945092499,0.9462527126,0.014166667,0.94,0.87034863,Yes,0.9358722,0.98360736196319,0.990707330334635,0.987660360948032,4.9079754601227e-05,0.920098159509202,0.767016365925304,0.998380368098159,0.974134969325153,0.94,0.98170518875122
P09651-1,Heterogeneous nuclear ribonucleoprotein A1;Helix-destabilizing protein;Single-strand RNA-binding protein;hnRNP core protein A1,HNRNPA1;HNRPA1,Nucleus; Cytoplasm.,LLPSDB,False,,,,,,,,,,,,,,,,,
A0A024RB53,Epididymis secretory sperm binding protein;Heterogeneous nuclear ribonucleoprotein A1; isoform CRA_a,HNRPA1;hCG_2017591,,LLPSDB,False,,,,0.968,,,,,,,,,,,,,
D6RBZ0,Heterogeneous nuclear ribonucleoprotein A/B,HNRNPAB,,LLPSDB,False,,,,0.936,,,,,,,,,,,,,
Q13151,Heterogeneous nuclear ribonucleoprotein A0,HNRNPA0;HNRPA0,Nucleus.,LLPSDB,False,0.8892934653000001,0.9776074616,,0.985,0.9958478,Yes,0.9870989,0.998674846625766,0.994414512381988,0.999130245705588,0.756613496932515,0.975558282208589,0.556189676877885,0.999312883435582,0.994061349693251,0.985,0.996429800987243
K7EK33,DAZ-associated protein 1,DAZAP1,,LLPSDB,False,,,,0.964,,,,,,,,,,,,,
Q32P51,Heterogeneous nuclear ribonucleoprotein A1-like 2;hnRNP core protein A1-like 2,HNRNPA1L2;HNRNPA1L,Nucleus; Cytoplasm.,LLPSDB,False,0.9318353426,0.946457449,,0.984,0.9980749,Yes,0.9879494,0.997006134969325,0.994513370569917,0.999673842139595,0.788122699386503,0.955141104294478,,0.996907975460122,0.987386503067484,0.984,0.998533904552459
Q15811,Intersectin-1;SH3 domain-containing protein 1A;SH3P17,ITSN1;ITSN;SH3D1A,"Endomembrane system; Cell junction, synapse, synaptosome; Cell projection, lamellipodium; Membrane, clathrin-coated pit.",LLPSDB,False,0.8866746711,0.4245700821,0.003333333,0.948,0.9833422,Yes,0.9793259,0.887067484662576,0.825663585586476,0.808056099151989,4.9079754601227e-05,0.604171779141104,0.109525807805287,0.619533742331288,0.822527607361963,0.948,0.989768862724304
O00410,Importin-5;Importin subunit beta-3;Karyopherin beta-3;Ran-binding protein 5,IPO5;KPNB3;RANBP5,"Cytoplasm; Nucleus; Nucleus, nucleolus.",LLPSDB,False,0.6669998829,0.9429536885,0.0,0.899,0.9767707,No,0.9613792,0.419975460122699,0.523058672334536,0.171776473146336,4.9079754601227e-05,0.206527607361963,0.092152748636172,0.473030674846625,0.462478527607361,0.899,0.992998778820037
Q92804-2,TATA-binding protein-associated factor 2N;68 kDa TATA-binding protein-associated factor;RNA-binding protein 56,TAF15;RBP56;TAF2N,Nucleus; Cytoplasm.,LLPSDB,False,,,,,,,,,,,,,,,,,
P16753-2,Capsid scaffolding protein;Protease precursor,UL80;APNG,Host cytoplasm; Host nucleus; Host nucleus.,LLPSDB,False,,,,,,,,,,,,,,,,,
P19622,Homeobox protein engrailed-2,EN2,Nucleus.,LLPSDB,False,0.7509020275,0.5346185705000001,0.004166667,0.586,0.92027646,Yes,0.6728856,0.994944785276073,0.905392714151549,0.975592520113068,0.835828220858895,0.976,0.684263533361309,0.874453987730061,0.61840490797546,0.586,0.960793018341064
P23769 ,Endothelial transcription factor GATA-2;GATA-binding protein 2,GATA2,Nucleus.,LLPSDB,False,,,,,,,,,,,,,,,,,
Q13542,Eukaryotic translation initiation factor 4E-binding protein 2;4E-BP2;eIF4E-binding protein 2;EIF4EBP2,EIF4EBP2,Cytoplasm.Postsynapse.,LLPSDB,False,0.4479152171,0.4651877834,0.004166667,0.327,0.9784384,Yes,0.57740796,0.296490797546012,0.465720923335475,,0.943852760736196,0.49001226993865,0.768107427612253,0.758723926380368,0.776049079754601,0.327,0.978438377380371
P35555,Fibrillin-1;Asprosin,FBN1;FBN,"Extracellular matrix, Secreted.",LLPSDB,False,0.6613620946000001,0.2981102902,0.0025,0.862,0.026776325,Yes,0.9603396,0.968981595092024,0.819732094310711,0.97352685366384,4.9079754601227e-05,0.266993865030674,0.025346202266051,0.765398773006135,0.491926380368098,0.862,
P52292,Importin subunit alpha-1;Karyopherin subunit alpha-2;RAG cohort protein 1;SRP1-alpha,KPNA2;RCH1;SRP1,Cytoplasm;Nucleus.,LLPSDB,False,0.7196712497000001,0.9435749794,0.001666667,0.786,0.9916891,No,0.98060834,0.52161963190184,0.634323562849093,0.144433572515764,0.546699386503067,0.253938650306748,0.302895509861519,0.799165644171779,0.537914110429447,0.786,0.99616277217865
O14980,Exportin-1;Exp1;Chromosome region maintenance 1 protein homolog,XPO1;CRM1,"Cytoplasm;Nucleus,nucleoplasm;Nucleus,Cajal body;Nucleus,nucleolus.",LLPSDB,False,0.558434171,0.8680363120000001,0.0025,0.881,0.9893756,No,0.97527087,0.388613496932515,0.568731155157925,0.139704283539899,4.9079754601227e-05,4.9079754601227e-05,0.851615610574905,0.458846625766871,0.407165644171779,0.881,0.995131492614746
P08908,5-hydroxytryptamine receptor 1A;5-HT-1A;5-HT1A;G-21;Serotonin receptor 1A,HTR1A;ADRB2RL1;ADRBRL1,Cell membrane;Multi-pass membrane protein.,LLPSDB,True,0.4170778534,0.0921235735,0.0,0.68,0.8727934,Yes,0.26355502,0.319361963190184,0.342988483021106,0.6838443139813,4.9079754601227e-05,0.261006134969325,,0.40642944785276,0.218110429447852,0.68,0.927753925323486
