UniProt_ID,Entry_name,TMD_class,tool,whole_score,whole_source,region_score_approach,concat_Cytoplasmic,concat_Transmembrane,concat_Extracellular,segment_mean_Cytoplasmic,segment_n_Cytoplasmic,segment_mean_Transmembrane,segment_n_Transmembrane,segment_mean_Extracellular,segment_n_Extracellular,region_mean_Cytoplasmic,region_mean_Transmembrane,region_mean_Extracellular
P08908,5HT1A_HUMAN,multi,DeePhase,0.5755573841337309,whole,concatenated,0.4262157393532491,0.472778515787335,0.3627117392143161,0.41070031587953476,4,0.42785769722744194,7,0.4313353981696646,2,,,
P05067,A4_HUMAN,single,DeePhase,0.7517669594641843,whole,concatenated,0.3563983992628537,0.5552364669194518,0.7344462138568033,0.3563983992628537,1,0.5552364669194518,1,0.7344462138568033,1,,,
P08172,ACM2_HUMAN,multi,DeePhase,0.4707865788405745,whole,concatenated,0.6051416023208434,0.409509509560385,0.3244701406451759,0.4427194673148561,4,0.44770445716494345,7,0.503455091868635,2,,,
Q8WXG9,AGRV1_HUMAN,multi,DeePhase,0.5152989499266505,whole,concatenated,0.48055189338494,0.468526538878098,0.3322271297226232,0.41693134811130544,4,0.46864490388173546,7,0.3515468658833978,3,,,
Q9UM73,ALK_HUMAN,single,DeePhase,0.85925445689782,whole,concatenated,0.7942028954083203,0.5290813647025467,0.7515490793648962,0.7942028954083203,1,0.5290813647025467,1,0.7515490793648962,1,,,
Q7Z3C6,ATG9A_HUMAN,multi,DeePhase,0.570137646524983,whole,concatenated,0.7922406558617741,0.3951067659752671,0.1738177955554495,0.30742217774331543,6,0.4905955903667166,4,0.2123924830326571,1,,,
Q03135,CAV1_HUMAN,single,DeePhase,0.099441732848538,whole,concatenated,0.0939413384601818,,,0.12933941561816406,2,,0,,0,,,
P10747,CD28_HUMAN,single,DeePhase,0.2813151568820208,whole,concatenated,0.4648561912856745,0.4730025455903851,0.213633939998678,0.4648561912856745,1,0.4730025455903851,1,0.213633939998678,1,,,
P07766,CD3E_HUMAN,single,DeePhase,0.3840600106586072,whole,concatenated,0.4141107652120344,0.4402226753634938,0.1240112911383712,0.4141107652120344,1,0.4402226753634938,1,0.1240112911383712,1,,,
P20963,CD3Z_HUMAN,single,DeePhase,0.31857331715825,whole,concatenated,0.3724182603090155,0.472206197565668,,0.3724182603090155,1,0.472206197565668,1,,0,,,
P13569,CFTR_HUMAN,multi,DeePhase,0.319666687562136,whole,concatenated,0.4880795021601903,0.5181608113187434,0.1214320821361263,0.19898491927343048,7,0.45411400607835956,12,0.3868552816081259,4,,,
Q07065,CKAP4_HUMAN,single,DeePhase,0.824053519508696,whole,concatenated,0.6449927775108675,0.5916048218273569,0.68048123625187,0.6449927775108675,1,0.5916048218273569,1,0.68048123625187,1,,,
P15954,COX7C_HUMAN,single,DeePhase,0.1451981439729742,whole,concatenated,,0.3247205691560227,0.3625697507204373,,0,0.3247205691560227,1,0.4230292290455665,1,,,
Q9UJA2,CRLS1_HUMAN,multi,DeePhase,0.3495007206973131,whole,concatenated,,0.3371929683808012,,,0,0.47960921991934596,5,,0,,,
P61073,CXCR4_HUMAN,multi,DeePhase,0.3375601145195614,whole,concatenated,0.2165526411857782,0.3942540281387774,0.1760516209417069,0.4031635809650106,4,0.4545395105621232,7,0.3624027749653067,4,,,
Q08345,DDR1_HUMAN,single,DeePhase,0.7904547668784648,whole,concatenated,0.6803259123755538,0.5254617299743511,0.6212699861731961,0.6803259123755538,1,0.5254617299743511,1,0.6212699861731961,1,,,
P00533,EGFR_HUMAN,single,DeePhase,0.708737096472045,whole,concatenated,0.7436360421932625,0.536199443986308,0.3910713978721543,0.7436360421932625,1,0.536199443986308,1,0.3910713978721543,1,,,
P29317,EPHA2_HUMAN,single,DeePhase,0.5090752430571824,whole,concatenated,0.2815307031117362,0.5346749605232195,0.4888416758968784,0.2815307031117362,1,0.5346749605232195,1,0.4888416758968784,1,,,
P04626,ERBB2_HUMAN,single,DeePhase,0.7916032112568478,whole,concatenated,0.7821972512774278,0.5288874802798802,0.371540899707839,0.7821972512774278,1,0.5288874802798802,1,0.371540899707839,1,,,
Q15303,ERBB4_HUMAN,single,DeePhase,0.7417623343955715,whole,concatenated,0.7707305070670378,0.4728661786117479,0.458293112797872,0.7707305070670378,1,0.4728661786117479,1,0.458293112797872,1,,,
O75460,ERN1_HUMAN,single,DeePhase,0.8076256814335443,whole,concatenated,0.736585092439449,0.4712362967743385,0.5441549576535176,0.736585092439449,1,0.4712362967743385,1,0.5441549576535176,1,,,
P11362,FGFR1_HUMAN,single,DeePhase,0.7475201863033696,whole,concatenated,0.3738548160746867,0.4643145933550472,0.6714096776654154,0.3738548160746867,1,0.4643145933550472,1,0.6714096776654154,1,,,
P21802,FGFR2_HUMAN,single,DeePhase,0.6792178467362027,whole,concatenated,0.6025417216814728,0.4022632249878636,0.5698252106351545,0.6025417216814728,1,0.4022632249878636,1,0.5698252106351545,1,,,
Q9BRQ8,FSP1_HUMAN,single,DeePhase,0.160960749617091,whole,concatenated,,0.5666690720630303,,,0,0.5666690720630303,1,,0,,,
Q9H461,FZD8_HUMAN,multi,DeePhase,0.6823047967816465,whole,concatenated,0.5400515430609639,0.4786849488626341,0.7896940342028782,0.4490686559288336,4,0.47131243487250346,7,0.4579780521650299,4,,,
P01857,IGHG1_HUMAN,single,DeePhase,0.3871847853274284,whole,concatenated,,,0.3871847853274284,,0,,0,0.3871847853274284,1,,,
P05556,ITB1_HUMAN,single,DeePhase,0.5887369735934134,whole,concatenated,0.1925813749188188,0.5222356352042711,0.6231271349866099,0.1925813749188188,1,0.5222356352042711,1,0.6231271349866099,1,,,
Q9Y624,JAM1_HUMAN,single,DeePhase,0.2792030519407533,whole,concatenated,0.3131516541941709,0.5571413615320857,0.2145073678417988,0.3131516541941709,1,0.5571413615320857,1,0.2145073678417988,1,,,
Q9BR39,JPH2_HUMAN,single,DeePhase,0.9085145678132642,whole,concatenated,0.8945590709689284,0.4015497575656473,,0.8945590709689284,1,0.4015497575656473,1,,0,,,
O43561,LAT_HUMAN,single,DeePhase,0.6475741385548002,whole,concatenated,0.668891758549701,0.5347628505405719,,0.668891758549701,1,0.5347628505405719,1,,0,,,
Q14739,LBR_HUMAN,multi,DeePhase,0.4318260637083343,whole,concatenated,,0.4267726828409528,0.6145968140295306,,0,0.4565813214584139,8,0.6145968140295306,1,,,
Q8NC56,LEMD2_HUMAN,multi,DeePhase,0.7480487431855307,whole,concatenated,,0.5476210174927328,,,0,0.5330100579037506,2,,0,,,
O75581,LRP6_HUMAN,single,DeePhase,0.6863973018752079,whole,concatenated,0.7239592645671089,0.5691391174929641,0.5408543358093589,0.7239592645671089,1,0.5691391174929641,1,0.5408543358093589,1,,,
Q13021,MALL_HUMAN,multi,DeePhase,0.356358347216439,whole,concatenated,,0.4112033947004316,,,0,0.45600206785968594,4,,0,,,
Q7Z434,MAVS_HUMAN,single,DeePhase,0.8157379853939009,whole,concatenated,0.8330745379708189,0.5106724733026158,,0.8330745379708189,1,0.5106724733026158,1,,0,,,
P15529,MCP_HUMAN,single,DeePhase,0.4297136769581865,whole,concatenated,0.4015803161524126,0.5180209818568984,0.6511131984232761,0.4015803161524126,1,0.5180209818568984,1,0.6511131984232761,1,,,
Q9H3U5,MFSD1_HUMAN,multi,DeePhase,0.4962737032969332,whole,concatenated,,0.4680417963376303,,,0,0.46471918429177267,12,,0,,,
P15941,MUC1_HUMAN,single,DeePhase,0.8098321704265643,whole,concatenated,0.3955669847208679,0.525997358332251,0.8226779566841024,0.3955669847208679,1,0.525997358332251,1,0.8226779566841024,1,,,
Q12879,NMDE1_HUMAN,multi,DeePhase,0.7444131631049393,whole,concatenated,0.7580414618027969,0.4383021725636657,0.3088448748638799,0.5034538020243223,3,0.4632811129892267,3,0.2005535928424081,2,,,
P46531,NOTC1_HUMAN,single,DeePhase,0.8347137030915559,whole,concatenated,0.9096430344347542,0.5899659477689763,0.465471671438559,0.9096430344347542,1,0.5899659477689763,1,0.465471671438559,1,,,
O60500,NPHN_HUMAN,single,DeePhase,0.8102068868890275,whole,concatenated,0.49501948792644,0.5222525215442053,0.7281165451903482,0.49501948792644,1,0.5222525215442053,1,0.7281165451903482,1,,,
P49146,NPY2R_HUMAN,multi,DeePhase,0.2850098495429285,whole,concatenated,0.125507010784975,0.3913577942561121,0.3007443901561228,0.3447344186006316,4,0.438863571029414,7,0.4026876291629463,2,,,
O00254,PAR3_HUMAN,multi,DeePhase,0.4546829937627076,whole,concatenated,0.2178004162690341,0.4512135670249378,0.1950837291750926,0.40987996883859035,3,0.4547832163261507,7,0.3245296171485236,4,,,
O60733,PLPL9_HUMAN,multi,DeePhase,0.4812713663054601,whole,concatenated,,0.4359028963202399,,,0,0.42608330676855366,2,,0,,,
P40967,PMEL_HUMAN,single,DeePhase,0.6474275875058453,whole,concatenated,0.2438890616560962,0.5313215514215253,0.2586691198938909,0.2438890616560962,1,0.5313215514215253,1,0.2586691198938909,1,,,
Q8TEM1,PO210_HUMAN,single,DeePhase,0.5098228666860232,whole,concatenated,0.4735837386590408,0.484592792430862,0.4535371524144104,0.4735837386590408,1,0.484592792430862,1,0.4535371524144104,1,,,
Q04671,P_HUMAN,multi,DeePhase,0.5728288917641494,whole,concatenated,0.5971122463692973,0.6111934021203556,0.1396679040976113,0.35212358368137686,5,0.49085405655448144,12,0.28205894645825175,6,,,
P07949,RET_HUMAN,single,DeePhase,0.4284791594927323,whole,concatenated,0.3360263810013507,0.4609549458168894,0.3891213420903651,0.3360263810013507,1,0.4609549458168894,1,0.3891213420903651,1,,,
P31645,SC6A4_HUMAN,multi,DeePhase,0.4511420928032439,whole,concatenated,0.3510724395542263,0.4867277869947671,0.1850157446835826,0.3617528949011288,6,0.46501570484088034,12,0.32997942618820086,5,,,
P31431,SDC4_HUMAN,single,DeePhase,0.3751220971985444,whole,concatenated,0.3757598703438677,0.4623102339986007,0.4014079159511514,0.3757598703438677,1,0.4623102339986007,1,0.4014079159511514,1,,,
Q8N114,SHSA5_HUMAN,single,DeePhase,0.5456722251473847,whole,concatenated,0.6448823330900546,0.40408955383503,0.1671774872145282,0.6448823330900546,1,0.40408955383503,1,0.1671774872145282,1,,,
Q14BN4,SLMAP_HUMAN,multi,DeePhase,0.7615433156494418,whole,concatenated,0.7439250601212538,0.5379356885578265,,0.7439250601212538,1,0.5379356885578265,1,,0,,,
Q86WV6,STING_HUMAN,multi,DeePhase,0.4465406365410429,whole,concatenated,0.4070494022057258,0.3398735282193716,0.4113832846949939,0.4083576773758348,3,0.4554758355292955,4,0.4341475341559386,2,,,
P08247,SYPH_HUMAN,multi,DeePhase,0.5961894697111274,whole,concatenated,0.6933155469645624,0.454362255006821,0.1145149592431627,0.5172313396137749,2,0.4644590997815893,4,0.3737263535023647,2,,,
Q16635,TAZ_HUMAN,single,DeePhase,0.186118419781549,whole,concatenated,,,0.1604462911345545,,0,,0,0.2987932482807397,2,,,
O14763,TR10B_HUMAN,single,DeePhase,0.6988238830210836,whole,concatenated,0.4058664002017613,0.5121076395642211,0.3350194565800528,0.4058664002017613,1,0.5121076395642211,1,0.3350194565800528,1,,,
O75445,USH2A_HUMAN,single,DeePhase,0.6112309185243979,whole,concatenated,0.3652975443557631,0.5340124596043605,0.6192947590770546,0.3652975443557631,1,0.5340124596043605,1,0.6192947590770546,1,,,
P63027,VAMP2_HUMAN,single,DeePhase,0.410769406799761,whole,concatenated,0.4324441630410182,0.5547250680027838,,0.4324441630410182,1,0.5547250680027838,1,,0,,,
P17948,VGFR1_HUMAN,single,DeePhase,0.5983249120777914,whole,concatenated,0.4209576044728785,0.5506112223448828,0.4187150975400128,0.4209576044728785,1,0.5506112223448828,1,0.4187150975400128,1,,,
P35968,VGFR2_HUMAN,single,DeePhase,0.7475981455724243,whole,concatenated,0.7090396731281602,0.475116716136708,0.433320467243543,0.7090396731281602,1,0.475116716136708,1,0.433320467243543,1,,,
P08908,5HT1A_HUMAN,multi,ESpritz,0.0,whole_db,concatenated,0.1571486338797814,0.0814460606060606,0.1831121621621622,0.12037500000000001,4,0.08184285714285713,7,0.126775,4,0.1571486338797814,0.0814460606060606,0.1831121621621622
P05067,A4_HUMAN,single,ESpritz,0.0,whole_db,concatenated,0.2165270833333333,0.0884380952380952,0.1562267543859649,0.2165,1,0.0884,1,0.1562,1,0.2165270833333333,0.0884380952380952,0.1562267543859649
P08172,ACM2_HUMAN,multi,ESpritz,0.0,whole_db,concatenated,0.2593774058577406,0.0974456647398843,0.1347388888888889,0.15084999999999998,4,0.09722857142857143,7,0.120725,4,0.2593774058577406,0.0974456647398843,0.1347388888888889
Q8WXG9,AGRV1_HUMAN,multi,ESpritz,0.0,whole_db,concatenated,0.2653306122448979,0.0442428571428571,0.0442955005055611,0.112575,4,0.04424285714285714,7,0.043925,4,0.2653306122448979,0.0442428571428571,0.0442955005055611
Q9UM73,ALK_HUMAN,single,ESpritz,0.0018518518518518,whole_db,concatenated,0.1977181818181818,0.0433047619047619,0.0734292156862745,0.1977,1,0.0433,1,0.0734,1,0.1977181818181818,0.0433047619047619,0.0734292156862745
Q7Z3C6,ATG9A_HUMAN,multi,ESpritz,0.0631704410011919,whole_db,concatenated,0.191114854517611,0.0507537634408602,0.0526415094339622,0.10925714285714284,7,0.05084999999999999,4,0.04715,2,0.191114854517611,0.0507537634408602,0.0526415094339622
Q03135,CAV1_HUMAN,single,ESpritz,0.0,whole_db,concatenated,0.189676282051282,,,0.17149999999999999,2,,0,,0,0.189676282051282,,
P10747,CD28_HUMAN,single,ESpritz,0.0,whole_db,concatenated,0.3860731707317073,0.0845629629629629,0.0757649253731343,0.3861,1,0.0846,1,0.0758,1,0.3860731707317073,0.0845629629629629,0.0757649253731343
P07766,CD3E_HUMAN,single,ESpritz,0.2077294685990338,whole_db,concatenated,0.5528145454545454,0.1717192307692308,0.1797874999999999,0.5528,1,0.1717,1,0.1798,1,0.5528145454545454,0.1717192307692308,0.1797874999999999
P20963,CD3Z_HUMAN,single,ESpritz,0.5365853658536586,whole_db,concatenated,0.5368814159292036,0.2331428571428571,0.2198444444444444,0.5369,1,0.2331,1,0.2198,1,0.5368814159292036,0.2331428571428571,0.2198444444444444
P13569,CFTR_HUMAN,multi,ESpritz,0.0135135135135135,whole_db,concatenated,0.1003604278074866,0.0445367588932806,0.0456133333333333,0.09231428571428572,7,0.044500000000000005,12,0.043383333333333336,6,0.1003604278074866,0.0445367588932806,0.0456133333333333
Q07065,CKAP4_HUMAN,single,ESpritz,0.1146179401993355,whole_db,concatenated,0.5864424528301886,0.3483285714285714,0.3982995789473684,0.5864,1,0.3483,1,0.3983,1,0.5864424528301886,0.3483285714285714,0.3982995789473684
P15954,COX7C_HUMAN,single,ESpritz,1.0,whole_db,concatenated,,0.5706592592592593,0.611065,,0,0.5707,1,0.60975,2,,0.5706592592592593,0.611065
Q9UJA2,CRLS1_HUMAN,multi,ESpritz,0.0,whole_db,concatenated,,0.0698598130841121,,,0,0.0703,5,,0,,0.0698598130841121,
P61073,CXCR4_HUMAN,multi,ESpritz,0.0568181818181818,whole_db,concatenated,0.2188115044247787,0.0648202702702702,0.136476923076923,0.149675,4,0.06308571428571429,7,0.101575,4,0.2188115044247787,0.0648202702702702,0.136476923076923
Q08345,DDR1_HUMAN,single,ESpritz,0.0,whole_db,concatenated,0.136922947368421,0.0871,0.0943244332493702,0.1369,1,0.0871,1,0.0943,1,0.136922947368421,0.0871,0.0943244332493702
P00533,EGFR_HUMAN,single,ESpritz,0.0173553719008264,whole_db,concatenated,0.148830258302583,0.0418826086956521,0.0497837359098228,0.1488,1,0.0419,1,0.0498,1,0.148830258302583,0.0418826086956521,0.0497837359098228
P29317,EPHA2_HUMAN,single,ESpritz,0.0,whole_db,concatenated,0.0640311004784689,0.0729523809523809,0.0985805447470817,0.064,1,0.073,1,0.0986,1,0.0640311004784689,0.0729523809523809,0.0985805447470817
P04626,ERBB2_HUMAN,single,ESpritz,0.0868525896414342,whole_db,concatenated,0.2334720689655172,0.0421,0.048733492063492,0.2335,1,0.0421,1,0.0487,1,0.2334720689655172,0.0421,0.048733492063492
Q15303,ERBB4_HUMAN,single,ESpritz,0.0,whole_db,concatenated,0.2098240126382306,0.0414374999999999,0.0512546325878594,0.2098,1,0.0414,1,0.0513,1,0.2098240126382306,0.0414374999999999,0.0512546325878594
O75460,ERN1_HUMAN,single,ESpritz,0.0,whole_db,concatenated,0.1110768031189084,0.1611428571428571,0.0804538823529411,0.1111,1,0.1611,1,0.0805,1,0.1110768031189084,0.1611428571428571,0.0804538823529411
P11362,FGFR1_HUMAN,single,ESpritz,0.0401459854014598,whole_db,concatenated,0.128167294117647,0.0444523809523809,0.165636338028169,0.1282,1,0.0445,1,0.1656,1,0.128167294117647,0.0444523809523809,0.165636338028169
P21802,FGFR2_HUMAN,single,ESpritz,0.0341047503045067,whole_db,concatenated,0.1313524822695035,0.0547190476190476,0.0817238764044943,0.1314,1,0.0547,1,0.0817,1,0.1313524822695035,0.0547190476190476,0.0817238764044943
Q9BRQ8,FSP1_HUMAN,single,ESpritz,0.0,whole_db,concatenated,,0.1839666666666666,,,0,0.184,1,,0,,0.1839666666666666,
Q9H461,FZD8_HUMAN,multi,ESpritz,0.0677233429394812,whole_db,concatenated,0.2710245161290322,0.0671721088435374,0.1497312328767123,0.15309999999999999,4,0.06717142857142858,7,0.0983,4,0.2710245161290322,0.0671721088435374,0.1497312328767123
P01857,IGHG1_HUMAN,single,ESpritz,0.0,whole_db,concatenated,,,0.2395536363636363,,0,,0,0.2396,1,,,0.2395536363636363
P05556,ITB1_HUMAN,single,ESpritz,0.0,whole_db,concatenated,0.3744468085106382,0.0865826086956521,0.0864039548022598,0.3744,1,0.0866,1,0.0864,1,0.3744468085106382,0.0865826086956521,0.0864039548022598
Q9Y624,JAM1_HUMAN,single,ESpritz,0.0,whole_db,concatenated,0.3589974999999999,0.099247619047619,0.0797293838862559,0.359,1,0.0992,1,0.0797,1,0.3589974999999999,0.099247619047619,0.0797293838862559
Q9BR39,JPH2_HUMAN,single,ESpritz,0.2758620689655172,whole_db,concatenated,0.3905818991097923,0.3075809523809524,,0.3906,1,0.3076,1,,0,0.3905818991097923,0.3075809523809524,
O43561,LAT_HUMAN,single,ESpritz,0.2022900763358778,whole_db,concatenated,0.4562702127659575,0.2524565217391304,0.2755499999999999,0.4563,1,0.2525,1,0.2755,1,0.4562702127659575,0.2524565217391304,0.2755499999999999
Q14739,LBR_HUMAN,multi,ESpritz,0.0146341463414634,whole_db,concatenated,,0.0496678571428571,0.3846289099526066,,0,0.0496625,8,0.3846,1,,0.0496678571428571,0.3846289099526066
Q8NC56,LEMD2_HUMAN,multi,ESpritz,0.1530815109343936,whole_db,concatenated,,0.103697619047619,,,0,0.10370000000000001,2,,0,,0.103697619047619,
O75581,LRP6_HUMAN,single,ESpritz,0.0334779913205207,whole_db,concatenated,0.3729454545454546,0.0775826086956521,0.0462903034789045,0.3729,1,0.0776,1,0.0463,1,0.3729454545454546,0.0775826086956521,0.0462903034789045
Q13021,MALL_HUMAN,multi,ESpritz,0.0,whole_db,concatenated,,0.1361738095238095,,,0,0.136175,4,,0,,0.1361738095238095,
Q7Z434,MAVS_HUMAN,single,ESpritz,0.2277777777777777,whole_db,concatenated,0.4240861328124999,0.3158380952380953,0.3004333333333333,0.4241,1,0.3158,1,0.3004,1,0.4240861328124999,0.3158380952380953,0.3004333333333333
P15529,MCP_HUMAN,single,ESpritz,0.0,whole_db,concatenated,0.2980576923076923,0.1524565217391304,0.1241579288025889,0.2981,1,0.1525,1,0.1242,1,0.2980576923076923,0.1524565217391304,0.1241579288025889
Q9H3U5,MFSD1_HUMAN,multi,ESpritz,0.0193548387096774,whole_db,concatenated,,0.0588604743083003,,,0,0.05893333333333334,12,,0,,0.0588604743083003,
P15941,MUC1_HUMAN,single,ESpritz,0.6749003984063745,whole_db,concatenated,0.2598337837837837,0.0670173913043478,0.4992333920704846,0.2598,1,0.067,1,0.4992,1,0.2598337837837837,0.0670173913043478,0.4992333920704846
Q12879,NMDE1_HUMAN,multi,ESpritz,0.0,whole_db,concatenated,0.264094419306184,0.0411693548387096,0.0497918803418803,0.11970000000000001,3,0.041166666666666664,3,0.0472,2,0.264094419306184,0.0411693548387096,0.0497918803418803
P46531,NOTC1_HUMAN,single,ESpritz,0.0254403131115459,whole_db,concatenated,0.2638227784730914,0.1227952380952381,0.0483252766453115,0.2638,1,0.1228,1,0.0483,1,0.2638227784730914,0.1227952380952381,0.0483252766453115
O60500,NPHN_HUMAN,single,ESpritz,0.0,whole_db,concatenated,0.3806843373493975,0.2268809523809523,0.0686407945736434,0.3807,1,0.2269,1,0.0686,1,0.3806843373493975,0.2268809523809523,0.0686407945736434
P49146,NPY2R_HUMAN,multi,ESpritz,0.0367454068241469,whole_db,concatenated,0.1346276785714285,0.0635247252747252,0.2521367816091954,0.0974,4,0.06242857142857143,7,0.147225,4,0.1346276785714285,0.0635247252747252,0.2521367816091954
O00254,PAR3_HUMAN,multi,ESpritz,0.0,whole_db,concatenated,0.0837072727272727,0.0533888888888888,0.0729546218487394,0.085725,4,0.05238571428571429,7,0.06265,4,0.0837072727272727,0.0533888888888888,0.0729546218487394
O60733,PLPL9_HUMAN,multi,ESpritz,0.0,whole_db,concatenated,,0.0468047619047619,,,0,0.046799999999999994,2,,0,,0.0468047619047619,
P40967,PMEL_HUMAN,single,ESpritz,0.0,whole_db,concatenated,0.1633977777777778,0.0663619047619047,0.0621555555555555,0.1634,1,0.0664,1,0.0622,1,0.1633977777777778,0.0663619047619047,0.0621555555555555
Q8TEM1,PO210_HUMAN,single,ESpritz,0.0111287758346581,whole_db,concatenated,0.4162189655172414,0.0871523809523809,0.047442480359147,0.4162,1,0.0872,1,0.0474,1,0.4162189655172414,0.0871523809523809,0.047442480359147
Q04671,P_HUMAN,multi,ESpritz,0.0536992840095465,whole_db,concatenated,0.214541592920354,0.051550731707317,0.0495319727891156,0.10775714285714286,7,0.05139166666666667,12,0.04703333333333334,6,0.214541592920354,0.051550731707317,0.0495319727891156
P07949,RET_HUMAN,single,ESpritz,0.0,whole_db,concatenated,0.1256356673960613,0.0622045454545454,0.0518369028006589,0.1256,1,0.0622,1,0.0518,1,0.1256356673960613,0.0622045454545454,0.0518369028006589
P31645,SC6A4_HUMAN,multi,ESpritz,0.0158730158730158,whole_db,concatenated,0.2170639423076923,0.0504813953488372,0.041455487804878,0.11347142857142857,7,0.04977500000000001,12,0.045816666666666665,6,0.2170639423076923,0.0504813953488372,0.041455487804878
P31431,SDC4_HUMAN,single,ESpritz,0.0,whole_db,concatenated,0.3870071428571428,0.228732,0.3895157480314961,0.387,1,0.2287,1,0.3895,1,0.3870071428571428,0.228732,0.3895157480314961
Q8N114,SHSA5_HUMAN,single,ESpritz,0.0125,whole_db,concatenated,0.3374035087719298,0.0788523809523809,0.1155038961038961,0.3374,1,0.0789,1,0.1155,1,0.3374035087719298,0.0788523809523809,0.1155038961038961
Q14BN4,SLMAP_HUMAN,multi,ESpritz,0.0,whole_db,concatenated,0.3050750623441396,0.3429380952380952,0.3801,0.3051,1,0.3429,1,0.3801,1,0.3050750623441396,0.3429380952380952,0.3801
Q86WV6,STING_HUMAN,multi,ESpritz,0.0686015831134564,whole_db,concatenated,0.1900200704225352,0.0850986666666666,0.0811849999999999,0.16703333333333334,3,0.08432500000000001,4,0.0812,2,0.1900200704225352,0.0850986666666666,0.0811849999999999
P08247,SYPH_HUMAN,multi,ESpritz,0.1789137380191693,whole_db,concatenated,0.4121688524590163,0.0815416666666666,0.0721978947368421,0.236,3,0.08155,4,0.07205,2,0.4121688524590163,0.0815416666666666,0.0721978947368421
Q16635,TAZ_HUMAN,single,ESpritz,0.0,whole_db,concatenated,,,0.0847900414937759,,0,,0,0.13225,2,,,0.0847900414937759
O14763,TR10B_HUMAN,single,ESpritz,0.0704545454545454,whole_db,concatenated,0.2324177033492823,0.1050666666666666,0.1598735483870967,0.2324,1,0.1051,1,0.1599,1,0.2324177033492823,0.1050666666666666,0.1598735483870967
O75445,USH2A_HUMAN,single,ESpritz,0.0,whole_db,concatenated,0.0990179856115107,0.0437095238095238,0.0481892237078427,0.099,1,0.0437,1,0.0482,1,0.0990179856115107,0.0437095238095238,0.0481892237078427
P63027,VAMP2_HUMAN,single,ESpritz,0.7844827586206896,whole_db,concatenated,0.7392623655913977,0.2950399999999999,0.2372,0.7393,1,0.295,1,0.2372,1,0.7392623655913977,0.2950399999999999,0.2372
P17948,VGFR1_HUMAN,single,ESpritz,0.0,whole_db,concatenated,0.1339035842293906,0.0439090909090909,0.0504433060109289,0.1339,1,0.0439,1,0.0504,1,0.1339035842293906,0.0439090909090909,0.0504433060109289
P35968,VGFR2_HUMAN,single,ESpritz,0.0442477876106194,whole_db,concatenated,0.1862523642732049,0.0412095238095238,0.0496836241610738,0.1863,1,0.0412,1,0.0497,1,0.1862523642732049,0.0412095238095238,0.0496836241610738
P08908,5HT1A_HUMAN,multi,FuzDrop,0.158,whole,concatenated,0.1939,0.1587,0.2259,0.2049,1,,0,,0,,,
P05067,A4_HUMAN,single,FuzDrop,0.199,whole,concatenated,0.2044,,0.1887,0.2044,1,,0,0.1887,1,,,
P08172,ACM2_HUMAN,multi,FuzDrop,0.3514,whole,concatenated,0.5564,0.1928,0.1245,0.5899,1,,0,,0,,,
Q8WXG9,AGRV1_HUMAN,multi,FuzDrop,0.1589,whole,concatenated,0.5022,0.1367,0.0931,0.781,1,,0,0.0932,1,,,
Q9UM73,ALK_HUMAN,single,FuzDrop,0.174,whole,concatenated,0.2101,,0.1005,0.2101,1,,0,0.1005,1,,,
Q7Z3C6,ATG9A_HUMAN,multi,FuzDrop,0.1477,whole,concatenated,0.1688,0.1339,0.1035,0.24085,4,,0,,0,,,
Q03135,CAV1_HUMAN,single,FuzDrop,0.1871,whole,concatenated,0.2113,,,0.20529999999999998,2,,0,,0,,,
P10747,CD28_HUMAN,single,FuzDrop,0.1284,whole,concatenated,,,0.1073,,0,,0,0.1073,1,,,
P07766,CD3E_HUMAN,single,FuzDrop,0.3238,whole,concatenated,,,0.2007,,0,,0,0.2007,1,,,
P20963,CD3Z_HUMAN,single,FuzDrop,0.969,whole,concatenated,0.9859,,,0.9859,1,,0,,0,,,
P13569,CFTR_HUMAN,multi,FuzDrop,0.1293,whole,concatenated,0.1299,0.1206,0.1005,0.16060000000000002,7,,0,0.073,1,,,
Q07065,CKAP4_HUMAN,single,FuzDrop,0.9971,whole,concatenated,0.9926,,0.9913,0.9926,1,,0,0.9913,1,,,
P15954,COX7C_HUMAN,single,FuzDrop,,,concatenated,,,,,0,,0,0.0248,1,,,
Q9UJA2,CRLS1_HUMAN,multi,FuzDrop,0.1465,whole,concatenated,,0.1496,,,0,,0,,0,,,
P61073,CXCR4_HUMAN,multi,FuzDrop,0.1778,whole,concatenated,0.2594,0.1216,0.124,0.9884,1,,0,,0,,,
Q08345,DDR1_HUMAN,single,FuzDrop,0.1217,whole,concatenated,0.1626,,0.1104,0.1626,1,,0,0.1104,1,,,
P00533,EGFR_HUMAN,single,FuzDrop,0.1218,whole,concatenated,0.139,,0.0954,0.139,1,,0,0.0954,1,,,
P29317,EPHA2_HUMAN,single,FuzDrop,0.1086,whole,concatenated,0.1001,,0.1302,0.1001,1,,0,0.1302,1,,,
P04626,ERBB2_HUMAN,single,FuzDrop,0.207,whole,concatenated,0.2757,,0.0948,0.2757,1,,0,0.0948,1,,,
Q15303,ERBB4_HUMAN,single,FuzDrop,0.1056,whole,concatenated,0.2437,,0.0956,0.2437,1,,0,0.0956,1,,,
O75460,ERN1_HUMAN,single,FuzDrop,0.1098,whole,concatenated,0.1101,,0.1057,0.1101,1,,0,0.1057,1,,,
P11362,FGFR1_HUMAN,single,FuzDrop,0.1878,whole,concatenated,0.1748,,0.1735,0.1748,1,,0,0.1735,1,,,
P21802,FGFR2_HUMAN,single,FuzDrop,0.1705,whole,concatenated,0.1759,,0.1013,0.1759,1,,0,0.1013,1,,,
Q9BRQ8,FSP1_HUMAN,single,FuzDrop,0.1076,whole,concatenated,,,,,0,,0,,0,,,
Q9H461,FZD8_HUMAN,multi,FuzDrop,0.4981,whole,concatenated,0.6125,0.1476,0.1583,0.9931,1,,0,0.1733,2,,,
P01857,IGHG1_HUMAN,single,FuzDrop,0.3456,whole,concatenated,,,0.3486,,0,,0,0.3486,1,,,
P05556,ITB1_HUMAN,single,FuzDrop,0.1748,whole,concatenated,,,0.1072,,0,,0,0.1072,1,,,
Q9Y624,JAM1_HUMAN,single,FuzDrop,0.1585,whole,concatenated,,,0.1102,,0,,0,0.1102,1,,,
Q9BR39,JPH2_HUMAN,single,FuzDrop,0.9462,whole,concatenated,0.9499,,,0.9499,1,,0,,0,,,
O43561,LAT_HUMAN,single,FuzDrop,0.9213,whole,concatenated,0.9887,,0.232,0.9887,1,,0,0.0248,1,,,
Q14739,LBR_HUMAN,multi,FuzDrop,0.2283,whole,concatenated,,0.117,0.7897,,0,,0,0.7897,1,,,
Q8NC56,LEMD2_HUMAN,multi,FuzDrop,0.5327,whole,concatenated,,,,,0,,0,,0,,,
O75581,LRP6_HUMAN,single,FuzDrop,0.15,whole,concatenated,0.7289,,0.0908,0.7289,1,,0,0.0908,1,,,
Q13021,MALL_HUMAN,multi,FuzDrop,0.2089,whole,concatenated,,0.2033,,,0,,0,,0,,,
Q7Z434,MAVS_HUMAN,single,FuzDrop,0.9938,whole,concatenated,0.9947,,,0.9947,1,,0,,0,,,
P15529,MCP_HUMAN,single,FuzDrop,0.1408,whole,concatenated,,,0.1167,,0,,0,0.1167,1,,,
Q9H3U5,MFSD1_HUMAN,multi,FuzDrop,0.133,whole,concatenated,,0.1146,,,0,,0,,0,,,
P15941,MUC1_HUMAN,single,FuzDrop,0.9995,whole,concatenated,0.6441,,0.9987,0.6441,1,,0,0.9987,1,,,
Q12879,NMDE1_HUMAN,multi,FuzDrop,0.1475,whole,concatenated,0.4962,0.1513,0.0921,0.5098,1,,0,0.09185,2,,,
P46531,NOTC1_HUMAN,single,FuzDrop,0.1871,whole,concatenated,0.4358,,0.1047,0.4358,1,,0,0.1047,1,,,
O60500,NPHN_HUMAN,single,FuzDrop,0.1702,whole,concatenated,0.7994,,0.1018,0.7994,1,,0,0.1018,1,,,
P49146,NPY2R_HUMAN,multi,FuzDrop,0.1302,whole,concatenated,0.1504,0.1134,0.5788,0.2878,1,,0,,0,,,
O00254,PAR3_HUMAN,multi,FuzDrop,0.1037,whole,concatenated,0.1343,0.123,0.0921,,0,,0,0.1232,1,,,
O60733,PLPL9_HUMAN,multi,FuzDrop,0.0997,whole,concatenated,,,,,0,,0,,0,,,
P40967,PMEL_HUMAN,single,FuzDrop,0.1262,whole,concatenated,,,0.1148,,0,,0,0.1148,1,,,
Q8TEM1,PO210_HUMAN,single,FuzDrop,0.1517,whole,concatenated,0.9895,,0.0936,0.9895,1,,0,0.0936,1,,,
Q04671,P_HUMAN,multi,FuzDrop,0.168,whole,concatenated,0.2706,0.1585,0.0962,0.29646666666666666,3,,0,0.0958,2,,,
P07949,RET_HUMAN,single,FuzDrop,0.1072,whole,concatenated,0.1202,,0.1,0.1202,1,,0,0.1,1,,,
P31645,SC6A4_HUMAN,multi,FuzDrop,0.1242,whole,concatenated,0.2867,0.1146,0.0894,0.8668,1,,0,0.06005,2,,,
P31431,SDC4_HUMAN,single,FuzDrop,0.8636,whole,concatenated,,,0.9798,,0,,0,0.9798,1,,,
Q8N114,SHSA5_HUMAN,single,FuzDrop,0.2536,whole,concatenated,0.9228,,0.1363,0.9228,1,,0,0.1363,1,,,
Q14BN4,SLMAP_HUMAN,multi,FuzDrop,0.6603,whole,concatenated,0.6004,,,0.6004,1,,0,,0,,,
Q86WV6,STING_HUMAN,multi,FuzDrop,0.3762,whole,concatenated,0.4091,0.1595,,0.3976,1,,0,,0,,,
P08247,SYPH_HUMAN,multi,FuzDrop,0.2042,whole,concatenated,0.9639,0.166,0.1034,0.9933,1,,0,0.1054,1,,,
Q16635,TAZ_HUMAN,single,FuzDrop,0.1083,whole,concatenated,,,,,0,,0,0.1008,1,,,
O14763,TR10B_HUMAN,single,FuzDrop,0.3519,whole,concatenated,0.258,,0.1709,0.258,1,,0,0.1709,1,,,
O75445,USH2A_HUMAN,single,FuzDrop,0.0937,whole,concatenated,0.124,,0.0935,0.124,1,,0,0.0935,1,,,
P63027,VAMP2_HUMAN,single,FuzDrop,0.9953,whole,concatenated,0.994,,0.188,0.994,1,,0,0.188,1,,,
P17948,VGFR1_HUMAN,single,FuzDrop,0.1352,whole,concatenated,0.1705,,0.0955,0.1705,1,,0,0.0955,1,,,
P35968,VGFR2_HUMAN,single,FuzDrop,0.3245,whole,concatenated,0.3997,,0.0929,0.3997,1,,0,0.0929,1,,,
P08908,5HT1A_HUMAN,multi,LLPhyScore,-1.6018957345971565,whole,concatenated,-0.639344262295082,-3.2,-0.3783783783783784,-1.0013013302486986,4,-2.86160643704122,7,-0.42013888888888884,4,,,
P05067,A4_HUMAN,single,LLPhyScore,-0.5428571428571428,whole,concatenated,0.1458333333333333,-3.333333333333333,-0.4619883040935672,0.1458333333333333,1,-3.333333333333333,1,-0.4619883040935672,1,,,
P08172,ACM2_HUMAN,multi,LLPhyScore,-1.201716738197425,whole,concatenated,0.0334728033472803,-3.1907514450867054,-1.3333333333333333,-1.1108134920634922,4,-2.9167995933213327,7,-1.8089285714285714,4,,,
Q8WXG9,AGRV1_HUMAN,multi,LLPhyScore,-0.8342848081192515,whole,concatenated,0.4183673469387755,-3.312925170068027,-0.8085608358611392,-0.19396929824561407,4,-2.687074829931973,7,-1.5278289169939647,4,,,
Q9UM73,ALK_HUMAN,single,LLPhyScore,-0.3580246913580246,whole,concatenated,-0.3672014260249554,-1.8571428571428568,-0.2323529411764706,-0.3672014260249554,1,-1.8571428571428568,1,-0.2323529411764706,1,,,
Q7Z3C6,ATG9A_HUMAN,multi,LLPhyScore,-1.201430274135876,whole,concatenated,-0.8238897396630934,-3.10752688172043,-0.8301886792452831,-1.3061792039789373,7,-2.7952898550724634,4,-0.45959595959595956,2,,,
Q03135,CAV1_HUMAN,single,LLPhyScore,-1.7640449438202248,whole,concatenated,-1.544871794871795,,,-1.841546070708921,2,,0,,0,,,
P10747,CD28_HUMAN,single,LLPhyScore,-0.8590909090909091,whole,concatenated,-0.6097560975609756,-3.6666666666666665,-0.6567164179104478,-0.6097560975609756,1,-3.6666666666666665,1,-0.6567164179104478,1,,,
P07766,CD3E_HUMAN,single,LLPhyScore,-0.217391304347826,whole,concatenated,0.5818181818181818,-3.3846153846153846,0.173076923076923,0.5818181818181818,1,-3.3846153846153846,1,0.173076923076923,1,,,
P20963,CD3Z_HUMAN,single,LLPhyScore,-0.7012195121951219,whole,concatenated,-0.0530973451327433,-3.619047619047619,-1.7777777777777777,-0.0530973451327433,1,-3.619047619047619,1,-1.7777777777777777,1,,,
P13569,CFTR_HUMAN,multi,LLPhyScore,-1.3682432432432432,whole,concatenated,-0.9848484848484848,-2.909090909090909,-1.6095238095238096,-1.049040602895383,7,-2.3262322472848784,12,-0.8646367521367521,6,,,
Q07065,CKAP4_HUMAN,single,LLPhyScore,-0.53156146179402,whole,concatenated,1.2169811320754718,-1.9047619047619049,-0.7957894736842105,1.2169811320754718,1,-1.9047619047619049,1,-0.7957894736842105,1,,,
P15954,COX7C_HUMAN,single,LLPhyScore,-1.2698412698412698,whole,concatenated,,-2.111111111111111,1.0,,0,-2.111111111111111,1,1.4215686274509804,2,,,
Q9UJA2,CRLS1_HUMAN,multi,LLPhyScore,-1.7707641196013288,whole,concatenated,,-2.8598130841121496,,,0,-2.412836438923396,5,,0,,,
P61073,CXCR4_HUMAN,multi,LLPhyScore,-1.7982954545454546,whole,concatenated,-0.6106194690265486,-3.5,-0.6153846153846154,-0.4060714285714285,4,-3.1353061224489798,7,-1.072282980177717,4,,,
Q08345,DDR1_HUMAN,single,LLPhyScore,-0.6922234392113911,whole,concatenated,-0.76,-3.238095238095238,-0.3148614609571788,-0.76,1,-3.238095238095238,1,-0.3148614609571788,1,,,
P00533,EGFR_HUMAN,single,LLPhyScore,-0.6545454545454545,whole,concatenated,-0.7472324723247232,-2.3043478260869565,-0.4927536231884058,-0.7472324723247232,1,-2.3043478260869565,1,-0.4927536231884058,1,,,
P29317,EPHA2_HUMAN,single,LLPhyScore,-0.8360655737704918,whole,concatenated,-1.062200956937799,-1.761904761904762,-0.5097276264591439,-1.062200956937799,1,-1.761904761904762,1,-0.5097276264591439,1,,,
P04626,ERBB2_HUMAN,single,LLPhyScore,-0.7737051792828685,whole,concatenated,-0.5155172413793103,-3.782608695652174,-0.8222222222222222,-0.5155172413793103,1,-3.782608695652174,1,-0.8222222222222222,1,,,
Q15303,ERBB4_HUMAN,single,LLPhyScore,-0.5756880733944955,whole,concatenated,-0.6129541864139021,-3.1666666666666665,-0.4057507987220447,-0.6129541864139021,1,-3.1666666666666665,1,-0.4057507987220447,1,,,
O75460,ERN1_HUMAN,single,LLPhyScore,-0.8700102354145343,whole,concatenated,-0.7738791423001949,-3.857142857142857,-0.6847058823529412,-0.7738791423001949,1,-3.857142857142857,1,-0.6847058823529412,1,,,
P11362,FGFR1_HUMAN,single,LLPhyScore,-0.8418491484184915,whole,concatenated,-0.8823529411764706,-3.0476190476190474,-0.4957746478873239,-0.8823529411764706,1,-3.0476190476190474,1,-0.4957746478873239,1,,,
P21802,FGFR2_HUMAN,single,LLPhyScore,-0.833130328867235,whole,concatenated,-0.7730496453900709,-3.9047619047619047,-0.601123595505618,-0.7730496453900709,1,-3.9047619047619047,1,-0.601123595505618,1,,,
Q9BRQ8,FSP1_HUMAN,single,LLPhyScore,-0.8552278820375335,whole,concatenated,,-0.1428571428571428,,,0,-0.1428571428571428,1,,0,,,
Q9H461,FZD8_HUMAN,multi,LLPhyScore,-0.6469740634005764,whole,concatenated,0.1225806451612903,-3.36734693877551,0.1863013698630137,-0.45331880198453234,4,-2.9115646258503403,7,-0.4034894755003451,4,,,
P01857,IGHG1_HUMAN,single,LLPhyScore,-0.2909090909090909,whole,concatenated,,,-0.2909090909090909,,0,,0,-0.2909090909090909,1,,,
P05556,ITB1_HUMAN,single,LLPhyScore,-0.3383458646616541,whole,concatenated,-0.8297872340425532,-3.347826086956522,-0.1299435028248587,-0.8297872340425532,1,-3.347826086956522,1,-0.1299435028248587,1,,,
Q9Y624,JAM1_HUMAN,single,LLPhyScore,-0.4682274247491639,whole,concatenated,0.15,-3.333333333333333,-0.0710900473933649,0.15,1,-3.333333333333333,1,-0.0710900473933649,1,,,
Q9BR39,JPH2_HUMAN,single,LLPhyScore,0.160919540229885,whole,concatenated,0.3249258160237389,-3.333333333333333,,0.3249258160237389,1,-3.333333333333333,1,,0,,,
O43561,LAT_HUMAN,single,LLPhyScore,-0.1030534351145038,whole,concatenated,0.2042553191489361,-2.782608695652174,3.75,0.2042553191489361,1,-2.782608695652174,1,3.75,1,,,
Q14739,LBR_HUMAN,multi,LLPhyScore,-1.4422764227642275,whole,concatenated,,-2.761904761904762,-0.4549763033175355,,0,-2.5,8,-0.4549763033175355,1,,,
Q8NC56,LEMD2_HUMAN,multi,LLPhyScore,-1.320079522862823,whole,concatenated,,-3.3095238095238093,,,0,-3.261904761904762,2,,0,,,
O75581,LRP6_HUMAN,single,LLPhyScore,-0.7786732796032239,whole,concatenated,0.4772727272727273,-2.9130434782608696,-0.9437453737971871,0.4772727272727273,1,-2.9130434782608696,1,-0.9437453737971871,1,,,
Q13021,MALL_HUMAN,multi,LLPhyScore,-2.673202614379085,whole,concatenated,,-3.083333333333333,,,0,-2.7142857142857144,4,,0,,,
Q7Z434,MAVS_HUMAN,single,LLPhyScore,-0.0481481481481481,whole,concatenated,0.10546875,-2.9047619047619047,-1.0,0.10546875,1,-2.9047619047619047,1,-1.0,1,,,
P15529,MCP_HUMAN,single,LLPhyScore,-0.5943877551020408,whole,concatenated,-0.7692307692307693,-4.130434782608695,-0.2783171521035599,-0.7692307692307693,1,-4.130434782608695,1,-0.2783171521035599,1,,,
Q9H3U5,MFSD1_HUMAN,multi,LLPhyScore,-1.5849462365591398,whole,concatenated,,-2.588932806324111,,,0,-2.2384559884559887,12,,0,,,
P15941,MUC1_HUMAN,single,LLPhyScore,1.152191235059761,whole,concatenated,-0.1621621621621621,-3.347826086956522,1.3488986784140968,-0.1621621621621621,1,-3.347826086956522,1,1.3488986784140968,1,,,
Q12879,NMDE1_HUMAN,multi,LLPhyScore,-0.5040983606557377,whole,concatenated,-0.0663650075414781,-2.3870967741935485,-0.5740740740740741,-0.03801006889242183,3,-2.138095238095238,3,-0.3632289994649545,2,,,
P46531,NOTC1_HUMAN,single,LLPhyScore,0.1013698630136986,whole,concatenated,-0.1314142678347934,-2.1904761904761907,0.2813046010483401,-0.1314142678347934,1,-2.1904761904761907,1,0.2813046010483401,1,,,
O60500,NPHN_HUMAN,single,LLPhyScore,-0.7292506043513296,whole,concatenated,0.108433734939759,-2.095238095238096,-0.8275193798449613,0.108433734939759,1,-2.095238095238096,1,-0.8275193798449613,1,,,
P49146,NPY2R_HUMAN,multi,LLPhyScore,-1.7296587926509186,whole,concatenated,-0.9553571428571428,-3.043956043956044,0.0459770114942528,-1.2214756920639274,4,-2.7938831377961812,7,0.3166666666666667,4,,,
O00254,PAR3_HUMAN,multi,LLPhyScore,-2.0802139037433154,whole,concatenated,-2.727272727272727,-3.2222222222222223,-1.084033613445378,-2.516685520361991,4,-3.144295704295704,7,-1.3325971177944864,4,,,
O60733,PLPL9_HUMAN,multi,LLPhyScore,-0.9441687344913152,whole,concatenated,,-2.261904761904762,,,0,-1.9761904761904763,2,,0,,,
P40967,PMEL_HUMAN,single,LLPhyScore,-0.4977307110438729,whole,concatenated,-0.3555555555555555,-3.142857142857143,-0.7222222222222222,-0.3555555555555555,1,-3.142857142857143,1,-0.7222222222222222,1,,,
Q8TEM1,PO210_HUMAN,single,LLPhyScore,-0.924748277689454,whole,concatenated,-1.4137931034482758,-2.1904761904761907,-0.888327721661055,-1.4137931034482758,1,-2.1904761904761907,1,-0.888327721661055,1,,,
Q04671,P_HUMAN,multi,LLPhyScore,-1.704057279236277,whole,concatenated,-1.0589970501474926,-3.2195121951219514,-1.2006802721088434,-1.8250783801791817,7,-2.2755991285403048,12,-1.158267815657866,6,,,
P07949,RET_HUMAN,single,LLPhyScore,-0.8339317773788151,whole,concatenated,-0.7483588621444202,-3.136363636363636,-0.7742998352553542,-0.7483588621444202,1,-3.136363636363636,1,-0.7742998352553542,1,,,
P31645,SC6A4_HUMAN,multi,LLPhyScore,-1.3333333333333333,whole,concatenated,-0.3990384615384615,-2.895348837209302,-0.7621951219512195,-0.8146685334370064,7,-2.719962346323902,12,-0.7181871218964715,6,,,
P31431,SDC4_HUMAN,single,LLPhyScore,-0.4090909090909091,whole,concatenated,0.4285714285714285,-2.92,0.2283464566929134,0.4285714285714285,1,-2.92,1,0.2283464566929134,1,,,
Q8N114,SHSA5_HUMAN,single,LLPhyScore,-0.5666666666666667,whole,concatenated,-0.2894736842105263,-3.4285714285714284,-0.3376623376623376,-0.2894736842105263,1,-3.4285714285714284,1,-0.3376623376623376,1,,,
Q14BN4,SLMAP_HUMAN,multi,LLPhyScore,-1.0072463768115942,whole,concatenated,-0.9413965087281796,-1.8571428571428568,-0.8,-0.9413965087281796,1,-1.8571428571428568,1,-0.8,1,,,
Q86WV6,STING_HUMAN,multi,LLPhyScore,-1.5488126649076517,whole,concatenated,-1.2253521126760565,-2.28,-1.35,-1.8392484266433848,3,-1.6179738562091504,4,-1.05,2,,,
P08247,SYPH_HUMAN,multi,LLPhyScore,-0.0575079872204472,whole,concatenated,1.7459016393442623,-1.8541666666666667,-0.3684210526315789,0.6031746031746033,3,-2.104166666666667,4,-0.6052631578947368,2,,,
Q16635,TAZ_HUMAN,single,LLPhyScore,-1.2786259541984732,whole,concatenated,,,-1.2282157676348548,,0,,0,-1.5859030837004404,2,,,
O14763,TR10B_HUMAN,single,LLPhyScore,-0.4886363636363636,whole,concatenated,-0.5789473684210527,-3.380952380952381,-0.1677419354838709,-0.5789473684210527,1,-3.380952380952381,1,-0.1677419354838709,1,,,
O75445,USH2A_HUMAN,single,LLPhyScore,-0.5495963091118801,whole,concatenated,-0.3525179856115107,-2.2857142857142856,-0.5276391937736978,-0.3525179856115107,1,-2.2857142857142856,1,-0.5276391937736978,1,,,
P63027,VAMP2_HUMAN,single,LLPhyScore,-1.2586206896551724,whole,concatenated,-0.5698924731182796,-4.25,0.0,-0.5698924731182796,1,-4.25,1,0.0,1,,,
P17948,VGFR1_HUMAN,single,LLPhyScore,-0.906576980568012,whole,concatenated,-0.6971326164874552,-3.772727272727273,-0.9043715846994536,-0.6971326164874552,1,-3.772727272727273,1,-0.9043715846994536,1,,,
P35968,VGFR2_HUMAN,single,LLPhyScore,-0.7595870206489675,whole,concatenated,-0.7092819614711033,-3.4285714285714284,-0.6751677852348993,-0.7092819614711033,1,-3.4285714285714284,1,-0.6751677852348993,1,,,
P08908,5HT1A_HUMAN,multi,PICNIC,0.4188372315767896,whole,pdb_region,0.8842731376919765,0.0967834800804101,0.3529633792066087,0.7001883610666364,4,0.23661279053815334,7,0.5515906593247141,4,,,
P05067,A4_HUMAN,single,PICNIC,0.6568621327688775,whole,pdb_region,0.5977664181215524,0.3190834708206735,0.7935190669840052,0.5977664181215524,1,0.3190834708206735,1,0.7935190669840052,1,,,
P08172,ACM2_HUMAN,multi,PICNIC,0.33468567764333,whole,pdb_region,0.7990289876751828,0.069733312532584,0.3321794204075432,0.6639825594490527,4,0.20575383186664334,7,0.49411122006268926,4,,,
Q8WXG9,AGRV1_HUMAN,multi,PICNIC,0.5305456419,whole_db,,,,,,0,,0,,0,,,
Q9UM73,ALK_HUMAN,single,PICNIC,0.2763619808985551,whole,pdb_region,0.6760814894007943,0.2237207470827999,0.2475114010167095,0.6760814894007943,1,0.2237207470827999,1,0.2475114010167095,1,,,
Q7Z3C6,ATG9A_HUMAN,multi,PICNIC,0.1041170472185167,whole,pdb_region,0.1015856302999342,0.1981097142495027,0.3926073518658821,0.22411191338686706,6,0.342326932957006,4,0.5228071220210434,2,,,
Q03135,CAV1_HUMAN,single,PICNIC,0.3682902426289949,whole,pdb_region,0.4907137966596557,,,0.46439477596326706,2,,0,,0,,,
P10747,CD28_HUMAN,single,PICNIC,0.0819594495180245,whole,pdb_region,0.3867483023072016,0.1273939819807759,0.3306079204197728,0.3867483023072016,1,0.1273939819807759,1,0.3306079204197728,1,,,
P07766,CD3E_HUMAN,single,PICNIC,0.1636389925949374,whole,pdb_region,0.831665910748056,0.1119859243192283,0.4753232286957998,0.831665910748056,1,0.1119859243192283,1,0.4753232286957998,1,,,
P20963,CD3Z_HUMAN,single,PICNIC,0.2932132873586511,whole,pdb_region,0.6662152107380857,0.1491822258979562,,0.6662152107380857,1,0.1491822258979562,1,0.5544559644840691,1,,,
P13569,CFTR_HUMAN,multi,PICNIC,0.4333149546915915,whole,pdb_region,0.6933233108267658,0.0747877730660554,0.0966132583727757,0.4202935123836289,7,0.2839772457751037,12,0.43879675004167346,5,,,
Q07065,CKAP4_HUMAN,single,PICNIC,0.85754957898285,whole,pdb_region,0.7911327663236672,0.1545170500716061,0.8455894876018455,0.7911327663236672,1,0.1545170500716061,1,0.8455894876018455,1,,,
P15954,COX7C_HUMAN,single,PICNIC,0.1996259138918108,whole,pdb_region,,0.1501589079890298,,,0,0.1501589079890298,1,,0,,,
Q9UJA2,CRLS1_HUMAN,multi,PICNIC,0.1874279497604771,whole,pdb_region,,0.220023386676611,,,0,0.36322715054874377,5,,0,,,
P61073,CXCR4_HUMAN,multi,PICNIC,0.1073486746366894,whole,pdb_region,0.4747943944326775,0.0584775624984082,0.3440340073321851,0.5001877553515025,4,0.23162608801664628,7,0.4331940885729483,4,,,
Q08345,DDR1_HUMAN,single,PICNIC,0.2877465672711256,whole,pdb_region,0.3651774679870013,0.1329117651313263,0.3417257580730109,0.3651774679870013,1,0.1329117651313263,1,0.3417257580730109,1,,,
P00533,EGFR_HUMAN,single,PICNIC,0.7245431454596394,whole,pdb_region,0.814073027987102,0.1365610564519112,0.6325943310577309,0.814073027987102,1,0.1365610564519112,1,0.6325943310577309,1,,,
P29317,EPHA2_HUMAN,single,PICNIC,0.5450533357161069,whole,pdb_region,0.8706414106073668,0.1820979316848612,0.2869170615502222,0.8706414106073668,1,0.1820979316848612,1,0.2869170615502222,1,,,
P04626,ERBB2_HUMAN,single,PICNIC,0.3586220451885553,whole,pdb_region,0.7808297534712756,0.2202919945159137,0.2408741987441448,0.7808297534712756,1,0.2202919945159137,1,0.2408741987441448,1,,,
Q15303,ERBB4_HUMAN,single,PICNIC,0.6581179570974862,whole,pdb_region,0.8550381559647338,0.1592532019367138,0.480727997614286,0.8550381559647338,1,0.1592532019367138,1,0.480727997614286,1,,,
O75460,ERN1_HUMAN,single,PICNIC,0.6364096021451136,whole,pdb_region,0.7817896866585816,0.094175743069984,0.3981807132542267,0.7817896866585816,1,0.094175743069984,1,0.3981807132542267,1,,,
P11362,FGFR1_HUMAN,single,PICNIC,0.5761059603524897,whole,pdb_region,0.8286683840962497,0.2299648483360026,0.5980636168251698,0.8286683840962497,1,0.2299648483360026,1,0.5980636168251698,1,,,
P21802,FGFR2_HUMAN,single,PICNIC,0.668081936662227,whole,pdb_region,0.8565155291524862,0.2302290947942772,0.6500950117594888,0.8565155291524862,1,0.2302290947942772,1,0.6500950117594888,1,,,
Q9BRQ8,FSP1_HUMAN,single,PICNIC,0.6718848683171814,whole,pdb_region,,0.5304615528414267,,,0,0.5304615528414267,1,,0,,,
Q9H461,FZD8_HUMAN,multi,PICNIC,0.0975482376651264,whole,pdb_region,0.1340629948221476,0.0812082680818908,0.320496399719209,0.4176892343687635,4,0.2169494794694518,7,0.42802665469435414,4,,,
P01857,IGHG1_HUMAN,single,PICNIC,0.1840193050918785,whole,pdb_region,0.3034021643660488,0.1753619322104155,0.35069063896803,0.3034021643660488,1,0.1753619322104155,1,0.35069063896803,1,,,
P05556,ITB1_HUMAN,single,PICNIC,0.7334847807455908,whole,pdb_region,0.7425137148982526,0.203117964369817,0.7382608942807223,0.7425137148982526,1,0.203117964369817,1,0.7382608942807223,1,,,
Q9Y624,JAM1_HUMAN,single,PICNIC,0.1905737309718689,whole,pdb_region,0.6635760234931204,0.1762981896908655,0.6221972675322845,0.6635760234931204,1,0.1762981896908655,1,0.6221972675322845,1,,,
Q9BR39,JPH2_HUMAN,single,PICNIC,0.6599645298868737,whole,pdb_region,0.7419722444731855,0.1287184715763509,,0.7419722444731855,1,0.1287184715763509,1,,0,,,
O43561,LAT_HUMAN,single,PICNIC,0.3170324141150475,whole,pdb_region,0.4116550227236472,0.1229976951993802,,0.4116550227236472,1,0.1229976951993802,1,,0,,,
Q14739,LBR_HUMAN,multi,PICNIC,0.4798892909996897,whole,pdb_region,0.8735264192229035,0.0672030243264992,,0.8735264192229035,1,0.2405925128288125,8,,0,,,
Q8NC56,LEMD2_HUMAN,multi,PICNIC,0.2959187403682568,whole,pdb_region,,0.0662072688590473,,,0,0.09130003671453585,2,,0,,,
O75581,LRP6_HUMAN,single,PICNIC,0.318821856165972,whole,pdb_region,0.4433390823036292,0.5398298912336206,0.5119097526177155,0.4433390823036292,1,0.5398298912336206,1,0.5119097526177155,1,,,
Q13021,MALL_HUMAN,multi,PICNIC,0.1459496314676904,whole,pdb_region,,0.11835281905094,,,0,0.35307483896832187,4,,0,,,
Q7Z434,MAVS_HUMAN,single,PICNIC,0.2976808313788269,whole,pdb_region,0.3463758810803603,0.1007216676279185,,0.3463758810803603,1,0.1007216676279185,1,,0,,,
P15529,MCP_HUMAN,single,PICNIC,0.2796585094678004,whole,pdb_region,0.6283890321182278,0.3090058917732572,0.6462263328966088,0.6283890321182278,1,0.3090058917732572,1,0.6462263328966088,1,,,
Q9H3U5,MFSD1_HUMAN,multi,PICNIC,0.1011380835253147,whole,pdb_region,,0.0358703773696757,,,0,0.19704167728475042,12,,0,,,
P15941,MUC1_HUMAN,single,PICNIC,0.5699725741531457,whole,pdb_region,0.5205990670450372,0.1060894465365108,0.6755132118137289,0.5205990670450372,1,0.1060894465365108,1,0.6755132118137289,1,,,
Q12879,NMDE1_HUMAN,multi,PICNIC,0.4927521871509653,whole,pdb_region,0.3732597880977422,0.1372739794279309,0.6951853170033271,0.5850249673171223,3,0.30070415841978687,3,0.5873000220817193,2,,,
P46531,NOTC1_HUMAN,single,PICNIC,0.1910681729767492,whole,pdb_region,0.6925294405654248,0.0777515812716592,0.2501688338293142,0.6925294405654248,1,0.0777515812716592,1,0.2501688338293142,1,,,
O60500,NPHN_HUMAN,single,PICNIC,0.2629934792383674,whole,pdb_region,0.2940702699624142,0.2904247845002243,0.3249462719167124,0.2940702699624142,1,0.2904247845002243,1,0.3249462719167124,1,,,
P49146,NPY2R_HUMAN,multi,PICNIC,0.1282486616646262,whole,pdb_region,0.5071766144473804,0.0719645506335693,0.5355411086824429,0.5448494465984535,4,0.23778998869165793,7,0.5952288341440781,4,,,
O00254,PAR3_HUMAN,multi,PICNIC,0.0239364853581858,whole,pdb_region,0.2574903861471803,0.055593362288932,0.1304196438105142,0.5311506966407877,4,0.17709042211248036,7,0.4204929155571495,4,,,
O60733,PLPL9_HUMAN,multi,PICNIC,0.5165252052732439,whole,pdb_region,,0.1411974831805178,,,0,0.257515867305665,2,,0,,,
P40967,PMEL_HUMAN,single,PICNIC,0.137946237997937,whole,pdb_region,0.1517896930303005,0.1048209219104127,0.2020205863064121,0.1517896930303005,1,0.1048209219104127,1,0.2020205863064121,1,,,
Q8TEM1,PO210_HUMAN,single,PICNIC,0.4604277506735684,whole,pdb_region,0.4483823316548981,0.2218145779065797,,0.4537171155443944,2,0.2218145779065797,1,0.4387821892797333,1,,,
Q04671,P_HUMAN,multi,PICNIC,0.1246042365043986,whole,pdb_region,0.1799029533111536,0.0695834998395834,0.2396736097989462,0.2454178637536927,5,0.23673441872543263,12,0.4122492386540764,6,,,
P07949,RET_HUMAN,single,PICNIC,0.2750428051588404,whole,pdb_region,0.6484449350632986,0.1818935819367738,0.1490504988440877,0.6484449350632986,1,0.1818935819367738,1,0.1490504988440877,1,,,
P31645,SC6A4_HUMAN,multi,PICNIC,0.1671593188885379,whole,pdb_region,0.5596385497151113,0.0638470455267901,0.206507593746429,0.5395764351482526,7,0.2765830994957762,12,0.435446893402011,5,,,
P31431,SDC4_HUMAN,single,PICNIC,0.3875136661357701,whole,pdb_region,0.7282816538897721,0.2494276551054557,0.464633012175944,0.7282816538897721,1,0.2494276551054557,1,0.464633012175944,1,,,
Q8N114,SHSA5_HUMAN,single,PICNIC,0.0520085044324193,whole,pdb_region,0.1602821364149104,0.2525829753409531,0.2210236207650006,0.1602821364149104,1,0.2525829753409531,1,0.2210236207650006,1,,,
Q14BN4,SLMAP_HUMAN,multi,PICNIC,0.6440511385289385,whole,pdb_region,0.6305998905821837,0.1496479327736612,,0.6305998905821837,1,0.1496479327736612,1,0.7067302567073857,1,,,
Q86WV6,STING_HUMAN,multi,PICNIC,0.1170671807571621,whole,pdb_region,0.2313627230748757,0.0666510395172991,0.7049111848915428,0.4010999641045235,3,0.14245573471666348,4,0.7065246618502943,2,,,
P08247,SYPH_HUMAN,multi,PICNIC,0.1995608943005355,whole,pdb_region,0.6998067563418324,0.0973953627623886,,0.5687071103701746,3,0.22166957977240237,4,,0,,,
Q16635,TAZ_HUMAN,single,PICNIC,0.2610684027899729,whole,,,,,,0,,0,,0,,,
O14763,TR10B_HUMAN,single,PICNIC,0.426905113886431,whole,pdb_region,0.3907079250677032,0.354422216350199,0.1905152642028001,0.3907079250677032,1,0.354422216350199,1,0.1905152642028001,1,,,
O75445,USH2A_HUMAN,single,PICNIC,0.1711297,whole_db,,,,,,0,,0,,0,,,
P63027,VAMP2_HUMAN,single,PICNIC,0.4865726658293614,whole,pdb_region,0.6121385155589822,0.3177540634816038,,0.6121385155589822,1,0.3177540634816038,1,,0,,,
P17948,VGFR1_HUMAN,single,PICNIC,0.8148531393913825,whole,pdb_region,0.8135353903058284,0.0390872827257756,0.8093932077744135,0.8135353903058284,1,0.0390872827257756,1,0.8093932077744135,1,,,
P35968,VGFR2_HUMAN,single,PICNIC,0.7324977102651713,whole,pdb_region,0.824279706861947,0.1061142327069294,0.4369078967923072,0.824279706861947,1,0.1061142327069294,1,0.4369078967923072,1,,,
P08908,5HT1A_HUMAN,multi,PLAAC,-0.299,whole_db,concatenated,0.000575956284153,0.0003321212121212,0.0218716216216216,0.000925,4,0.00032857142857142856,7,0.010725000000000002,4,0.000575956284153,0.0003321212121212,0.0218716216216216
P05067,A4_HUMAN,single,PLAAC,-0.331,whole_db,concatenated,0.0749374999999999,7.61904761904762e-05,0.0008402046783625,0.0749,1,0.0001,1,0.0008,1,0.0749374999999999,7.61904761904762e-05,0.0008402046783625
P08172,ACM2_HUMAN,multi,PLAAC,-0.22,whole_db,concatenated,0.0061271966527196,0.0003248554913294,0.1818999999999999,0.00275,4,0.0003142857142857143,7,0.12285,4,0.0061271966527196,0.0003248554913294,0.1818999999999999
Q8WXG9,AGRV1_HUMAN,multi,PLAAC,-0.102,whole_db,concatenated,0.0452566326530612,0.0002394557823129,0.0006569093360296,0.01475,4,0.00024285714285714289,7,0.001125,4,0.0452566326530612,0.0002394557823129,0.0006569093360296
Q9UM73,ALK_HUMAN,single,PLAAC,-0.1,whole_db,concatenated,0.012175935828877,9.047619047619048e-05,0.0260001960784313,0.0122,1,0.0001,1,0.026,1,0.012175935828877,9.047619047619048e-05,0.0260001960784313
Q7Z3C6,ATG9A_HUMAN,multi,PLAAC,-0.17,whole_db,concatenated,0.0009992343032159,0.0001279569892473,0.0002018867924528,0.0006714285714285713,7,0.0001,4,0.0001,2,0.0009992343032159,0.0001279569892473,0.0002018867924528
Q03135,CAV1_HUMAN,single,PLAAC,-0.438,whole_db,concatenated,0.0006660256410256,,,0.0005,2,,0,,0,0.0006660256410256,,
P10747,CD28_HUMAN,single,PLAAC,-0.198,whole_db,concatenated,0.0052780487804878,4.0740740740740745e-05,0.0062582089552238,0.0053,1,0.0,1,0.0063,1,0.0052780487804878,4.0740740740740745e-05,0.0062582089552238
P07766,CD3E_HUMAN,single,PLAAC,-0.236,whole_db,concatenated,0.0059,8.076923076923076e-05,0.0004461538461538,0.0059,1,0.0001,1,0.0004,1,0.0059,8.076923076923076e-05,0.0004461538461538
P20963,CD3Z_HUMAN,single,PLAAC,-0.224,whole_db,concatenated,0.0530247787610619,7.142857142857143e-05,0.0002333333333333,0.053,1,0.0001,1,0.0002,1,0.0530247787610619,7.142857142857143e-05,0.0002333333333333
P13569,CFTR_HUMAN,multi,PLAAC,-0.2,whole_db,concatenated,0.0017320855614973,0.0002541501976284,0.0032733333333333,0.0009142857142857142,7,0.00025833333333333334,12,0.0016333333333333332,6,0.0017320855614973,0.0002541501976284,0.0032733333333333
Q07065,CKAP4_HUMAN,single,PLAAC,0.238,whole_db,concatenated,0.4301358490566038,0.0003238095238095,0.0003322105263157,0.4301,1,0.0003,1,0.0003,1,0.4301358490566038,0.0003238095238095,0.0003322105263157
P15954,COX7C_HUMAN,single,PLAAC,-0.447,whole_db,concatenated,,0.0001629629629629,0.000265,,0,0.0002,1,0.00035,2,,0.0001629629629629,0.000265
Q9UJA2,CRLS1_HUMAN,multi,PLAAC,-0.145,whole_db,concatenated,,0.0006757009345794,,,0,0.0007,5,,0,,0.0006757009345794,
P61073,CXCR4_HUMAN,multi,PLAAC,-0.388,whole_db,concatenated,0.0006566371681415,0.000152027027027,0.0003967032967032,0.0005499999999999999,4,0.00015714285714285716,7,0.00037500000000000006,4,0.0006566371681415,0.000152027027027,0.0003967032967032
Q08345,DDR1_HUMAN,single,PLAAC,-0.08,whole_db,concatenated,0.0015237894736842,1.4285714285714289e-05,0.00092040302267,0.0015,1,0.0,1,0.0009,1,0.0015237894736842,1.4285714285714289e-05,0.00092040302267
P00533,EGFR_HUMAN,single,PLAAC,0.001,whole_db,concatenated,0.0099894833948339,0.0001478260869565,0.0007173913043478,0.01,1,0.0001,1,0.0007,1,0.0099894833948339,0.0001478260869565,0.0007173913043478
P29317,EPHA2_HUMAN,single,PLAAC,-0.269,whole_db,concatenated,0.000523923444976,0.0001047619047619,0.0007046692607003,0.0005,1,0.0001,1,0.0007,1,0.000523923444976,0.0001047619047619,0.0007046692607003
P04626,ERBB2_HUMAN,single,PLAAC,-0.164,whole_db,concatenated,0.0022915517241379,4.782608695652174e-05,0.0006328571428571,0.0023,1,0.0,1,0.0006,1,0.0022915517241379,4.782608695652174e-05,0.0006328571428571
Q15303,ERBB4_HUMAN,single,PLAAC,-0.088,whole_db,concatenated,0.0016791469194312,9.166666666666668e-05,0.0005472843450479,0.0017,1,0.0001,1,0.0005,1,0.0016791469194312,9.166666666666668e-05,0.0005472843450479
O75460,ERN1_HUMAN,single,PLAAC,-0.035,whole_db,concatenated,0.0221438596491228,0.0108047619047619,0.0002743529411764,0.0221,1,0.0108,1,0.0003,1,0.0221438596491228,0.0108047619047619,0.0002743529411764
P11362,FGFR1_HUMAN,single,PLAAC,-0.313,whole_db,concatenated,0.0004849411764705,8.095238095238096e-05,0.000365352112676,0.0005,1,0.0001,1,0.0004,1,0.0004849411764705,8.095238095238096e-05,0.000365352112676
P21802,FGFR2_HUMAN,single,PLAAC,-0.315,whole_db,concatenated,0.0007059101654846,1.4285714285714289e-05,0.0005955056179775,0.0007,1,0.0,1,0.0006,1,0.0007059101654846,1.4285714285714289e-05,0.0005955056179775
Q9BRQ8,FSP1_HUMAN,single,PLAAC,-0.196,whole_db,concatenated,,0.0014999999999999,,,0,0.0015,1,,0,,0.0014999999999999,
Q9H461,FZD8_HUMAN,multi,PLAAC,0.073,whole_db,concatenated,0.1908116129032258,0.0001462585034013,0.0297813698630137,0.08332500000000001,4,0.0001428571428571429,7,0.023275,4,0.1908116129032258,0.0001462585034013,0.0297813698630137
P01857,IGHG1_HUMAN,single,PLAAC,-0.21,whole_db,concatenated,,,0.0009427272727272,,0,,0,0.0009,1,,,0.0009427272727272
P05556,ITB1_HUMAN,single,PLAAC,-0.23,whole_db,concatenated,0.0001553191489361,3.913043478260869e-05,0.000906638418079,0.0002,1,0.0,1,0.0009,1,0.0001553191489361,3.913043478260869e-05,0.000906638418079
Q9Y624,JAM1_HUMAN,single,PLAAC,-0.223,whole_db,concatenated,0.00058,2.857142857142857e-05,0.0010995260663507,0.0006,1,0.0,1,0.0011,1,0.00058,2.857142857142857e-05,0.0010995260663507
Q9BR39,JPH2_HUMAN,single,PLAAC,0.038,whole_db,concatenated,0.0095870919881305,7.61904761904762e-05,,0.0096,1,0.0001,1,,0,0.0095870919881305,7.61904761904762e-05,
O43561,LAT_HUMAN,single,PLAAC,-0.126,whole_db,concatenated,0.0006859574468085,3.0434782608695656e-05,0.0005,0.0007,1,0.0,1,0.0005,1,0.0006859574468085,3.0434782608695656e-05,0.0005
Q14739,LBR_HUMAN,multi,PLAAC,-0.249,whole_db,concatenated,,0.0001547619047619,0.0006696682464454,,0,0.000175,8,0.0007,1,,0.0001547619047619,0.0006696682464454
Q8NC56,LEMD2_HUMAN,multi,PLAAC,-0.184,whole_db,concatenated,,4.047619047619048e-05,,,0,0.0,2,,0,,4.047619047619048e-05,
O75581,LRP6_HUMAN,single,PLAAC,-0.049,whole_db,concatenated,0.0041418181818181,0.0005478260869565,0.001580977054034,0.0041,1,0.0005,1,0.0016,1,0.0041418181818181,0.0005478260869565,0.001580977054034
Q13021,MALL_HUMAN,multi,PLAAC,-0.393,whole_db,concatenated,,0.000347619047619,,,0,0.00035,4,,0,,0.000347619047619,
Q7Z434,MAVS_HUMAN,single,PLAAC,-0.124,whole_db,concatenated,0.0008767578125,8.571428571428573e-05,0.0005166666666666,0.0009,1,0.0001,1,0.0005,1,0.0008767578125,8.571428571428573e-05,0.0005166666666666
P15529,MCP_HUMAN,single,PLAAC,-0.233,whole_db,concatenated,0.0001884615384615,4.782608695652174e-05,0.0013385113268608,0.0002,1,0.0,1,0.0013,1,0.0001884615384615,4.782608695652174e-05,0.0013385113268608
Q9H3U5,MFSD1_HUMAN,multi,PLAAC,-0.326,whole_db,concatenated,,0.0007833992094861,,,0,0.000775,12,,0,,0.0007833992094861,
P15941,MUC1_HUMAN,single,PLAAC,-0.074,whole_db,concatenated,0.0119864864864864,4.347826086956522e-05,0.0014453744493392,0.012,1,0.0,1,0.0014,1,0.0119864864864864,4.347826086956522e-05,0.0014453744493392
Q12879,NMDE1_HUMAN,multi,PLAAC,-0.055,whole_db,concatenated,0.0057027149321266,0.0002983870967741,0.0052888888888888,0.004733333333333333,3,0.0003,3,0.01035,2,0.0057027149321266,0.0002983870967741,0.0052888888888888
P46531,NOTC1_HUMAN,single,PLAAC,0.332,whole_db,concatenated,0.0845767209011264,0.0002095238095238,0.0010920792079207,0.0846,1,0.0002,1,0.0011,1,0.0845767209011264,0.0002095238095238,0.0010920792079207
O60500,NPHN_HUMAN,single,PLAAC,-0.172,whole_db,concatenated,0.000267469879518,0.0003619047619047,0.0004463178294573,0.0003,1,0.0004,1,0.0004,1,0.000267469879518,0.0003619047619047,0.0004463178294573
P49146,NPY2R_HUMAN,multi,PLAAC,-0.4,whole_db,concatenated,0.0014098214285714,0.0002516483516483,0.0007919540229885,0.0010249999999999999,4,0.00025714285714285715,7,0.00042500000000000003,4,0.0014098214285714,0.0002516483516483,0.0007919540229885
O00254,PAR3_HUMAN,multi,PLAAC,-0.304,whole_db,concatenated,0.0003436363636363,0.0003364197530864,0.0050378151260504,0.00035,4,0.00032857142857142856,7,0.010050000000000002,4,0.0003436363636363,0.0003364197530864,0.0050378151260504
O60733,PLPL9_HUMAN,multi,PLAAC,-0.119,whole_db,concatenated,,0.0001404761904761,,,0,0.00015000000000000001,2,,0,,0.0001404761904761,
P40967,PMEL_HUMAN,single,PLAAC,-0.13,whole_db,concatenated,0.00448,9.047619047619048e-05,0.0004841269841269,0.0045,1,0.0001,1,0.0005,1,0.00448,9.047619047619048e-05,0.0004841269841269
Q8TEM1,PO210_HUMAN,single,PLAAC,-0.146,whole_db,concatenated,0.0040844827586206,0.0002047619047619,0.0015438832772166,0.0041,1,0.0002,1,0.0015,1,0.0040844827586206,0.0002047619047619,0.0015438832772166
Q04671,P_HUMAN,multi,PLAAC,-0.197,whole_db,concatenated,0.0004548672566371,8.926829268292683e-05,0.0005649659863945,0.0005285714285714286,7,9.166666666666667e-05,12,0.0004166666666666667,6,0.0004548672566371,8.926829268292683e-05,0.0005649659863945
P07949,RET_HUMAN,single,PLAAC,-0.213,whole_db,concatenated,0.0009608315098468,4.5454545454545465e-05,0.000751565074135,0.001,1,0.0,1,0.0008,1,0.0009608315098468,4.5454545454545465e-05,0.000751565074135
P31645,SC6A4_HUMAN,multi,PLAAC,-0.233,whole_db,concatenated,0.0025418269230769,0.0005755813953488,0.0012914634146341,0.0034857142857142856,7,0.0005416666666666666,12,0.0035999999999999995,6,0.0025418269230769,0.0005755813953488,0.0012914634146341
P31431,SDC4_HUMAN,single,PLAAC,-0.495,whole_db,concatenated,0.0006464285714285,6.8e-05,0.0005307086614173,0.0006,1,0.0001,1,0.0005,1,0.0006464285714285,6.8e-05,0.0005307086614173
Q8N114,SHSA5_HUMAN,single,PLAAC,0.232,whole_db,concatenated,0.5920833333333334,0.0004523809523809,0.0006896103896103,0.5921,1,0.0005,1,0.0007,1,0.5920833333333334,0.0004523809523809,0.0006896103896103
Q14BN4,SLMAP_HUMAN,multi,PLAAC,-0.318,whole_db,concatenated,0.0006623441396508,0.0002619047619047,0.0037,0.0007,1,0.0003,1,0.0037,1,0.0006623441396508,0.0002619047619047,0.0037
Q86WV6,STING_HUMAN,multi,PLAAC,-0.242,whole_db,concatenated,0.003844366197183,0.0002399999999999,0.0009299999999999,0.0026,3,0.00025,4,0.00095,2,0.003844366197183,0.0002399999999999,0.0009299999999999
P08247,SYPH_HUMAN,multi,PLAAC,0.417,whole_db,concatenated,0.5221975409836066,0.0002885416666666,0.0001926315789473,0.2366,3,0.000275,4,0.00019999999999999998,2,0.5221975409836066,0.0002885416666666,0.0001926315789473
Q16635,TAZ_HUMAN,single,PLAAC,-0.463,whole_db,concatenated,,,0.0004464730290456,,0,,0,0.00055,2,,,0.0004464730290456
O14763,TR10B_HUMAN,single,PLAAC,-0.297,whole_db,concatenated,0.0005177033492822,5.714285714285715e-05,0.0029270967741935,0.0005,1,0.0001,1,0.0029,1,0.0005177033492822,5.714285714285715e-05,0.0029270967741935
O75445,USH2A_HUMAN,single,PLAAC,-0.024,whole_db,concatenated,0.005010071942446,5.2380952380952384e-05,0.0033002993414488,0.005,1,0.0001,1,0.0033,1,0.005010071942446,5.2380952380952384e-05,0.0033002993414488
P63027,VAMP2_HUMAN,single,PLAAC,-0.291,whole_db,concatenated,0.0186032258064516,0.000185,0.0026499999999999,0.0186,1,0.0002,1,0.0026,1,0.0186032258064516,0.000185,0.0026499999999999
P17948,VGFR1_HUMAN,single,PLAAC,-0.246,whole_db,concatenated,0.0004586021505376,1.3636363636363638e-05,0.0006543715846994,0.0005,1,0.0,1,0.0007,1,0.0004586021505376,1.3636363636363638e-05,0.0006543715846994
P35968,VGFR2_HUMAN,single,PLAAC,-0.303,whole_db,concatenated,0.0038364273204903,3.80952380952381e-05,0.0007236241610738,0.0038,1,0.0,1,0.0007,1,0.0038364273204903,3.80952380952381e-05,0.0007236241610738
P08908,5HT1A_HUMAN,multi,PSAP,0.0341666666666666,whole,concatenated,0.0391666666666666,0.0208333333333333,0.0175,0.01562499999999995,4,0.009880952380952343,7,0.008749999999999975,4,,,
P05067,A4_HUMAN,single,PSAP,0.0333333333333333,whole,concatenated,0.0166666666666666,0.0133333333333333,0.0266666666666666,0.0058333333333333,1,0.0133333333333333,1,0.0066666666666666,1,,,
P08172,ACM2_HUMAN,multi,PSAP,0.0358333333333333,whole,concatenated,0.03,0.0233333333333333,0.0108333333333333,0.016874999999999977,4,0.012619047619047587,7,0.00354166666666665,4,,,
Q8WXG9,AGRV1_HUMAN,multi,PSAP,0.0316666666666666,whole,concatenated,0.025,0.005,0.0216666666666666,0.012916666666666625,4,0.006547619047618999,7,0.00354166666666665,4,,,
Q9UM73,ALK_HUMAN,single,PSAP,0.03,whole,concatenated,0.0325,0.0016666666666666,0.0108333333333333,0.005,1,0.0016666666666666,1,0.0008333333333333,1,,,
Q7Z3C6,ATG9A_HUMAN,multi,PSAP,0.0183333333333333,whole,concatenated,0.0266666666666666,0.0283333333333333,0.0116666666666666,0.006785714285714243,7,0.0120833333333333,4,0.00541666666666665,2,,,
Q03135,CAV1_HUMAN,single,PSAP,0.0233333333333333,whole,concatenated,0.0408333333333333,,,0.0083333333333333,2,,0,,0,,,
P10747,CD28_HUMAN,single,PSAP,0.0325,whole,concatenated,0.0108333333333333,0.0016666666666666,0.015,0.0083333333333333,1,0.0008333333333333,1,0.005,1,,,
P07766,CD3E_HUMAN,single,PSAP,0.03,whole,concatenated,0.0458333333333333,0.0166666666666666,0.0175,0.0225,1,0.0091666666666666,1,0.0033333333333333,1,,,
P20963,CD3Z_HUMAN,single,PSAP,0.0166666666666666,whole,concatenated,0.0216666666666666,0.0083333333333333,0.0083333333333333,0.0041666666666666,1,0.01,1,0.0075,1,,,
P13569,CFTR_HUMAN,multi,PSAP,0.0208333333333333,whole,concatenated,0.0208333333333333,0.0116666666666666,0.0116666666666666,0.007738095238095229,7,0.010486111111111085,12,0.0037499999999999665,6,,,
Q07065,CKAP4_HUMAN,single,PSAP,0.0208333333333333,whole,concatenated,0.0208333333333333,0.0141666666666666,0.0125,0.02,1,0.0083333333333333,1,0.005,1,,,
P15954,COX7C_HUMAN,single,PSAP,0.0133333333333333,whole,concatenated,,0.0091666666666666,0.0316666666666666,,0,0.0066666666666666,1,0.0108333333333333,2,,,
Q9UJA2,CRLS1_HUMAN,multi,PSAP,0.0075,whole,concatenated,,0.02,,,0,0.0133333333333333,5,,0,,,
P61073,CXCR4_HUMAN,multi,PSAP,0.0183333333333333,whole,concatenated,0.015,0.0258333333333333,0.0166666666666666,0.00999999999999995,4,0.008928571428571386,7,0.016041666666666624,4,,,
Q08345,DDR1_HUMAN,single,PSAP,0.0216666666666666,whole,concatenated,0.0241666666666666,0.0066666666666666,0.0091666666666666,0.01,1,0.0075,1,0.0025,1,,,
P00533,EGFR_HUMAN,single,PSAP,0.0241666666666666,whole,concatenated,0.0258333333333333,0.0216666666666666,0.0183333333333333,0.0141666666666666,1,0.025,1,0.0066666666666666,1,,,
P29317,EPHA2_HUMAN,single,PSAP,0.0166666666666666,whole,concatenated,0.0275,0.0233333333333333,0.0166666666666666,0.0158333333333333,1,0.0233333333333333,1,0.0025,1,,,
P04626,ERBB2_HUMAN,single,PSAP,0.025,whole,concatenated,0.0258333333333333,0.0208333333333333,0.0166666666666666,0.0116666666666666,1,0.0216666666666666,1,0.0041666666666666,1,,,
Q15303,ERBB4_HUMAN,single,PSAP,0.0333333333333333,whole,concatenated,0.0391666666666666,0.0041666666666666,0.02,0.0175,1,0.0058333333333333,1,0.0041666666666666,1,,,
O75460,ERN1_HUMAN,single,PSAP,0.02,whole,concatenated,0.0166666666666666,0.0025,0.0183333333333333,0.0125,1,0.0033333333333333,1,0.01,1,,,
P11362,FGFR1_HUMAN,single,PSAP,0.02,whole,concatenated,0.0275,0.0016666666666666,0.015,0.0216666666666666,1,0.0016666666666666,1,0.0066666666666666,1,,,
P21802,FGFR2_HUMAN,single,PSAP,0.0366666666666666,whole,concatenated,0.0283333333333333,0.0,0.0216666666666666,0.0125,1,0.0008333333333333,1,0.0058333333333333,1,,,
Q9BRQ8,FSP1_HUMAN,single,PSAP,0.02,whole,concatenated,,0.0183333333333333,,,0,0.0233333333333333,1,,0,,,
Q9H461,FZD8_HUMAN,multi,PSAP,0.0275,whole,concatenated,0.0175,0.0108333333333333,0.0241666666666666,0.016041666666666652,4,0.005595238095238058,7,0.011249999999999975,4,,,
P01857,IGHG1_HUMAN,single,PSAP,0.0283333333333333,whole,concatenated,,,0.015,,0,,0,0.0008333333333333,1,,,
P05556,ITB1_HUMAN,single,PSAP,0.025,whole,concatenated,0.0358333333333333,0.0208333333333333,0.0216666666666666,0.0075,1,0.0258333333333333,1,0.0008333333333333,1,,,
Q9Y624,JAM1_HUMAN,single,PSAP,0.0175,whole,concatenated,0.02,0.0,0.0141666666666666,0.025,1,0.0008333333333333,1,0.0016666666666666,1,,,
Q9BR39,JPH2_HUMAN,single,PSAP,0.0341666666666666,whole,concatenated,0.0383333333333333,0.0241666666666666,,0.0383333333333333,1,0.0041666666666666,1,,0,,,
O43561,LAT_HUMAN,single,PSAP,0.0175,whole,concatenated,0.0216666666666666,0.0016666666666666,0.0008333333333333,0.02,1,0.0016666666666666,1,0.0008333333333333,1,,,
Q14739,LBR_HUMAN,multi,PSAP,0.0283333333333333,whole,concatenated,,0.0158333333333333,0.0175,,0,0.012916666666666625,8,0.0125,1,,,
Q8NC56,LEMD2_HUMAN,multi,PSAP,0.0416666666666666,whole,concatenated,,0.0041666666666666,,,0,0.00375,2,,0,,,
O75581,LRP6_HUMAN,single,PSAP,0.0316666666666666,whole,concatenated,0.0225,0.0358333333333333,0.0175,0.0041666666666666,1,0.0208333333333333,1,0.005,1,,,
Q13021,MALL_HUMAN,multi,PSAP,0.0058333333333333,whole,concatenated,,0.0108333333333333,,,0,0.008541666666666625,4,,0,,,
Q7Z434,MAVS_HUMAN,single,PSAP,0.0175,whole,concatenated,0.0175,0.0166666666666666,0.0016666666666666,0.0166666666666666,1,0.0158333333333333,1,0.0016666666666666,1,,,
P15529,MCP_HUMAN,single,PSAP,0.0216666666666666,whole,concatenated,0.0158333333333333,0.0175,0.0091666666666666,0.0033333333333333,1,0.0191666666666666,1,0.0025,1,,,
Q9H3U5,MFSD1_HUMAN,multi,PSAP,0.0091666666666666,whole,concatenated,,0.0166666666666666,,,0,0.008541666666666633,12,,0,,,
P15941,MUC1_HUMAN,single,PSAP,0.0116666666666666,whole,concatenated,0.0333333333333333,0.0041666666666666,0.0141666666666666,0.0041666666666666,1,0.0041666666666666,1,0.0083333333333333,1,,,
Q12879,NMDE1_HUMAN,multi,PSAP,0.0316666666666666,whole,concatenated,0.0308333333333333,0.025,0.0216666666666666,0.015277777777777732,3,0.008611111111111099,3,0.00499999999999995,2,,,
P46531,NOTC1_HUMAN,single,PSAP,0.0291666666666666,whole,concatenated,0.0191666666666666,0.0041666666666666,0.0175,0.01,1,0.0008333333333333,1,0.0016666666666666,1,,,
O60500,NPHN_HUMAN,single,PSAP,0.0225,whole,concatenated,0.0191666666666666,0.02,0.01,0.0133333333333333,1,0.0208333333333333,1,0.005,1,,,
P49146,NPY2R_HUMAN,multi,PSAP,0.0141666666666666,whole,concatenated,0.0375,0.0175,0.0166666666666666,0.005416666666666625,4,0.011071428571428541,7,0.004999999999999975,4,,,
O00254,PAR3_HUMAN,multi,PSAP,0.0225,whole,concatenated,0.0275,0.0158333333333333,0.0116666666666666,0.004374999999999974,4,0.010238095238095213,7,0.010833333333333299,4,,,
O60733,PLPL9_HUMAN,multi,PSAP,0.0341666666666666,whole,concatenated,,0.0166666666666666,,,0,0.01749999999999995,2,,0,,,
P40967,PMEL_HUMAN,single,PSAP,0.0133333333333333,whole,concatenated,0.005,0.0016666666666666,0.0041666666666666,0.0058333333333333,1,0.0016666666666666,1,0.0008333333333333,1,,,
Q8TEM1,PO210_HUMAN,single,PSAP,0.0125,whole,concatenated,0.0008333333333333,0.0075,0.0108333333333333,0.0016666666666666,1,0.005,1,0.0075,1,,,
Q04671,P_HUMAN,multi,PSAP,0.0108333333333333,whole,concatenated,0.0216666666666666,0.0158333333333333,0.0158333333333333,0.010714285714285673,7,0.005208333333333283,12,0.004861111111111067,6,,,
P07949,RET_HUMAN,single,PSAP,0.0233333333333333,whole,concatenated,0.0325,0.0133333333333333,0.0175,0.0108333333333333,1,0.0133333333333333,1,0.0025,1,,,
P31645,SC6A4_HUMAN,multi,PSAP,0.0141666666666666,whole,concatenated,0.0375,0.0141666666666666,0.0083333333333333,0.011785714285714257,7,0.010486111111111085,12,0.0019444444444444164,6,,,
P31431,SDC4_HUMAN,single,PSAP,0.0175,whole,concatenated,0.0166666666666666,0.005,0.0066666666666666,0.0175,1,0.005,1,0.0033333333333333,1,,,
Q8N114,SHSA5_HUMAN,single,PSAP,0.0208333333333333,whole,concatenated,0.0108333333333333,0.0041666666666666,0.01,0.0083333333333333,1,0.0058333333333333,1,0.0033333333333333,1,,,
Q14BN4,SLMAP_HUMAN,multi,PSAP,0.005,whole,concatenated,0.0091666666666666,0.0066666666666666,0.0016666666666666,0.0083333333333333,1,0.0041666666666666,1,0.0016666666666666,1,,,
Q86WV6,STING_HUMAN,multi,PSAP,0.0216666666666666,whole,concatenated,0.0283333333333333,0.0075,0.0083333333333333,0.0044444444444444,3,0.007708333333333301,4,0.0045833333333333,2,,,
P08247,SYPH_HUMAN,multi,PSAP,0.0258333333333333,whole,concatenated,0.0366666666666666,0.0375,0.0141666666666666,0.017777777777777767,3,0.014166666666666626,4,0.0020833333333333,2,,,
Q16635,TAZ_HUMAN,single,PSAP,0.0275,whole,concatenated,,,0.0091666666666666,,0,,0,0.0016666666666666,2,,,
O14763,TR10B_HUMAN,single,PSAP,0.0125,whole,concatenated,0.0266666666666666,0.0008333333333333,0.0141666666666666,0.0075,1,0.0016666666666666,1,0.0066666666666666,1,,,
O75445,USH2A_HUMAN,single,PSAP,0.035,whole,concatenated,0.0308333333333333,0.0008333333333333,0.0125,0.0208333333333333,1,0.0016666666666666,1,0.0016666666666666,1,,,
P63027,VAMP2_HUMAN,single,PSAP,0.01,whole,concatenated,0.015,0.0008333333333333,0.0008333333333333,0.0091666666666666,1,0.0,1,0.0,1,,,
P17948,VGFR1_HUMAN,single,PSAP,0.035,whole,concatenated,0.0258333333333333,0.0016666666666666,0.0208333333333333,0.0091666666666666,1,0.0016666666666666,1,0.0041666666666666,1,,,
P35968,VGFR2_HUMAN,single,PSAP,0.0183333333333333,whole,concatenated,0.03,0.0,0.0166666666666666,0.0108333333333333,1,0.0008333333333333,1,0.005,1,,,
P08908,5HT1A_HUMAN,multi,PSPHunter,0.70366,whole,concatenated,0.2815800000000001,0.0319599999999999,0.0741799999999999,0.07732499999999995,4,0.009957142857142843,7,0.03856499999999995,4,,,
P05067,A4_HUMAN,single,PSPHunter,0.8819800000000002,whole,concatenated,0.1412399999999999,0.00978,0.7758000000000002,0.1412399999999999,1,0.00978,1,0.7758000000000002,1,,,
P08172,ACM2_HUMAN,multi,PSPHunter,0.26248,whole,concatenated,0.5652999999999999,0.0669199999999999,0.0364199999999999,0.15135499999999988,4,0.012351428571428557,7,0.03138499999999995,4,,,
Q8WXG9,AGRV1_HUMAN,multi,PSPHunter,0.6098799999999998,whole,concatenated,0.3419800000000002,0.0112,0.6176799999999998,0.10489499999999993,4,0.013885714285714256,7,0.18061499999999997,4,,,
Q9UM73,ALK_HUMAN,single,PSPHunter,0.7052600000000001,whole,concatenated,0.62154,0.00422,0.6909199999999998,0.62154,1,0.00422,1,0.6909199999999998,1,,,
Q7Z3C6,ATG9A_HUMAN,multi,PSPHunter,0.18828,whole,concatenated,0.32622,0.01204,0.0683599999999999,0.10229999999999995,7,0.01197,4,0.04125999999999995,2,,,
Q03135,CAV1_HUMAN,single,PSPHunter,0.2317400000000001,whole,concatenated,0.2805799999999999,,,0.14214999999999994,2,,0,,0,,,
P10747,CD28_HUMAN,single,PSPHunter,0.0523599999999999,whole,concatenated,0.13662,0.00388,0.12544,0.13662,1,0.00388,1,0.12544,1,,,
P07766,CD3E_HUMAN,single,PSPHunter,0.2212999999999999,whole,concatenated,0.2983999999999999,0.0067,0.0876599999999999,0.2983999999999999,1,0.0067,1,0.0876599999999999,1,,,
P20963,CD3Z_HUMAN,single,PSPHunter,0.2564199999999999,whole,concatenated,0.4468599999999998,0.00518,0.01774,0.4468599999999998,1,0.00518,1,0.01774,1,,,
P13569,CFTR_HUMAN,multi,PSPHunter,0.5884799999999999,whole,concatenated,0.6496400000000001,0.0600999999999999,0.0315999999999999,0.18523714285714282,7,0.01382166666666665,12,0.02465666666666662,6,,,
Q07065,CKAP4_HUMAN,single,PSPHunter,0.6443200000000003,whole,concatenated,0.6849000000000001,0.00466,0.5583400000000002,0.6849000000000001,1,0.00466,1,0.5583400000000002,1,,,
P15954,COX7C_HUMAN,single,PSPHunter,0.0370799999999999,whole,concatenated,,0.00518,0.0427999999999999,,0,0.00518,1,0.0370099999999999,2,,,
Q9UJA2,CRLS1_HUMAN,multi,PSPHunter,0.1179599999999999,whole,concatenated,,0.01672,,,0,0.009936,5,,0,,,
P61073,CXCR4_HUMAN,multi,PSPHunter,0.0372799999999999,whole,concatenated,0.1198199999999999,0.01532,0.10576,0.041234999999999924,4,0.013037142857142857,7,0.038819999999999924,4,,,
Q08345,DDR1_HUMAN,single,PSPHunter,0.4590000000000003,whole,concatenated,0.42284,0.00502,0.4154000000000002,0.42284,1,0.00502,1,0.4154000000000002,1,,,
P00533,EGFR_HUMAN,single,PSPHunter,0.45444,whole,concatenated,0.4117000000000004,0.0031,0.38326,0.4117000000000004,1,0.0031,1,0.38326,1,,,
P29317,EPHA2_HUMAN,single,PSPHunter,0.7064400000000001,whole,concatenated,0.54326,0.00358,0.4856,0.54326,1,0.00358,1,0.4856,1,,,
P04626,ERBB2_HUMAN,single,PSPHunter,0.3854000000000002,whole,concatenated,0.68092,0.00526,0.2804999999999999,0.68092,1,0.00526,1,0.2804999999999999,1,,,
Q15303,ERBB4_HUMAN,single,PSPHunter,0.6312600000000002,whole,concatenated,0.7189200000000002,0.00594,0.40448,0.7189200000000002,1,0.00594,1,0.40448,1,,,
O75460,ERN1_HUMAN,single,PSPHunter,0.31934,whole,concatenated,0.3497999999999999,0.01658,0.2987599999999999,0.3497999999999999,1,0.01658,1,0.2987599999999999,1,,,
P11362,FGFR1_HUMAN,single,PSPHunter,0.4544400000000003,whole,concatenated,0.3333400000000001,0.00524,0.51494,0.3333400000000001,1,0.00524,1,0.51494,1,,,
P21802,FGFR2_HUMAN,single,PSPHunter,0.7090000000000001,whole,concatenated,0.40778,0.00476,0.5658799999999998,0.40778,1,0.00476,1,0.5658799999999998,1,,,
Q9BRQ8,FSP1_HUMAN,single,PSPHunter,0.4578599999999999,whole,concatenated,,0.01626,,,0,0.01626,1,,0,,,
Q9H461,FZD8_HUMAN,multi,PSPHunter,0.6854400000000004,whole,concatenated,0.6292,0.0245,0.7484799999999998,0.18249999999999994,4,0.011437142857142856,7,0.24771500000000002,4,,,
P01857,IGHG1_HUMAN,single,PSPHunter,0.4037000000000001,whole,concatenated,,,0.4037000000000001,,0,,0,0.4037000000000001,1,,,
P05556,ITB1_HUMAN,single,PSPHunter,0.56464,whole,concatenated,0.12988,0.00228,0.5635000000000002,0.12988,1,0.00228,1,0.5635000000000002,1,,,
Q9Y624,JAM1_HUMAN,single,PSPHunter,0.2269600000000001,whole,concatenated,0.0770999999999999,0.00228,0.46004,0.0770999999999999,1,0.00228,1,0.46004,1,,,
Q9BR39,JPH2_HUMAN,single,PSPHunter,0.76884,whole,concatenated,0.8023800000000001,0.00538,,0.8023800000000001,1,0.00538,1,,0,,,
O43561,LAT_HUMAN,single,PSPHunter,0.7408999999999999,whole,concatenated,0.6701200000000002,0.00312,0.0308999999999999,0.6701200000000002,1,0.00312,1,0.0308999999999999,1,,,
Q14739,LBR_HUMAN,multi,PSPHunter,0.2142,whole,concatenated,,0.01422,0.56774,,0,0.015459999999999977,8,0.56774,1,,,
Q8NC56,LEMD2_HUMAN,multi,PSPHunter,0.2807200000000001,whole,concatenated,,0.00582,,,0,0.00729,2,,0,,,
O75581,LRP6_HUMAN,single,PSPHunter,0.67746,whole,concatenated,0.6141800000000003,0.01318,0.6572600000000002,0.6141800000000003,1,0.01318,1,0.6572600000000002,1,,,
Q13021,MALL_HUMAN,multi,PSPHunter,0.0374799999999999,whole,concatenated,,0.01474,,,0,0.01066,4,,0,,,
Q7Z434,MAVS_HUMAN,single,PSPHunter,0.5576200000000001,whole,concatenated,0.6038799999999996,0.00418,0.0363799999999999,0.6038799999999996,1,0.00418,1,0.0363799999999999,1,,,
P15529,MCP_HUMAN,single,PSPHunter,0.4885799999999999,whole,concatenated,0.0566399999999999,0.01004,0.56372,0.0566399999999999,1,0.01004,1,0.56372,1,,,
Q9H3U5,MFSD1_HUMAN,multi,PSPHunter,0.1280199999999999,whole,concatenated,,0.06848,,,0,0.013554999999999984,12,,0,,,
P15941,MUC1_HUMAN,single,PSPHunter,0.6354200000000001,whole,concatenated,0.1060599999999999,0.00384,0.6361999999999999,0.1060599999999999,1,0.00384,1,0.6361999999999999,1,,,
Q12879,NMDE1_HUMAN,multi,PSPHunter,0.5699999999999998,whole,concatenated,0.59986,0.00328,0.54308,0.22234666666666658,3,0.009766666666666667,3,0.3075800000000001,2,,,
P46531,NOTC1_HUMAN,single,PSPHunter,0.6381800000000001,whole,concatenated,0.74052,0.00838,0.6479400000000003,0.74052,1,0.00838,1,0.6479400000000003,1,,,
O60500,NPHN_HUMAN,single,PSPHunter,0.84248,whole,concatenated,0.3697599999999998,0.00598,0.6962799999999999,0.3697599999999998,1,0.00598,1,0.6962799999999999,1,,,
P49146,NPY2R_HUMAN,multi,PSPHunter,0.0594599999999999,whole,concatenated,0.20518,0.0227999999999999,0.1157,0.0469099999999999,4,0.010739999999999986,7,0.04403499999999992,4,,,
O00254,PAR3_HUMAN,multi,PSPHunter,0.1121199999999999,whole,concatenated,0.0768799999999999,0.0377199999999999,0.14512,0.028279999999999975,4,0.015791428571428574,7,0.0394099999999999,4,,,
O60733,PLPL9_HUMAN,multi,PSPHunter,0.58638,whole,concatenated,,0.01092,,,0,0.00696,2,,0,,,
P40967,PMEL_HUMAN,single,PSPHunter,0.60766,whole,concatenated,0.0374799999999999,0.00436,0.0301799999999999,0.0374799999999999,1,0.00436,1,0.0301799999999999,1,,,
Q8TEM1,PO210_HUMAN,single,PSPHunter,0.6747799999999999,whole,concatenated,0.10366,0.01316,0.6716599999999998,0.10366,1,0.01316,1,0.6716599999999998,1,,,
Q04671,P_HUMAN,multi,PSPHunter,0.26386,whole,concatenated,0.2339400000000001,0.0891399999999999,0.1641,0.06246285714285706,7,0.007071666666666667,12,0.027286666666666615,6,,,
P07949,RET_HUMAN,single,PSPHunter,0.30844,whole,concatenated,0.4654200000000002,0.00582,0.2728799999999999,0.4654200000000002,1,0.00582,1,0.2728799999999999,1,,,
P31645,SC6A4_HUMAN,multi,PSPHunter,0.2824400000000001,whole,concatenated,0.2076,0.0974599999999999,0.0349199999999999,0.04308857142857138,7,0.012878333333333316,12,0.03776999999999991,6,,,
P31431,SDC4_HUMAN,single,PSPHunter,0.14326,whole,concatenated,0.12922,0.0022,0.2838200000000001,0.12922,1,0.0022,1,0.2838200000000001,1,,,
Q8N114,SHSA5_HUMAN,single,PSPHunter,0.37168,whole,concatenated,0.4423800000000001,0.0048,0.0525399999999999,0.4423800000000001,1,0.0048,1,0.0525399999999999,1,,,
Q14BN4,SLMAP_HUMAN,multi,PSPHunter,0.6666399999999999,whole,concatenated,0.6517999999999996,0.00426,0.0252,0.6517999999999996,1,0.00426,1,0.0252,1,,,
Q86WV6,STING_HUMAN,multi,PSPHunter,0.0792199999999999,whole,concatenated,0.15442,0.00942,0.0198,0.0757799999999999,3,0.007235,4,0.025269999999999952,2,,,
P08247,SYPH_HUMAN,multi,PSPHunter,0.42274,whole,concatenated,0.7430399999999999,0.0352799999999999,0.0899599999999999,0.25674666666666673,3,0.020439999999999976,4,0.049969999999999945,2,,,
Q16635,TAZ_HUMAN,single,PSPHunter,0.0570199999999999,whole,concatenated,,,0.0916399999999999,,0,,0,0.0677899999999999,2,,,
O14763,TR10B_HUMAN,single,PSPHunter,0.38876,whole,concatenated,0.21488,0.00502,0.2743200000000001,0.21488,1,0.00502,1,0.2743200000000001,1,,,
O75445,USH2A_HUMAN,single,PSPHunter,0.6567999999999999,whole,concatenated,0.19498,0.00384,0.6726599999999999,0.19498,1,0.00384,1,0.6726599999999999,1,,,
P63027,VAMP2_HUMAN,single,PSPHunter,0.0925,whole,concatenated,0.21972,0.0125,0.0276599999999999,0.21972,1,0.0125,1,0.0276599999999999,1,,,
P17948,VGFR1_HUMAN,single,PSPHunter,0.5163,whole,concatenated,0.4895599999999999,0.0057,0.4919599999999999,0.4895599999999999,1,0.0057,1,0.4919599999999999,1,,,
P35968,VGFR2_HUMAN,single,PSPHunter,0.6701800000000003,whole,concatenated,0.53286,0.00362,0.6087799999999998,0.53286,1,0.00362,1,0.6087799999999998,1,,,
P08908,5HT1A_HUMAN,multi,PSPire,0.8727934,whole_db,pdb_region,0.5604808,0.035168182,0.06206178,0.37050905,4,0.1357965872857143,7,0.16571997049999998,4,,,
P05067,A4_HUMAN,single,PSPire,0.8443614,whole_db,pdb_region,0.28762454,0.123157896,0.60865927,0.28762454,1,0.123157896,1,0.60865927,1,,,
P08172,ACM2_HUMAN,multi,PSPire,0.05264176,whole_db,pdb_region,0.4842174,0.030452928,0.07498859,0.38692186149999996,4,0.12334686614285716,7,0.10324675224999999,4,,,
Q8WXG9,AGRV1_HUMAN,multi,PSPire,0.022319196,whole_db,,,,,,0,,0,,0,,,
Q9UM73,ALK_HUMAN,single,PSPire,0.72956294,whole_db,pdb_region,0.2658173,0.16198453,0.0833438,0.2658173,1,0.16198453,1,0.0833438,1,,,
Q7Z3C6,ATG9A_HUMAN,multi,PSPire,0.0078108557,whole_db,pdb_region,0.0017101469,0.02304404,0.06014399,0.009916540366666666,6,0.10748844025,4,0.079902845,2,,,
Q03135,CAV1_HUMAN,single,PSPire,0.9744093,whole_db,pdb_region,0.2329007,,,0.13395803925,2,,0,,0,,,
P10747,CD28_HUMAN,single,PSPire,0.08280896,whole_db,pdb_region,0.38630316,0.025725087,0.12061318,0.38630316,1,0.025725087,1,0.12061318,1,,,
P07766,CD3E_HUMAN,single,PSPire,0.061977915,whole_db,pdb_region,0.9354223,0.039116178,0.6594209,0.9354223,1,0.039116178,1,0.6594209,1,,,
P20963,CD3Z_HUMAN,single,PSPire,0.7059225,whole_db,pdb_region,0.4001619,0.047484845,,0.4001619,1,0.047484845,1,0.03104874,1,,,
P13569,CFTR_HUMAN,multi,PSPire,0.021911938,whole_db,pdb_region,0.0037269804,0.013150148,0.0016904201,0.05709216018571428,7,0.06799617321666666,12,0.07574921059999999,5,,,
Q07065,CKAP4_HUMAN,single,PSPire,0.75943923,whole_db,pdb_region,0.06292948,0.04164466,0.45203647,0.06292948,1,0.04164466,1,0.45203647,1,,,
P15954,COX7C_HUMAN,single,PSPire,0.49630556,whole_db,pdb_region,,0.012566438,,,0,0.012566438,1,,0,,,
Q9UJA2,CRLS1_HUMAN,multi,PSPire,0.0030629006,whole_db,pdb_region,,0.024057323,,,0,0.1138843396,5,,0,,,
P61073,CXCR4_HUMAN,multi,PSPire,0.24888709,whole_db,pdb_region,0.04041273,0.012649615,0.022815632,0.3441896875,4,0.04354102205714285,7,0.13047128675,4,,,
Q08345,DDR1_HUMAN,single,PSPire,0.092777506,whole_db,pdb_region,0.8228881,0.05231915,0.2711634,0.8228881,1,0.05231915,1,0.2711634,1,,,
P00533,EGFR_HUMAN,single,PSPire,0.9948772,whole_db,pdb_region,0.8326141,0.22069082,0.5794575,0.8326141,1,0.22069082,1,0.5794575,1,,,
P29317,EPHA2_HUMAN,single,PSPire,0.83137894,whole_db,pdb_region,0.6562031,0.025705341,0.26542768,0.6562031,1,0.025705341,1,0.26542768,1,,,
P04626,ERBB2_HUMAN,single,PSPire,0.97369987,whole_db,pdb_region,0.9297663,0.06575133,0.26489484,0.9297663,1,0.06575133,1,0.26489484,1,,,
Q15303,ERBB4_HUMAN,single,PSPire,0.9430021,whole_db,pdb_region,0.9289066,0.06309453,0.64207304,0.9289066,1,0.06309453,1,0.64207304,1,,,
O75460,ERN1_HUMAN,single,PSPire,0.13928577,whole_db,pdb_region,0.2231983,0.06512319,0.01987874,0.2231983,1,0.06512319,1,0.01987874,1,,,
P11362,FGFR1_HUMAN,single,PSPire,0.47035217,whole_db,pdb_region,0.17281416,0.38286585,0.17344974,0.17281416,1,0.38286585,1,0.17344974,1,,,
P21802,FGFR2_HUMAN,single,PSPire,0.9132317,whole_db,pdb_region,0.6584241,0.064101145,0.40644175,0.6584241,1,0.064101145,1,0.40644175,1,,,
Q9BRQ8,FSP1_HUMAN,single,PSPire,0.102038205,whole_db,pdb_region,,0.091210425,,,0,0.091210425,1,,0,,,
Q9H461,FZD8_HUMAN,multi,PSPire,0.0016049944,whole_db,pdb_region,0.060394228,0.0039568176,0.07718945,0.25109132700000003,4,0.05751365371428572,7,0.03644015985,4,,,
P01857,IGHG1_HUMAN,single,PSPire,0.37336266,whole_db,pdb_region,0.35453856,0.079533346,0.2742156,0.35453856,1,0.079533346,1,0.2742156,1,,,
P05556,ITB1_HUMAN,single,PSPire,0.3943021,whole_db,pdb_region,0.19116329,0.03184005,0.57148445,0.19116329,1,0.03184005,1,0.57148445,1,,,
Q9Y624,JAM1_HUMAN,single,PSPire,0.1137257,whole_db,pdb_region,0.4728868,0.032686293,0.6614482,0.4728868,1,0.032686293,1,0.6614482,1,,,
Q9BR39,JPH2_HUMAN,single,PSPire,0.5504534,whole_db,pdb_region,0.22535762,0.039530016,,0.22535762,1,0.039530016,1,,0,,,
O43561,LAT_HUMAN,single,PSPire,0.8835028,whole_db,pdb_region,0.41204184,0.029914334,,0.41204184,1,0.029914334,1,,0,,,
Q14739,LBR_HUMAN,multi,PSPire,0.5698512,whole_db,pdb_region,0.3510343,0.0074213343,,0.3510343,1,0.0280244776875,8,,0,,,
Q8NC56,LEMD2_HUMAN,multi,PSPire,0.9496786,whole_db,pdb_region,,0.009568925,,,0,0.0311226035,2,,0,,,
O75581,LRP6_HUMAN,single,PSPire,0.56313956,whole_db,pdb_region,0.07022797,0.074797116,0.39699247,0.07022797,1,0.074797116,1,0.39699247,1,,,
Q13021,MALL_HUMAN,multi,PSPire,0.036293495,whole_db,pdb_region,,0.033897676,,,0,0.13272617450000002,4,,0,,,
Q7Z434,MAVS_HUMAN,single,PSPire,0.97495615,whole_db,pdb_region,0.5522675,0.04568311,,0.5522675,1,0.04568311,1,,0,,,
P15529,MCP_HUMAN,single,PSPire,0.0045261797,whole_db,pdb_region,0.17959617,0.051451564,0.079394735,0.17959617,1,0.051451564,1,0.079394735,1,,,
Q9H3U5,MFSD1_HUMAN,multi,PSPire,0.01865598,whole_db,pdb_region,,0.019837331,,,0,0.09431276225000002,12,,0,,,
P15941,MUC1_HUMAN,single,PSPire,0.14811698,whole_db,pdb_region,0.3220556,0.012677133,0.38538748,0.3220556,1,0.012677133,1,0.38538748,1,,,
Q12879,NMDE1_HUMAN,multi,PSPire,0.21759966,whole_db,pdb_region,0.004978328,0.036287274,0.97918606,0.4123856955333334,3,0.13242195633333334,3,0.54089199,2,,,
P46531,NOTC1_HUMAN,single,PSPire,0.03198308,whole_db,pdb_region,0.4224743,0.07930927,0.018839102,0.4224743,1,0.07930927,1,0.018839102,1,,,
O60500,NPHN_HUMAN,single,PSPire,0.19236472,whole_db,pdb_region,0.015535377,0.10087774,0.10150363,0.015535377,1,0.10087774,1,0.10150363,1,,,
P49146,NPY2R_HUMAN,multi,PSPire,0.0028923738,whole_db,pdb_region,0.6905228,0.031979404,0.1131444,0.49637464,4,0.05950801821428572,7,0.130999523,4,,,
O00254,PAR3_HUMAN,multi,PSPire,0.0067556067,whole_db,pdb_region,0.10568597,0.005094809,0.07623354,0.3469384,4,0.07608399571428573,7,0.16859212969999998,4,,,
O60733,PLPL9_HUMAN,multi,PSPire,0.095477454,whole_db,pdb_region,,0.010511312,,,0,0.071897655,2,,0,,,
P40967,PMEL_HUMAN,single,PSPire,0.89362746,whole_db,pdb_region,0.095400736,0.083432265,0.04636535,0.095400736,1,0.083432265,1,0.04636535,1,,,
Q8TEM1,PO210_HUMAN,single,PSPire,0.08759173,whole_db,pdb_region,0.018240897,0.09178712,,0.0680860825,2,0.09178712,1,0.0898286,1,,,
Q04671,P_HUMAN,multi,PSPire,0.00041875648,whole_db,pdb_region,0.0019497538,0.0561697,0.0012826396,0.09877252633333333,6,0.07945539450000001,12,0.05639670700000001,6,,,
P07949,RET_HUMAN,single,PSPire,0.91190875,whole_db,pdb_region,0.99078447,0.10014566,0.28648275,0.99078447,1,0.10014566,1,0.28648275,1,,,
P31645,SC6A4_HUMAN,multi,PSPire,0.011828845,whole_db,pdb_region,0.030724782,0.059401106,0.011073681,0.28317436785714284,7,0.11425319449166667,12,0.06630250454,5,,,
P31431,SDC4_HUMAN,single,PSPire,0.02247028,whole_db,pdb_region,0.89285946,0.052128594,0.021162357,0.89285946,1,0.052128594,1,0.021162357,1,,,
Q8N114,SHSA5_HUMAN,single,PSPire,0.0060578524,whole_db,pdb_region,0.02100639,0.0983376,0.022667063,0.02100639,1,0.0983376,1,0.022667063,1,,,
Q14BN4,SLMAP_HUMAN,multi,PSPire,0.58318293,whole_db,pdb_region,0.63869995,0.030494109,,0.63869995,1,0.030494109,1,0.10760584,1,,,
Q86WV6,STING_HUMAN,multi,PSPire,0.7079318,whole_db,pdb_region,0.19660984,0.0027633759,0.10402767,0.09925384999999999,3,0.07209851775,4,0.11724179500000001,2,,,
P08247,SYPH_HUMAN,multi,PSPire,0.09619441,whole_db,pdb_region,0.15829197,0.087594345,,0.3631122633333333,3,0.06951205525,4,,0,,,
Q16635,TAZ_HUMAN,single,PSPire,0.009672598,whole_db,,,,,,0,,0,,0,,,
O14763,TR10B_HUMAN,single,PSPire,0.005453388,whole_db,pdb_region,0.26839632,0.16289148,0.04058793,0.26839632,1,0.16289148,1,0.04058793,1,,,
O75445,USH2A_HUMAN,single,PSPire,0.1819633,whole_db,,,,,,0,,0,,0,,,
P63027,VAMP2_HUMAN,single,PSPire,0.091656424,whole_db,pdb_region,0.50202453,0.02359559,,0.50202453,1,0.02359559,1,,0,,,
P17948,VGFR1_HUMAN,single,PSPire,0.9283825,whole_db,pdb_region,0.660735,0.036933653,0.9555418,0.660735,1,0.036933653,1,0.9555418,1,,,
P35968,VGFR2_HUMAN,single,PSPire,0.8592192,whole_db,pdb_region,0.4987711,0.0510783,0.16298911,0.4987711,1,0.0510783,1,0.16298911,1,,,
P08908,5HT1A_HUMAN,multi,PSPsPredict,0.27016664,whole,concatenated,0.30097714,0.06909156,0.059334707,0.086384084,4,0.05604322171428571,7,0.042272556499999996,4,,,
P05067,A4_HUMAN,single,PSPsPredict,0.9075695,whole,concatenated,0.079322875,0.026335403,0.85776454,0.079322875,1,0.026335403,1,0.85776454,1,,,
P08172,ACM2_HUMAN,multi,PSPsPredict,0.1839648,whole,concatenated,0.37720844,0.09657824,0.0420463,0.17263779224999998,4,0.04029488842857143,7,0.03421183025,4,,,
Q8WXG9,AGRV1_HUMAN,multi,PSPsPredict,0.11129996,whole,concatenated,0.30481297,0.054619905,0.13814001,0.10086660724999999,4,0.024102114714285718,7,0.055767725500000004,4,,,
Q9UM73,ALK_HUMAN,single,PSPsPredict,0.099303156,whole,concatenated,0.87935144,0.08968258,0.09843944,0.87935144,1,0.08968258,1,0.09843944,1,,,
Q7Z3C6,ATG9A_HUMAN,multi,PSPsPredict,0.071560405,whole,concatenated,0.09566549,0.061213885,0.040571727,0.05081280442857143,7,0.02486692275,4,0.035692971000000004,2,,,
Q03135,CAV1_HUMAN,single,PSPsPredict,0.03257356,whole,concatenated,0.04015422,,,0.0450377585,2,,0,,0,,,
P10747,CD28_HUMAN,single,PSPsPredict,0.0769251,whole,concatenated,0.43164152,0.03044419,0.061386064,0.43164137,1,0.03044419,1,0.061386086,1,,,
P07766,CD3E_HUMAN,single,PSPsPredict,0.08540745,whole,concatenated,0.5358921,0.028449323,0.056207802,0.5358921,1,0.028449316,1,0.056207817,1,,,
P20963,CD3Z_HUMAN,single,PSPsPredict,0.28330112,whole,concatenated,0.5689668,0.037867203,0.022925457,0.568967,1,0.037867196,1,0.022925466,1,,,
P13569,CFTR_HUMAN,multi,PSPsPredict,0.08266905,whole,concatenated,0.07066983,0.07920357,0.060139343,0.037192895000000004,7,0.02420110216666667,12,0.027340906166666668,6,,,
Q07065,CKAP4_HUMAN,single,PSPsPredict,0.71402234,whole,concatenated,0.86741966,0.03514378,0.5859378,0.86741954,1,0.035143774,1,0.58593774,1,,,
P15954,COX7C_HUMAN,single,PSPsPredict,0.019023936,whole,concatenated,,0.018109825,0.12127127,,0,0.018109825,1,0.024462557,2,,,
Q9UJA2,CRLS1_HUMAN,multi,PSPsPredict,0.024671799,whole,concatenated,,0.027480463,,,0,0.020489028200000002,5,,0,,,
P61073,CXCR4_HUMAN,multi,PSPsPredict,0.09447856,whole,concatenated,0.08856619,0.05610588,0.06537513,0.09422977600000002,4,0.03725031285714286,7,0.029682376500000003,4,,,
Q08345,DDR1_HUMAN,single,PSPsPredict,0.49852633,whole,concatenated,0.74263847,0.044663776,0.10671184,0.74263847,1,0.044663776,1,0.10671189,1,,,
P00533,EGFR_HUMAN,single,PSPsPredict,0.90025216,whole,concatenated,0.8767902,0.033006154,0.81981504,0.8767903,1,0.033006184,1,0.81981504,1,,,
P29317,EPHA2_HUMAN,single,PSPsPredict,0.9159892,whole,concatenated,0.981518,0.024068464,0.49549195,0.981518,1,0.024068464,1,0.4954924,1,,,
P04626,ERBB2_HUMAN,single,PSPsPredict,0.6423938,whole,concatenated,0.73498505,0.021580279,0.2811318,0.7349851,1,0.021580279,1,0.28113195,1,,,
Q15303,ERBB4_HUMAN,single,PSPsPredict,0.93105394,whole,concatenated,0.9258467,0.17241772,0.83229786,0.9258467,1,0.1724178,1,0.83229774,1,,,
O75460,ERN1_HUMAN,single,PSPsPredict,0.2786886,whole,concatenated,0.60056067,0.022073856,0.09216951,0.6005608,1,0.022073861,1,0.09216953,1,,,
P11362,FGFR1_HUMAN,single,PSPsPredict,0.9250655,whole,concatenated,0.969355,0.020594614,0.58875465,0.969355,1,0.020594614,1,0.58875453,1,,,
P21802,FGFR2_HUMAN,single,PSPsPredict,0.94804525,whole,concatenated,0.9739968,0.030198587,0.7658446,0.9739968,1,0.030198602,1,0.7658447,1,,,
Q9BRQ8,FSP1_HUMAN,single,PSPsPredict,0.03584702,whole,concatenated,,0.020292707,,,0,0.0202927,1,,0,,,
Q9H461,FZD8_HUMAN,multi,PSPsPredict,0.5734612,whole,concatenated,0.22261664,0.07600335,0.6137372,0.18351675325,4,0.023461490142857144,7,0.2834030825,4,,,
P01857,IGHG1_HUMAN,single,PSPsPredict,0.850788,whole,concatenated,,,0.85078794,,0,,0,0.85078794,1,,,
P05556,ITB1_HUMAN,single,PSPsPredict,0.86053747,whole,concatenated,0.100737095,0.05422964,0.85646194,0.10073704,1,0.05422964,1,0.85646206,1,,,
Q9Y624,JAM1_HUMAN,single,PSPsPredict,0.31647,whole,concatenated,0.07230882,0.029067831,0.689075,0.07230883,1,0.029067809,1,0.68907493,1,,,
Q9BR39,JPH2_HUMAN,single,PSPsPredict,0.8401745,whole,concatenated,0.85105914,0.023245709,,0.85105914,1,0.023245709,1,,0,,,
O43561,LAT_HUMAN,single,PSPsPredict,0.13582149,whole,concatenated,0.14469683,0.06837486,0.019152831,0.14469683,1,0.06837486,1,0.019152831,1,,,
Q14739,LBR_HUMAN,multi,PSPsPredict,0.123337016,whole,concatenated,,0.046941828,0.38720077,,0,0.021833438125,8,0.38720113,1,,,
Q8NC56,LEMD2_HUMAN,multi,PSPsPredict,0.20261855,whole,concatenated,,0.046764087,,,0,0.027045212,2,,0,,,
O75581,LRP6_HUMAN,single,PSPsPredict,0.9265166,whole,concatenated,0.36232466,0.022125604,0.95042294,0.36232457,1,0.022125613,1,0.95042294,1,,,
Q13021,MALL_HUMAN,multi,PSPsPredict,0.030617598,whole,concatenated,,0.020640148,,,0,0.02428914575,4,,0,,,
Q7Z434,MAVS_HUMAN,single,PSPsPredict,0.22593157,whole,concatenated,0.21867576,0.15061092,0.019694403,0.21867576,1,0.15061092,1,0.019694403,1,,,
P15529,MCP_HUMAN,single,PSPsPredict,0.4117849,whole,concatenated,0.050280355,0.043909393,0.76715523,0.050280396,1,0.043909427,1,0.76715535,1,,,
Q9H3U5,MFSD1_HUMAN,multi,PSPsPredict,0.02355725,whole,concatenated,,0.07965345,,,0,0.031256581250000005,12,,0,,,
P15941,MUC1_HUMAN,single,PSPsPredict,0.88787663,whole,concatenated,0.5772925,0.023176124,0.9039049,0.5772925,1,0.023176124,1,0.9039049,1,,,
Q12879,NMDE1_HUMAN,multi,PSPsPredict,0.16951862,whole,concatenated,0.19530642,0.037625052,0.11189796,0.09470158899999999,3,0.03297129733333334,3,0.131425165,2,,,
P46531,NOTC1_HUMAN,single,PSPsPredict,0.96779656,whole,concatenated,0.9353715,0.030909566,0.9749737,0.9353715,1,0.030909566,1,0.97497374,1,,,
O60500,NPHN_HUMAN,single,PSPsPredict,0.48673016,whole,concatenated,0.116315596,0.38619968,0.5198924,0.11631561,1,0.38619974,1,0.5198924,1,,,
P49146,NPY2R_HUMAN,multi,PSPsPredict,0.08644462,whole,concatenated,0.25972903,0.050207555,0.10563841,0.052975480250000005,4,0.039427414428571436,7,0.028935582,4,,,
O00254,PAR3_HUMAN,multi,PSPsPredict,0.06753297,whole,concatenated,0.16685168,0.06389387,0.11180952,0.03793773075,4,0.04036148614285715,7,0.04489417525,4,,,
O60733,PLPL9_HUMAN,multi,PSPsPredict,0.077402525,whole,concatenated,,0.019896055,,,0,0.018969264,2,,0,,,
P40967,PMEL_HUMAN,single,PSPsPredict,0.12739854,whole,concatenated,0.037276376,0.036208585,0.047364876,0.037276376,1,0.036208574,1,0.047364876,1,,,
Q8TEM1,PO210_HUMAN,single,PSPsPredict,0.13466735,whole,concatenated,0.40446135,0.026149461,0.13916695,0.40446153,1,0.026149468,1,0.13916695,1,,,
Q04671,P_HUMAN,multi,PSPsPredict,0.037658688,whole,concatenated,0.064045236,0.3677861,0.03172888,0.04693630657142857,7,0.17860195633333334,12,0.033239962500000005,6,,,
P07949,RET_HUMAN,single,PSPsPredict,0.22317226,whole,concatenated,0.9411933,0.023054698,0.08194049,0.9411933,1,0.023054693,1,0.081940465,1,,,
P31645,SC6A4_HUMAN,multi,PSPsPredict,0.075643994,whole,concatenated,0.092549644,0.022337278,0.06797,0.04361806628571428,7,0.021463014333333336,12,0.037638872500000004,6,,,
P31431,SDC4_HUMAN,single,PSPsPredict,0.068696655,whole,concatenated,0.11207194,0.07080604,0.055619262,0.11207194,1,0.07080604,1,0.055619262,1,,,
Q8N114,SHSA5_HUMAN,single,PSPsPredict,0.11355065,whole,concatenated,0.6063593,0.02145192,0.054976456,0.6063592,1,0.02145192,1,0.05497647,1,,,
Q14BN4,SLMAP_HUMAN,multi,PSPsPredict,0.801778,whole,concatenated,0.78058743,0.017437207,0.021562027,0.7805875,1,0.017437214,1,0.021562032,1,,,
Q86WV6,STING_HUMAN,multi,PSPsPredict,0.06692143,whole,concatenated,0.082280554,0.044219688,0.035401236,0.09723539999999999,3,0.13255214425,4,0.031587407,2,,,
P08247,SYPH_HUMAN,multi,PSPsPredict,0.10000351,whole,concatenated,0.860217,0.02527021,0.05517189,0.31736501433333336,3,0.02418694275,4,0.034125149,2,,,
Q16635,TAZ_HUMAN,single,PSPsPredict,0.02180136,whole,concatenated,,,0.02225625,,0,,0,0.063930348,2,,,
O14763,TR10B_HUMAN,single,PSPsPredict,0.19124289,whole,concatenated,0.111807,0.057516977,0.10572031,0.11180703,1,0.057516992,1,0.10572036,1,,,
O75445,USH2A_HUMAN,single,PSPsPredict,0.28430972,whole,concatenated,0.096761525,0.024522448,0.37864983,0.096761525,1,0.024522448,1,0.37864983,1,,,
P63027,VAMP2_HUMAN,single,PSPsPredict,0.9554291,whole,concatenated,0.9160239,0.0221793,0.01921201,0.9160238,1,0.022179294,1,0.01921201,1,,,
P17948,VGFR1_HUMAN,single,PSPsPredict,0.35247022,whole,concatenated,0.65829,0.024357377,0.3466143,0.65828997,1,0.024357362,1,0.3466146,1,,,
P35968,VGFR2_HUMAN,single,PSPsPredict,0.3318139,whole,concatenated,0.57316655,0.022213845,0.292192,0.57316643,1,0.02221385,1,0.2921921,1,,,
P08908,5HT1A_HUMAN,multi,PScore,1.58,whole_db,concatenated,0.2103555555555555,-0.0898969696969697,1.059310810810811,-0.26025,4,-0.08741428571428571,7,0.542675,4,0.2103555555555555,-0.0898969696969697,1.059310810810811
P05067,A4_HUMAN,single,PScore,2.8,whole_db,concatenated,-0.9555111111111114,-0.9289999999999998,-0.0432441520467835,-0.9555,1,-0.929,1,-0.0432,1,-0.9555111111111114,-0.9289999999999998,-0.0432441520467835
P08172,ACM2_HUMAN,multi,PScore,0.23,whole_db,concatenated,-0.0243093220338983,-0.4259884393063584,-0.1739074074074074,-0.42660000000000003,4,-0.4174571428571429,7,-0.07700000000000001,4,-0.0243093220338983,-0.4259884393063584,-0.1739074074074074
Q8WXG9,AGRV1_HUMAN,multi,PScore,1.66,whole_db,concatenated,0.6322746113989638,-0.654843537414966,0.0918577687900236,-0.22667500000000002,4,-0.6548428571428573,7,-0.7079,4,0.6322746113989638,-0.654843537414966,0.0918577687900236
Q9UM73,ALK_HUMAN,single,PScore,5.28,whole_db,concatenated,0.5245967741935484,-1.6826666666666663,0.9611411764705884,0.5246,1,-1.6827,1,0.9611,1,0.5245967741935484,-1.6826666666666663,0.9611411764705884
Q7Z3C6,ATG9A_HUMAN,multi,PScore,3.63,whole_db,concatenated,0.1005430769230769,-0.8166344086021505,-0.971622641509434,-0.6493285714285715,7,-0.789875,4,-1.056,2,0.1005430769230769,-0.8166344086021505,-0.971622641509434
Q03135,CAV1_HUMAN,single,PScore,-1.88,whole_db,concatenated,-0.5460784313725489,,,-0.6113500000000001,2,,0,,0,-0.5460784313725489,,
P10747,CD28_HUMAN,single,PScore,0.33,whole_db,concatenated,1.1781578947368423,-0.2997037037037036,0.5429776119402986,1.1782,1,-0.2997,1,0.543,1,1.1781578947368423,-0.2997037037037036,0.5429776119402986
P07766,CD3E_HUMAN,single,PScore,0.28,whole_db,concatenated,0.919,-0.0142307692307692,0.7128269230769231,0.919,1,-0.0142,1,0.7128,1,0.919,-0.0142307692307692,0.7128269230769231
P20963,CD3Z_HUMAN,single,PScore,-1.35,whole_db,concatenated,-0.1788454545454545,0.4507142857142856,-0.2284444444444444,-0.1788,1,0.4507,1,-0.2284,1,-0.1788454545454545,0.4507142857142856,-0.2284444444444444
P13569,CFTR_HUMAN,multi,PScore,0.31,whole_db,concatenated,-0.3477944593386953,-0.3205928853754941,-0.2229904761904761,-0.6642857142857144,7,-0.3297333333333333,12,-0.4231333333333332,6,-0.3477944593386953,-0.3205928853754941,-0.2229904761904761
Q07065,CKAP4_HUMAN,single,PScore,4.26,whole_db,concatenated,2.4874339622641504,-0.0986190476190476,-0.8063262711864407,2.4874,1,-0.0986,1,-0.8063,1,2.4874339622641504,-0.0986190476190476,-0.8063262711864407
Q9UJA2,CRLS1_HUMAN,multi,PScore,0.0,whole_db,concatenated,,0.0987943925233644,,,0,0.10024,5,,0,,0.0987943925233644,
P61073,CXCR4_HUMAN,multi,PScore,-0.83,whole_db,concatenated,-1.2974090909090912,-0.6678310810810811,0.1547912087912088,-1.492825,4,-0.6690285714285714,7,0.022875000000000006,4,-1.2974090909090912,-0.6678310810810811,0.1547912087912088
Q08345,DDR1_HUMAN,single,PScore,2.32,whole_db,concatenated,0.3405296610169492,-2.5028571428571422,1.074984886649874,0.3405,1,-2.5029,1,1.075,1,0.3405296610169492,-2.5028571428571422,1.074984886649874
P00533,EGFR_HUMAN,single,PScore,2.96,whole_db,concatenated,0.1156122448979592,-1.3346956521739128,0.5934782608695652,0.1156,1,-1.3347,1,0.5935,1,0.1156122448979592,-1.3346956521739128,0.5934782608695652
P29317,EPHA2_HUMAN,single,PScore,1.35,whole_db,concatenated,-0.1539734939759036,-1.1707619047619044,0.6737821011673151,-0.154,1,-1.1708,1,0.6738,1,-0.1539734939759036,-1.1707619047619044,0.6737821011673151
P04626,ERBB2_HUMAN,single,PScore,2.79,whole_db,concatenated,0.7229220103986135,-1.2011304347826088,0.4797571428571429,0.7229,1,-1.2011,1,0.4798,1,0.7229220103986135,-1.2011304347826088,0.4797571428571429
Q15303,ERBB4_HUMAN,single,PScore,3.02,whole_db,concatenated,0.1781142857142856,-0.0094583333333333,0.7733003194888179,0.1781,1,-0.0095,1,0.7733,1,0.1781142857142856,-0.0094583333333333,0.7733003194888179
O75460,ERN1_HUMAN,single,PScore,1.9,whole_db,concatenated,0.0393705882352941,-1.7486190476190475,0.1103199999999999,0.0394,1,-1.7486,1,0.1103,1,0.0393705882352941,-1.7486190476190475,0.1103199999999999
P11362,FGFR1_HUMAN,single,PScore,1.3,whole_db,concatenated,0.0741184834123222,-0.4117619047619049,0.4348140845070422,0.0741,1,-0.4118,1,0.4348,1,0.0741184834123222,-0.4117619047619049,0.4348140845070422
P21802,FGFR2_HUMAN,single,PScore,1.19,whole_db,concatenated,0.0997833333333333,-0.468047619047619,0.2407331460674158,0.0998,1,-0.468,1,0.2407,1,0.0997833333333333,-0.468047619047619,0.2407331460674158
Q9BRQ8,FSP1_HUMAN,single,PScore,1.03,whole_db,concatenated,,-0.5481428571428572,,,0,-0.5481,1,,0,,-0.5481428571428572,
Q9H461,FZD8_HUMAN,multi,PScore,6.14,whole_db,concatenated,1.9062894736842104,0.7349251700680273,1.250495890410959,1.2129750000000001,4,0.7349142857142857,7,0.4469000000000001,4,1.9062894736842104,0.7349251700680273,1.250495890410959
P01857,IGHG1_HUMAN,single,PScore,1.07,whole_db,concatenated,,,0.7075932721712538,,0,,0,0.7076,1,,,0.7075932721712538
P05556,ITB1_HUMAN,single,PScore,2.82,whole_db,concatenated,0.1532045454545454,-1.1871304347826088,0.9003587570621469,0.1532,1,-1.1871,1,0.9004,1,0.1532045454545454,-1.1871304347826088,0.9003587570621469
Q9Y624,JAM1_HUMAN,single,PScore,1.8,whole_db,concatenated,0.0076216216216216,-0.5326190476190478,1.047658767772512,0.0076,1,-0.5326,1,1.0477,1,0.0076216216216216,-0.5326190476190478,1.047658767772512
Q9BR39,JPH2_HUMAN,single,PScore,4.39,whole_db,concatenated,1.158045994065282,-0.012,,1.158,1,-0.012,1,,0,1.158045994065282,-0.012,
O43561,LAT_HUMAN,single,PScore,2.71,whole_db,concatenated,1.1058706896551724,-2.096478260869565,-2.23,1.1059,1,-2.0965,1,-2.23,1,1.1058706896551724,-2.096478260869565,-2.23
Q14739,LBR_HUMAN,multi,PScore,1.08,whole_db,concatenated,,-0.1679523809523809,0.5058436018957345,,0,-0.16795,8,0.5058,1,,-0.1679523809523809,0.5058436018957345
Q8NC56,LEMD2_HUMAN,multi,PScore,1.42,whole_db,concatenated,,-1.353142857142857,,,0,-1.35315,2,,0,,-1.353142857142857,
O75581,LRP6_HUMAN,single,PScore,3.81,whole_db,concatenated,1.67910599078341,0.7804347826086958,0.1145928941524796,1.6791,1,0.7804,1,0.1146,1,1.67910599078341,0.7804347826086958,0.1145928941524796
Q13021,MALL_HUMAN,multi,PScore,-2.33,whole_db,concatenated,,-0.6272048192771085,,,0,-0.61885,4,,0,,-0.6272048192771085,
Q7Z434,MAVS_HUMAN,single,PScore,2.12,whole_db,concatenated,1.4033867187500002,-0.0149523809523809,-0.045,1.4034,1,-0.015,1,-0.045,1,1.4033867187500002,-0.0149523809523809,-0.045
P15529,MCP_HUMAN,single,PScore,1.38,whole_db,concatenated,0.0188260869565217,0.0246521739130434,0.975336569579288,0.0188,1,0.0247,1,0.9753,1,0.0188260869565217,0.0246521739130434,0.975336569579288
Q9H3U5,MFSD1_HUMAN,multi,PScore,-0.44,whole_db,concatenated,,-0.2393083003952568,,,0,-0.2446,12,,0,,-0.2393083003952568,
P15941,MUC1_HUMAN,single,PScore,3.69,whole_db,concatenated,1.140309859154929,-1.938782608695652,2.4465594713656387,1.1403,1,-1.9388,1,2.4466,1,1.140309859154929,-1.938782608695652,2.4465594713656387
Q12879,NMDE1_HUMAN,multi,PScore,1.23,whole_db,concatenated,0.356330303030303,-0.5989354838709677,-0.0654444444444444,-0.05026666666666666,3,-0.5972333333333334,3,-0.0017500000000000016,2,0.356330303030303,-0.5989354838709677,-0.0654444444444444
P46531,NOTC1_HUMAN,single,PScore,4.19,whole_db,concatenated,0.413427135678392,0.401904761904762,1.9098124635993008,0.4134,1,0.4019,1,1.9098,1,0.413427135678392,0.401904761904762,1.9098124635993008
O60500,NPHN_HUMAN,single,PScore,1.73,whole_db,concatenated,0.7497300613496933,-0.014095238095238,0.35471996124031,0.7497,1,-0.0141,1,0.3547,1,0.7497300613496933,-0.014095238095238,0.35471996124031
P49146,NPY2R_HUMAN,multi,PScore,-1.11,whole_db,concatenated,-0.9897798165137616,-0.7510934065934065,-0.0492758620689655,-0.874475,4,-0.7706999999999999,7,-0.28175,4,-0.9897798165137616,-0.7510934065934065,-0.0492758620689655
O00254,PAR3_HUMAN,multi,PScore,-0.05,whole_db,concatenated,-0.7754038461538462,-0.3340246913580246,-0.0748319327731092,-0.541075,4,-0.3144142857142857,7,-0.16495,4,-0.7754038461538462,-0.3340246913580246,-0.0748319327731092
O60733,PLPL9_HUMAN,multi,PScore,-0.21,whole_db,concatenated,,-0.1017857142857143,,,0,-0.1018,2,,0,,-0.1017857142857143,
P40967,PMEL_HUMAN,single,PScore,1.66,whole_db,concatenated,1.6144761904761904,-0.9838571428571428,0.3144761904761904,1.6145,1,-0.9839,1,0.3145,1,1.6144761904761904,-0.9838571428571428,0.3144761904761904
Q8TEM1,PO210_HUMAN,single,PScore,0.61,whole_db,concatenated,0.0512545454545454,0.2684761904761905,-0.0828035914702581,0.0513,1,0.2685,1,-0.0828,1,0.0512545454545454,0.2684761904761905,-0.0828035914702581
Q04671,P_HUMAN,multi,PScore,1.2,whole_db,concatenated,-0.2125386904761904,-0.1098195121951219,0.0378945578231292,-0.2521714285714286,7,-0.10895833333333338,12,-0.3470333333333333,6,-0.2125386904761904,-0.1098195121951219,0.0378945578231292
P07949,RET_HUMAN,single,PScore,3.76,whole_db,concatenated,0.4388392070484579,-0.1237727272727273,0.5717265238879736,0.4388,1,-0.1238,1,0.5717,1,0.4388392070484579,-0.1237727272727273,0.5717265238879736
P31645,SC6A4_HUMAN,multi,PScore,0.6,whole_db,concatenated,-0.0010439024390243,0.0202480620155038,-0.1092865853658536,-0.3185142857142857,7,-0.017391666666666656,12,0.0268833333333333,6,-0.0010439024390243,0.0202480620155038,-0.1092865853658536
P31431,SDC4_HUMAN,single,PScore,1.71,whole_db,concatenated,0.68404,-0.6624800000000002,0.824472440944882,0.684,1,-0.6625,1,0.8245,1,0.68404,-0.6624800000000002,0.824472440944882
Q8N114,SHSA5_HUMAN,single,PScore,4.08,whole_db,concatenated,2.8108828828828845,-0.0636190476190476,0.5075194805194805,2.8109,1,-0.0636,1,0.5075,1,2.8108828828828845,-0.0636190476190476,0.5075194805194805
Q14BN4,SLMAP_HUMAN,multi,PScore,0.52,whole_db,concatenated,-0.6481047381546134,-1.0584285714285713,-1.061,-0.6481,1,-1.0584,1,-1.061,1,-0.6481047381546134,-1.0584285714285713,-1.061
Q86WV6,STING_HUMAN,multi,PScore,-0.48,whole_db,concatenated,-0.3245836298932384,-0.01644,-0.2173,-0.1938,3,-0.003375000000000017,4,-0.2173,2,-0.3245836298932384,-0.01644,-0.2173
P08247,SYPH_HUMAN,multi,PScore,7.32,whole_db,concatenated,3.334025210084033,0.1344270833333333,0.5031157894736842,1.6012000000000002,3,0.134425,4,0.43074999999999997,2,3.334025210084033,0.1344270833333333,0.5031157894736842
Q16635,TAZ_HUMAN,single,PScore,-0.29,whole_db,concatenated,,,0.0892614107883817,,0,,0,0.5925499999999999,2,,,0.0892614107883817
O14763,TR10B_HUMAN,single,PScore,1.28,whole_db,concatenated,0.1398300970873786,-0.2966666666666667,1.079051612903226,0.1398,1,-0.2967,1,1.0791,1,0.1398300970873786,-0.2966666666666667,1.079051612903226
O75445,USH2A_HUMAN,single,PScore,3.22,whole_db,concatenated,0.5265367647058823,-1.8884761904761904,0.6753027339852324,0.5265,1,-1.8885,1,0.6753,1,0.5265367647058823,-1.8884761904761904,0.6753027339852324
P17948,VGFR1_HUMAN,single,PScore,0.63,whole_db,concatenated,0.1091063063063062,-0.9922727272727272,0.062551912568306,0.1091,1,-0.9923,1,0.0626,1,0.1091063063063062,-0.9922727272727272,0.062551912568306
P35968,VGFR2_HUMAN,single,PScore,0.92,whole_db,concatenated,0.0827746478873239,-0.5778095238095238,0.1290630872483221,0.0828,1,-0.5778,1,0.1291,1,0.0827746478873239,-0.5778095238095238,0.1290630872483221
P08908,5HT1A_HUMAN,multi,ParSe2,0.1493282007805995,whole,concatenated,0.1513747083252241,0.0,0.6187338193983308,0.2270620624878294,1,0.0,3,2.097028130005107,1,0.1407519217760805,0.0,0.5703878272091752
P05067,A4_HUMAN,single,ParSe2,0.0466462938457138,whole,concatenated,0.0116413640436563,,0.0523011249573559,0.0116413640436563,1,,0,0.0523011249573559,1,0.0077609093624386,0.0,0.0504659977658695
P08172,ACM2_HUMAN,multi,ParSe2,0.1954107475844775,whole,concatenated,0.4017281415457316,0.0,0.0828343326653491,0.5536637848226438,1,0.0,5,,0,0.3804914115962073,0.0,0.0
Q8WXG9,AGRV1_HUMAN,multi,ParSe2,0.0495701506091779,whole,concatenated,0.5858569741331275,0.0,0.0357464482198301,0.7823295089659866,1,,0,0.0180411194687614,2,0.5442292236285811,0.0,0.0356018720895175
Q9UM73,ALK_HUMAN,single,ParSe2,0.2879549793966351,whole,concatenated,0.1194006512465322,,0.3851411535454818,0.1194006512465322,1,,0,0.3851411535454818,1,0.1167908009460064,0.0,0.3877039190173256
Q7Z3C6,ATG9A_HUMAN,multi,ParSe2,0.1051600751434172,whole,concatenated,0.1362566951381293,0.0,0.0,0.05306839705379211,5,0.0,2,0.0,1,0.1360404146696587,0.0,0.0
Q03135,CAV1_HUMAN,single,ParSe2,0.0057478548000445,whole,concatenated,0.006705830600052,,,0.00560233948865105,2,,0,,0,0.0066554108211042,,
P10747,CD28_HUMAN,single,ParSe2,0.0148282578422112,whole,concatenated,0.0,0.0,0.0264212594279396,0.0,1,0.0,1,0.0264212594279396,1,0.0,0.0,0.0216890935602493
P07766,CD3E_HUMAN,single,ParSe2,0.0858543231873958,whole,concatenated,0.1365716777773594,0.0,0.0,0.1365716777773594,1,0.0,1,0.0,1,0.0984586514208816,0.0,0.1103617224249569
P20963,CD3Z_HUMAN,single,ParSe2,0.1320555309181443,whole,concatenated,0.2077278014442695,,,0.2077278014442695,1,,0,,0,0.1830472705796059,0.0,0.0
P13569,CFTR_HUMAN,multi,ParSe2,0.0362222029646409,whole,concatenated,0.0338278584025243,0.0,0.2195113130767409,0.013121323981960784,7,,0,1.0469058195061334,1,0.0337303645026639,0.0,0.1495579742151631
Q07065,CKAP4_HUMAN,single,ParSe2,0.1340995927081321,whole,concatenated,0.8976193124447374,,0.0086580509198061,0.8976193124447374,1,,0,0.0086580509198061,1,0.7830296129837071,0.0,0.0084336521918615
P15954,COX7C_HUMAN,single,ParSe2,0.0507308503440488,whole,concatenated,,0.0,,,0,0.0,1,,0,,0.0,0.0771994563148865
Q9UJA2,CRLS1_HUMAN,multi,ParSe2,0.0178148100105056,whole,concatenated,,0.0,,,0,,0,,0,,0.0,
P61073,CXCR4_HUMAN,multi,ParSe2,0.0382921777850412,whole,concatenated,0.1411217338594673,0.0,0.0012503723876531,0.24153527525946664,2,0.0,1,0.0,1,0.1243547951831041,0.0,0.0
Q08345,DDR1_HUMAN,single,ParSe2,0.1138203069088052,whole,concatenated,0.0786426208469391,,0.1708249509138694,0.0786426208469391,1,,0,0.1708249509138694,1,0.0766043671748929,0.0,0.1655376091686459
P00533,EGFR_HUMAN,single,ParSe2,0.0986558748763358,whole,concatenated,0.1024015953571699,,0.0708248528162709,0.1024015953571699,1,,0,0.0708248528162709,1,0.1000830686697902,0.0,0.1029981339908944
P29317,EPHA2_HUMAN,single,ParSe2,0.0539173048489199,whole,concatenated,0.0134531652177133,,0.0863084367620016,0.0134531652177133,1,,0,0.0863084367620016,1,0.0130555347186695,0.0,0.0895500527634085
P04626,ERBB2_HUMAN,single,ParSe2,0.072693031500108,whole,concatenated,0.095235083083909,,0.05528418100309,0.095235083083909,1,,0,0.05528418100309,1,0.0932230742863186,0.0,0.0579911358444508
Q15303,ERBB4_HUMAN,single,ParSe2,0.0904266392504686,whole,concatenated,0.0893332008798372,,0.0923808836428495,0.0893332008798372,1,,0,0.0923808836428495,1,0.0876069554521732,0.0,0.0985685071274794
O75460,ERN1_HUMAN,single,ParSe2,0.0959373836587247,whole,concatenated,0.148726458503951,,0.0466361307190429,0.148726458503951,1,,0,0.0466361307190429,1,0.145164148120616,0.0,0.0440025609843201
P11362,FGFR1_HUMAN,single,ParSe2,0.0563182814095191,whole,concatenated,0.0628599535930411,,0.0596228011298728,0.0628599535930411,1,,0,0.0596228011298728,1,0.0610335142634588,0.0,0.0555919638703882
P21802,FGFR2_HUMAN,single,ParSe2,0.065528568326039,whole,concatenated,0.0995617547251981,,0.0376540024713825,0.0995617547251981,1,,0,0.0376540024713825,1,0.0966548421784769,0.0,0.0351155303946603
Q9BRQ8,FSP1_HUMAN,single,ParSe2,0.008346799867204,whole,concatenated,,,,,0,,0,,0,,0.0,
Q9H461,FZD8_HUMAN,multi,ParSe2,0.6299164088204496,whole,concatenated,1.921550400267012,0.0,0.5294944871730246,1.936331557192148,2,,0,0.6315167105537388,3,1.7603014156292622,0.0,0.4666325793827856
P01857,IGHG1_HUMAN,single,ParSe2,0.0645055082557227,whole,concatenated,,,0.0645055082557227,,0,,0,0.0645055082557227,1,,,0.0645055082557227
P05556,ITB1_HUMAN,single,ParSe2,0.1108599097760534,whole,concatenated,0.0865809932848608,,0.1216821303056004,0.0865809932848608,1,,0,0.1216821303056004,1,0.0568960813014888,0.0,0.1183816487586345
Q9Y624,JAM1_HUMAN,single,ParSe2,0.2388975294078394,whole,concatenated,0.0556110802302619,,0.3452793210796722,0.0556110802302619,1,,0,0.3452793210796722,1,0.0317777601315868,0.0,0.307142385324509
Q9BR39,JPH2_HUMAN,single,ParSe2,0.4116758263532275,whole,concatenated,0.4256094697067214,,,0.4256094697067214,1,,0,,0,0.4178944944250284,0.0,
O43561,LAT_HUMAN,single,ParSe2,0.3471065367509948,whole,concatenated,0.3915230130177132,,,0.3915230130177132,1,,0,,0,0.3704545100750528,0.0,
Q14739,LBR_HUMAN,multi,ParSe2,0.010011495147812,whole,concatenated,,0.0,0.0316406076596627,,0,,0,0.0316406076596627,1,,0.0,0.0297326313183765
Q8NC56,LEMD2_HUMAN,multi,ParSe2,0.0590065613217741,whole,concatenated,,0.0,,,0,,0,,0,,0.0,
O75581,LRP6_HUMAN,single,ParSe2,0.1836745064439551,whole,concatenated,1.215354208374556,,0.0404290624702987,1.215354208374556,1,,0,0.0404290624702987,1,1.1452376194296068,0.0,0.0397108555870365
Q13021,MALL_HUMAN,multi,ParSe2,8.409047272897259e-05,whole,concatenated,,0.0,,,0,,0,,0,,0.0,
Q7Z434,MAVS_HUMAN,single,ParSe2,0.3131047434881014,whole,concatenated,0.3310697697538128,,,0.3310697697538128,1,,0,,0,0.3224791370057092,0.0,
P15529,MCP_HUMAN,single,ParSe2,0.0896729621247782,whole,concatenated,0.0,,0.1149100463724345,0.0,1,,0,0.1149100463724345,1,0.0,0.0,0.1067949840191534
Q9H3U5,MFSD1_HUMAN,multi,ParSe2,0.0004269158657565,whole,concatenated,,0.0,,,0,,0,,0,,0.0,
P15941,MUC1_HUMAN,single,ParSe2,0.8512405659660605,whole,concatenated,1.470104336537255,,0.8590377663645863,1.470104336537255,1,,0,0.8590377663645863,1,1.18556801333626,0.0,0.8584774624470237
Q12879,NMDE1_HUMAN,multi,ParSe2,0.1037364589883048,whole,concatenated,0.2032167196468489,0.0,0.0344968407878932,0.2081475021633296,1,,0,0.081211312688157,2,0.193535549752638,0.0,0.0333174616156575
P46531,NOTC1_HUMAN,single,ParSe2,0.2350265953758899,whole,concatenated,0.2507917912738868,,0.2345711290895395,0.2507917912738868,1,,0,0.2345711290895395,1,0.2469677741260786,0.0,0.2332490825038751
O60500,NPHN_HUMAN,single,ParSe2,0.0498151711113458,whole,concatenated,0.0693619723451969,,0.0503726817157704,0.0693619723451969,1,,0,0.0503726817157704,1,0.0639571433312566,0.0,0.049201224001448
P49146,NPY2R_HUMAN,multi,ParSe2,0.0,whole,concatenated,0.020633912638566,0.0,0.0,0.0,2,0.0,6,0.0,2,0.0,0.0,0.0
O00254,PAR3_HUMAN,multi,ParSe2,0.0091137973820126,whole,concatenated,0.0,0.0,0.0091213700864273,,0,0.0,3,0.0,2,0.0,0.0,0.0072817660353837
O60733,PLPL9_HUMAN,multi,ParSe2,0.0174247331038575,whole,concatenated,,0.0,,,0,,0,,0,,0.0,
P40967,PMEL_HUMAN,single,ParSe2,0.0830454842632671,whole,concatenated,0.0,,0.0174459376892531,0.0,1,,0,0.0174459376892531,1,0.0,0.0,0.0141229019389204
Q8TEM1,PO210_HUMAN,single,ParSe2,0.0332380177004276,whole,concatenated,0.1693562614390227,,0.0319059294660479,0.1693562614390227,1,,0,0.0319059294660479,1,0.1267783255344428,0.0,0.0314762199782897
Q04671,P_HUMAN,multi,ParSe2,0.0672720368919929,whole,concatenated,0.1702244539493531,0.0,0.0042175371705032,0.17297000965821366,2,,0,0.0073804216223931,3,0.1660083684026199,0.0,0.0038732484218912
P07949,RET_HUMAN,single,ParSe2,0.1544486719215106,whole,concatenated,0.2204937978718914,,0.1250004080890645,0.2204937978718914,1,,0,0.1250004080890645,1,0.2145478977045425,0.0,0.1200580525797778
P31645,SC6A4_HUMAN,multi,ParSe2,0.0743317499028718,whole,concatenated,0.2702717370046891,0.0,0.0,0.2387401422236307,3,0.0,2,0.0,3,0.2448100023975016,0.0,0.0
P31431,SDC4_HUMAN,single,ParSe2,0.0131659068482616,whole,concatenated,0.0,0.0,0.0172751002988539,0.0,1,0.0,1,0.0172751002988539,1,0.0,0.0,0.018038329067697
Q8N114,SHSA5_HUMAN,single,ParSe2,0.2499185902260087,whole,concatenated,0.5443553955879605,,0.0196522726997773,0.5443553955879605,1,,0,0.0196522726997773,1,0.4803135843423137,0.0,0.0648107777389855
Q14BN4,SLMAP_HUMAN,multi,ParSe2,0.0287960132153897,whole,concatenated,0.0297583478472665,,,0.0297583478472665,1,,0,,0,0.029306322310346,0.0,
Q86WV6,STING_HUMAN,multi,ParSe2,0.0068059597210959,whole,concatenated,0.0092927526961113,0.0,,0.0109326502307178,1,0.0,1,,0,0.0092927526961118,0.0,0.0
P08247,SYPH_HUMAN,multi,ParSe2,0.6137478771315739,whole,concatenated,1.7718205731470031,0.0,0.0,1.315442546730354,2,,0,0.0,2,1.771820573147049,0.0,0.0393128455012
Q16635,TAZ_HUMAN,single,ParSe2,0.0,whole,concatenated,,,0.0,,0,,0,0.0,1,,,0.0
O14763,TR10B_HUMAN,single,ParSe2,0.0886333677313009,whole,concatenated,0.1142518851527403,,0.1177266602937391,0.1142518851527403,1,,0,0.1177266602937391,1,0.1072923794581598,0.0,0.101515369180411
O75445,USH2A_HUMAN,single,ParSe2,0.0860738151316711,whole,concatenated,0.1470770379025477,,0.0859788160001992,0.1470770379025477,1,,0,0.0859788160001992,1,0.1331799949511709,0.0,0.0855670236266203
P63027,VAMP2_HUMAN,single,ParSe2,0.0256930796403834,whole,concatenated,0.0342574395205115,,,0.0342574395205115,1,,0,,0,0.0288263820355521,0.0,
P17948,VGFR1_HUMAN,single,ParSe2,0.0413709788465198,whole,concatenated,0.0660963736701958,,0.0199030127499564,0.0660963736701958,1,,0,0.0199030127499564,1,0.064643706116993,0.0,0.0260464517273891
P35968,VGFR2_HUMAN,single,ParSe2,0.0576756312167457,whole,concatenated,0.1156195794220329,,0.0188349942258857,0.1156195794220329,1,,0,0.0188349942258857,1,0.1131375848727041,0.0,0.0182282293112264
P08908,5HT1A_HUMAN,multi,SEG,0.0260663507109004,whole_db,concatenated,0.0601092896174863,0.0,0.0,0.02115,4,0.0,7,0.0,4,0.0601092896174863,0.0,0.0
P05067,A4_HUMAN,single,SEG,0.1597402597402597,whole_db,concatenated,0.0208333333333333,0.8095238095238095,0.1301169590643275,0.0208,1,0.8095,1,0.1301,1,0.0208333333333333,0.8095238095238095,0.1301169590643275
P08172,ACM2_HUMAN,multi,SEG,0.0665236051502145,whole_db,concatenated,0.00836820083682,0.0809248554913294,0.2777777777777778,0.002775,4,0.08,7,0.1875,4,0.00836820083682,0.0809248554913294,0.2777777777777778
Q8WXG9,AGRV1_HUMAN,multi,SEG,0.0220424992071043,whole_db,concatenated,0.0,0.1020408163265306,0.0180316818335018,0.0,4,0.10204285714285713,7,0.013425,4,0.0,0.1020408163265306,0.0180316818335018
Q9UM73,ALK_HUMAN,single,SEG,0.1030864197530864,whole_db,concatenated,0.0588235294117647,0.7142857142857143,0.1078431372549019,0.0588,1,0.7143,1,0.1078,1,0.0588235294117647,0.7142857142857143,0.1078431372549019
Q7Z3C6,ATG9A_HUMAN,multi,SEG,0.0846245530393325,whole_db,concatenated,0.0597243491577335,0.2795698924731182,0.1132075471698113,0.023714285714285712,7,0.324875,4,0.33335,2,0.0597243491577335,0.2795698924731182,0.1132075471698113
Q03135,CAV1_HUMAN,single,SEG,0.0,whole_db,concatenated,0.0,,,0.0,2,,0,,0,0.0,,
P10747,CD28_HUMAN,single,SEG,0.0,whole_db,concatenated,0.0,0.0,0.0,0.0,1,0.0,1,0.0,1,0.0,0.0,0.0
P07766,CD3E_HUMAN,single,SEG,0.0579710144927536,whole_db,concatenated,0.2181818181818181,0.0,0.0,0.2182,1,0.0,1,0.0,1,0.2181818181818181,0.0,0.0
P20963,CD3Z_HUMAN,single,SEG,0.0,whole_db,concatenated,0.0,0.0,0.0,0.0,1,0.0,1,0.0,1,0.0,0.0,0.0
P13569,CFTR_HUMAN,multi,SEG,0.0337837837837837,whole_db,concatenated,0.0,0.1699604743083003,0.0666666666666666,0.0,7,0.17063333333333333,12,0.14405,6,0.0,0.1699604743083003,0.0666666666666666
Q07065,CKAP4_HUMAN,single,SEG,0.2192691029900332,whole_db,concatenated,0.6698113207547169,0.7619047619047619,0.0947368421052631,0.6698,1,0.7619,1,0.0947,1,0.6698113207547169,0.7619047619047619,0.0947368421052631
P15954,COX7C_HUMAN,single,SEG,0.0,whole_db,concatenated,,0.0,0.0,,0,0.0,1,0.0,2,,0.0,0.0
Q9UJA2,CRLS1_HUMAN,multi,SEG,0.2259136212624584,whole_db,concatenated,,0.1308411214953271,,,0,0.13334,5,,0,,0.1308411214953271,
P61073,CXCR4_HUMAN,multi,SEG,0.0454545454545454,whole_db,concatenated,0.1415929203539823,0.0,0.0,0.08,4,0.0,7,0.0,4,0.1415929203539823,0.0,0.0
Q08345,DDR1_HUMAN,single,SEG,0.1610076670317634,whole_db,concatenated,0.1557894736842105,1.0,0.1083123425692695,0.1558,1,1.0,1,0.1083,1,0.1557894736842105,1.0,0.1083123425692695
P00533,EGFR_HUMAN,single,SEG,0.0735537190082644,whole_db,concatenated,0.0996309963099631,0.6956521739130435,0.001610305958132,0.0996,1,0.6957,1,0.0016,1,0.0996309963099631,0.6956521739130435,0.001610305958132
P29317,EPHA2_HUMAN,single,SEG,0.0389344262295082,whole_db,concatenated,0.0,0.8571428571428571,0.0077821011673151,0.0,1,0.8571,1,0.0078,1,0.0,0.8571428571428571,0.0077821011673151
P04626,ERBB2_HUMAN,single,SEG,0.0725099601593625,whole_db,concatenated,0.0672413793103448,0.782608695652174,0.0238095238095238,0.0672,1,0.7826,1,0.0238,1,0.0672413793103448,0.782608695652174,0.0238095238095238
Q15303,ERBB4_HUMAN,single,SEG,0.0129969418960244,whole_db,concatenated,0.0268562401263823,0.0,0.0,0.0269,1,0.0,1,0.0,1,0.0268562401263823,0.0,0.0
O75460,ERN1_HUMAN,single,SEG,0.0931422722620266,whole_db,concatenated,0.1520467836257309,0.0,0.0,0.152,1,0.0,1,0.0,1,0.1520467836257309,0.0,0.0
P11362,FGFR1_HUMAN,single,SEG,0.0510948905109489,whole_db,concatenated,0.0352941176470588,0.0,0.076056338028169,0.0353,1,0.0,1,0.0761,1,0.0352941176470588,0.0,0.076056338028169
P21802,FGFR2_HUMAN,single,SEG,0.0645554202192448,whole_db,concatenated,0.0591016548463357,0.0,0.0786516853932584,0.0591,1,0.0,1,0.0787,1,0.0591016548463357,0.0,0.0786516853932584
Q9BRQ8,FSP1_HUMAN,single,SEG,0.0375335120643431,whole_db,concatenated,,0.6666666666666666,,,0,0.6667,1,,0,,0.6666666666666666,
Q9H461,FZD8_HUMAN,multi,SEG,0.2377521613832853,whole_db,concatenated,0.2451612903225806,0.0,0.2876712328767123,0.10675,4,0.0,7,0.197625,4,0.2451612903225806,0.0,0.2876712328767123
P01857,IGHG1_HUMAN,single,SEG,0.0454545454545454,whole_db,concatenated,,,0.0454545454545454,,0,,0,0.0455,1,,,0.0454545454545454
P05556,ITB1_HUMAN,single,SEG,0.0363408521303258,whole_db,concatenated,0.1276595744680851,1.0,0.0,0.1277,1,1.0,1,0.0,1,0.1276595744680851,1.0,0.0
Q9Y624,JAM1_HUMAN,single,SEG,0.1170568561872909,whole_db,concatenated,0.0,0.7619047619047619,0.0142180094786729,0.0,1,0.7619,1,0.0142,1,0.0,0.7619047619047619,0.0142180094786729
Q9BR39,JPH2_HUMAN,single,SEG,0.2614942528735632,whole_db,concatenated,0.2700296735905044,0.0,,0.27,1,0.0,1,,0,0.2700296735905044,0.0,
O43561,LAT_HUMAN,single,SEG,0.3129770992366412,whole_db,concatenated,0.2553191489361702,0.9565217391304348,0.0,0.2553,1,0.9565,1,0.0,1,0.2553191489361702,0.9565217391304348,0.0
Q14739,LBR_HUMAN,multi,SEG,0.0747967479674796,whole_db,concatenated,,0.0416666666666666,0.1848341232227488,,0,0.0416625,8,0.1848,1,,0.0416666666666666,0.1848341232227488
Q8NC56,LEMD2_HUMAN,multi,SEG,0.2743538767395626,whole_db,concatenated,,0.4285714285714285,,,0,0.42855,2,,0,,0.4285714285714285,
O75581,LRP6_HUMAN,single,SEG,0.0613763174209547,whole_db,concatenated,0.3136363636363636,0.782608695652174,0.0088823094004441,0.3136,1,0.7826,1,0.0089,1,0.3136363636363636,0.782608695652174,0.0088823094004441
Q13021,MALL_HUMAN,multi,SEG,0.0522875816993464,whole_db,concatenated,,0.0833333333333333,,,0,0.083325,4,,0,,0.0833333333333333,
Q7Z434,MAVS_HUMAN,single,SEG,0.1666666666666666,whole_db,concatenated,0.142578125,0.8095238095238095,0.0,0.1426,1,0.8095,1,0.0,1,0.142578125,0.8095238095238095,0.0
P15529,MCP_HUMAN,single,SEG,0.1658163265306122,whole_db,concatenated,0.0,0.9130434782608696,0.1100323624595469,0.0,1,0.913,1,0.11,1,0.0,0.9130434782608696,0.1100323624595469
Q9H3U5,MFSD1_HUMAN,multi,SEG,0.1354838709677419,whole_db,concatenated,,0.1225296442687747,,,0,0.12301666666666666,12,,0,,0.1225296442687747,
P15941,MUC1_HUMAN,single,SEG,0.0533864541832669,whole_db,concatenated,0.027027027027027,0.9130434782608696,0.0281938325991189,0.027,1,0.913,1,0.0282,1,0.027027027027027,0.9130434782608696,0.0281938325991189
Q12879,NMDE1_HUMAN,multi,SEG,0.0198087431693989,whole_db,concatenated,0.0437405731523378,0.0,0.0,0.015366666666666667,3,0.0,3,0.0,2,0.0437405731523378,0.0,0.0
P46531,NOTC1_HUMAN,single,SEG,0.084931506849315,whole_db,concatenated,0.1814768460575719,0.8571428571428571,0.0215492137449039,0.1815,1,0.8571,1,0.0215,1,0.1814768460575719,0.8571428571428571,0.0215492137449039
O60500,NPHN_HUMAN,single,SEG,0.0854149879129734,whole_db,concatenated,0.0,1.0,0.0620155038759689,0.0,1,1.0,1,0.062,1,0.0,1.0,0.0620155038759689
P49146,NPY2R_HUMAN,multi,SEG,0.0419947506561679,whole_db,concatenated,0.0,0.0879120879120879,0.0,0.0,4,0.08465714285714286,7,0.0,4,0.0,0.0879120879120879,0.0
O00254,PAR3_HUMAN,multi,SEG,0.03475935828877,whole_db,concatenated,0.0,0.0,0.0,0.0,4,0.0,7,0.0,4,0.0,0.0,0.0
O60733,PLPL9_HUMAN,multi,SEG,0.0,whole_db,concatenated,,0.0,,,0,0.0,2,,0,,0.0,
P40967,PMEL_HUMAN,single,SEG,0.0726172465960665,whole_db,concatenated,0.0,0.8571428571428571,0.0,0.0,1,0.8571,1,0.0,1,0.0,0.8571428571428571,0.0
Q8TEM1,PO210_HUMAN,single,SEG,0.0312665606783253,whole_db,concatenated,0.0,0.0,0.0190796857463524,0.0,1,0.0,1,0.0191,1,0.0,0.0,0.0190796857463524
Q04671,P_HUMAN,multi,SEG,0.1264916467780429,whole_db,concatenated,0.0825958702064896,0.3804878048780488,0.0,0.051371428571428575,7,0.38235833333333336,12,0.0,6,0.0825958702064896,0.3804878048780488,0.0
P07949,RET_HUMAN,single,SEG,0.0430879712746858,whole_db,concatenated,0.0218818380743982,0.0,0.0263591433278418,0.0219,1,0.0,1,0.0264,1,0.0218818380743982,0.0,0.0263591433278418
P31645,SC6A4_HUMAN,multi,SEG,0.0,whole_db,concatenated,0.0,0.0,0.0,0.0,7,0.0,12,0.0,6,0.0,0.0,0.0
P31431,SDC4_HUMAN,single,SEG,0.1616161616161616,whole_db,concatenated,0.0,0.0,0.1496062992125984,0.0,1,0.0,1,0.1496,1,0.0,0.0,0.1496062992125984
Q8N114,SHSA5_HUMAN,single,SEG,0.4291666666666666,whole_db,concatenated,0.7456140350877193,0.1904761904761904,0.0,0.7456,1,0.1905,1,0.0,1,0.7456140350877193,0.1904761904761904,0.0
Q14BN4,SLMAP_HUMAN,multi,SEG,0.0555555555555555,whole_db,concatenated,0.0399002493765586,0.6666666666666666,0.0,0.0399,1,0.6667,1,0.0,1,0.0399002493765586,0.6666666666666666,0.0
Q86WV6,STING_HUMAN,multi,SEG,0.0870712401055409,whole_db,concatenated,0.0,0.4,0.15,0.0,3,0.36,4,0.15,2,0.0,0.4,0.15
P08247,SYPH_HUMAN,multi,SEG,0.2523961661341853,whole_db,concatenated,0.5245901639344263,0.09375,0.0631578947368421,0.23703333333333332,3,0.09375,4,0.05265,2,0.5245901639344263,0.09375,0.0631578947368421
Q16635,TAZ_HUMAN,single,SEG,0.0,whole_db,concatenated,,,0.0,,0,,0,0.0,2,,,0.0
O14763,TR10B_HUMAN,single,SEG,0.1886363636363636,whole_db,concatenated,0.0861244019138756,0.8571428571428571,0.0903225806451612,0.0861,1,0.8571,1,0.0903,1,0.0861244019138756,0.8571428571428571,0.0903225806451612
O75445,USH2A_HUMAN,single,SEG,0.0103806228373702,whole_db,concatenated,0.0,0.9523809523809524,0.0067850728397525,0.0,1,0.9524,1,0.0068,1,0.0,0.9523809523809524,0.0067850728397525
P63027,VAMP2_HUMAN,single,SEG,0.3275862068965517,whole_db,concatenated,0.2365591397849462,0.8,0.0,0.2366,1,0.8,1,0.0,1,0.2365591397849462,0.8,0.0
P17948,VGFR1_HUMAN,single,SEG,0.0358744394618834,whole_db,concatenated,0.0268817204301075,0.5454545454545454,0.0054644808743169,0.0269,1,0.5455,1,0.0055,1,0.0268817204301075,0.5454545454545454,0.0054644808743169
P35968,VGFR2_HUMAN,single,SEG,0.0294985250737463,whole_db,concatenated,0.042031523642732,0.0,0.021476510067114,0.042,1,0.0,1,0.0215,1,0.042031523642732,0.0,0.021476510067114
P08908,5HT1A_HUMAN,multi,catGRANULE,-0.0856142,whole_db,concatenated,-3.4518347560975613,-9.712407142857142,-7.32892794117647,-7.328366666666667,3,-9.596200000000001,6,-7.873474999999999,4,-3.4518347560975613,-9.712407142857142,-7.32892794117647
P05067,A4_HUMAN,single,catGRANULE,0.283878,whole_db,concatenated,,-5.608631578947367,-5.513748099415205,,0,-5.6086,1,-5.5137,1,,-5.608631578947367,-5.513748099415205
P08172,ACM2_HUMAN,multi,catGRANULE,-0.222064,whole_db,concatenated,-3.868960930232558,-9.91288,-8.467603921568628,-7.570133333333334,3,-9.894883333333333,6,-9.312800000000001,4,-3.868960930232558,-9.91288,-8.467603921568628
Q8WXG9,AGRV1_HUMAN,multi,catGRANULE,1.55332,whole_db,concatenated,-1.9382383561643832,-10.413406802721086,-3.9530550219076512,-7.4388250000000005,4,-10.4134,7,-9.20695,4,-1.9382383561643832,-10.413406802721086,-3.9530550219076512
Q9UM73,ALK_HUMAN,single,catGRANULE,1.36769,whole_db,concatenated,-4.0926547945205485,-8.731528571428571,-1.6240717647058822,-4.0927,1,-8.7315,1,-1.6241,1,-4.0926547945205485,-8.731528571428571,-1.6240717647058822
Q7Z3C6,ATG9A_HUMAN,multi,catGRANULE,0.184754,whole_db,concatenated,-4.87422271973466,-12.08664623655914,-10.57291320754717,-6.447271428571428,7,-11.919025,4,-11.75685,2,-4.87422271973466,-12.08664623655914,-10.57291320754717
Q03135,CAV1_HUMAN,single,catGRANULE,-0.510549,whole_db,concatenated,-5.974828301886792,,,-8.206850000000001,2,,0,,0,-5.974828301886792,,
P10747,CD28_HUMAN,single,catGRANULE,-0.174528,whole_db,concatenated,,-8.037283333333333,-3.3296559701492536,,0,-8.0373,1,-3.3297,1,,-8.037283333333333,-3.3296559701492536
P07766,CD3E_HUMAN,single,catGRANULE,0.909493,whole_db,concatenated,6.743640000000001,3.8375615384615385,-2.753608653846153,6.7436,1,3.8376,1,-2.7536,1,6.743640000000001,3.8375615384615385,-2.753608653846153
P20963,CD3Z_HUMAN,single,catGRANULE,0.55258,whole_db,concatenated,5.914955555555555,-0.8481476190476192,-4.370988888888888,5.915,1,-0.8481,1,-4.371,1,5.914955555555555,-0.8481476190476192,-4.370988888888888
P13569,CFTR_HUMAN,multi,catGRANULE,0.597176,whole_db,concatenated,-4.7659087686567165,-7.466015019762846,-7.147034285714287,-6.6337714285714275,7,-7.4804,12,-7.461016666666667,6,-4.7659087686567165,-7.466015019762846,-7.147034285714287
Q07065,CKAP4_HUMAN,single,catGRANULE,0.831295,whole_db,concatenated,1.0514490566037735,-2.9964285714285714,-4.486953176470588,1.0514,1,-2.9964,1,-4.487,1,1.0514490566037735,-2.9964285714285714,-4.486953176470588
P15954,COX7C_HUMAN,single,catGRANULE,-1.17953,whole_db,,,,,,0,,0,,0,,,
Q9UJA2,CRLS1_HUMAN,multi,catGRANULE,-0.651213,whole_db,concatenated,,-8.15993432835821,,,0,-8.83155,4,,0,,-8.15993432835821,
P61073,CXCR4_HUMAN,multi,catGRANULE,-0.344548,whole_db,concatenated,-9.005682539682537,-8.192013513513512,-5.823427472527473,-9.0875,3,-8.220871428571428,7,-6.994975,4,-9.005682539682537,-8.192013513513512,-5.823427472527473
Q08345,DDR1_HUMAN,single,catGRANULE,0.837634,whole_db,concatenated,-4.317765647058824,-10.497919047619048,-1.791621410579345,-4.3178,1,-10.4979,1,-1.7916,1,-4.317765647058824,-10.497919047619048,-1.791621410579345
P00533,EGFR_HUMAN,single,catGRANULE,0.736746,whole_db,concatenated,-5.36345162601626,-6.376086956521738,-3.726951046698873,-5.3635,1,-6.3761,1,-3.727,1,-5.36345162601626,-6.376086956521738,-3.726951046698873
P29317,EPHA2_HUMAN,single,catGRANULE,0.675324,whole_db,concatenated,-4.285690760869565,-2.6286809523809525,-4.427755058365759,-4.2857,1,-2.6287,1,-4.4278,1,-4.285690760869565,-2.6286809523809525,-4.427755058365759
P04626,ERBB2_HUMAN,single,catGRANULE,0.578831,whole_db,concatenated,-3.6331249056603774,-6.500217391304347,-6.2269596825396825,-3.6331,1,-6.5002,1,-6.227,1,-3.6331249056603774,-6.500217391304347,-6.2269596825396825
Q15303,ERBB4_HUMAN,single,catGRANULE,0.843318,whole_db,concatenated,-4.493386963979418,-5.481720833333334,-3.715048722044728,-4.4934,1,-5.4817,1,-3.715,1,-4.493386963979418,-5.481720833333334,-3.715048722044728
O75460,ERN1_HUMAN,single,catGRANULE,0.495977,whole_db,concatenated,-4.186472786177107,-8.52294761904762,-5.237556,-4.1865,1,-8.5229,1,-5.2376,1,-4.186472786177107,-8.52294761904762,-5.237556
P11362,FGFR1_HUMAN,single,catGRANULE,0.383312,whole_db,concatenated,-5.089676266666666,-5.424271428571428,-4.377235211267606,-5.0897,1,-5.4243,1,-4.3772,1,-5.089676266666666,-5.424271428571428,-4.377235211267606
P21802,FGFR2_HUMAN,single,catGRANULE,0.436729,whole_db,concatenated,-5.58001126005362,-9.879990476190477,-3.1723550561797755,-5.58,1,-9.88,1,-3.1724,1,-5.58001126005362,-9.879990476190477,-3.1723550561797755
Q9BRQ8,FSP1_HUMAN,single,catGRANULE,0.602403,whole_db,concatenated,,-3.2351857142857146,,,0,-3.2352,1,,0,,-3.2351857142857146,
Q9H461,FZD8_HUMAN,multi,catGRANULE,1.27683,whole_db,concatenated,7.132043809523809,-2.965308843537415,-2.344040821917808,3.8775500000000003,4,-2.9652857142857143,7,-3.2504,4,7.132043809523809,-2.965308843537415,-2.344040821917808
P01857,IGHG1_HUMAN,single,catGRANULE,0.101035,whole_db,concatenated,,,-4.828637142857143,,0,,0,-4.8286,1,,,-4.828637142857143
P05556,ITB1_HUMAN,single,catGRANULE,0.933915,whole_db,concatenated,,-5.294835,-2.6286800847457625,,0,-5.2948,1,-2.6287,1,,-5.294835,-2.6286800847457625
Q9Y624,JAM1_HUMAN,single,catGRANULE,0.122957,whole_db,concatenated,,-1.0433272727272729,-3.688274881516587,,0,-1.0433,1,-3.6883,1,,-1.0433272727272729,-3.688274881516587
Q9BR39,JPH2_HUMAN,single,catGRANULE,1.59152,whole_db,concatenated,-0.1562795665634674,,,-0.1563,1,,0,,0,-0.1562795665634674,,
O43561,LAT_HUMAN,single,catGRANULE,-0.334812,whole_db,concatenated,-4.114703243243243,-10.3468,-11.93995,-4.1147,1,-10.3468,1,-11.9399,1,-4.114703243243243,-10.3468,-11.93995
Q14739,LBR_HUMAN,multi,catGRANULE,0.340153,whole_db,concatenated,,-6.796386842105263,-2.534102843601896,,0,-6.8577,8,-2.5341,1,,-6.796386842105263,-2.534102843601896
Q8NC56,LEMD2_HUMAN,multi,catGRANULE,0.00266268,whole_db,concatenated,,-8.127892857142857,,,0,-8.1279,2,,0,,-8.127892857142857,
O75581,LRP6_HUMAN,single,catGRANULE,0.846357,whole_db,concatenated,-4.8162135294117645,-3.512221739130436,-4.329244559585492,-4.8162,1,-3.5122,1,-4.3292,1,-4.8162135294117645,-3.512221739130436,-4.329244559585492
Q13021,MALL_HUMAN,multi,catGRANULE,-1.85452,whole_db,concatenated,,-10.398087755102042,,,0,-10.792300000000003,3,,0,,-10.398087755102042,
Q7Z434,MAVS_HUMAN,single,catGRANULE,0.249132,whole_db,concatenated,-4.571209815950921,,,-4.5712,1,,0,,0,-4.571209815950921,,
P15529,MCP_HUMAN,single,catGRANULE,-0.00777568,whole_db,concatenated,,,-4.848221103896105,,0,,0,-4.8482,1,,,-4.848221103896105
Q9H3U5,MFSD1_HUMAN,multi,catGRANULE,-0.147836,whole_db,concatenated,,-6.443061206896552,,,0,-6.448363636363637,11,,0,,-6.443061206896552,
P15941,MUC1_HUMAN,single,catGRANULE,0.468664,whole_db,concatenated,-2.3336791666666667,-9.669382608695653,-5.776363436123348,-2.3337,1,-9.6694,1,-5.7764,1,-2.3336791666666667,-9.669382608695653,-5.776363436123348
Q12879,NMDE1_HUMAN,multi,catGRANULE,0.970588,whole_db,concatenated,-2.379678466557912,-5.358320967741936,-4.811360113960113,-4.148333333333333,3,-5.304333333333333,3,-3.93025,2,-2.379678466557912,-5.358320967741936,-4.811360113960113
P46531,NOTC1_HUMAN,single,catGRANULE,1.28985,whole_db,concatenated,-3.705424566088118,1.4189095238095235,-3.443134012813046,-3.7054,1,1.4189,1,-3.4431,1,-3.705424566088118,1.4189095238095235,-3.443134012813046
O60500,NPHN_HUMAN,single,catGRANULE,0.733511,whole_db,concatenated,-3.320911206896552,-0.9532238095238096,-4.679202616279069,-3.3209,1,-0.9532,1,-4.6792,1,-3.320911206896552,-0.9532238095238096,-4.679202616279069
P49146,NPY2R_HUMAN,multi,catGRANULE,-0.659332,whole_db,concatenated,-9.706451612903226,-9.228907142857144,-7.806173563218392,-8.487975,4,-9.212385714285714,7,-8.380149999999999,4,-9.706451612903226,-9.228907142857144,-7.806173563218392
O00254,PAR3_HUMAN,multi,catGRANULE,-1.08102,whole_db,concatenated,-10.450542857142857,-10.908072262773722,-9.986857943925235,-10.165066666666666,3,-10.926733333333333,6,-9.284925,4,-10.450542857142857,-10.908072262773722,-9.986857943925235
O60733,PLPL9_HUMAN,multi,catGRANULE,0.536244,whole_db,concatenated,,-2.586380952380952,,,0,-2.5864,2,,0,,-2.586380952380952,
P40967,PMEL_HUMAN,single,catGRANULE,0.191697,whole_db,concatenated,,-11.1156875,-6.748561111111111,,0,-11.1157,1,-6.7486,1,,-11.1156875,-6.748561111111111
Q8TEM1,PO210_HUMAN,single,catGRANULE,0.555406,whole_db,concatenated,-9.5827125,-12.06942857142857,-5.885579629629629,-9.5827,1,-12.0694,1,-5.8856,1,-9.5827125,-12.06942857142857,-5.885579629629629
Q04671,P_HUMAN,multi,catGRANULE,-0.208196,whole_db,concatenated,-6.313449850746269,-10.09083085106383,-8.566525660377359,-9.190433333333333,6,-10.102954545454544,11,-9.141416666666666,6,-6.313449850746269,-10.09083085106383,-8.566525660377359
P07949,RET_HUMAN,single,catGRANULE,0.593386,whole_db,concatenated,-3.1130633906633904,-10.492781818181818,-5.881929983525535,-3.1131,1,-10.4928,1,-5.8819,1,-3.1130633906633904,-10.492781818181818,-5.881929983525535
P31645,SC6A4_HUMAN,multi,catGRANULE,0.0215138,whole_db,concatenated,-4.620656069364161,-7.079074074074074,-6.843613414634146,-6.770516666666666,6,-7.247683333333334,12,-6.224233333333333,6,-4.620656069364161,-7.079074074074074,-6.843613414634146
P31431,SDC4_HUMAN,single,catGRANULE,0.435536,whole_db,concatenated,,-1.7916333333333334,-1.80004094488189,,0,-1.7916,1,-1.8,1,,-1.7916333333333334,-1.80004094488189
Q8N114,SHSA5_HUMAN,single,catGRANULE,-1.43731,whole_db,concatenated,-8.9513828125,-16.858557142857144,-8.600975324675327,-8.9514,1,-16.8586,1,-8.601,1,-8.9513828125,-16.858557142857144,-8.600975324675327
Q14BN4,SLMAP_HUMAN,multi,catGRANULE,0.211397,whole_db,concatenated,-5.745734575835475,,,-5.7457,1,,0,,0,-5.745734575835475,,
Q86WV6,STING_HUMAN,multi,catGRANULE,-0.245228,whole_db,concatenated,-6.032527350427349,-6.053885333333333,-5.412304999999999,-7.1743,3,-6.073474999999999,4,-5.4123,2,-6.032527350427349,-6.053885333333333,-5.412304999999999
P08247,SYPH_HUMAN,multi,catGRANULE,1.09152,whole_db,concatenated,7.342569444444444,-4.260379166666667,-4.803141052631578,1.6935666666666667,3,-4.260375,4,-4.6244499999999995,2,7.342569444444444,-4.260379166666667,-4.803141052631578
Q16635,TAZ_HUMAN,single,catGRANULE,0.0971307,whole_db,concatenated,,,-3.005139366515837,,0,,0,-6.179449999999999,2,,,-3.005139366515837
O14763,TR10B_HUMAN,single,catGRANULE,0.211283,whole_db,concatenated,-5.015009433962264,-0.4048761904761904,-6.109885161290323,-5.015,1,-0.4049,1,-6.1099,1,-5.015009433962264,-0.4048761904761904,-6.109885161290323
O75445,USH2A_HUMAN,single,catGRANULE,1.29107,whole_db,concatenated,-4.761484269662922,-7.293766666666667,-4.785996447814807,-4.7615,1,-7.2938,1,-4.786,1,-4.761484269662922,-7.293766666666667,-4.785996447814807
P63027,VAMP2_HUMAN,single,catGRANULE,-1.23816,whole_db,concatenated,-5.668190769230769,,,-5.6682,1,,0,,0,-5.668190769230769,,
P17948,VGFR1_HUMAN,single,catGRANULE,0.709074,whole_db,concatenated,-3.3625110236220475,-11.303990909090908,-5.414669262295082,-3.3625,1,-11.304,1,-5.4147,1,-3.3625110236220475,-11.303990909090908,-5.414669262295082
P35968,VGFR2_HUMAN,single,catGRANULE,0.747135,whole_db,concatenated,-3.9124571976967366,-6.56397142857143,-4.720620536912752,-3.9125,1,-6.564,1,-4.7206,1,-3.9124571976967366,-6.56397142857143,-4.720620536912752
