UniProt_ID,length,n_annotated,frac_annotated,n_Cytoplasmic,n_Transmembrane,n_Extracellular/Lumenal,n_segs_Cytoplasmic,n_segs_Transmembrane,n_segs_Extracellular/Lumenal,catGRANULE_whole_official,catGRANULE_whole,catGRANULE_Cytoplasmic,catGRANULE_Cytoplasmic_mean_seg_score,catGRANULE_Cytoplasmic_longest_seg_score,catGRANULE_Cytoplasmic_max_seg_score,catGRANULE_Cytoplasmic_seg_lengths,catGRANULE_Cytoplasmic_seg_scores,catGRANULE_Transmembrane,catGRANULE_Transmembrane_mean_seg_score,catGRANULE_Transmembrane_longest_seg_score,catGRANULE_Transmembrane_max_seg_score,catGRANULE_Transmembrane_seg_lengths,catGRANULE_Transmembrane_seg_scores,catGRANULE_Extracellular/Lumenal,catGRANULE_Extracellular/Lumenal_mean_seg_score,catGRANULE_Extracellular/Lumenal_longest_seg_score,catGRANULE_Extracellular/Lumenal_max_seg_score,catGRANULE_Extracellular/Lumenal_seg_lengths,catGRANULE_Extracellular/Lumenal_seg_scores,PLAAC_whole_official,PLAAC_whole,PLAAC_Cytoplasmic,PLAAC_Cytoplasmic_mean_seg_score,PLAAC_Cytoplasmic_longest_seg_score,PLAAC_Cytoplasmic_max_seg_score,PLAAC_Cytoplasmic_seg_lengths,PLAAC_Cytoplasmic_seg_scores,PLAAC_Transmembrane,PLAAC_Transmembrane_mean_seg_score,PLAAC_Transmembrane_longest_seg_score,PLAAC_Transmembrane_max_seg_score,PLAAC_Transmembrane_seg_lengths,PLAAC_Transmembrane_seg_scores,PLAAC_Extracellular/Lumenal,PLAAC_Extracellular/Lumenal_mean_seg_score,PLAAC_Extracellular/Lumenal_longest_seg_score,PLAAC_Extracellular/Lumenal_max_seg_score,PLAAC_Extracellular/Lumenal_seg_lengths,PLAAC_Extracellular/Lumenal_seg_scores,PScore_whole_official,PScore_whole,PScore_Cytoplasmic,PScore_Cytoplasmic_mean_seg_score,PScore_Cytoplasmic_longest_seg_score,PScore_Cytoplasmic_max_seg_score,PScore_Cytoplasmic_seg_lengths,PScore_Cytoplasmic_seg_scores,PScore_Transmembrane,PScore_Transmembrane_mean_seg_score,PScore_Transmembrane_longest_seg_score,PScore_Transmembrane_max_seg_score,PScore_Transmembrane_seg_lengths,PScore_Transmembrane_seg_scores,PScore_Extracellular/Lumenal,PScore_Extracellular/Lumenal_mean_seg_score,PScore_Extracellular/Lumenal_longest_seg_score,PScore_Extracellular/Lumenal_max_seg_score,PScore_Extracellular/Lumenal_seg_lengths,PScore_Extracellular/Lumenal_seg_scores,ESpritz_whole_official,ESpritz_whole,ESpritz_Cytoplasmic,ESpritz_Cytoplasmic_mean_seg_score,ESpritz_Cytoplasmic_longest_seg_score,ESpritz_Cytoplasmic_max_seg_score,ESpritz_Cytoplasmic_seg_lengths,ESpritz_Cytoplasmic_seg_scores,ESpritz_Transmembrane,ESpritz_Transmembrane_mean_seg_score,ESpritz_Transmembrane_longest_seg_score,ESpritz_Transmembrane_max_seg_score,ESpritz_Transmembrane_seg_lengths,ESpritz_Transmembrane_seg_scores,ESpritz_Extracellular/Lumenal,ESpritz_Extracellular/Lumenal_mean_seg_score,ESpritz_Extracellular/Lumenal_longest_seg_score,ESpritz_Extracellular/Lumenal_max_seg_score,ESpritz_Extracellular/Lumenal_seg_lengths,ESpritz_Extracellular/Lumenal_seg_scores,SEG_whole_official,SEG_whole,SEG_Cytoplasmic,SEG_Cytoplasmic_mean_seg_score,SEG_Cytoplasmic_longest_seg_score,SEG_Cytoplasmic_max_seg_score,SEG_Cytoplasmic_seg_lengths,SEG_Cytoplasmic_seg_scores,SEG_Transmembrane,SEG_Transmembrane_mean_seg_score,SEG_Transmembrane_longest_seg_score,SEG_Transmembrane_max_seg_score,SEG_Transmembrane_seg_lengths,SEG_Transmembrane_seg_scores,SEG_Extracellular/Lumenal,SEG_Extracellular/Lumenal_mean_seg_score,SEG_Extracellular/Lumenal_longest_seg_score,SEG_Extracellular/Lumenal_max_seg_score,SEG_Extracellular/Lumenal_seg_lengths,SEG_Extracellular/Lumenal_seg_scores,ParSe2_whole_official,ParSe2_whole,ParSe2_Cytoplasmic,ParSe2_Cytoplasmic_mean_seg_score,ParSe2_Cytoplasmic_longest_seg_score,ParSe2_Cytoplasmic_max_seg_score,ParSe2_Cytoplasmic_seg_lengths,ParSe2_Cytoplasmic_seg_scores,ParSe2_Transmembrane,ParSe2_Transmembrane_mean_seg_score,ParSe2_Transmembrane_longest_seg_score,ParSe2_Transmembrane_max_seg_score,ParSe2_Transmembrane_seg_lengths,ParSe2_Transmembrane_seg_scores,ParSe2_Extracellular/Lumenal,ParSe2_Extracellular/Lumenal_mean_seg_score,ParSe2_Extracellular/Lumenal_longest_seg_score,ParSe2_Extracellular/Lumenal_max_seg_score,ParSe2_Extracellular/Lumenal_seg_lengths,ParSe2_Extracellular/Lumenal_seg_scores
P15941,1255,1232,0.9817,74,23,1135,1,1,1,0.468664,-5.746531286307054,-2.3336791666666667,-2.3336791666666667,-2.3336791666666667,-2.3336791666666667,74,-2.3337,-9.669382608695651,-9.669382608695651,-9.669382608695651,-9.669382608695651,23,-9.6694,-5.776363436123348,-5.776363436123348,-5.776363436123348,-5.776363436123348,1135,-5.7764,-0.074,0.00215003984063745,0.011986486486486486,0.011986486486486486,0.011986486486486486,0.011986486486486486,74,0.0120,4.347826086956522e-05,4.347826086956522e-05,4.347826086956522e-05,4.347826086956522e-05,23,0.0000,0.0014453744493392068,0.0014453744493392068,0.0014453744493392068,0.0014453744493392068,1135,0.0014,3.69,2.2574273162939296,1.140309859154929,1.140309859154929,1.140309859154929,1.140309859154929,74,1.1403,-1.9387826086956519,-1.9387826086956519,-1.9387826086956519,-1.9387826086956519,23,-1.9388,2.4465594713656387,2.4465594713656387,2.4465594713656387,2.4465594713656387,1135,2.4466,0.6749003984063745,0.47572,0.25983378378378374,0.25983378378378374,0.25983378378378374,0.25983378378378374,74,0.2598,0.06701739130434782,0.06701739130434782,0.06701739130434782,0.06701739130434782,23,0.0670,0.4992333920704846,0.4992333920704846,0.4992333920704846,0.4992333920704846,1135,0.4992,0.05338645418326693,0.05338645418326693,0.02702702702702703,0.02702702702702703,0.02702702702702703,0.02702702702702703,74,0.0270,0.9130434782608695,0.9130434782608695,0.9130434782608695,0.9130434782608695,23,0.9130,0.028193832599118944,0.028193832599118944,0.028193832599118944,0.028193832599118944,1135,0.0282,1047.8771367042202,0.8512405659660605,1.18556801333626,1.18556801333626,1.18556801333626,1.18556801333626,74,1.1856,0.0,0.0,0.0,0.0,23,0.0000,0.8584774624470237,0.8584774624470237,0.8584774624470237,0.8584774624470237,1135,0.8585
Q7Z434,540,539,0.9981,512,21,6,1,1,1,0.249132,-4.583727142857143,-4.571209815950921,-4.571209815950921,-4.571209815950921,-4.571209815950921,512,-4.5712,,,,,21,nan,,,,,6,nan,-0.124,0.0008494444444444444,0.0008767578125,0.0008767578125,0.0008767578125,0.0008767578125,512,0.0009,8.571428571428573e-05,8.571428571428573e-05,8.571428571428573e-05,8.571428571428573e-05,21,0.0001,0.0005166666666666667,0.0005166666666666667,0.0005166666666666667,0.0005166666666666667,6,0.0005,2.12,1.3406014897579144,1.4033867187500002,1.4033867187500002,1.4033867187500002,1.4033867187500002,512,1.4034,-0.014952380952380948,-0.014952380952380948,-0.014952380952380948,-0.014952380952380948,21,-0.0150,-0.045000000000000005,-0.045000000000000005,-0.045000000000000005,-0.045000000000000005,6,-0.0450,0.22777777777777777,0.41813592592592597,0.42408613281249996,0.42408613281249996,0.42408613281249996,0.42408613281249996,512,0.4241,0.3158380952380953,0.3158380952380953,0.3158380952380953,0.3158380952380953,21,0.3158,0.30043333333333333,0.30043333333333333,0.30043333333333333,0.30043333333333333,6,0.3004,0.16666666666666666,0.16666666666666666,0.142578125,0.142578125,0.142578125,0.142578125,512,0.1426,0.8095238095238095,0.8095238095238095,0.8095238095238095,0.8095238095238095,21,0.8095,0.0,0.0,0.0,0.0,6,0.0000,161.5620476398603,0.3131047434881014,0.3224791370057092,0.3224791370057092,0.3224791370057092,0.3224791370057092,512,0.3225,0.0,0.0,0.0,0.0,21,0.0000,,,,,6,nan
Q9BR39,696,695,0.9986,674,21,0,1,1,0,1.59152,-0.15627956656346745,-0.15627956656346745,-0.15627956656346745,-0.15627956656346745,-0.15627956656346745,674,-0.1563,,,,,21,nan,,,,,,,0.038,0.009287643678160918,0.009587091988130562,0.009587091988130562,0.009587091988130562,0.009587091988130562,674,0.0096,7.61904761904762e-05,7.61904761904762e-05,7.61904761904762e-05,7.61904761904762e-05,21,0.0001,,,,,,,4.39,1.1259668109668108,1.1580459940652819,1.1580459940652819,1.1580459940652819,1.1580459940652819,674,1.1580,-0.012000000000000002,-0.012000000000000002,-0.012000000000000002,-0.012000000000000002,21,-0.0120,,,,,,,0.27586206896551724,0.3879512931034483,0.3905818991097923,0.3905818991097923,0.3905818991097923,0.3905818991097923,674,0.3906,0.3075809523809524,0.3075809523809524,0.3075809523809524,0.3075809523809524,21,0.3076,,,,,,,0.2614942528735632,0.2614942528735632,0.27002967359050445,0.27002967359050445,0.27002967359050445,0.27002967359050445,674,0.2700,0.0,0.0,0.0,0.0,21,0.0000,,,,,,,276.6461553093689,0.4116758263532275,0.41789449442502846,0.41789449442502846,0.41789449442502846,0.41789449442502846,674,0.4179,0.0,0.0,0.0,0.0,21,0.0000,,,,,,
O43561,262,262,1.0,235,23,4,1,1,1,-0.334812,-4.9384731132075474,-4.114703243243243,-4.114703243243243,-4.114703243243243,-4.114703243243243,235,-4.1147,-10.3468,-10.3468,-10.3468,-10.3468,23,-10.3468,-11.93995,-11.93995,-11.93995,-11.93995,4,-11.9399,-0.126,0.0006255725190839694,0.0006859574468085106,0.0006859574468085106,0.0006859574468085106,0.0006859574468085106,235,0.0007,3.0434782608695656e-05,3.0434782608695656e-05,3.0434782608695656e-05,3.0434782608695656e-05,23,0.0000,0.0005,0.0005,0.0005,0.0005,4,0.0005,2.71,0.769972972972973,1.1058706896551724,1.1058706896551724,1.1058706896551724,1.1058706896551724,235,1.1059,-2.096478260869565,-2.096478260869565,-2.096478260869565,-2.096478260869565,23,-2.0965,-2.23,-2.23,-2.23,-2.23,4,-2.2300,0.20229007633587787,0.4356190839694656,0.4562702127659575,0.4562702127659575,0.4562702127659575,0.4562702127659575,235,0.4563,0.25245652173913047,0.25245652173913047,0.25245652173913047,0.25245652173913047,23,0.2525,0.27554999999999996,0.27554999999999996,0.27554999999999996,0.27554999999999996,4,0.2755,0.31297709923664124,0.31297709923664124,0.2553191489361702,0.2553191489361702,0.2553191489361702,0.2553191489361702,235,0.2553,0.9565217391304348,0.9565217391304348,0.9565217391304348,0.9565217391304348,23,0.9565,0.0,0.0,0.0,0.0,4,0.0000,82.61135574673678,0.34710653675099484,0.3704545100750528,0.3704545100750528,0.3704545100750528,0.3704545100750528,235,0.3705,0.0,0.0,0.0,0.0,23,0.0000,,,,,4,nan
P31431,198,180,0.9091,28,25,127,1,1,1,0.435536,-1.5685722972972973,,,,,28,nan,-1.7916333333333334,-1.7916333333333334,-1.7916333333333334,-1.7916333333333334,25,-1.7916,-1.80004094488189,-1.80004094488189,-1.80004094488189,-1.80004094488189,127,-1.8000,-0.495,0.000545959595959596,0.0006464285714285713,0.0006464285714285713,0.0006464285714285713,0.0006464285714285713,28,0.0006,6.8e-05,6.8e-05,6.8e-05,6.8e-05,25,0.0001,0.0005307086614173229,0.0005307086614173229,0.0005307086614173229,0.0005307086614173229,127,0.0005,1.71,0.7088358974358975,0.68404,0.68404,0.68404,0.68404,28,0.6840,-0.6624800000000002,-0.6624800000000002,-0.6624800000000002,-0.6624800000000002,25,-0.6625,0.824472440944882,0.824472440944882,0.824472440944882,0.824472440944882,127,0.8245,0.0,0.3638237373737374,0.3870071428571428,0.3870071428571428,0.3870071428571428,0.3870071428571428,28,0.3870,0.22873200000000005,0.22873200000000005,0.22873200000000005,0.22873200000000005,25,0.2287,0.38951574803149613,0.38951574803149613,0.38951574803149613,0.38951574803149613,127,0.3895,0.16161616161616163,0.16161616161616163,0.0,0.0,0.0,0.0,28,0.0000,0.0,0.0,0.0,0.0,25,0.0000,0.14960629921259844,0.14960629921259844,0.14960629921259844,0.14960629921259844,127,0.1496,2.2908677915975266,0.013165906848261646,0.0,0.0,0.0,0.0,28,0.0000,0.0,0.0,0.0,0.0,25,0.0000,0.01803832906769706,0.01803832906769706,0.01803832906769706,0.01803832906769706,127,0.0180
O75445,5202,5171,0.994,139,21,5011,1,1,1,1.29107,-4.805458288043479,-4.761484269662922,-4.761484269662922,-4.761484269662922,-4.761484269662922,139,-4.7615,-7.293766666666667,-7.293766666666667,-7.293766666666667,-7.293766666666667,21,-7.2938,-4.785996447814807,-4.785996447814807,-4.785996447814807,-4.785996447814807,5011,-4.7860,-0.024,0.0033195501730103813,0.005010071942446044,0.005010071942446044,0.005010071942446044,0.005010071942446044,139,0.0050,5.2380952380952384e-05,5.2380952380952384e-05,5.2380952380952384e-05,5.2380952380952384e-05,21,0.0001,0.003300299341448813,0.003300299341448813,0.003300299341448813,0.003300299341448813,5011,0.0033,3.22,0.6570103866128102,0.5265367647058823,0.5265367647058823,0.5265367647058823,0.5265367647058823,139,0.5265,-1.8884761904761906,-1.8884761904761906,-1.8884761904761906,-1.8884761904761906,21,-1.8885,0.6753027339852324,0.6753027339852324,0.6753027339852324,0.6753027339852324,5011,0.6753,0.0,0.05006910803537101,0.09901798561151079,0.09901798561151079,0.09901798561151079,0.09901798561151079,139,0.0990,0.04370952380952381,0.04370952380952381,0.04370952380952381,0.04370952380952381,21,0.0437,0.048189223707842746,0.048189223707842746,0.048189223707842746,0.048189223707842746,5011,0.0482,0.010380622837370242,0.010380622837370242,0.0,0.0,0.0,0.0,139,0.0000,0.9523809523809523,0.9523809523809523,0.9523809523809523,0.9523809523809523,21,0.9524,0.006785072839752544,0.006785072839752544,0.006785072839752544,0.006785072839752544,5011,0.0068,445.6902147517933,0.08607381513167116,0.1331799949511709,0.1331799949511709,0.1331799949511709,0.1331799949511709,139,0.1332,0.0,0.0,0.0,0.0,21,0.0000,0.08556702362662037,0.08556702362662037,0.08556702362662037,0.08556702362662037,5011,0.0856
Q9UM73,1620,1602,0.9889,561,21,1020,1,1,1,1.36769,-2.5356692356687898,-4.0926547945205485,-4.0926547945205485,-4.0926547945205485,-4.0926547945205485,561,-4.0927,-8.731528571428571,-8.731528571428571,-8.731528571428571,-8.731528571428571,21,-8.7315,-1.6240717647058822,-1.6240717647058822,-1.6240717647058822,-1.6240717647058822,1020,-1.6241,-0.1,0.020611358024691356,0.012175935828877004,0.012175935828877004,0.012175935828877004,0.012175935828877004,561,0.0122,9.047619047619049e-05,9.047619047619049e-05,9.047619047619049e-05,9.047619047619049e-05,21,0.0001,0.02600019607843137,0.02600019607843137,0.02600019607843137,0.02600019607843137,1020,0.0260,5.28,0.7609542362399505,0.5245967741935484,0.5245967741935484,0.5245967741935484,0.5245967741935484,561,0.5246,-1.6826666666666665,-1.6826666666666665,-1.6826666666666665,-1.6826666666666665,21,-1.6827,0.9611411764705883,0.9611411764705883,0.9611411764705883,0.9611411764705883,1020,0.9611,0.001851851851851852,0.11839617283950615,0.19771818181818182,0.19771818181818182,0.19771818181818182,0.19771818181818182,561,0.1977,0.0433047619047619,0.0433047619047619,0.0433047619047619,0.0433047619047619,21,0.0433,0.07342921568627452,0.07342921568627452,0.07342921568627452,0.07342921568627452,1020,0.0734,0.10308641975308643,0.10308641975308643,0.058823529411764705,0.058823529411764705,0.058823529411764705,0.058823529411764705,561,0.0588,0.7142857142857143,0.7142857142857143,0.7142857142857143,0.7142857142857143,21,0.7143,0.10784313725490197,0.10784313725490197,0.10784313725490197,0.10784313725490197,1020,0.1078,459.5761471170296,0.2879549793966351,0.11679080094600645,0.11679080094600645,0.11679080094600645,0.11679080094600645,561,0.1168,0.0,0.0,0.0,0.0,21,0.0000,0.3877039190173256,0.3877039190173256,0.3877039190173256,0.3877039190173256,1020,0.3877
Q9H461,694,667,0.9611,155,147,365,4,7,4,1.27683,-1.1197437888198762,7.132043809523809,3.8775336221070607,28.013425641025645,28.013425641025645,"16,22,28,89","1.6192,-4.3105,-9.8119,28.0134",-2.965308843537415,-2.9653088435374153,-10.116485714285716,14.3713,"21,21,21,21,21,21,21","-10.1165,14.3713,-8.6158,-4.4987,-6.4262,-11.4391,5.9680",-2.344040821917808,-3.2504188207523548,-2.4888495967741937,1.7818142857142858,"248,63,23,31","-2.4888,1.7818,-3.8174,-8.4772",0.073,0.058329538904899135,0.19081161290322582,0.08333141302166934,0.3319640449438202,0.3319640449438202,"16,22,28,89","0.0000,0.0011,0.0002,0.3320",0.00014625850340136055,0.00014625850340136055,4.761904761904763e-05,0.0004476190476190475,"21,21,21,21,21,21,21","0.0000,0.0001,0.0002,0.0004,0.0001,0.0001,0.0001",0.0297813698630137,0.023277667857699417,0.027382258064516125,0.06410793650793653,"248,63,23,31","0.0274,0.0641,0.0012,0.0004",6.14,1.1995687409551374,1.9062894736842104,1.2129737900181217,3.1342441860465127,3.1342441860465127,"16,22,28,89","2.5211,-0.3950,-0.4084,3.1342",0.7349251700680273,0.7349251700680272,0.9373333333333334,2.7226190476190473,"21,21,21,21,21,21,21","0.9373,1.0833,1.9085,-0.4042,-0.0373,-1.0658,2.7226",1.250495890410959,0.4469279480843295,1.7149354838709676,1.7149354838709676,"248,63,23,31","1.7149,0.7498,-0.6096,-0.0675",0.06772334293948126,0.16092002881844383,0.2710245161290322,0.1531244931508099,0.43064269662921356,0.43064269662921356,"16,22,28,89","0.0941,0.0468,0.0409,0.4306",0.06717210884353743,0.06717210884353741,0.11989999999999998,0.11989999999999998,"21,21,21,21,21,21,21","0.1199,0.0860,0.0510,0.0451,0.0398,0.0437,0.0847",0.14973123287671233,0.09830953793216679,0.18060120967741938,0.18060120967741938,"248,63,23,31","0.1806,0.1128,0.0424,0.0574",0.2377521613832853,0.2377521613832853,0.24516129032258063,0.10674157303370786,0.42696629213483145,0.42696629213483145,"16,22,28,89","0.0000,0.0000,0.0000,0.4270",0.0,0.0,0.0,0.0,"21,21,21,21,21,21,21","0.0000,0.0000,0.0000,0.0000,0.0000,0.0000,0.0000",0.2876712328767123,0.1976126472094214,0.29838709677419356,0.49206349206349204,"248,63,23,31","0.2984,0.4921,0.0000,0.0000",422.04399390970127,0.6299164088204496,1.7603014156292622,0.817282800113586,3.269131200454344,3.269131200454344,"16,22,28,89","0.0000,0.0000,0.0000,3.2691",0.0,0.0,0.0,0.0,"21,21,21,21,21,21,21","0.0000,0.0000,0.0000,0.0000,0.0000,0.0000,0.0000",0.46663257938278563,0.37272383727470226,0.41294315935941495,1.0779521897393942,"248,63,23,31","0.4129,1.0780,0.0000,0.0000"
O14763,440,385,0.875,209,21,155,1,1,1,0.211283,-5.444562051282052,-5.015009433962264,-5.015009433962264,-5.015009433962264,-5.015009433962264,209,-5.0150,-0.40487619047619045,-0.40487619047619045,-0.40487619047619045,-0.40487619047619045,21,-0.4049,-6.109885161290323,-6.109885161290323,-6.109885161290323,-6.109885161290323,155,-6.1099,-0.297,0.0036820454545454543,0.0005177033492822967,0.0005177033492822967,0.0005177033492822967,0.0005177033492822967,209,0.0005,5.714285714285715e-05,5.714285714285715e-05,5.714285714285715e-05,5.714285714285715e-05,21,0.0001,0.0029270967741935484,0.0029270967741935484,0.0029270967741935484,0.0029270967741935484,155,0.0029,1.28,0.34897254004576667,0.13983009708737865,0.13983009708737865,0.13983009708737865,0.13983009708737865,209,0.1398,-0.2966666666666667,-0.2966666666666667,-0.2966666666666667,-0.2966666666666667,21,-0.2967,1.079051612903226,1.079051612903226,1.079051612903226,1.079051612903226,155,1.0791,0.07045454545454545,0.23329954545454548,0.2324177033492823,0.2324177033492823,0.2324177033492823,0.2324177033492823,209,0.2324,0.10506666666666668,0.10506666666666668,0.10506666666666668,0.10506666666666668,21,0.1051,0.15987354838709678,0.15987354838709678,0.15987354838709678,0.15987354838709678,155,0.1599,0.18863636363636363,0.18863636363636363,0.0861244019138756,0.0861244019138756,0.0861244019138756,0.0861244019138756,209,0.0861,0.8571428571428571,0.8571428571428571,0.8571428571428571,0.8571428571428571,21,0.8571,0.09032258064516129,0.09032258064516129,0.09032258064516129,0.09032258064516129,155,0.0903,36.8714809762212,0.08863336773130095,0.10729237945815988,0.10729237945815988,0.10729237945815988,0.10729237945815988,209,0.1073,0.0,0.0,0.0,0.0,21,0.0000,0.10151536918041101,0.10151536918041101,0.10151536918041101,0.10151536918041101,155,0.1015
P46531,2555,2537,0.993,799,21,1717,1,1,1,1.28985,-3.48017880239521,-3.705424566088118,-3.705424566088118,-3.705424566088118,-3.705424566088118,799,-3.7054,1.4189095238095235,1.4189095238095235,1.4189095238095235,1.4189095238095235,21,1.4189,-3.443134012813046,-3.443134012813046,-3.443134012813046,-3.443134012813046,1717,-3.4431,0.332,0.0271908023483366,0.08457672090112642,0.08457672090112642,0.08457672090112642,0.08457672090112642,799,0.0846,0.00020952380952380954,0.00020952380952380954,0.00020952380952380954,0.00020952380952380954,21,0.0002,0.001092079207920792,0.001092079207920792,0.001092079207920792,0.001092079207920792,1717,0.0011,4.19,1.4219184952978057,0.413427135678392,0.413427135678392,0.413427135678392,0.413427135678392,799,0.4134,0.401904761904762,0.401904761904762,0.401904761904762,0.401904761904762,21,0.4019,1.9098124635993012,1.9098124635993012,1.9098124635993012,1.9098124635993012,1717,1.9098,0.025440313111545987,0.11735256360078278,0.2638227784730914,0.2638227784730914,0.2638227784730914,0.2638227784730914,799,0.2638,0.12279523809523814,0.12279523809523814,0.12279523809523814,0.12279523809523814,21,0.1228,0.048325276645311596,0.048325276645311596,0.048325276645311596,0.048325276645311596,1717,0.0483,0.08493150684931507,0.08493150684931507,0.18147684605757197,0.18147684605757197,0.18147684605757197,0.18147684605757197,799,0.1815,0.8571428571428571,0.8571428571428571,0.8571428571428571,0.8571428571428571,21,0.8571,0.021549213744903904,0.021549213744903904,0.021549213744903904,0.021549213744903904,1717,0.0215,594.8523128963775,0.23502659537588996,0.24696777412607862,0.24696777412607862,0.24696777412607862,0.24696777412607862,799,0.2470,0.0,0.0,0.0,0.0,21,0.0000,0.23324908250387513,0.23324908250387513,0.23324908250387513,0.23324908250387513,1717,0.2332
Q8N114,240,212,0.8833,114,21,77,1,1,1,-1.43731,-9.894756842105263,-8.9513828125,-8.9513828125,-8.9513828125,-8.9513828125,114,-8.9514,-16.858557142857144,-16.858557142857144,-16.858557142857144,-16.858557142857144,21,-16.8586,-8.600975324675327,-8.600975324675327,-8.600975324675327,-8.600975324675327,77,-8.6010,0.232,0.28160708333333334,0.5920833333333334,0.5920833333333334,0.5920833333333334,0.5920833333333334,114,0.5921,0.00045238095238095237,0.00045238095238095237,0.00045238095238095237,0.00045238095238095237,21,0.0005,0.0006896103896103897,0.0006896103896103897,0.0006896103896103897,0.0006896103896103897,77,0.0007,4.08,1.4796033755274265,2.8108828828828845,2.8108828828828845,2.8108828828828845,2.8108828828828845,114,2.8109,-0.06361904761904762,-0.06361904761904762,-0.06361904761904762,-0.06361904761904762,21,-0.0636,0.5075194805194805,0.5075194805194805,0.5075194805194805,0.5075194805194805,77,0.5075,0.0125,0.22582291666666665,0.3374035087719298,0.3374035087719298,0.3374035087719298,0.3374035087719298,114,0.3374,0.07885238095238095,0.07885238095238095,0.07885238095238095,0.07885238095238095,21,0.0789,0.11550389610389614,0.11550389610389614,0.11550389610389614,0.11550389610389614,77,0.1155,0.42916666666666664,0.42916666666666664,0.7456140350877193,0.7456140350877193,0.7456140350877193,0.7456140350877193,114,0.7456,0.19047619047619047,0.19047619047619047,0.19047619047619047,0.19047619047619047,21,0.1905,0.0,0.0,0.0,0.0,77,0.0000,53.982415488817885,0.24991859022600874,0.48031358434231375,0.48031358434231375,0.48031358434231375,0.48031358434231375,114,0.4803,0.0,0.0,0.0,0.0,21,0.0000,0.06481077773898551,0.06481077773898551,0.06481077773898551,0.06481077773898551,77,0.0648
Q07065,602,602,1.0,106,21,475,1,1,1,0.831295,-3.366714673913043,1.0514490566037737,1.0514490566037737,1.0514490566037737,1.0514490566037737,106,1.0514,-2.9964285714285714,-2.9964285714285714,-2.9964285714285714,-2.9964285714285714,21,-2.9964,-4.486953176470588,-4.486953176470588,-4.486953176470588,-4.486953176470588,475,-4.4870,0.238,0.07601162790697674,0.4301358490566038,0.4301358490566038,0.4301358490566038,0.4301358490566038,106,0.4301,0.0003238095238095238,0.0003238095238095238,0.0003238095238095238,0.0003238095238095238,21,0.0003,0.00033221052631578945,0.00033221052631578945,0.00033221052631578945,0.00033221052631578945,475,0.0003,4.26,-0.19864607679465773,2.4874339622641504,2.4874339622641504,2.4874339622641504,2.4874339622641504,106,2.4874,-0.0986190476190476,-0.0986190476190476,-0.0986190476190476,-0.0986190476190476,21,-0.0986,-0.8063262711864407,-0.8063262711864407,-0.8063262711864407,-0.8063262711864407,475,-0.8063,0.11461794019933555,0.42968455149501666,0.5864424528301886,0.5864424528301886,0.5864424528301886,0.5864424528301886,106,0.5864,0.3483285714285714,0.3483285714285714,0.3483285714285714,0.3483285714285714,21,0.3483,0.3982995789473684,0.3982995789473684,0.3982995789473684,0.3982995789473684,475,0.3983,0.21926910299003322,0.21926910299003322,0.6698113207547169,0.6698113207547169,0.6698113207547169,0.6698113207547169,106,0.6698,0.7619047619047619,0.7619047619047619,0.7619047619047619,0.7619047619047619,21,0.7619,0.09473684210526316,0.09473684210526316,0.09473684210526316,0.09473684210526316,475,0.0947,77.50956458530037,0.13409959270813213,0.7830296129837071,0.7830296129837071,0.7830296129837071,0.7830296129837071,106,0.7830,0.0,0.0,0.0,0.0,21,0.0000,0.008433652191861584,0.008433652191861584,0.008433652191861584,0.008433652191861584,475,0.0084
P08172,466,466,1.0,239,173,54,4,7,4,-0.222064,-6.612034615384615,-3.868960930232558,-7.570121322751323,-2.6258877777777783,-2.6258877777777783,"14,21,180,24","-8.9439,-11.1406,-2.6259,nan",-9.91288,-9.894890441768109,-12.661829629629631,-5.078352,"26,25,27,22,25,25,23","-7.7006,-10.1298,-12.6618,-10.1086,-5.0784,-13.6901,nan",-8.467603921568628,-9.312796964285717,-7.38117,-7.38117,"20,7,20,7","-7.3812,-10.7466,-8.2815,-10.8419",-0.22,0.024341630901287548,0.006127196652719665,0.0027678670634920634,0.007841111111111111,0.007841111111111111,"14,21,180,24","0.0024,0.0001,0.0078,0.0007",0.0003248554913294798,0.0003221597211162428,0.000448148148148148,0.000452,"26,25,27,22,25,25,23","0.0002,0.0005,0.0004,0.0001,0.0003,0.0003,0.0004",0.18189999999999998,0.12283357142857143,0.490665,0.490665,"20,7,20,7","0.4907,0.0001,0.0004,0.0002",0.23,-0.19184449244060472,-0.024309322033898344,-0.4266158730158731,0.12298888888888891,0.9089999999999999,"14,21,180,24","-1.5062,-1.2322,0.1230,0.9090",-0.4259884393063584,-0.417466857908597,-0.316074074074074,0.8158695652173915,"26,25,27,22,25,25,23","-1.7077,-0.2216,-0.3161,-1.1108,-0.5540,0.1721,0.8159",-0.1739074074074074,-0.0770178571428572,-1.4370000000000003,1.1795714285714285,"20,7,20,7","-1.4370,-0.9311,0.8805,1.1796",0.0,0.18481802575107295,0.2593774058577406,0.15086445436507934,0.31084888888888884,0.31084888888888884,"14,21,180,24","0.0854,0.0433,0.3108,0.1639",0.09744566473988439,0.09721565530443792,0.04678518518518519,0.187856,"26,25,27,22,25,25,23","0.1185,0.0712,0.0468,0.0488,0.0972,0.1879,0.1102",0.1347388888888889,0.12072107142857143,0.239685,0.239685,"20,7,20,7","0.2397,0.0588,0.0600,0.1244",0.06652360515021459,0.06652360515021459,0.008368200836820083,0.002777777777777778,0.011111111111111112,0.011111111111111112,"14,21,180,24","0.0000,0.0000,0.0111,0.0000",0.08092485549132948,0.08,0.0,0.56,"26,25,27,22,25,25,23","0.0000,0.0000,0.0000,0.0000,0.0000,0.5600,0.0000",0.2777777777777778,0.1875,0.75,0.75,"20,7,20,7","0.7500,0.0000,0.0000,0.0000",86.37155043233906,0.19541074758447752,0.3804914115962073,0.11996048671158203,0.47984194684632814,0.47984194684632814,"14,21,180,24","0.0000,0.0000,0.4798,0.0000",0.0,0.0,0.0,0.0,"26,25,27,22,25,25,23","0.0000,0.0000,0.0000,0.0000,0.0000,0.0000,0.0000",0.0,0.0,0.0,0.0,"20,7,20,7","0.0000,0.0000,0.0000,0.0000"
Q08345,913,893,0.9781,475,21,397,1,1,1,0.837634,-3.3373027809965237,-4.317765647058824,-4.317765647058824,-4.317765647058824,-4.317765647058824,475,-4.3178,-10.497919047619048,-10.497919047619048,-10.497919047619048,-10.497919047619048,21,-10.4979,-1.791621410579345,-1.791621410579345,-1.791621410579345,-1.791621410579345,397,-1.7916,-0.08,0.0012139101861993427,0.0015237894736842106,0.0015237894736842106,0.0015237894736842106,0.0015237894736842106,475,0.0015,1.4285714285714287e-05,1.4285714285714287e-05,1.4285714285714287e-05,1.4285714285714287e-05,21,0.0000,0.0009204030226700252,0.0009204030226700252,0.0009204030226700252,0.0009204030226700252,397,0.0009,2.32,0.5876252747252746,0.3405296610169492,0.3405296610169492,0.3405296610169492,0.3405296610169492,475,0.3405,-2.5028571428571422,-2.5028571428571422,-2.5028571428571422,-2.5028571428571422,21,-2.5029,1.0749848866498741,1.0749848866498741,1.0749848866498741,1.0749848866498741,397,1.0750,0.0,0.12047546549835707,0.13692294736842103,0.13692294736842103,0.13692294736842103,0.13692294736842103,475,0.1369,0.0871,0.0871,0.0871,0.0871,21,0.0871,0.09432443324937029,0.09432443324937029,0.09432443324937029,0.09432443324937029,397,0.0943,0.16100766703176342,0.16100766703176342,0.15578947368421053,0.15578947368421053,0.15578947368421053,0.15578947368421053,475,0.1558,1.0,1.0,1.0,1.0,21,1.0000,0.10831234256926953,0.10831234256926953,0.10831234256926953,0.10831234256926953,397,0.1083,101.18625284192787,0.11382030690880525,0.07660436717489291,0.07660436717489291,0.07660436717489291,0.07660436717489291,475,0.0766,0.0,0.0,0.0,0.0,21,0.0000,0.16553760916864596,0.16553760916864596,0.16553760916864596,0.16553760916864596,397,0.1655
O60500,1241,1219,0.9823,166,21,1032,1,1,1,0.733511,-4.510674811083124,-3.320911206896552,-3.320911206896552,-3.320911206896552,-3.320911206896552,166,-3.3209,-0.9532238095238096,-0.9532238095238096,-0.9532238095238096,-0.9532238095238096,21,-0.9532,-4.679202616279069,-4.679202616279069,-4.679202616279069,-4.679202616279069,1032,-4.6792,-0.172,0.0004230459307010476,0.0002674698795180723,0.0002674698795180723,0.0002674698795180723,0.0002674698795180723,166,0.0003,0.0003619047619047619,0.0003619047619047619,0.0003619047619047619,0.0003619047619047619,21,0.0004,0.0004463178294573643,0.0004463178294573643,0.0004463178294573643,0.0004463178294573643,1032,0.0004,1.73,0.3782043618739903,0.7497300613496933,0.7497300613496933,0.7497300613496933,0.7497300613496933,166,0.7497,-0.01409523809523808,-0.01409523809523808,-0.01409523809523808,-0.01409523809523808,21,-0.0141,0.35471996124031,0.35471996124031,0.35471996124031,0.35471996124031,1032,0.3547,0.0,0.11488275584206285,0.38068433734939755,0.38068433734939755,0.38068433734939755,0.38068433734939755,166,0.3807,0.22688095238095238,0.22688095238095238,0.22688095238095238,0.22688095238095238,21,0.2269,0.06864079457364342,0.06864079457364342,0.06864079457364342,0.06864079457364342,1032,0.0686,0.0854149879129734,0.0854149879129734,0.0,0.0,0.0,0.0,166,0.0000,1.0,1.0,1.0,1.0,21,1.0000,0.06201550387596899,0.06201550387596899,0.06201550387596899,0.06201550387596899,1032,0.0620,60.62506324250795,0.04981517111134589,0.06395714333125663,0.06395714333125663,0.06395714333125663,0.06395714333125663,166,0.0640,0.0,0.0,0.0,0.0,21,0.0000,0.049201224001448086,0.049201224001448086,0.049201224001448086,0.049201224001448086,1032,0.0492
P05067,770,753,0.9779,48,21,684,1,1,1,0.283878,-5.495004166666667,,,,,48,nan,-5.608631578947367,-5.608631578947367,-5.608631578947367,-5.608631578947367,21,-5.6086,-5.513748099415205,-5.513748099415205,-5.513748099415205,-5.513748099415205,684,-5.5137,-0.331,0.005432207792207793,0.07493749999999999,0.07493749999999999,0.07493749999999999,0.07493749999999999,48,0.0749,7.61904761904762e-05,7.61904761904762e-05,7.61904761904762e-05,7.61904761904762e-05,21,0.0001,0.000840204678362573,0.000840204678362573,0.000840204678362573,0.000840204678362573,684,0.0008,2.8,-0.14820860495436772,-0.9555111111111114,-0.9555111111111114,-0.9555111111111114,-0.9555111111111114,48,-0.9555,-0.9289999999999998,-0.9289999999999998,-0.9289999999999998,-0.9289999999999998,21,-0.9290,-0.04324415204678356,-0.04324415204678356,-0.04324415204678356,-0.04324415204678356,684,-0.0432,0.0,0.15863415584415586,0.21652708333333334,0.21652708333333334,0.21652708333333334,0.21652708333333334,48,0.2165,0.08843809523809525,0.08843809523809525,0.08843809523809525,0.08843809523809525,21,0.0884,0.15622675438596492,0.15622675438596492,0.15622675438596492,0.15622675438596492,684,0.1562,0.15974025974025974,0.15974025974025974,0.020833333333333332,0.020833333333333332,0.020833333333333332,0.020833333333333332,48,0.0208,0.8095238095238095,0.8095238095238095,0.8095238095238095,0.8095238095238095,21,0.8095,0.1301169590643275,0.1301169590643275,0.1301169590643275,0.1301169590643275,684,0.1301,34.798135208902536,0.04664629384571386,0.0077609093624386805,0.0077609093624386805,0.0077609093624386805,0.0077609093624386805,48,0.0078,0.0,0.0,0.0,0.0,21,0.0000,0.050465997765869505,0.050465997765869505,0.050465997765869505,0.050465997765869505,684,0.0505
Q8WXG9,6306,6277,0.9954,196,147,5934,4,7,4,1.55332,-4.07303716432225,-1.9382383561643832,-7.438845772058823,1.5179627450980395,1.5179627450980395,"10,10,24,152","-15.2399,-7.0990,-8.9344,1.5180",-10.413406802721086,-10.413406802721088,-14.10097142857143,-4.5690285714285706,"21,21,21,21,21,21,21","-14.1010,-14.7886,-9.6554,-9.5269,-9.8649,-10.3880,-4.5690",-3.9530550219076512,-9.206935868879707,-3.8835307875489025,-3.8835307875489025,"5879,19,28,8","-3.8835,-12.8922,-11.0392,-9.0129",-0.102,0.0020384712971772915,0.045256632653061214,0.01475202850877193,0.05827894736842105,0.05827894736842105,"10,10,24,152","0.0003,0.0001,0.0003,0.0583",0.00023945578231292512,0.00023945578231292515,0.00010476190476190473,0.0006047619047619047,"21,21,21,21,21,21,21","0.0001,0.0006,0.0003,0.0000,0.0001,0.0001,0.0005",0.0006569093360296595,0.001121712500655449,0.0006464364687872087,0.003053571428571429,"5879,19,28,8","0.0006,0.0005,0.0031,0.0003",1.66,0.09250769474853243,0.6322746113989638,-0.2266751677852349,1.0218993288590605,1.0218993288590605,"10,10,24,152","-0.7609,-0.3857,-0.7820,1.0219",-0.654843537414966,-0.654843537414966,0.29347619047619056,0.3753809523809523,"21,21,21,21,21,21,21","0.2935,-2.3027,0.3754,-1.4732,-0.0542,-1.3398,-0.0829",0.09185776879002361,-0.7078920112542156,0.10221109032148326,0.10221109032148326,"5879,19,28,8","0.1022,-0.9604,-1.0890,-0.8844",0.0,0.05165746907706946,0.26533061224489796,0.11257754385964912,0.3303243421052631,0.3303243421052631,"10,10,24,152","0.0388,0.0387,0.0425,0.3303",0.044242857142857146,0.04424285714285714,0.03876190476190475,0.06844761904761905,"21,21,21,21,21,21,21","0.0388,0.0389,0.0385,0.0383,0.0392,0.0476,0.0684",0.04429550050556118,0.04392642122081015,0.044327113454669165,0.053725,"5879,19,28,8","0.0443,0.0393,0.0384,0.0537",0.022042499207104344,0.022042499207104344,0.0,0.0,0.0,0.0,"10,10,24,152","0.0000,0.0000,0.0000,0.0000",0.10204081632653061,0.1020408163265306,0.0,0.38095238095238093,"21,21,21,21,21,21,21","0.0000,0.0000,0.0000,0.3810,0.3333,0.0000,0.0000",0.018031681833501855,0.013436140743080699,0.018030277258037082,0.03571428571428571,"5879,19,28,8","0.0180,0.0000,0.0357,0.0000",311.3996861268561,0.049570150609177986,0.5442292236285811,0.17881817347796236,0.7152726939118494,0.7152726939118494,"10,10,24,152","0.0000,0.0000,0.0000,0.7153",0.0,0.0,0.0,0.0,"21,21,21,21,21,21,21","0.0000,0.0000,0.0000,0.0000,0.0000,0.0000,0.0000",0.03560187208951757,0.00898373486048636,0.03593493944194544,0.03593493944194544,"5879,19,28,8","0.0359,0.0000,0.0000,0.0000"
P11362,822,801,0.9745,425,21,355,1,1,1,0.383312,-4.946230051813472,-5.089676266666666,-5.089676266666666,-5.089676266666666,-5.089676266666666,425,-5.0897,-5.424271428571428,-5.424271428571428,-5.424271428571428,-5.424271428571428,21,-5.4243,-4.377235211267606,-4.377235211267606,-4.377235211267606,-4.377235211267606,355,-4.3772,-0.313,0.00041484184914841846,0.00048494117647058827,0.00048494117647058827,0.00048494117647058827,0.00048494117647058827,425,0.0005,8.095238095238096e-05,8.095238095238096e-05,8.095238095238096e-05,8.095238095238096e-05,21,0.0001,0.0003653521126760563,0.0003653521126760563,0.0003653521126760563,0.0003653521126760563,355,0.0004,1.3,0.19720757020757018,0.07411848341232224,0.07411848341232224,0.07411848341232224,0.07411848341232224,425,0.0741,-0.4117619047619049,-0.4117619047619049,-0.4117619047619049,-0.4117619047619049,21,-0.4118,0.4348140845070422,0.4348140845070422,0.4348140845070422,0.4348140845070422,355,0.4348,0.040145985401459854,0.14430377128953772,0.12816729411764707,0.12816729411764707,0.12816729411764707,0.12816729411764707,425,0.1282,0.04445238095238095,0.04445238095238095,0.04445238095238095,0.04445238095238095,21,0.0445,0.16563633802816902,0.16563633802816902,0.16563633802816902,0.16563633802816902,355,0.1656,0.051094890510948905,0.051094890510948905,0.03529411764705882,0.03529411764705882,0.03529411764705882,0.03529411764705882,425,0.0353,0.0,0.0,0.0,0.0,21,0.0000,0.07605633802816901,0.07605633802816901,0.07605633802816901,0.07605633802816901,355,0.0761,44.94198856479632,0.056318281409519194,0.0610335142634588,0.0610335142634588,0.0610335142634588,0.0610335142634588,425,0.0610,0.0,0.0,0.0,0.0,21,0.0000,0.05559196387038826,0.05559196387038826,0.05559196387038826,0.05559196387038826,355,0.0556
Q8NC56,503,42,0.0835,0,42,0,0,2,0,0.00266268,-5.979034657836644,,,,,,,-8.127892857142857,-8.127892857142857,-7.520052380952382,-7.520052380952382,"21,21","-7.5201,-8.7357",,,,,,,-0.184,0.0005411530815109343,,,,,,,4.047619047619048e-05,4.047619047619048e-05,4.2857142857142856e-05,4.2857142857142856e-05,"21,21","0.0000,0.0000",,,,,,,1.42,-0.41107000000000005,,,,,,,-1.353142857142857,-1.3531428571428572,-1.251095238095238,-1.251095238095238,"21,21","-1.2511,-1.4552",,,,,,,0.15308151093439365,0.25927415506958246,,,,,,,0.10369761904761904,0.10369761904761905,0.1568857142857143,0.1568857142857143,"21,21","0.1569,0.0505",,,,,,,0.27435387673956263,0.27435387673956263,,,,,,,0.42857142857142855,0.42857142857142855,0.8571428571428571,0.8571428571428571,"21,21","0.8571,0.0000",,,,,,,28.2641428731298,0.05900656132177411,,,,,,,0.0,0.0,0.0,0.0,"21,21","0.0000,0.0000",,,,,,
P40967,661,192,0.2905,45,21,126,1,1,1,0.191697,-5.457015057283143,,,,,45,nan,-11.1156875,-11.1156875,-11.1156875,-11.1156875,21,-11.1157,-6.748561111111111,-6.748561111111111,-6.748561111111111,-6.748561111111111,126,-6.7486,-0.13,0.0009387291981845689,0.00448,0.00448,0.00448,0.00448,45,0.0045,9.047619047619048e-05,9.047619047619048e-05,9.047619047619048e-05,9.047619047619048e-05,21,0.0001,0.0004841269841269841,0.0004841269841269841,0.0004841269841269841,0.0004841269841269841,126,0.0005,1.66,0.4412294832826748,1.6144761904761904,1.6144761904761904,1.6144761904761904,1.6144761904761904,45,1.6145,-0.9838571428571429,-0.9838571428571429,-0.9838571428571429,-0.9838571428571429,21,-0.9839,0.31447619047619046,0.31447619047619046,0.31447619047619046,0.31447619047619046,126,0.3145,0.0,0.09754508320726173,0.1633977777777778,0.1633977777777778,0.1633977777777778,0.1633977777777778,45,0.1634,0.06636190476190475,0.06636190476190475,0.06636190476190475,0.06636190476190475,21,0.0664,0.06215555555555556,0.06215555555555556,0.06215555555555556,0.06215555555555556,126,0.0622,0.07261724659606657,0.07261724659606657,0.0,0.0,0.0,0.0,45,0.0000,0.8571428571428571,0.8571428571428571,0.8571428571428571,0.8571428571428571,21,0.8571,0.0,0.0,0.0,0.0,126,0.0000,52.899973475701145,0.08304548426326712,0.0,0.0,0.0,0.0,45,0.0000,0.0,0.0,0.0,0.0,21,0.0000,0.014122901938920495,0.014122901938920495,0.014122901938920495,0.014122901938920495,126,0.0141
P07766,207,185,0.8937,55,26,104,1,1,1,0.909493,-1.010907006369427,6.743640000000001,6.743640000000001,6.743640000000001,6.743640000000001,55,6.7436,3.8375615384615385,3.8375615384615385,3.8375615384615385,3.8375615384615385,26,3.8376,-2.7536086538461535,-2.7536086538461535,-2.7536086538461535,-2.7536086538461535,104,-2.7536,-0.236,0.0024893719806763277,0.0059,0.0059,0.0059,0.0059,55,0.0059,8.076923076923076e-05,8.076923076923076e-05,8.076923076923076e-05,8.076923076923076e-05,26,0.0001,0.0004461538461538462,0.0004461538461538462,0.0004461538461538462,0.0004461538461538462,104,0.0004,0.28,0.6244656862745098,0.919,0.919,0.919,0.919,55,0.9190,-0.014230769230769233,-0.014230769230769233,-0.014230769230769233,-0.014230769230769233,26,-0.0142,0.7128269230769231,0.7128269230769231,0.7128269230769231,0.7128269230769231,104,0.7128,0.20772946859903382,0.27846859903381643,0.5528145454545454,0.5528145454545454,0.5528145454545454,0.5528145454545454,55,0.5528,0.1717192307692308,0.1717192307692308,0.1717192307692308,0.1717192307692308,26,0.1717,0.17978749999999996,0.17978749999999996,0.17978749999999996,0.17978749999999996,104,0.1798,0.057971014492753624,0.057971014492753624,0.21818181818181817,0.21818181818181817,0.21818181818181817,0.21818181818181817,55,0.2182,0.0,0.0,0.0,0.0,26,0.0000,0.0,0.0,0.0,0.0,104,0.0000,15.711341143293433,0.0858543231873958,0.09845865142088162,0.09845865142088162,0.09845865142088162,0.09845865142088162,55,0.0985,0.0,0.0,0.0,0.0,26,0.0000,0.11036172242495698,0.11036172242495698,0.11036172242495698,0.11036172242495698,104,0.1104
P20963,164,143,0.872,113,21,9,1,1,1,0.55258,1.2240219298245614,5.914955555555555,5.914955555555555,5.914955555555555,5.914955555555555,113,5.9150,-0.8481476190476192,-0.8481476190476192,-0.8481476190476192,-0.8481476190476192,21,-0.8481,-4.370988888888888,-4.370988888888888,-4.370988888888888,-4.370988888888888,9,-4.3710,-0.224,0.03660853658536586,0.053024778761061944,0.053024778761061944,0.053024778761061944,0.053024778761061944,113,0.0530,7.142857142857143e-05,7.142857142857143e-05,7.142857142857143e-05,7.142857142857143e-05,21,0.0001,0.00023333333333333333,0.00023333333333333333,0.00023333333333333333,0.00023333333333333333,9,0.0002,-1.35,-0.11700000000000002,-0.1788454545454545,-0.1788454545454545,-0.1788454545454545,-0.1788454545454545,113,-0.1788,0.4507142857142856,0.4507142857142856,0.4507142857142856,0.4507142857142856,21,0.4507,-0.22844444444444445,-0.22844444444444445,-0.22844444444444445,-0.22844444444444445,9,-0.2284,0.5365853658536586,0.4416445121951219,0.5368814159292036,0.5368814159292036,0.5368814159292036,0.5368814159292036,113,0.5369,0.23314285714285715,0.23314285714285715,0.23314285714285715,0.23314285714285715,21,0.2331,0.21984444444444445,0.21984444444444445,0.21984444444444445,0.21984444444444445,9,0.2198,0.0,0.0,0.0,0.0,0.0,0.0,113,0.0000,0.0,0.0,0.0,0.0,21,0.0000,0.0,0.0,0.0,0.0,9,0.0000,18.487774328540205,0.13205553091814431,0.18304727057960596,0.18304727057960596,0.18304727057960596,0.18304727057960596,113,0.1830,0.0,0.0,0.0,0.0,21,0.0000,0.0,0.0,0.0,0.0,9,0.0000
P04626,1255,1233,0.9825,580,23,630,1,1,1,0.578831,-5.138384149377593,-3.6331249056603774,-3.6331249056603774,-3.6331249056603774,-3.6331249056603774,580,-3.6331,-6.500217391304347,-6.500217391304347,-6.500217391304347,-6.500217391304347,23,-6.5002,-6.2269596825396825,-6.2269596825396825,-6.2269596825396825,-6.2269596825396825,630,-6.2270,-0.164,0.0013838247011952192,0.0022915517241379312,0.0022915517241379312,0.0022915517241379312,0.0022915517241379312,580,0.0023,4.782608695652174e-05,4.782608695652174e-05,4.782608695652174e-05,4.782608695652174e-05,23,0.0000,0.0006328571428571429,0.0006328571428571429,0.0006328571428571429,0.0006328571428571429,630,0.0006,2.79,0.5291230031948881,0.7229220103986135,0.7229220103986135,0.7229220103986135,0.7229220103986135,580,0.7229,-1.2011304347826088,-1.2011304347826088,-1.2011304347826088,-1.2011304347826088,23,-1.2011,0.4797571428571429,0.4797571428571429,0.4797571428571429,0.4797571428571429,630,0.4798,0.08685258964143426,0.13609705179282866,0.2334720689655172,0.2334720689655172,0.2334720689655172,0.2334720689655172,580,0.2335,0.0421,0.0421,0.0421,0.0421,23,0.0421,0.04873349206349207,0.04873349206349207,0.04873349206349207,0.04873349206349207,630,0.0487,0.07250996015936255,0.07250996015936255,0.06724137931034482,0.06724137931034482,0.06724137931034482,0.06724137931034482,580,0.0672,0.782608695652174,0.782608695652174,0.782608695652174,0.782608695652174,23,0.7826,0.023809523809523808,0.023809523809523808,0.023809523809523808,0.023809523809523808,630,0.0238,89.48512177663305,0.07269303150010809,0.09322307428631868,0.09322307428631868,0.09322307428631868,0.09322307428631868,580,0.0932,0.0,0.0,0.0,0.0,23,0.0000,0.057991135844450856,0.057991135844450856,0.057991135844450856,0.057991135844450856,630,0.0580
O75460,977,959,0.9816,513,21,425,1,1,1,0.495977,-4.8020186623516725,-4.186472786177107,-4.186472786177107,-4.186472786177107,-4.186472786177107,513,-4.1865,-8.52294761904762,-8.52294761904762,-8.52294761904762,-8.52294761904762,21,-8.5229,-5.237556,-5.237556,-5.237556,-5.237556,425,-5.2376,-0.035,0.01199539406345957,0.02214385964912281,0.02214385964912281,0.02214385964912281,0.02214385964912281,513,0.0221,0.010804761904761904,0.010804761904761904,0.010804761904761904,0.010804761904761904,21,0.0108,0.0002743529411764706,0.0002743529411764706,0.0002743529411764706,0.0002743529411764706,425,0.0003,1.9,0.014640657084188938,0.03937058823529413,0.03937058823529413,0.03937058823529413,0.03937058823529413,513,0.0394,-1.7486190476190475,-1.7486190476190475,-1.7486190476190475,-1.7486190476190475,21,-1.7486,0.11031999999999999,0.11031999999999999,0.11031999999999999,0.11031999999999999,425,0.1103,0.0,0.09980133060388946,0.1110768031189084,0.1110768031189084,0.1110768031189084,0.1110768031189084,513,0.1111,0.16114285714285714,0.16114285714285714,0.16114285714285714,0.16114285714285714,21,0.1611,0.08045388235294118,0.08045388235294118,0.08045388235294118,0.08045388235294118,425,0.0805,0.0931422722620266,0.0931422722620266,0.15204678362573099,0.15204678362573099,0.15204678362573099,0.15204678362573099,513,0.1520,0.0,0.0,0.0,0.0,21,0.0000,0.0,0.0,0.0,0.0,425,0.0000,91.42832662676472,0.09593738365872478,0.14516414812061607,0.14516414812061607,0.14516414812061607,0.14516414812061607,513,0.1452,0.0,0.0,0.0,0.0,21,0.0000,0.04400256098432016,0.04400256098432016,0.04400256098432016,0.04400256098432016,425,0.0440
P35968,1356,1337,0.986,571,21,745,1,1,1,0.747135,-4.5080781776416545,-3.9124571976967366,-3.9124571976967366,-3.9124571976967366,-3.9124571976967366,571,-3.9125,-6.56397142857143,-6.56397142857143,-6.56397142857143,-6.56397142857143,21,-6.5640,-4.720620536912752,-4.720620536912752,-4.720620536912752,-4.720620536912752,745,-4.7206,-0.303,0.002044395280235988,0.0038364273204903685,0.0038364273204903685,0.0038364273204903685,0.0038364273204903685,571,0.0038,3.80952380952381e-05,3.80952380952381e-05,3.80952380952381e-05,3.80952380952381e-05,21,0.0000,0.0007236241610738254,0.0007236241610738254,0.0007236241610738254,0.0007236241610738254,745,0.0007,0.92,0.08356245380635624,0.08277464788732393,0.08277464788732393,0.08277464788732393,0.08277464788732393,571,0.0828,-0.5778095238095238,-0.5778095238095238,-0.5778095238095238,-0.5778095238095238,21,-0.5778,0.12906308724832216,0.12906308724832216,0.12906308724832216,0.12906308724832216,745,0.1291,0.04424778761061947,0.10869491150442476,0.1862523642732049,0.1862523642732049,0.1862523642732049,0.1862523642732049,571,0.1863,0.041209523809523814,0.041209523809523814,0.041209523809523814,0.041209523809523814,21,0.0412,0.049683624161073824,0.049683624161073824,0.049683624161073824,0.049683624161073824,745,0.0497,0.029498525073746312,0.029498525073746312,0.04203152364273205,0.04203152364273205,0.04203152364273205,0.04203152364273205,571,0.0420,0.0,0.0,0.0,0.0,21,0.0000,0.021476510067114093,0.021476510067114093,0.021476510067114093,0.021476510067114093,745,0.0215,76.82394078070531,0.057675631216745744,0.11313758487270417,0.11313758487270417,0.11313758487270417,0.11313758487270417,571,0.1131,0.0,0.0,0.0,0.0,21,0.0000,0.018228229311226436,0.018228229311226436,0.018228229311226436,0.018228229311226436,745,0.0182
Q12879,1464,1427,0.9747,663,62,702,3,3,2,0.970588,-3.8469400282885435,-2.379678466557912,-4.148352050949914,-2.294618652849741,-2.0467375,"24,10,629","-2.0467,-8.1037,-2.2946",-5.3583209677419354,-5.3043015873015875,-6.02315238095238,-1.9550999999999994,"20,21,21","-1.9551,-6.0232,-7.9347",-4.811360113960113,-3.9302411851257357,-5.620256179775281,-2.24022619047619,"534,168","-5.6203,-2.2402",-0.055,0.005165778688524591,0.005702714932126696,0.0047416750574103515,0.005840858505564387,0.00673,"24,10,629","0.0017,0.0067,0.0058",0.00029838709677419353,0.0002949206349206349,0.0003095238095238095,0.0004952380952380952,"20,21,21","0.0001,0.0003,0.0005",0.005288888888888888,0.010329317148207598,0.0006616104868913857,0.019997023809523812,"534,168","0.0007,0.0200",1.23,0.08952429842573581,0.356330303030303,-0.050269763933262324,0.3925990415335463,0.3925990415335463,"24,10,629","-0.3682,-0.1752,0.3926",-0.5989354838709677,-0.5972198412698413,-0.7891428571428573,-0.4908500000000001,"20,21,21","-0.4909,-0.7891,-0.5117",-0.06544444444444446,-0.0017586276083466981,-0.12391011235955057,0.12039285714285718,"534,168","-0.1239,0.1204",0.0,0.1484907786885246,0.26409441930618405,0.11970399620208443,0.2761278219395866,0.2761278219395866,"24,10,629","0.0415,0.0415,0.2761",0.04116935483870969,0.041147142857142854,0.04056666666666666,0.0431047619047619,"20,21,21","0.0398,0.0406,0.0431",0.04979188034188035,0.04723014981273408,0.0521436329588015,0.0521436329588015,"534,168","0.0521,0.0423",0.01980874316939891,0.01980874316939891,0.043740573152337855,0.015368309485956544,0.046104928457869634,0.046104928457869634,"24,10,629","0.0000,0.0000,0.0461",0.0,0.0,0.0,0.0,"20,21,21","0.0000,0.0000,0.0000",0.0,0.0,0.0,0.0,"534,168","0.0000,0.0000",149.38050094315895,0.10373645898830483,0.19353554975263804,0.068899807511438,0.20409925252638084,0.20409925252638084,"24,10,629","0.0026,0.0000,0.2041",0.0,0.0,0.0,0.0,"20,21,21","0.0000,0.0000,0.0000",0.03331746161565754,0.06960969658985594,0.0,0.13921939317971188,"534,168","0.0000,0.1392"
Q86WV6,379,379,1.0,284,75,20,3,4,2,-0.245228,-5.999692705167174,-6.032527350427349,-7.174288839069427,-5.6580764102564105,-5.6580764102564105,"17,22,245","-8.1478,-7.7170,-5.6581",-6.053885333333333,-6.073491722222222,-6.346648,-3.4182055555555557,"17,25,15,18","-7.9554,-6.3466,-6.5737,-3.4182",-5.412304999999999,-5.412304999999999,-6.789989999999999,-4.034619999999999,"10,10","-6.7900,-4.0346",-0.242,0.002977308707124011,0.003844366197183098,0.002601749790825421,0.004202040816326531,0.004202040816326531,"17,22,245","0.0034,0.0002,0.0042",0.00023999999999999992,0.00025765686274509806,0.00011200000000000001,0.00036666666666666667,"17,25,15,18","0.0002,0.0001,0.0004,0.0003",0.0009299999999999999,0.0009299999999999999,7.000000000000001e-05,0.00179,"10,10","0.0001,0.0018",-0.48,-0.2574122340425532,-0.3245836298932384,-0.193771349862259,-0.3558595041322315,0.026,"17,22,245","0.0260,-0.2515,-0.3559",-0.01644000000000001,-0.003391209150326757,0.10475999999999999,0.6919333333333334,"17,25,15,18","-0.3536,0.1048,0.6919,-0.4566",-0.2173,-0.2173,-0.9667,0.5321,"10,10","-0.9667,0.5321",0.06860158311345646,0.16351398416886545,0.19002007042253521,0.16705882498453928,0.19783102040816325,0.23530000000000004,"17,22,245","0.2353,0.0680,0.1978",0.08509866666666667,0.08429995098039215,0.08928000000000001,0.1555764705882353,"17,25,15,18","0.1556,0.0893,0.0522,0.0402",0.08118499999999998,0.081185,0.1204,0.1204,"10,10","0.1204,0.0420",0.0870712401055409,0.0870712401055409,0.0,0.0,0.0,0.0,"17,22,245","0.0000,0.0000,0.0000",0.4,0.36,0.84,0.84,"17,25,15,18","0.0000,0.8400,0.6000,0.0000",0.15,0.15,0.0,0.3,"10,10","0.0000,0.3000",2.416115700989079,0.006805959721095997,0.009292752696111843,0.0034565317610716437,0.010369595283214931,0.010369595283214931,"17,22,245","0.0000,0.0000,0.0104",0.0,0.0,0.0,0.0,"17,25,15,18","0.0000,0.0000,0.0000,0.0000",0.0,0.0,0.0,0.0,"10,10","0.0000,0.0000"
P07949,1114,1086,0.9749,457,22,607,1,1,1,0.593386,-4.927924154135337,-3.1130633906633904,-3.1130633906633904,-3.1130633906633904,-3.1130633906633904,457,-3.1131,-10.492781818181818,-10.492781818181818,-10.492781818181818,-10.492781818181818,22,-10.4928,-5.881929983525535,-5.881929983525535,-5.881929983525535,-5.881929983525535,607,-5.8819,-0.213,0.0008236086175942549,0.0009608315098468271,0.0009608315098468271,0.0009608315098468271,0.0009608315098468271,457,0.0010,4.5454545454545465e-05,4.5454545454545465e-05,4.5454545454545465e-05,4.5454545454545465e-05,22,0.0000,0.0007515650741350906,0.0007515650741350906,0.0007515650741350906,0.0007515650741350906,607,0.0008,3.76,0.4641107110711071,0.43883920704845797,0.43883920704845797,0.43883920704845797,0.43883920704845797,457,0.4388,-0.12377272727272731,-0.12377272727272731,-0.12377272727272731,-0.12377272727272731,22,-0.1238,0.5717265238879736,0.5717265238879736,0.5717265238879736,0.5717265238879736,607,0.5717,0.0,0.08518922800718133,0.1256356673960613,0.1256356673960613,0.1256356673960613,0.1256356673960613,457,0.1256,0.06220454545454546,0.06220454545454546,0.06220454545454546,0.06220454545454546,22,0.0622,0.05183690280065898,0.05183690280065898,0.05183690280065898,0.05183690280065898,607,0.0518,0.04308797127468582,0.04308797127468582,0.02188183807439825,0.02188183807439825,0.02188183807439825,0.02188183807439825,457,0.0219,0.0,0.0,0.0,0.0,22,0.0000,0.026359143327841845,0.026359143327841845,0.026359143327841845,0.026359143327841845,607,0.0264,168.34905239444657,0.15444867192151063,0.21454789770454255,0.21454789770454255,0.21454789770454255,0.21454789770454255,457,0.2145,0.0,0.0,0.0,0.0,22,0.0000,0.12005805257977781,0.12005805257977781,0.12005805257977781,0.12005805257977781,607,0.1201
P08908,422,422,1.0,183,165,74,4,7,4,-0.0856142,-6.516680107526882,-3.4518347560975613,-7.328391813186812,-1.7739461538461536,-1.7739461538461536,"14,20,130,19","-11.4561,-8.7551,-1.7739,nan",-9.712407142857142,-9.596196897154778,-15.182984000000001,-1.745686956521739,"21,25,25,22,23,24,25","-11.3671,-15.1830,-12.9265,-7.1890,-1.7457,-9.1659,nan",-7.32892794117647,-7.87346432748538,-7.00311052631579,-5.2181578947368426,"38,9,19,8","-7.0031,-13.5084,-5.2182,-5.7642",-0.299,0.004214928909952607,0.0005759562841530056,0.0009044628397917871,0.00041307692307692307,0.0018571428571428573,"14,20,130,19","0.0019,0.0001,0.0004,0.0013",0.00033212121212121214,0.0003208103035680675,0.00032399999999999996,0.001372,"21,25,25,22,23,24,25","0.0001,0.0003,0.0000,0.0001,0.0003,0.0001,0.0014",0.021871621621621623,0.010717086988304094,0.042492105263157894,0.042492105263157894,"38,9,19,8","0.0425,0.0002,0.0001,0.0001",1.58,0.24205250596658714,0.21035555555555555,-0.2602267857142857,0.4607000000000001,0.814,"14,20,130,19","-1.8769,-0.4388,0.4607,0.8140",-0.08989696969696973,-0.08742164233282253,-1.14408,0.9273043478260871,"21,25,25,22,23,24,25","-1.0264,-1.1441,-0.8913,0.5058,0.9273,0.2680,0.7488",1.059310810810811,0.5426977339181288,1.5818421052631582,1.5818421052631582,"38,9,19,8","1.5818,-1.5732,1.3764,0.7857",0.0,0.13210213270142182,0.15714863387978142,0.12037663100057835,0.18017923076923076,0.18017923076923076,"14,20,130,19","0.0869,0.0444,0.1802,0.1700",0.0814460606060606,0.08185154721572423,0.068948,0.11887916666666666,"21,25,25,22,23,24,25","0.1174,0.0689,0.0433,0.0505,0.0727,0.1189,0.1012",0.1831121621621622,0.12676335891812865,0.28943947368421047,0.28943947368421047,"38,9,19,8","0.2894,0.0531,0.0689,0.0957",0.026066350710900472,0.026066350710900472,0.060109289617486336,0.021153846153846155,0.08461538461538462,0.08461538461538462,"14,20,130,19","0.0000,0.0000,0.0846,0.0000",0.0,0.0,0.0,0.0,"21,25,25,22,23,24,25","0.0000,0.0000,0.0000,0.0000,0.0000,0.0000,0.0000",0.0,0.0,0.0,0.0,"38,9,19,8","0.0000,0.0000,0.0000,0.0000",59.432623910678636,0.14932820078059958,0.1407519217760805,0.04628572812251878,0.1851429124900751,0.1851429124900751,"14,20,130,19","0.0000,0.0000,0.1851,0.0000",0.0,0.0,0.0,0.0,"21,25,25,22,23,24,25","0.0000,0.0000,0.0000,0.0000,0.0000,0.0000,0.0000",0.5703878272091752,0.3613139780975152,1.129168993079673,1.129168993079673,"38,9,19,8","1.1292,0.0000,0.3161,0.0000"
P01857,330,330,1.0,0,0,330,0,0,1,0.101035,-4.828637142857143,,,,,,,,,,,,,-4.828637142857143,-4.828637142857143,-4.828637142857143,-4.828637142857143,330,-4.8286,-0.21,0.0009427272727272727,,,,,,,,,,,,,0.0009427272727272727,0.0009427272727272727,0.0009427272727272727,0.0009427272727272727,330,0.0009,1.07,0.7075932721712538,,,,,,,,,,,,,0.7075932721712538,0.7075932721712538,0.7075932721712538,0.7075932721712538,330,0.7076,0.0,0.23955363636363636,,,,,,,,,,,,,0.23955363636363636,0.23955363636363636,0.23955363636363636,0.23955363636363636,330,0.2396,0.045454545454545456,0.045454545454545456,,,,,,,,,,,,,0.045454545454545456,0.045454545454545456,0.045454545454545456,0.045454545454545456,330,0.0455,19.738685526251146,0.0645055082557227,,,,,,,,,,,,,0.0645055082557227,0.0645055082557227,0.0645055082557227,0.0645055082557227,330,0.0645
Q7Z3C6,839,799,0.9523,653,93,53,7,4,2,0.184754,-6.243566539923954,-4.87422271973466,-6.447280225403925,-3.051097306397306,-3.051097306397306,"60,136,18,43,46,3,347","-6.2601,-5.7102,-3.9407,-7.0359,-10.4630,-8.6699,-3.0511",-12.08664623655914,-11.919024396135264,-13.534746153846154,-10.146188888888888,"23,26,26,18","-11.4503,-13.5347,-12.5449,-10.1462",-10.57291320754717,-11.75685808080808,-9.964027272727272,-9.964027272727272,"44,9","-9.9640,-13.5497",-0.17,0.0008233611442193087,0.0009992343032159264,0.0006722409831769013,0.0013224783861671468,0.0014586956521739133,"60,136,18,43,46,3,347","0.0009,0.0004,0.0001,0.0004,0.0015,0.0001,0.0013",0.0001279569892473118,0.000118640839836492,0.00014615384615384615,0.00021923076923076925,"23,26,26,18","0.0001,0.0001,0.0002,0.0000",0.00020188679245283021,0.0001215909090909091,0.0002431818181818182,0.0002431818181818182,"44,9","0.0002,0.0000",3.63,-0.11880023923444984,0.10054307692307693,-0.6493181391194833,0.8391220930232559,0.8391220930232559,"60,136,18,43,46,3,347","-1.0940,-0.6403,-0.3463,-0.1627,-1.1148,-2.0263,0.8391",-0.8166344086021505,-0.7898745354886659,-0.40861538461538455,-0.2607222222222222,"23,26,26,18","-1.3714,-0.4086,-1.1188,-0.2607",-0.9716226415094339,-1.0559583333333333,-0.9282500000000001,-0.9282500000000001,"44,9","-0.9283,-1.1837",0.0631704410011919,0.16009558998808104,0.19111485451761104,0.10927054689791382,0.2832100864553314,0.2832100864553314,"60,136,18,43,46,3,347","0.2799,0.0390,0.0388,0.0395,0.0411,0.0433,0.2832",0.05075376344086022,0.05084746841322928,0.03998076923076922,0.08558260869565217,"23,26,26,18","0.0856,0.0400,0.0389,0.0389",0.05264150943396228,0.04713194444444445,0.055475000000000003,0.055475000000000003,"44,9","0.0555,0.0388",0.08462455303933254,0.08462455303933254,0.05972434915773354,0.023720727484077202,0.07780979827089338,0.08823529411764706,"60,136,18,43,46,3,347","0.0000,0.0882,0.0000,0.0000,0.0000,0.0000,0.0778",0.27956989247311825,0.3248792270531401,0.0,0.7777777777777778,"23,26,26,18","0.5217,0.0000,0.0000,0.7778",0.11320754716981132,0.3333333333333333,0.0,0.6666666666666666,"44,9","0.0000,0.6667",85.70546124188502,0.1051600751434172,0.13604041466965877,0.03654817110528146,0.2558371977369702,0.2558371977369702,"60,136,18,43,46,3,347","0.0000,0.0000,0.0000,0.0000,0.0000,0.0000,0.2558",0.0,0.0,0.0,0.0,"23,26,26,18","0.0000,0.0000,0.0000,0.0000",0.0,0.0,0.0,0.0,"44,9","0.0000,0.0000"
O75581,1613,1594,0.9882,220,23,1351,1,1,1,0.846357,-4.389505310300704,-4.8162135294117645,-4.8162135294117645,-4.8162135294117645,-4.8162135294117645,220,-4.8162,-3.512221739130436,-3.512221739130436,-3.512221739130436,-3.512221739130436,23,-3.5122,-4.329244559585492,-4.329244559585492,-4.329244559585492,-4.329244559585492,1351,-4.3292,-0.049,0.0019076255424674519,0.004141818181818181,0.004141818181818181,0.004141818181818181,0.004141818181818181,220,0.0041,0.0005478260869565217,0.0005478260869565217,0.0005478260869565217,0.0005478260869565217,23,0.0005,0.0015809770540340488,0.0015809770540340488,0.0015809770540340488,0.0015809770540340488,1351,0.0016,3.81,0.3129459627329193,1.67910599078341,1.67910599078341,1.67910599078341,1.67910599078341,220,1.6791,0.7804347826086958,0.7804347826086958,0.7804347826086958,0.7804347826086958,23,0.7804,0.11459289415247967,0.11459289415247967,0.11459289415247967,0.11459289415247967,1351,0.1146,0.03347799132052077,0.09254662120272784,0.3729454545454546,0.3729454545454546,0.3729454545454546,0.3729454545454546,220,0.3729,0.07758260869565217,0.07758260869565217,0.07758260869565217,0.07758260869565217,23,0.0776,0.04629030347890452,0.04629030347890452,0.04629030347890452,0.04629030347890452,1351,0.0463,0.06137631742095474,0.06137631742095474,0.31363636363636366,0.31363636363636366,0.31363636363636366,0.31363636363636366,220,0.3136,0.782608695652174,0.782608695652174,0.782608695652174,0.782608695652174,23,0.7826,0.008882309400444115,0.008882309400444115,0.008882309400444115,0.008882309400444115,1351,0.0089,291.85879073944466,0.18367450644395514,1.1452376194296068,1.1452376194296068,1.1452376194296068,1.1452376194296068,220,1.1452,0.0,0.0,0.0,0.0,23,0.0000,0.03971085558703659,0.03971085558703659,0.03971085558703659,0.03971085558703659,1351,0.0397
P63027,116,115,0.9914,93,20,2,1,1,1,-1.23816,-5.7046636363636365,-5.668190769230769,-5.668190769230769,-5.668190769230769,-5.668190769230769,93,-5.6682,,,,,20,nan,,,,,2,nan,-0.291,0.01528362068965517,0.01860322580645161,0.01860322580645161,0.01860322580645161,0.01860322580645161,93,0.0186,0.000185,0.000185,0.000185,0.000185,20,0.0002,0.0026499999999999996,0.0026499999999999996,0.0026499999999999996,0.0026499999999999996,2,0.0026,,,,,,,,,,,,,,,,,,,,,0.7844827586206896,0.6527672413793103,0.7392623655913977,0.7392623655913977,0.7392623655913977,0.7392623655913977,93,0.7393,0.29503999999999997,0.29503999999999997,0.29503999999999997,0.29503999999999997,20,0.2950,0.23720000000000002,0.23720000000000002,0.23720000000000002,0.23720000000000002,2,0.2372,0.3275862068965517,0.3275862068965517,0.23655913978494625,0.23655913978494625,0.23655913978494625,0.23655913978494625,93,0.2366,0.8,0.8,0.8,0.8,20,0.8000,0.0,0.0,0.0,0.0,2,0.0000,2.363763326915276,0.02569307964038343,0.028826382035552142,0.028826382035552142,0.028826382035552142,0.028826382035552142,93,0.0288,0.0,0.0,0.0,0.0,20,0.0000,,,,,2,nan
O60733,806,42,0.0521,0,42,0,0,2,0,0.536244,-4.516937962962963,,,,,,,-2.586380952380952,-2.586380952380952,-3.4091952380952377,-1.7635666666666667,"21,21","-3.4092,-1.7636",,,,,,,-0.119,0.0038250620347394545,,,,,,,0.00014047619047619049,0.00014047619047619046,8.095238095238095e-05,0.00019999999999999998,"21,21","0.0001,0.0002",,,,,,,-0.21,-0.07679078455790782,,,,,,,-0.10178571428571431,-0.10178571428571437,-1.0081904761904763,0.8046190476190476,"21,21","-1.0082,0.8046",,,,,,,0.0,0.06444516129032257,,,,,,,0.046804761904761905,0.046804761904761905,0.045009523809523805,0.04860000000000001,"21,21","0.0450,0.0486",,,,,,,0.0,0.0,,,,,,,0.0,0.0,0.0,0.0,"21,21","0.0000,0.0000",,,,,,,13.626141287216576,0.017424733103857514,,,,,,,0.0,0.0,0.0,0.0,"21,21","0.0000,0.0000",,,,,,
Q04671,838,838,1.0,339,205,294,7,12,6,-0.208196,-7.97234923857868,-6.313449850746269,-9.190431267353317,-4.686571508379887,-2.9243347826086956,"179,6,22,90,15,23,4","-4.6866,-12.1501,-14.8399,-6.6846,-13.8571,-2.9243,nan",-10.09083085106383,-10.10294459298871,-7.82556111111111,0.03894705882352941,"18,17,17,17,17,17,17,17,17,17,17,17","-7.8256,-11.7286,-10.1941,-12.0115,-12.4048,-9.5498,-9.0318,-13.9890,-13.9571,-10.4791,0.0389,nan",-8.566525660377359,-9.141412558980212,-8.767342857142856,-4.443499999999999,"133,14,73,10,24,40","-8.7673,-10.0331,-6.4808,-11.5241,-13.5997,-4.4435",-0.197,0.0004040572792362769,0.00045486725663716813,0.0005350307632345524,0.0007027932960893855,0.0026249999999999997,"179,6,22,90,15,23,4","0.0007,0.0001,0.0001,0.0001,0.0000,0.0001,0.0026",8.926829268292683e-05,8.921568627450983e-05,0.0001,0.00035294117647058826,"18,17,17,17,17,17,17,17,17,17,17,17","0.0001,0.0001,0.0001,0.0001,0.0001,0.0000,0.0000,0.0000,0.0000,0.0001,0.0004,0.0001",0.0005649659863945578,0.00039486304230896874,0.0007872180451127821,0.000865,"133,14,73,10,24,40","0.0008,0.0001,0.0003,0.0003,0.0001,0.0009",1.2,-0.0991437125748503,-0.21253869047619042,-0.2521561674204133,0.30122905027932956,2.159,"179,6,22,90,15,23,4","0.3012,-1.7492,-0.5785,-1.0335,-1.0772,0.2130,2.1590",-0.10981951219512195,-0.10895370370370368,-0.2864444444444445,2.159,"18,17,17,17,17,17,17,17,17,17,17,17","-0.2864,-0.7309,-0.7911,1.5880,-1.2818,-0.1709,-0.6352,-0.0559,-0.5392,-1.0072,0.4441,2.1590",0.03789455782312925,-0.3470343638777309,0.15483458646616544,1.2363,"133,14,73,10,24,40","0.1548,-1.2247,0.2155,-0.1178,-2.3463,1.2363",0.05369928400954654,0.11677792362768494,0.214541592920354,0.1077709318873176,0.36612793296089385,0.36612793296089385,"179,6,22,90,15,23,4","0.3661,0.0393,0.0385,0.0409,0.0388,0.0485,0.1822",0.05155073170731708,0.051402396514161224,0.08181111111111111,0.1295941176470588,"18,17,17,17,17,17,17,17,17,17,17,17","0.0818,0.0394,0.0392,0.0386,0.0383,0.0393,0.0392,0.0388,0.0387,0.0404,0.0534,0.1296",0.04953197278911565,0.047010875977043065,0.051555639097744355,0.07442750000000001,"133,14,73,10,24,40","0.0516,0.0391,0.0392,0.0390,0.0389,0.0744",0.12649164677804295,0.12649164677804295,0.08259587020648967,0.0513688885804504,0.07262569832402235,0.13333333333333333,"179,6,22,90,15,23,4","0.0726,0.0000,0.0000,0.1333,0.0667,0.0870,0.0000",0.3804878048780488,0.38235294117647056,0.0,1.0,"18,17,17,17,17,17,17,17,17,17,17,17","0.0000,0.0000,0.8824,0.0000,0.0000,0.8235,0.0000,0.8824,1.0000,1.0000,0.0000,0.0000",0.0,0.0,0.0,0.0,"133,14,73,10,24,40","0.0000,0.0000,0.0000,0.0000,0.0000,0.0000",54.759438030082244,0.06727203689199293,0.16600836840261993,0.053513675642760716,0.3210820538565643,0.3210820538565643,"179,6,22,90,15,23,4","0.3211,0.0000,0.0000,0.0000,0.0000,0.0000,nan",0.0,0.0,0.0,0.0,"18,17,17,17,17,17,17,17,17,17,17,17","0.0000,0.0000,0.0000,0.0000,0.0000,0.0000,0.0000,0.0000,0.0000,0.0000,0.0000,0.0000",0.0038732484218912183,0.0024991611995824393,0.0007350405103151624,0.014259926687179474,"133,14,73,10,24,40","0.0007,0.0000,0.0143,0.0000,0.0000,0.0000"
Q14BN4,828,828,1.0,802,21,5,1,1,1,0.211397,-5.745734575835475,-5.745734575835475,-5.745734575835475,-5.745734575835475,-5.745734575835475,802,-5.7457,,,,,21,nan,,,,,5,nan,-0.318,0.0006705314009661835,0.0006623441396508728,0.0006623441396508728,0.0006623441396508728,0.0006623441396508728,802,0.0007,0.0002619047619047619,0.0002619047619047619,0.0002619047619047619,0.0002619047619047619,21,0.0003,0.0037000000000000006,0.0037000000000000006,0.0037000000000000006,0.0037000000000000006,5,0.0037,0.52,-0.659550303030303,-0.6481047381546134,-0.6481047381546134,-0.6481047381546134,-0.6481047381546134,802,-0.6481,-1.0584285714285713,-1.0584285714285713,-1.0584285714285713,-1.0584285714285713,21,-1.0584,-1.061,-1.061,-1.061,-1.061,5,-1.0610,0.0,0.30648840579710146,0.3050750623441396,0.3050750623441396,0.3050750623441396,0.3050750623441396,802,0.3051,0.3429380952380952,0.3429380952380952,0.3429380952380952,0.3429380952380952,21,0.3429,0.3801,0.3801,0.3801,0.3801,5,0.3801,0.05555555555555555,0.05555555555555555,0.0399002493765586,0.0399002493765586,0.0399002493765586,0.0399002493765586,802,0.0399,0.6666666666666666,0.6666666666666666,0.6666666666666666,0.6666666666666666,21,0.6667,0.0,0.0,0.0,0.0,5,0.0000,23.151994625173387,0.028796013215389785,0.02930632231034606,0.02930632231034606,0.02930632231034606,0.02930632231034606,802,0.0293,0.0,0.0,0.0,0.0,21,0.0000,,,,,5,nan
P15529,392,358,0.9133,26,23,309,1,1,1,-0.00777568,-5.099373684210526,,,,,26,nan,,,,,23,nan,-4.848221103896105,-4.848221103896105,-4.848221103896105,-4.848221103896105,309,-4.8482,-0.233,0.001096938775510204,0.00018846153846153844,0.00018846153846153844,0.00018846153846153844,0.00018846153846153844,26,0.0002,4.782608695652174e-05,4.782608695652174e-05,4.782608695652174e-05,4.782608695652174e-05,23,0.0000,0.0013385113268608413,0.0013385113268608413,0.0013385113268608413,0.0013385113268608413,309,0.0013,1.38,0.6822570694087404,0.018826086956521743,0.018826086956521743,0.018826086956521743,0.018826086956521743,26,0.0188,0.02465217391304347,0.02465217391304347,0.02465217391304347,0.02465217391304347,23,0.0247,0.9753365695792879,0.9753365695792879,0.9753365695792879,0.9753365695792879,309,0.9753,0.0,0.14720918367346938,0.2980576923076923,0.2980576923076923,0.2980576923076923,0.2980576923076923,26,0.2981,0.15245652173913044,0.15245652173913044,0.15245652173913044,0.15245652173913044,23,0.1525,0.12415792880258898,0.12415792880258898,0.12415792880258898,0.12415792880258898,309,0.1242,0.16581632653061223,0.16581632653061223,0.0,0.0,0.0,0.0,26,0.0000,0.9130434782608695,0.9130434782608695,0.9130434782608695,0.9130434782608695,23,0.9130,0.11003236245954692,0.11003236245954692,0.11003236245954692,0.11003236245954692,309,0.1100,32.99965006191841,0.08967296212477828,0.0,0.0,0.0,0.0,26,0.0000,0.0,0.0,0.0,0.0,23,0.0000,0.10679498401915342,0.10679498401915342,0.10679498401915342,0.10679498401915342,309,0.1068
Q8TEM1,1887,1861,0.9862,58,21,1782,1,1,1,0.555406,-6.019312084921067,-9.5827125,-9.5827125,-9.5827125,-9.5827125,58,-9.5827,-12.06942857142857,-12.06942857142857,-12.06942857142857,-12.06942857142857,21,-12.0694,-5.885579629629629,-5.885579629629629,-5.885579629629629,-5.885579629629629,1782,-5.8856,-0.146,0.0016018547959724427,0.004084482758620689,0.004084482758620689,0.004084482758620689,0.004084482758620689,58,0.0041,0.00020476190476190472,0.00020476190476190472,0.00020476190476190472,0.00020476190476190472,21,0.0002,0.0015438832772166106,0.0015438832772166106,0.0015438832772166106,0.0015438832772166106,1782,0.0015,0.61,-0.08792834394904459,0.05125454545454545,0.05125454545454545,0.05125454545454545,0.05125454545454545,58,0.0513,0.2684761904761905,0.2684761904761905,0.2684761904761905,0.2684761904761905,21,0.2685,-0.08280359147025815,-0.08280359147025815,-0.08280359147025815,-0.08280359147025815,1782,-0.0828,0.011128775834658187,0.06107726550079492,0.4162189655172414,0.4162189655172414,0.4162189655172414,0.4162189655172414,58,0.4162,0.08715238095238097,0.08715238095238097,0.08715238095238097,0.08715238095238097,21,0.0872,0.04744248035914702,0.04744248035914702,0.04744248035914702,0.04744248035914702,1782,0.0474,0.03126656067832538,0.03126656067832538,0.0,0.0,0.0,0.0,58,0.0000,0.0,0.0,0.0,0.0,21,0.0000,0.019079685746352413,0.019079685746352413,0.019079685746352413,0.019079685746352413,1782,0.0191,61.92242697589665,0.03323801770042761,0.12677832553444288,0.12677832553444288,0.12677832553444288,0.12677832553444288,58,0.1268,0.0,0.0,0.0,0.0,21,0.0000,0.03147621997828972,0.03147621997828972,0.03147621997828972,0.03147621997828972,1782,0.0315
Q9UJA2,301,107,0.3555,0,107,0,0,5,0,-0.651213,-7.659582470119521,,,,,,,-8.15993432835821,-8.831568918219462,-12.428130434782608,-3.6784619047619054,"21,21,23,21,21","-3.6785,-7.6411,-12.4281,-11.5785,nan",,,,,,,-0.145,0.0007122923588039867,,,,,,,0.0006757009345794393,0.0006867494824016563,9.565217391304348e-05,0.0024666666666666665,"21,21,23,21,21","0.0004,0.0001,0.0001,0.0004,0.0025",,,,,,,0.0,0.06770805369127514,,,,,,,0.09879439252336447,0.10024306418219461,0.0227391304347826,0.8814761904761904,"21,21,23,21,21","0.8815,-0.2700,0.0227,-0.6339,0.5009",,,,,,,0.0,0.10850431893687706,,,,,,,0.06985981308411215,0.0703127122153209,0.04608260869565216,0.1330190476190476,"21,21,23,21,21","0.0524,0.0435,0.0461,0.0765,0.1330",,,,,,,0.22591362126245848,0.22591362126245848,,,,,,,0.1308411214953271,0.13333333333333333,0.0,0.6666666666666666,"21,21,23,21,21","0.0000,0.0000,0.0000,0.0000,0.6667",,,,,,,4.934702372910075,0.017814810010505687,,,,,,,0.0,0.0,0.0,0.0,"21,21,23,21,21","0.0000,0.0000,0.0000,0.0000,0.0000",,,,,,
P00533,1210,1186,0.9802,542,23,621,1,1,1,0.736746,-4.529328534482759,-5.36345162601626,-5.36345162601626,-5.36345162601626,-5.36345162601626,542,-5.3635,-6.376086956521738,-6.376086956521738,-6.376086956521738,-6.376086956521738,23,-6.3761,-3.726951046698873,-3.726951046698873,-3.726951046698873,-3.726951046698873,621,-3.7270,0.001,0.004905123966942149,0.009989483394833947,0.009989483394833947,0.009989483394833947,0.009989483394833947,542,0.0100,0.0001478260869565217,0.0001478260869565217,0.0001478260869565217,0.0001478260869565217,23,0.0001,0.0007173913043478261,0.0007173913043478261,0.0007173913043478261,0.0007173913043478261,621,0.0007,2.96,0.27360563380281694,0.11561224489795928,0.11561224489795928,0.11561224489795928,0.11561224489795928,542,0.1156,-1.3346956521739128,-1.3346956521739128,-1.3346956521739128,-1.3346956521739128,23,-1.3347,0.5934782608695652,0.5934782608695652,0.5934782608695652,0.5934782608695652,621,0.5935,0.017355371900826446,0.09761652892561982,0.148830258302583,0.148830258302583,0.148830258302583,0.148830258302583,542,0.1488,0.04188260869565217,0.04188260869565217,0.04188260869565217,0.04188260869565217,23,0.0419,0.049783735909822865,0.049783735909822865,0.049783735909822865,0.049783735909822865,621,0.0498,0.07355371900826446,0.07355371900826446,0.0996309963099631,0.0996309963099631,0.0996309963099631,0.0996309963099631,542,0.0996,0.6956521739130435,0.6956521739130435,0.6956521739130435,0.6956521739130435,23,0.6957,0.001610305958132045,0.001610305958132045,0.001610305958132045,0.001610305958132045,621,0.0016,117.00586760333425,0.0986558748763358,0.10008306866979023,0.10008306866979023,0.10008306866979023,0.10008306866979023,542,0.1001,0.0,0.0,0.0,0.0,23,0.0000,0.1029981339908944,0.1029981339908944,0.1029981339908944,0.1029981339908944,621,0.1030
P21802,821,800,0.9744,423,21,356,1,1,1,0.436729,-4.755853566796368,-5.58001126005362,-5.58001126005362,-5.58001126005362,-5.58001126005362,423,-5.5800,-9.879990476190475,-9.879990476190475,-9.879990476190475,-9.879990476190475,21,-9.8800,-3.1723550561797755,-3.1723550561797755,-3.1723550561797755,-3.1723550561797755,356,-3.1724,-0.315,0.0006313032886723507,0.0007059101654846335,0.0007059101654846335,0.0007059101654846335,0.0007059101654846335,423,0.0007,1.4285714285714287e-05,1.4285714285714287e-05,1.4285714285714287e-05,1.4285714285714287e-05,21,0.0000,0.0005955056179775281,0.0005955056179775281,0.0005955056179775281,0.0005955056179775281,356,0.0006,1.19,0.13659290953545233,0.09978333333333331,0.09978333333333331,0.09978333333333331,0.09978333333333331,423,0.0998,-0.468047619047619,-0.468047619047619,-0.468047619047619,-0.468047619047619,21,-0.4680,0.2407331460674158,0.2407331460674158,0.2407331460674158,0.2407331460674158,356,0.2407,0.0341047503045067,0.10920669914738125,0.13135248226950355,0.13135248226950355,0.13135248226950355,0.13135248226950355,423,0.1314,0.05471904761904762,0.05471904761904762,0.05471904761904762,0.05471904761904762,21,0.0547,0.08172387640449438,0.08172387640449438,0.08172387640449438,0.08172387640449438,356,0.0817,0.06455542021924482,0.06455542021924482,0.0591016548463357,0.0591016548463357,0.0591016548463357,0.0591016548463357,423,0.0591,0.0,0.0,0.0,0.0,21,0.0000,0.07865168539325842,0.07865168539325842,0.07865168539325842,0.07865168539325842,356,0.0787,52.2262689558531,0.06552856832603902,0.0966548421784769,0.0966548421784769,0.0966548421784769,0.0966548421784769,423,0.0967,0.0,0.0,0.0,0.0,21,0.0000,0.03511553039466038,0.03511553039466038,0.03511553039466038,0.03511553039466038,356,0.0351
P08247,313,313,1.0,122,96,95,3,4,2,1.09152,-1.279961216730038,7.342569444444444,1.6935821666666673,17.488902500000002,17.488902500000002,"25,7,90","-4.6686,-7.7396,17.4889",-4.260379166666667,-4.260379166666667,-6.512249999999999,3.5168999999999997,"24,24,24,24","-6.5122,-6.8659,-7.1803,3.5169",-4.803141052631578,-4.624489473684211,-5.517747368421053,-3.7312315789473676,"57,38","-5.5177,-3.7312",0.417,0.20368722044728438,0.5221975409836066,0.236607164021164,0.7075277777777778,0.7075277777777778,"25,7,90","0.0008,0.0015,0.7075",0.00028854166666666666,0.00028854166666666666,0.00019583333333333334,0.000525,"24,24,24,24","0.0002,0.0005,0.0002,0.0002",0.00019263157894736847,0.00020350877192982456,0.00014912280701754387,0.00025789473684210523,"57,38","0.0001,0.0003",7.32,1.4756451612903223,3.334025210084033,1.6012213902572519,4.60322988505747,4.60322988505747,"25,7,90","-0.2853,0.4857,4.6032",0.13442708333333334,0.13442708333333325,0.18900000000000003,0.7625833333333333,"24,24,24,24","0.1890,0.7626,-1.0556,0.6417",0.5031157894736842,0.4307543859649122,0.7925614035087718,0.7925614035087718,"57,38","0.7926,0.0689",0.17891373801916932,0.20757635782747605,0.41216885245901635,0.23598832804232803,0.5133255555555555,0.5133255555555555,"25,7,90","0.1513,0.0434,0.5133",0.08154166666666667,0.08154166666666667,0.10927916666666666,0.12825833333333334,"24,24,24,24","0.1093,0.0410,0.0476,0.1283",0.0721978947368421,0.07205394736842105,0.07277368421052632,0.07277368421052632,"57,38","0.0728,0.0713",0.2523961661341853,0.2523961661341853,0.5245901639344263,0.23703703703703705,0.7111111111111111,0.7111111111111111,"25,7,90","0.0000,0.0000,0.7111",0.09375,0.09375,0.0,0.375,"24,24,24,24","0.0000,0.3750,0.0000,0.0000",0.06315789473684211,0.05263157894736842,0.10526315789473684,0.10526315789473684,"57,38","0.1053,0.0000",177.37313649102484,0.6137478771315739,1.7718205731470493,0.742044513540217,2.2261335406206513,2.2261335406206513,"25,7,90","0.0000,0.0000,2.2261",0.0,0.0,0.0,0.0,"24,24,24,24","0.0000,0.0000,0.0000,0.0000",0.03931284550120008,0.049141056876500104,0.0,0.09828211375300021,"57,38","0.0000,0.0983"
Q14739,615,379,0.6163,0,168,211,0,8,1,0.340153,-4.975023716814159,,,,,,,-6.796386842105263,-6.857715714285715,-11.579719047619047,-0.9042095238095239,"21,21,21,21,21,21,21,21","-11.5797,-2.3009,-9.2512,-4.2374,-11.7669,-7.3810,-0.9042,-7.4403",-2.5341028436018957,-2.5341028436018957,-2.5341028436018957,-2.5341028436018957,211,-2.5341,-0.249,0.0005582113821138211,,,,,,,0.00015476190476190478,0.00015476190476190478,8.095238095238095e-05,0.0002904761904761905,"21,21,21,21,21,21,21,21","0.0001,0.0001,0.0003,0.0002,0.0001,0.0001,0.0003,0.0002",0.0006696682464454977,0.0006696682464454977,0.0006696682464454977,0.0006696682464454977,211,0.0007,1.08,0.14892156862745093,,,,,,,-0.16795238095238096,-0.167952380952381,0.4511904761904762,0.5421904761904762,"21,21,21,21,21,21,21,21","0.4512,-1.0606,0.4083,-0.1588,-0.9757,0.4228,-0.9730,0.5422",0.5058436018957345,0.5058436018957345,0.5058436018957345,0.5058436018957345,211,0.5058,0.014634146341463415,0.1686429268292683,,,,,,,0.04966785714285714,0.04966785714285714,0.07993809523809524,0.07993809523809524,"21,21,21,21,21,21,21,21","0.0799,0.0472,0.0401,0.0393,0.0389,0.0393,0.0404,0.0722",0.3846289099526066,0.3846289099526066,0.3846289099526066,0.3846289099526066,211,0.3846,0.07479674796747968,0.07479674796747968,,,,,,,0.041666666666666664,0.041666666666666664,0.3333333333333333,0.3333333333333333,"21,21,21,21,21,21,21,21","0.3333,0.0000,0.0000,0.0000,0.0000,0.0000,0.0000,0.0000",0.1848341232227488,0.1848341232227488,0.1848341232227488,0.1848341232227488,211,0.1848,5.916793632356942,0.010011495147812084,,,,,,,0.0,0.0,0.0,0.0,"21,21,21,21,21,21,21,21","0.0000,0.0000,0.0000,0.0000,0.0000,0.0000,0.0000,0.0000",0.029732631318376595,0.029732631318376595,0.029732631318376595,0.029732631318376595,211,0.0297
P29317,976,953,0.9764,418,21,514,1,1,1,0.675324,-4.315949676025918,-4.285690760869565,-4.285690760869565,-4.285690760869565,-4.285690760869565,418,-4.2857,-2.6286809523809525,-2.6286809523809525,-2.6286809523809525,-2.6286809523809525,21,-2.6287,-4.427755058365759,-4.427755058365759,-4.427755058365759,-4.427755058365759,514,-4.4278,-0.269,0.000607889344262295,0.0005239234449760765,0.0005239234449760765,0.0005239234449760765,0.0005239234449760765,418,0.0005,0.00010476190476190474,0.00010476190476190474,0.00010476190476190474,0.00010476190476190474,21,0.0001,0.000704669260700389,0.000704669260700389,0.000704669260700389,0.000704669260700389,514,0.0007,1.35,0.19501233299075021,-0.15397349397590362,-0.15397349397590362,-0.15397349397590362,-0.15397349397590362,418,-0.1540,-1.1707619047619044,-1.1707619047619044,-1.1707619047619044,-1.1707619047619044,21,-1.1708,0.6737821011673151,0.6737821011673151,0.6737821011673151,0.6737821011673151,514,0.6738,0.0,0.08474180327868852,0.0640311004784689,0.0640311004784689,0.0640311004784689,0.0640311004784689,418,0.0640,0.07295238095238098,0.07295238095238098,0.07295238095238098,0.07295238095238098,21,0.0730,0.09858054474708171,0.09858054474708171,0.09858054474708171,0.09858054474708171,514,0.0986,0.0389344262295082,0.0389344262295082,0.0,0.0,0.0,0.0,418,0.0000,0.8571428571428571,0.8571428571428571,0.8571428571428571,0.8571428571428571,21,0.8571,0.007782101167315175,0.007782101167315175,0.007782101167315175,0.007782101167315175,514,0.0078,51.329274216171825,0.05391730484891998,0.013055534718669505,0.013055534718669505,0.013055534718669505,0.013055534718669505,418,0.0131,0.0,0.0,0.0,0.0,21,0.0000,0.08955005276340858,0.08955005276340858,0.08955005276340858,0.08955005276340858,514,0.0896
P17948,1338,1312,0.9806,558,22,732,1,1,1,0.709074,-4.68963400621118,-3.3625110236220475,-3.3625110236220475,-3.3625110236220475,-3.3625110236220475,558,-3.3625,-11.303990909090908,-11.303990909090908,-11.303990909090908,-11.303990909090908,22,-11.3040,-5.414669262295082,-5.414669262295082,-5.414669262295082,-5.414669262295082,732,-5.4147,-0.246,0.0005606128550074738,0.00045860215053763445,0.00045860215053763445,0.00045860215053763445,0.00045860215053763445,558,0.0005,1.3636363636363638e-05,1.3636363636363638e-05,1.3636363636363638e-05,1.3636363636363638e-05,22,0.0000,0.0006543715846994535,0.0006543715846994535,0.0006543715846994535,0.0006543715846994535,732,0.0007,0.63,0.04149213483146064,0.10910630630630627,0.10910630630630627,0.10910630630630627,0.10910630630630627,558,0.1091,-0.9922727272727273,-0.9922727272727273,-0.9922727272727273,-0.9922727272727273,22,-0.9923,0.06255191256830601,0.06255191256830601,0.06255191256830601,0.06255191256830601,732,0.0626,0.0,0.08747451420029895,0.13390358422939067,0.13390358422939067,0.13390358422939067,0.13390358422939067,558,0.1339,0.043909090909090905,0.043909090909090905,0.043909090909090905,0.043909090909090905,22,0.0439,0.05044330601092895,0.05044330601092895,0.05044330601092895,0.05044330601092895,732,0.0504,0.03587443946188341,0.03587443946188341,0.026881720430107527,0.026881720430107527,0.026881720430107527,0.026881720430107527,558,0.0269,0.5454545454545454,0.5454545454545454,0.5454545454545454,0.5454545454545454,22,0.5455,0.00546448087431694,0.00546448087431694,0.00546448087431694,0.00546448087431694,732,0.0055,54.36146620432707,0.04137097884651984,0.06464370611699309,0.06464370611699309,0.06464370611699309,0.06464370611699309,558,0.0646,0.0,0.0,0.0,0.0,22,0.0000,0.026046451727389133,0.026046451727389133,0.026046451727389133,0.026046451727389133,732,0.0260
P05556,798,778,0.9749,47,23,708,1,1,1,0.933915,-2.813320053475936,,,,,47,nan,-5.294835,-5.294835,-5.294835,-5.294835,23,-5.2948,-2.6286800847457625,-2.6286800847457625,-2.6286800847457625,-2.6286800847457625,708,-2.6287,-0.23,0.0009422305764411028,0.0001553191489361702,0.0001553191489361702,0.0001553191489361702,0.0001553191489361702,47,0.0002,3.913043478260869e-05,3.913043478260869e-05,3.913043478260869e-05,3.913043478260869e-05,23,0.0000,0.0009066384180790961,0.0009066384180790961,0.0009066384180790961,0.0009066384180790961,708,0.0009,2.82,0.8225044025157233,0.15320454545454545,0.15320454545454545,0.15320454545454545,0.15320454545454545,47,0.1532,-1.1871304347826088,-1.1871304347826088,-1.1871304347826088,-1.1871304347826088,23,-1.1871,0.9003587570621469,0.9003587570621469,0.9003587570621469,0.9003587570621469,708,0.9004,0.0,0.10590137844611529,0.3744468085106382,0.3744468085106382,0.3744468085106382,0.3744468085106382,47,0.3744,0.08658260869565217,0.08658260869565217,0.08658260869565217,0.08658260869565217,23,0.0866,0.08640395480225989,0.08640395480225989,0.08640395480225989,0.08640395480225989,708,0.0864,0.03634085213032581,0.03634085213032581,0.1276595744680851,0.1276595744680851,0.1276595744680851,0.1276595744680851,47,0.1277,1.0,1.0,1.0,1.0,23,1.0000,0.0,0.0,0.0,0.0,708,0.0000,85.80557016666538,0.11085990977605346,0.056896081301488835,0.056896081301488835,0.056896081301488835,0.056896081301488835,47,0.0569,0.0,0.0,0.0,0.0,23,0.0000,0.11838164875863456,0.11838164875863456,0.11838164875863456,0.11838164875863456,708,0.1184
P10747,220,202,0.9182,41,27,134,1,1,1,-0.174528,-4.04688294117647,,,,,41,nan,-8.037283333333333,-8.037283333333333,-8.037283333333333,-8.037283333333333,27,-8.0373,-3.3296559701492536,-3.3296559701492536,-3.3296559701492536,-3.3296559701492536,134,-3.3297,-0.198,0.004843636363636364,0.005278048780487805,0.005278048780487805,0.005278048780487805,0.005278048780487805,41,0.0053,4.0740740740740745e-05,4.0740740740740745e-05,4.0740740740740745e-05,4.0740740740740745e-05,27,0.0000,0.00625820895522388,0.00625820895522388,0.00625820895522388,0.00625820895522388,134,0.0063,0.33,0.49743317972350237,1.1781578947368423,1.1781578947368423,1.1781578947368423,1.1781578947368423,41,1.1782,-0.29970370370370364,-0.29970370370370364,-0.29970370370370364,-0.29970370370370364,27,-0.2997,0.5429776119402986,0.5429776119402986,0.5429776119402986,0.5429776119402986,134,0.5430,0.0,0.14049727272727275,0.3860731707317073,0.3860731707317073,0.3860731707317073,0.3860731707317073,41,0.3861,0.08456296296296298,0.08456296296296298,0.08456296296296298,0.08456296296296298,27,0.0846,0.07576492537313433,0.07576492537313433,0.07576492537313433,0.07576492537313433,134,0.0758,0.0,0.0,0.0,0.0,0.0,0.0,41,0.0000,0.0,0.0,0.0,0.0,27,0.0000,0.0,0.0,0.0,0.0,134,0.0000,2.906338537073414,0.014828257842211296,0.0,0.0,0.0,0.0,41,0.0000,0.0,0.0,0.0,0.0,27,0.0000,0.021689093560249357,0.021689093560249357,0.021689093560249357,0.021689093560249357,134,0.0217
Q16635,262,241,0.9198,0,0,241,0,0,2,0.0971307,-3.402985950413224,,,,,,,,,,,,,-3.005139366515837,-6.179478191856453,-2.5446135265700485,-2.5446135265700485,"14,227","-9.8143,-2.5446",-0.463,0.0009226027397260273,,,,,,,,,,,,,0.00044647302904564313,0.0005620673379483951,0.0004312775330396475,0.0006928571428571428,"14,227","0.0007,0.0004",-0.29,-0.041941176470588266,,,,,,,,,,,,,0.08926141078838175,0.5925506607929513,0.023101321585903084,1.1619999999999995,"14,227","1.1620,0.0231",0.0,0.10753082191780822,,,,,,,,,,,,,0.08479004149377595,0.13229076463184392,0.07854581497797358,0.18603571428571428,"14,227","0.1860,0.0785",0.0,0.0,,,,,,,,,,,,,0.0,0.0,0.0,0.0,"14,227","0.0000,0.0000",0.0,0.0,,,,,,,,,,,,,0.0,0.0,0.0,0.0,"14,227","0.0000,0.0000"
P61073,352,352,1.0,113,148,91,4,7,4,-0.344548,-7.64803940397351,-9.005682539682537,-9.087523817460317,,-8.673428000000001,"14,24,25,50","-9.5617,-9.0274,-8.6734,nan",-8.192013513513512,-8.220881158936303,-6.327344,-2.06853,"25,22,20,20,21,20,20","-6.3273,-10.4119,-10.2607,-9.2543,-9.0342,-10.1892,-2.0685",-5.823427472527473,-6.9949576070858965,-2.0714763157894738,-2.0714763157894738,"38,11,21,21","-2.0715,-9.2860,-7.8088,-8.8136",-0.388,0.0003772727272727273,0.0006566371681415929,0.0005573511904761905,0.000918,0.000918,"14,24,25,50","0.0003,0.0009,0.0001,0.0009",0.00015202702702702702,0.00014891589363017936,0.000252,0.0003190476190476191,"25,22,20,20,21,20,20","0.0003,0.0000,0.0002,0.0001,0.0003,0.0001,0.0001",0.0003967032967032968,0.00036208418774208255,0.0006552631578947369,0.0006552631578947369,"38,11,21,21","0.0007,0.0005,0.0002,0.0001",-0.83,-0.6517707736389685,-1.2974090909090912,-1.4928046884498483,-0.6485744680851067,-0.6485744680851067,"14,24,25,50","-1.7197,-1.9173,-1.6857,-0.6486",-0.6678310810810811,-0.6690527458256029,-0.90764,-0.12663636363636366,"25,22,20,20,21,20,20","-0.9076,-0.1266,-0.7256,-0.6846,-0.3801,-1.7256,-0.1331",0.1547912087912088,0.022876424014581953,0.5156052631578947,0.8767619047619047,"38,11,21,21","0.5156,-0.3399,0.8768,-0.9610",0.056818181818181816,0.13277982954545456,0.21881150442477876,0.1496781488095238,0.42950599999999994,0.42950599999999994,"14,24,25,50","0.0854,0.0401,0.0437,0.4295",0.06482027027027026,0.063085902288188,0.11856399999999999,0.11856399999999999,"25,22,20,20,21,20,20","0.1186,0.0645,0.0411,0.0389,0.0395,0.0521,0.0869",0.13647692307692308,0.10156792549555707,0.257121052631579,0.257121052631579,"38,11,21,21","0.2571,0.0483,0.0390,0.0619",0.045454545454545456,0.045454545454545456,0.1415929203539823,0.08,0.32,0.32,"14,24,25,50","0.0000,0.0000,0.0000,0.3200",0.0,0.0,0.0,0.0,"25,22,20,20,21,20,20","0.0000,0.0000,0.0000,0.0000,0.0000,0.0000,0.0000",0.0,0.0,0.0,0.0,"38,11,21,21","0.0000,0.0000,0.0000,0.0000",12.559834313493514,0.0382921777850412,0.1243547951831041,0.0826304889045626,0.3305219556182504,0.3305219556182504,"14,24,25,50","0.0000,0.0000,0.0000,0.3305",0.0,0.0,0.0,0.0,"25,22,20,20,21,20,20","0.0000,0.0000,0.0000,0.0000,0.0000,0.0000,0.0000",0.0,0.0,0.0,0.0,"38,11,21,21","0.0000,0.0000,0.0000,0.0000"
Q15303,1308,1283,0.9809,633,24,626,1,1,1,0.843318,-4.148816613672496,-4.493386963979418,-4.493386963979418,-4.493386963979418,-4.493386963979418,633,-4.4934,-5.481720833333334,-5.481720833333334,-5.481720833333334,-5.481720833333334,24,-5.4817,-3.7150487220447284,-3.7150487220447284,-3.7150487220447284,-3.7150487220447284,626,-3.7150,-0.088,0.0010924311926605505,0.0016791469194312797,0.0016791469194312797,0.0016791469194312797,0.0016791469194312797,633,0.0017,9.166666666666667e-05,9.166666666666667e-05,9.166666666666667e-05,9.166666666666667e-05,24,0.0001,0.0005472843450479234,0.0005472843450479234,0.0005472843450479234,0.0005472843450479234,626,0.0005,3.02,0.44587356321839083,0.17811428571428564,0.17811428571428564,0.17811428571428564,0.17811428571428564,633,0.1781,-0.009458333333333341,-0.009458333333333341,-0.009458333333333341,-0.009458333333333341,24,-0.0095,0.7733003194888179,0.7733003194888179,0.7733003194888179,0.7733003194888179,626,0.7733,0.0,0.1316757645259939,0.20982401263823067,0.20982401263823067,0.20982401263823067,0.20982401263823067,633,0.2098,0.041437499999999995,0.041437499999999995,0.041437499999999995,0.041437499999999995,24,0.0414,0.051254632587859415,0.051254632587859415,0.051254632587859415,0.051254632587859415,626,0.0513,0.012996941896024464,0.012996941896024464,0.026856240126382307,0.026856240126382307,0.026856240126382307,0.026856240126382307,633,0.0269,0.0,0.0,0.0,0.0,24,0.0000,0.0,0.0,0.0,0.0,626,0.0000,116.10780479760169,0.09042663925046861,0.08760695545217326,0.08760695545217326,0.08760695545217326,0.08760695545217326,633,0.0876,0.0,0.0,0.0,0.0,24,0.0000,0.0985685071274794,0.0985685071274794,0.0985685071274794,0.0985685071274794,626,0.0986
O00254,374,336,0.8984,55,162,119,4,7,4,-1.08102,-9.86648024691358,-10.450542857142857,-10.165069852941176,-11.382229411764705,-8.832862500000001,"8,17,17,13","-8.8329,-11.3822,-10.2801,nan",-10.908072262773722,-10.926728897630149,-11.74048846153846,-8.083045000000002,"26,20,22,24,20,25,25","-11.7405,-8.0830,-11.4231,-11.8090,-13.9701,-8.5347,nan",-9.986857943925235,-9.28492910244361,-9.555055357142859,-7.052099999999999,"56,19,30,14","-9.5551,-8.7791,-11.7534,-7.0521",-0.304,0.0018788770053475936,0.0003436363636363636,0.00033945135746606337,0.0002176470588235294,0.000876923076923077,"8,17,17,13","0.0001,0.0002,0.0002,0.0009",0.0003364197530864198,0.00033436946386946383,0.00015769230769230772,0.0008227272727272725,"26,20,22,24,20,25,25","0.0002,0.0001,0.0008,0.0001,0.0002,0.0003,0.0006",0.005037815126050422,0.010047307330827069,0.0004232142857142857,0.03674285714285715,"56,19,30,14","0.0004,0.0027,0.0004,0.0367",-0.05,-0.15761455525606474,-0.7754038461538462,-0.5410808823529412,-0.8861764705882352,0.6035,"8,17,17,13","0.6035,-0.8862,-1.6096,-0.2720",-0.33402469135802465,-0.3144079820179821,-0.2588076923076923,0.16530000000000003,"26,20,22,24,20,25,25","-0.2588,0.1653,-0.5878,-0.1183,-0.0226,-1.1495,-0.2292",-0.07483193277310925,-0.16495645363408523,0.09564285714285714,0.09564285714285714,"56,19,30,14","0.0956,0.0786,-0.2548,-0.5792",0.0,0.07608342245989304,0.08370727272727271,0.08573030260180996,0.03825882352941177,0.21703076923076925,"8,17,17,13","0.0397,0.0383,0.0479,0.2170",0.053388888888888895,0.052385033966033966,0.045757692307692305,0.10871600000000001,"26,20,22,24,20,25,25","0.0458,0.0394,0.0385,0.0381,0.0427,0.0535,0.1087",0.07295462184873949,0.06265098527568923,0.10384464285714287,0.10384464285714287,"56,19,30,14","0.1038,0.0390,0.0386,0.0692",0.034759358288770054,0.034759358288770054,0.0,0.0,0.0,0.0,"8,17,17,13","0.0000,0.0000,0.0000,0.0000",0.0,0.0,0.0,0.0,"26,20,22,24,20,25,25","0.0000,0.0000,0.0000,0.0000,0.0000,0.0000,0.0000",0.0,0.0,0.0,0.0,"56,19,30,14","0.0000,0.0000,0.0000,0.0000",3.1898290837044163,0.009113797382012618,0.0,0.0,0.0,0.0,"8,17,17,13","0.0000,0.0000,0.0000,0.0000",0.0,0.0,0.0,0.0,"26,20,22,24,20,25,25","0.0000,0.0000,0.0000,0.0000,0.0000,0.0000,0.0000",0.007281766035383704,0.003868438206297593,0.015473752825190371,0.015473752825190371,"56,19,30,14","0.0155,0.0000,0.0000,0.0000"
Q9H3U5,465,253,0.5441,0,253,0,0,12,0,-0.147836,-6.632927710843373,,,,,,,-6.443061206896552,-6.448344254230618,-5.222677272727273,0.7074476190476191,"21,21,21,21,22,21,21,21,21,21,21,21","-8.1917,-1.5679,0.7074,-0.7700,-5.2227,-8.3915,-4.9528,-12.9031,-15.7874,-7.3433,-6.5090,nan",,,,,,,-0.326,0.0023694623655913976,,,,,,,0.000783399209486166,0.0007808621933621933,0.0014227272727272728,0.005723809523809524,"21,21,21,21,22,21,21,21,21,21,21,21","0.0003,0.0001,0.0002,0.0002,0.0014,0.0001,0.0001,0.0009,0.0001,0.0001,0.0057,0.0001",,,,,,,-0.44,-0.5394350649350649,,,,,,,-0.23930830039525688,-0.24459595959595962,1.093181818181818,1.093181818181818,"21,21,21,21,22,21,21,21,21,21,21,21","-0.0325,0.6519,-0.2466,0.1679,1.0932,-2.8982,0.7902,-0.1725,-1.0658,-0.4868,-0.3350,-0.4010",,,,,,,0.01935483870967742,0.09835139784946235,,,,,,,0.058860474308300395,0.05894053030303031,0.03868636363636363,0.15699047619047618,"21,21,21,21,22,21,21,21,21,21,21,21","0.1570,0.0700,0.0432,0.0399,0.0387,0.0389,0.0387,0.0390,0.0392,0.0475,0.0567,0.0984",,,,,,,0.13548387096774195,0.13548387096774195,,,,,,,0.1225296442687747,0.12301587301587302,0.0,0.6666666666666666,"21,21,21,21,22,21,21,21,21,21,21,21","0.2857,0.0000,0.0000,0.0000,0.0000,0.6667,0.0000,0.0000,0.0000,0.0000,0.0000,0.5238",,,,,,,0.18826989679862058,0.0004269158657565092,,,,,,,0.0,0.0,0.0,0.0,"21,21,21,21,22,21,21,21,21,21,21,21","0.0000,0.0000,0.0000,0.0000,0.0000,0.0000,0.0000,0.0000,0.0000,0.0000,0.0000,0.0000",,,,,,
Q9Y624,299,272,0.9097,40,21,211,1,1,1,0.122957,-4.020172289156626,,,,,40,nan,-1.0433272727272727,-1.0433272727272727,-1.0433272727272727,-1.0433272727272727,21,-1.0433,-3.688274881516587,-3.688274881516587,-3.688274881516587,-3.688274881516587,211,-3.6883,-0.223,0.0009304347826086957,0.00058,0.00058,0.00058,0.00058,40,0.0006,2.8571428571428574e-05,2.8571428571428574e-05,2.8571428571428574e-05,2.8571428571428574e-05,21,0.0000,0.001099526066350711,0.001099526066350711,0.001099526066350711,0.001099526066350711,211,0.0011,1.8,0.5596858108108107,0.007621621621621619,0.007621621621621619,0.007621621621621619,0.007621621621621619,40,0.0076,-0.5326190476190478,-0.5326190476190478,-0.5326190476190478,-0.5326190476190478,21,-0.5326,1.047658767772512,1.047658767772512,1.047658767772512,1.047658767772512,211,1.0477,0.0,0.12713678929765884,0.35899749999999997,0.35899749999999997,0.35899749999999997,0.35899749999999997,40,0.3590,0.09924761904761906,0.09924761904761906,0.09924761904761906,0.09924761904761906,21,0.0992,0.07972938388625593,0.07972938388625593,0.07972938388625593,0.07972938388625593,211,0.0797,0.11705685618729098,0.11705685618729098,0.0,0.0,0.0,0.0,40,0.0000,0.7619047619047619,0.7619047619047619,0.7619047619047619,0.7619047619047619,21,0.7619,0.014218009478672985,0.014218009478672985,0.014218009478672985,0.014218009478672985,211,0.0142,65.69682058715584,0.23889752940783943,0.03177776013158682,0.03177776013158682,0.03177776013158682,0.03177776013158682,40,0.0318,0.0,0.0,0.0,0.0,21,0.0000,0.307142385324509,0.307142385324509,0.307142385324509,0.307142385324509,211,0.3071
P31645,630,630,1.0,208,258,164,7,12,6,0.0215138,-6.279208793103449,-4.620656069364161,-6.770519146558423,-0.4521137931034483,-0.4521137931034483,"87,25,6,13,20,22,35","-0.4521,-9.4565,-5.1195,-6.1144,-7.5750,-11.9056,nan",-7.079074074074074,-7.247696414370782,-9.281726923076924,-1.4706919999999999,"25,20,26,19,20,23,20,22,20,22,20,21","-1.4707,-5.4211,-9.2817,-6.6304,-5.2984,-4.3668,-7.8983,-7.3572,-7.7048,-10.8860,-11.7116,-8.9452",-6.843613414634146,-6.2242475389908565,-6.385536363636365,-2.0044999999999997,"3,66,27,41,11,16","-2.0045,-6.3855,-2.6654,-9.6537,-7.8111,-8.8252",-0.233,0.001411111111111111,0.0025418269230769236,0.003480590758994699,0.0026068965517241378,0.02028461538461538,"87,25,6,13,20,22,35","0.0026,0.0010,0.0001,0.0203,0.0000,0.0001,0.0003",0.0005755813953488372,0.0005347427494321088,0.0008884615384615386,0.0023120000000000003,"25,20,26,19,20,23,20,22,20,22,20,21","0.0023,0.0010,0.0009,0.0001,0.0001,0.0009,0.0005,0.0001,0.0001,0.0001,0.0002,0.0002",0.0012914634146341463,0.0035955116887027455,0.0006272727272727273,0.013466666666666667,"3,66,27,41,11,16","0.0135,0.0006,0.0001,0.0004,0.0002,0.0068",0.6,-0.02059489633173841,-0.0010439024390243837,-0.3185285227990401,0.6780114942528735,0.6780114942528735,"87,25,6,13,20,22,35","0.6780,-0.6210,-0.2785,-0.1138,-1.4837,-0.2290,-0.1816",0.02024806201550385,-0.01739867355121361,0.7958461538461539,0.9299599999999999,"25,20,26,19,20,23,20,22,20,22,20,21","0.9300,0.6200,0.7958,-1.5572,-0.3567,0.2841,0.4771,-0.4850,0.1099,-0.8050,-0.3670,0.1453",-0.10928658536585364,0.026889198557389596,0.38996969696969697,1.628,"3,66,27,41,11,16","1.6280,0.3900,-0.5734,-0.6407,-0.6972,0.0546",0.015873015873015872,0.10313047619047619,0.2170639423076923,0.11347616531087959,0.40293333333333325,0.40293333333333325,"87,25,6,13,20,22,35","0.4029,0.0468,0.0387,0.0389,0.0389,0.0442,0.1839",0.050481395348837214,0.04977639525431345,0.041426923076923076,0.103816,"25,20,26,19,20,23,20,22,20,22,20,21","0.1038,0.0544,0.0414,0.0385,0.0387,0.0388,0.0389,0.0388,0.0387,0.0393,0.0498,0.0762",0.04145548780487805,0.045804436642851276,0.039362121212121216,0.0618,"3,66,27,41,11,16","0.0618,0.0394,0.0390,0.0401,0.0388,0.0558",0.0,0.0,0.0,0.0,0.0,0.0,"87,25,6,13,20,22,35","0.0000,0.0000,0.0000,0.0000,0.0000,0.0000,0.0000",0.0,0.0,0.0,0.0,"25,20,26,19,20,23,20,22,20,22,20,21","0.0000,0.0000,0.0000,0.0000,0.0000,0.0000,0.0000,0.0000,0.0000,0.0000,0.0000,0.0000",0.0,0.0,0.0,0.0,"3,66,27,41,11,16","0.0000,0.0000,0.0000,0.0000,0.0000,0.0000",45.04504044114031,0.0743317499028718,0.24481000239750167,0.0858700820684575,0.6003837928484355,0.6003837928484355,"87,25,6,13,20,22,35","0.6004,0.0000,0.0000,0.0000,0.0000,0.0000,0.0007",0.0,0.0,0.0,0.0,"25,20,26,19,20,23,20,22,20,22,20,21","0.0000,0.0000,0.0000,0.0000,0.0000,0.0000,0.0000,0.0000,0.0000,0.0000,0.0000,0.0000",0.0,0.0,0.0,0.0,"3,66,27,41,11,16","0.0000,0.0000,0.0000,0.0000,0.0000,0.0000"
P49146,381,381,1.0,112,182,87,4,7,4,-0.659332,-8.944405438066465,-9.706451612903226,-8.487986832579187,-2.81136,-2.81136,"13,17,27,55","-11.2239,-9.5917,-10.3249,-2.8114",-9.228907142857143,-9.212401701961943,-9.761689285714287,-6.436111111111111,"28,27,27,23,27,25,25","-9.7617,-11.6883,-9.8417,-8.8633,-6.4361,-11.2845,-6.6111",-7.806173563218392,-8.380142777777777,-8.175482222222222,-6.28888888888889,"45,6,27,9","-8.1755,-10.0218,-6.2889,-9.0344",-0.4,0.000715485564304462,0.0014098214285714285,0.0010603332723920958,0.0016309090909090908,0.0024407407407407403,"13,17,27,55","0.0001,0.0000,0.0024,0.0016",0.0002516483516483517,0.0002512963620230701,0.00011785714285714284,0.0006999999999999999,"28,27,27,23,27,25,25","0.0001,0.0001,0.0005,0.0001,0.0002,0.0001,0.0007",0.0007919540229885058,0.0004182407407407408,0.0014933333333333335,0.0014933333333333335,"45,6,27,9","0.0015,0.0001,0.0000,0.0001",-1.11,-0.6583915343915344,-0.9897798165137617,-0.874490332244009,-1.4002115384615392,-0.2507407407407407,"13,17,27,55","-0.7735,-1.0735,-0.2507,-1.4002",-0.7510934065934065,-0.7706795648887574,-1.1712857142857143,-0.011962962962962974,"28,27,27,23,27,25,25","-1.1713,-0.1368,-0.5836,-1.5743,-0.0120,-1.6900,-0.2269",-0.049275862068965504,-0.2817527777777778,0.08404444444444445,0.08404444444444445,"45,6,27,9","0.0840,-0.9368,0.0011,-0.2753",0.03674540682414698,0.12749527559055118,0.13462767857142857,0.09740615864527628,0.22071090909090907,0.22071090909090907,"13,17,27,55","0.0875,0.0396,0.0418,0.2207",0.06352472527472527,0.06241963156856946,0.13998928571428573,0.13998928571428573,"28,27,27,23,27,25,25","0.1400,0.0650,0.0433,0.0390,0.0397,0.0480,0.0620",0.25213678160919545,0.14718944444444446,0.4461577777777778,0.4461577777777778,"45,6,27,9","0.4462,0.0481,0.0400,0.0546",0.04199475065616798,0.04199475065616798,0.0,0.0,0.0,0.0,"13,17,27,55","0.0000,0.0000,0.0000,0.0000",0.08791208791208792,0.08465608465608465,0.0,0.5925925925925926,"28,27,27,23,27,25,25","0.0000,0.0000,0.0000,0.0000,0.5926,0.0000,0.0000",0.0,0.0,0.0,0.0,"45,6,27,9","0.0000,0.0000,0.0000,0.0000",0.0,0.0,0.0,0.0,0.0,0.0,"13,17,27,55","0.0000,0.0000,0.0000,0.0000",0.0,0.0,0.0,0.0,"28,27,27,23,27,25,25","0.0000,0.0000,0.0000,0.0000,0.0000,0.0000,0.0000",0.0,0.0,0.0,0.0,"45,6,27,9","0.0000,0.0000,0.0000,0.0000"
P15954,63,47,0.746,0,27,20,0,1,2,-1.17953,-4.67633076923077,,,,,,,,,,,27,nan,,,,,"17,3","nan,nan",-0.447,0.0008333333333333334,,,,,,,0.00016296296296296295,0.00016296296296296295,0.00016296296296296295,0.00016296296296296295,27,0.0002,0.000265,0.0003480392156862745,0.00022941176470588236,0.00046666666666666666,"17,3","0.0002,0.0005",,,,,,,,,,,,,,,,,,,,,1.0,0.5997174603174603,,,,,,,0.5706592592592593,0.5706592592592593,0.5706592592592593,0.5706592592592593,27,0.5707,0.611065,0.6097754901960784,0.6116176470588235,0.6116176470588235,"17,3","0.6116,0.6079",0.0,0.0,,,,,,,0.0,0.0,0.0,0.0,27,0.0000,0.0,0.0,0.0,0.0,"17,3","0.0000,0.0000",1.9785031634179036,0.05073085034404881,,,,,,,0.0,0.0,0.0,0.0,27,0.0000,0.0771994563148865,0.0771994563148865,0.0771994563148865,0.0771994563148865,"17,3","0.0772,nan"
P13569,1480,1480,1.0,1122,253,105,7,12,6,0.597176,-5.418457762237762,-4.7659087686567165,-6.633775735590639,-3.6862466,-3.6862466,"77,49,55,500,51,61,329","-5.0926,-6.9306,-7.7986,-3.6862,-10.3654,-8.8460,-3.7170",-7.466015019762846,-7.480393890977443,-6.62465,-4.898590476190476,"21,24,21,21,21,19,21,21,21,21,21,21","-5.5176,-6.6246,-6.6839,-6.1235,-10.4359,-8.0157,-6.7903,-6.9658,-12.1703,-7.6511,-7.8875,-4.8986",-7.147034285714287,-7.46103663919414,-6.386641025641026,-4.8584000000000005,"24,6,20,39,2,14","-7.1633,-4.8584,-9.5673,-6.3866,-10.5103,-6.2802",-0.2,0.0015887837837837838,0.0017320855614973262,0.0009027939086817511,0.0033773999999999996,0.0033773999999999996,"77,49,55,500,51,61,329","0.0010,0.0006,0.0002,0.0034,0.0003,0.0006,0.0003",0.0002541501976284585,0.0002552788220551378,9.166666666666667e-05,0.0009142857142857142,"21,24,21,21,21,19,21,21,21,21,21,21","0.0001,0.0001,0.0001,0.0004,0.0009,0.0002,0.0000,0.0002,0.0001,0.0004,0.0001,0.0005",0.0032733333333333334,0.0016182783882783885,0.008615384615384617,0.008615384615384617,"24,6,20,39,2,14","0.0001,0.0003,0.0001,0.0086,0.0006,0.0001",0.31,-0.33426269465132025,-0.3477944593386953,-0.6642538428545094,-0.190064,-0.11137423312883442,"77,49,55,500,51,61,329","-1.1222,-0.7618,-1.1468,-0.1901,-0.9340,-0.3837,-0.1114",-0.3205928853754941,-0.3297230054302423,0.07908333333333334,0.734904761904762,"21,24,21,21,21,19,21,21,21,21,21,21","0.3253,0.0791,-0.5149,-0.7558,0.0795,-0.8715,-0.9534,0.7349,-0.6528,-0.6681,0.3063,-1.0654",-0.22299047619047618,-0.4231410714285715,0.27666666666666667,0.27666666666666667,"24,6,20,39,2,14","-1.1380,-0.9330,0.2716,0.2767,-0.6250,-0.3911",0.013513513513513514,0.08693351351351351,0.10036042780748664,0.09230269470242428,0.0826278,0.27908571428571427,"77,49,55,500,51,61,329","0.2791,0.0407,0.0396,0.0826,0.0391,0.0398,0.1253",0.04453675889328064,0.04449997650375939,0.044679166666666666,0.08438095238095238,"21,24,21,21,21,19,21,21,21,21,21,21","0.0844,0.0447,0.0388,0.0388,0.0394,0.0401,0.0463,0.0403,0.0386,0.0389,0.0403,0.0434",0.04561333333333333,0.04338434676434677,0.044505128205128204,0.056850000000000005,"24,6,20,39,2,14","0.0569,0.0388,0.0396,0.0445,0.0386,0.0419",0.033783783783783786,0.033783783783783786,0.0,0.0,0.0,0.0,"77,49,55,500,51,61,329","0.0000,0.0000,0.0000,0.0000,0.0000,0.0000,0.0000",0.16996047430830039,0.1706349206349206,0.0,0.8095238095238095,"21,24,21,21,21,19,21,21,21,21,21,21","0.0000,0.0000,0.0000,0.0000,0.7143,0.0000,0.0000,0.0000,0.8095,0.0000,0.5238,0.0000",0.06666666666666667,0.14404761904761906,0.0,0.5,"24,6,20,39,2,14","0.0000,0.0000,0.1500,0.0000,0.5000,0.2143",52.7395275165172,0.03622220296464093,0.03373036450266399,0.01254815295880568,0.0502272612477337,0.0502272612477337,"77,49,55,500,51,61,329","0.0000,0.0000,0.0000,0.0502,0.0000,0.0000,0.0376",0.0,0.0,0.0,0.0,"21,24,21,21,21,19,21,21,21,21,21,21","0.0000,0.0000,0.0000,0.0000,0.0000,0.0000,0.0000,0.0000,0.0000,0.0000,0.0000,0.0000",0.14955797421516315,0.06710934740423989,0.4026560844254393,0.4026560844254393,"24,6,20,39,2,14","0.0000,0.0000,0.0000,0.4027,0.0000,0.0000"
Q9BRQ8,373,21,0.0563,0,21,0,0,1,0,0.602403,-3.0228699690402476,,,,,,,-3.2351857142857146,-3.2351857142857146,-3.2351857142857146,-3.2351857142857146,21,-3.2352,,,,,,,-0.196,0.001277479892761394,,,,,,,0.0014999999999999996,0.0014999999999999996,0.0014999999999999996,0.0014999999999999996,21,0.0015,,,,,,,1.03,0.026102702702702724,,,,,,,-0.5481428571428572,-0.5481428571428572,-0.5481428571428572,-0.5481428571428572,21,-0.5481,,,,,,,0.0,0.08622091152815012,,,,,,,0.18396666666666667,0.18396666666666667,0.18396666666666667,0.18396666666666667,21,0.1840,,,,,,,0.03753351206434316,0.03753351206434316,,,,,,,0.6666666666666666,0.6666666666666666,0.6666666666666666,0.6666666666666666,21,0.6667,,,,,,,2.9130331536542187,0.008346799867204066,,,,,,,0.0,0.0,0.0,0.0,21,0.0000,,,,,,
Q03135,178,156,0.8764,156,0,0,2,0,0,-0.510549,-7.04124140625,-5.974828301886792,-8.206869579288025,-5.840905825242718,-5.840905825242718,"103,53","-5.8409,-10.5728",,,,,,,,,,,,,-0.438,0.0006657303370786515,0.0006660256410256409,0.0005364260853636197,0.0009407766990291262,0.0009407766990291262,"103,53","0.0009,0.0001",,,,,,,,,,,,,-1.88,-0.5057599999999999,-0.5460784313725489,-0.6113923300970874,-0.4228446601941747,-0.4228446601941747,"103,53","-0.4228,-0.7999",,,,,,,,,,,,,0.0,0.17622808988764044,0.18967628205128206,0.17153860597178971,0.22812815533980585,0.22812815533980585,"103,53","0.2281,0.1149",,,,,,,,,,,,,0.0,0.0,0.0,0.0,0.0,0.0,"103,53","0.0000,0.0000",,,,,,,,,,,,,0.8851696392068683,0.005747854800044599,0.006655410821104273,0.004810704560906893,0.009621409121813786,0.009621409121813786,"103,53","0.0096,0.0000",,,,,,,,,,,,
Q13021,153,84,0.549,0,84,0,0,4,0,-1.85452,-10.248868932038834,,,,,,,-10.398087755102042,-10.792296825396825,-12.478680952380952,-7.726180952380952,"21,21,21,21","-12.4787,-7.7262,-12.1720,nan",,,,,,,-0.393,0.000979738562091503,,,,,,,0.0003476190476190476,0.0003476190476190476,5.2380952380952384e-05,0.0009238095238095238,"21,21,21,21","0.0001,0.0001,0.0003,0.0009",,,,,,,-2.33,-0.6721733333333334,,,,,,,-0.6272048192771085,-0.6188333333333332,-0.7121904761904763,0.07600000000000001,"21,21,21,21","-0.7122,-0.7215,-1.1177,0.0760",,,,,,,0.0,0.16281568627450982,,,,,,,0.1361738095238095,0.13617380952380953,0.1607,0.1607,"21,21,21,21","0.1607,0.1582,0.0938,0.1320",,,,,,,0.05228758169934641,0.05228758169934641,,,,,,,0.08333333333333333,0.08333333333333333,0.0,0.3333333333333333,"21,21,21,21","0.0000,0.0000,0.0000,0.3333",,,,,,,0.010847670982037464,8.409047272897259e-05,,,,,,,0.0,0.0,0.0,0.0,"21,21,21,21","0.0000,0.0000,0.0000,0.0000",,,,,,
