UniProt_ID,tool,approach,region,seg_idx,score
P15941,catGRANULE,whole_db,Whole,,0.468664
P15941,catGRANULE,region_mean,Cytoplasmic,,-2.3336791666666667
P15941,catGRANULE,region_mean,Transmembrane,,-9.669382608695653
P15941,catGRANULE,region_mean,Extracellular/Lumenal,,-5.776363436123348
P15941,PLAAC,whole_db,Whole,,-0.074
P15941,PLAAC,region_mean,Cytoplasmic,,0.0119864864864864
P15941,PLAAC,region_mean,Transmembrane,,4.347826086956522e-05
P15941,PLAAC,region_mean,Extracellular/Lumenal,,0.0014453744493392
P15941,PScore,whole_db,Whole,,3.69
P15941,PScore,region_mean,Cytoplasmic,,1.140309859154929
P15941,PScore,region_mean,Transmembrane,,-1.938782608695652
P15941,PScore,region_mean,Extracellular/Lumenal,,2.4465594713656387
P15941,ESpritz,whole_db,Whole,,0.6749003984063745
P15941,ESpritz,region_mean,Cytoplasmic,,0.2598337837837837
P15941,ESpritz,region_mean,Transmembrane,,0.0670173913043478
P15941,ESpritz,region_mean,Extracellular/Lumenal,,0.4992333920704846
P15941,SEG,whole_db,Whole,,0.0533864541832669
P15941,SEG,region_mean,Cytoplasmic,,0.027027027027027
P15941,SEG,region_mean,Transmembrane,,0.9130434782608696
P15941,SEG,region_mean,Extracellular/Lumenal,,0.0281938325991189
P15941,ParSe2,whole_db,Whole,,1047.8771367042202
P15941,ParSe2,region_mean,Cytoplasmic,,1.18556801333626
P15941,ParSe2,region_mean,Transmembrane,,0.0
P15941,ParSe2,region_mean,Extracellular/Lumenal,,0.8584774624470237
Q7Z434,catGRANULE,whole_db,Whole,,0.249132
Q7Z434,catGRANULE,region_mean,Cytoplasmic,,-4.571209815950921
Q7Z434,PLAAC,whole_db,Whole,,-0.124
Q7Z434,PLAAC,region_mean,Cytoplasmic,,0.0008767578125
Q7Z434,PLAAC,region_mean,Transmembrane,,8.571428571428573e-05
Q7Z434,PLAAC,region_mean,Extracellular/Lumenal,,0.0005166666666666
Q7Z434,PScore,whole_db,Whole,,2.12
Q7Z434,PScore,region_mean,Cytoplasmic,,1.4033867187500002
Q7Z434,PScore,region_mean,Transmembrane,,-0.0149523809523809
Q7Z434,PScore,region_mean,Extracellular/Lumenal,,-0.045
Q7Z434,ESpritz,whole_db,Whole,,0.2277777777777777
Q7Z434,ESpritz,region_mean,Cytoplasmic,,0.4240861328124999
Q7Z434,ESpritz,region_mean,Transmembrane,,0.3158380952380953
Q7Z434,ESpritz,region_mean,Extracellular/Lumenal,,0.3004333333333333
Q7Z434,SEG,whole_db,Whole,,0.1666666666666666
Q7Z434,SEG,region_mean,Cytoplasmic,,0.142578125
Q7Z434,SEG,region_mean,Transmembrane,,0.8095238095238095
Q7Z434,SEG,region_mean,Extracellular/Lumenal,,0.0
Q7Z434,ParSe2,whole_db,Whole,,161.5620476398603
Q7Z434,ParSe2,region_mean,Cytoplasmic,,0.3224791370057092
Q7Z434,ParSe2,region_mean,Transmembrane,,0.0
Q9BR39,catGRANULE,whole_db,Whole,,1.59152
Q9BR39,catGRANULE,region_mean,Cytoplasmic,,-0.1562795665634674
Q9BR39,PLAAC,whole_db,Whole,,0.038
Q9BR39,PLAAC,region_mean,Cytoplasmic,,0.0095870919881305
Q9BR39,PLAAC,region_mean,Transmembrane,,7.61904761904762e-05
Q9BR39,PScore,whole_db,Whole,,4.39
Q9BR39,PScore,region_mean,Cytoplasmic,,1.158045994065282
Q9BR39,PScore,region_mean,Transmembrane,,-0.012
Q9BR39,ESpritz,whole_db,Whole,,0.2758620689655172
Q9BR39,ESpritz,region_mean,Cytoplasmic,,0.3905818991097923
Q9BR39,ESpritz,region_mean,Transmembrane,,0.3075809523809524
Q9BR39,SEG,whole_db,Whole,,0.2614942528735632
Q9BR39,SEG,region_mean,Cytoplasmic,,0.2700296735905044
Q9BR39,SEG,region_mean,Transmembrane,,0.0
Q9BR39,ParSe2,whole_db,Whole,,276.6461553093689
Q9BR39,ParSe2,region_mean,Cytoplasmic,,0.4178944944250284
Q9BR39,ParSe2,region_mean,Transmembrane,,0.0
O43561,catGRANULE,whole_db,Whole,,-0.334812
O43561,catGRANULE,region_mean,Cytoplasmic,,-4.114703243243243
O43561,catGRANULE,region_mean,Transmembrane,,-10.3468
O43561,catGRANULE,region_mean,Extracellular/Lumenal,,-11.93995
O43561,PLAAC,whole_db,Whole,,-0.126
O43561,PLAAC,region_mean,Cytoplasmic,,0.0006859574468085
O43561,PLAAC,region_mean,Transmembrane,,3.0434782608695656e-05
O43561,PLAAC,region_mean,Extracellular/Lumenal,,0.0005
O43561,PScore,whole_db,Whole,,2.71
O43561,PScore,region_mean,Cytoplasmic,,1.1058706896551724
O43561,PScore,region_mean,Transmembrane,,-2.096478260869565
O43561,PScore,region_mean,Extracellular/Lumenal,,-2.23
O43561,ESpritz,whole_db,Whole,,0.2022900763358778
O43561,ESpritz,region_mean,Cytoplasmic,,0.4562702127659575
O43561,ESpritz,region_mean,Transmembrane,,0.2524565217391304
O43561,ESpritz,region_mean,Extracellular/Lumenal,,0.2755499999999999
O43561,SEG,whole_db,Whole,,0.3129770992366412
O43561,SEG,region_mean,Cytoplasmic,,0.2553191489361702
O43561,SEG,region_mean,Transmembrane,,0.9565217391304348
O43561,SEG,region_mean,Extracellular/Lumenal,,0.0
O43561,ParSe2,whole_db,Whole,,82.61135574673678
O43561,ParSe2,region_mean,Cytoplasmic,,0.3704545100750528
O43561,ParSe2,region_mean,Transmembrane,,0.0
P31431,catGRANULE,whole_db,Whole,,0.435536
P31431,catGRANULE,region_mean,Transmembrane,,-1.7916333333333334
P31431,catGRANULE,region_mean,Extracellular/Lumenal,,-1.80004094488189
P31431,PLAAC,whole_db,Whole,,-0.495
P31431,PLAAC,region_mean,Cytoplasmic,,0.0006464285714285
P31431,PLAAC,region_mean,Transmembrane,,6.8e-05
P31431,PLAAC,region_mean,Extracellular/Lumenal,,0.0005307086614173
P31431,PScore,whole_db,Whole,,1.71
P31431,PScore,region_mean,Cytoplasmic,,0.68404
P31431,PScore,region_mean,Transmembrane,,-0.6624800000000002
P31431,PScore,region_mean,Extracellular/Lumenal,,0.824472440944882
P31431,ESpritz,whole_db,Whole,,0.0
P31431,ESpritz,region_mean,Cytoplasmic,,0.3870071428571428
P31431,ESpritz,region_mean,Transmembrane,,0.228732
P31431,ESpritz,region_mean,Extracellular/Lumenal,,0.3895157480314961
P31431,SEG,whole_db,Whole,,0.1616161616161616
P31431,SEG,region_mean,Cytoplasmic,,0.0
P31431,SEG,region_mean,Transmembrane,,0.0
P31431,SEG,region_mean,Extracellular/Lumenal,,0.1496062992125984
P31431,ParSe2,whole_db,Whole,,2.290867791597526
P31431,ParSe2,region_mean,Cytoplasmic,,0.0
P31431,ParSe2,region_mean,Transmembrane,,0.0
P31431,ParSe2,region_mean,Extracellular/Lumenal,,0.018038329067697
O75445,catGRANULE,whole_db,Whole,,1.29107
O75445,catGRANULE,region_mean,Cytoplasmic,,-4.761484269662922
O75445,catGRANULE,region_mean,Transmembrane,,-7.293766666666667
O75445,catGRANULE,region_mean,Extracellular/Lumenal,,-4.785996447814807
O75445,PLAAC,whole_db,Whole,,-0.024
O75445,PLAAC,region_mean,Cytoplasmic,,0.005010071942446
O75445,PLAAC,region_mean,Transmembrane,,5.2380952380952384e-05
O75445,PLAAC,region_mean,Extracellular/Lumenal,,0.0033002993414488
O75445,PScore,whole_db,Whole,,3.22
O75445,PScore,region_mean,Cytoplasmic,,0.5265367647058823
O75445,PScore,region_mean,Transmembrane,,-1.8884761904761904
O75445,PScore,region_mean,Extracellular/Lumenal,,0.6753027339852324
O75445,ESpritz,whole_db,Whole,,0.0
O75445,ESpritz,region_mean,Cytoplasmic,,0.0990179856115107
O75445,ESpritz,region_mean,Transmembrane,,0.0437095238095238
O75445,ESpritz,region_mean,Extracellular/Lumenal,,0.0481892237078427
O75445,SEG,whole_db,Whole,,0.0103806228373702
O75445,SEG,region_mean,Cytoplasmic,,0.0
O75445,SEG,region_mean,Transmembrane,,0.9523809523809524
O75445,SEG,region_mean,Extracellular/Lumenal,,0.0067850728397525
O75445,ParSe2,whole_db,Whole,,445.6902147517933
O75445,ParSe2,region_mean,Cytoplasmic,,0.1331799949511709
O75445,ParSe2,region_mean,Transmembrane,,0.0
O75445,ParSe2,region_mean,Extracellular/Lumenal,,0.0855670236266203
Q9UM73,catGRANULE,whole_db,Whole,,1.36769
Q9UM73,catGRANULE,region_mean,Cytoplasmic,,-4.0926547945205485
Q9UM73,catGRANULE,region_mean,Transmembrane,,-8.731528571428571
Q9UM73,catGRANULE,region_mean,Extracellular/Lumenal,,-1.6240717647058822
Q9UM73,PLAAC,whole_db,Whole,,-0.1
Q9UM73,PLAAC,region_mean,Cytoplasmic,,0.012175935828877
Q9UM73,PLAAC,region_mean,Transmembrane,,9.047619047619048e-05
Q9UM73,PLAAC,region_mean,Extracellular/Lumenal,,0.0260001960784313
Q9UM73,PScore,whole_db,Whole,,5.28
Q9UM73,PScore,region_mean,Cytoplasmic,,0.5245967741935484
Q9UM73,PScore,region_mean,Transmembrane,,-1.6826666666666663
Q9UM73,PScore,region_mean,Extracellular/Lumenal,,0.9611411764705884
Q9UM73,ESpritz,whole_db,Whole,,0.0018518518518518
Q9UM73,ESpritz,region_mean,Cytoplasmic,,0.1977181818181818
Q9UM73,ESpritz,region_mean,Transmembrane,,0.0433047619047619
Q9UM73,ESpritz,region_mean,Extracellular/Lumenal,,0.0734292156862745
Q9UM73,SEG,whole_db,Whole,,0.1030864197530864
Q9UM73,SEG,region_mean,Cytoplasmic,,0.0588235294117647
Q9UM73,SEG,region_mean,Transmembrane,,0.7142857142857143
Q9UM73,SEG,region_mean,Extracellular/Lumenal,,0.1078431372549019
Q9UM73,ParSe2,whole_db,Whole,,459.5761471170296
Q9UM73,ParSe2,region_mean,Cytoplasmic,,0.1167908009460064
Q9UM73,ParSe2,region_mean,Transmembrane,,0.0
Q9UM73,ParSe2,region_mean,Extracellular/Lumenal,,0.3877039190173256
Q9H461,catGRANULE,whole_db,Whole,,1.27683
Q9H461,catGRANULE,region_mean,Cytoplasmic,,7.132043809523809
Q9H461,catGRANULE,region_mean,Transmembrane,,-2.965308843537415
Q9H461,catGRANULE,region_mean,Extracellular/Lumenal,,-2.344040821917808
Q9H461,PLAAC,whole_db,Whole,,0.073
Q9H461,PLAAC,region_mean,Cytoplasmic,,0.1908116129032258
Q9H461,PLAAC,region_mean,Transmembrane,,0.0001462585034013
Q9H461,PLAAC,region_mean,Extracellular/Lumenal,,0.0297813698630137
Q9H461,PScore,whole_db,Whole,,6.14
Q9H461,PScore,region_mean,Cytoplasmic,,1.9062894736842104
Q9H461,PScore,region_mean,Transmembrane,,0.7349251700680273
Q9H461,PScore,region_mean,Extracellular/Lumenal,,1.250495890410959
Q9H461,ESpritz,whole_db,Whole,,0.0677233429394812
Q9H461,ESpritz,region_mean,Cytoplasmic,,0.2710245161290322
Q9H461,ESpritz,region_mean,Transmembrane,,0.0671721088435374
Q9H461,ESpritz,region_mean,Extracellular/Lumenal,,0.1497312328767123
Q9H461,SEG,whole_db,Whole,,0.2377521613832853
Q9H461,SEG,region_mean,Cytoplasmic,,0.2451612903225806
Q9H461,SEG,region_mean,Transmembrane,,0.0
Q9H461,SEG,region_mean,Extracellular/Lumenal,,0.2876712328767123
Q9H461,ParSe2,whole_db,Whole,,422.04399390970127
Q9H461,ParSe2,region_mean,Cytoplasmic,,1.7603014156292622
Q9H461,ParSe2,region_mean,Transmembrane,,0.0
Q9H461,ParSe2,region_mean,Extracellular/Lumenal,,0.4666325793827856
O14763,catGRANULE,whole_db,Whole,,0.211283
O14763,catGRANULE,region_mean,Cytoplasmic,,-5.015009433962264
O14763,catGRANULE,region_mean,Transmembrane,,-0.4048761904761904
O14763,catGRANULE,region_mean,Extracellular/Lumenal,,-6.109885161290323
O14763,PLAAC,whole_db,Whole,,-0.297
O14763,PLAAC,region_mean,Cytoplasmic,,0.0005177033492822
O14763,PLAAC,region_mean,Transmembrane,,5.714285714285715e-05
O14763,PLAAC,region_mean,Extracellular/Lumenal,,0.0029270967741935
O14763,PScore,whole_db,Whole,,1.28
O14763,PScore,region_mean,Cytoplasmic,,0.1398300970873786
O14763,PScore,region_mean,Transmembrane,,-0.2966666666666667
O14763,PScore,region_mean,Extracellular/Lumenal,,1.079051612903226
O14763,ESpritz,whole_db,Whole,,0.0704545454545454
O14763,ESpritz,region_mean,Cytoplasmic,,0.2324177033492823
O14763,ESpritz,region_mean,Transmembrane,,0.1050666666666666
O14763,ESpritz,region_mean,Extracellular/Lumenal,,0.1598735483870967
O14763,SEG,whole_db,Whole,,0.1886363636363636
O14763,SEG,region_mean,Cytoplasmic,,0.0861244019138756
O14763,SEG,region_mean,Transmembrane,,0.8571428571428571
O14763,SEG,region_mean,Extracellular/Lumenal,,0.0903225806451612
O14763,ParSe2,whole_db,Whole,,36.8714809762212
O14763,ParSe2,region_mean,Cytoplasmic,,0.1072923794581598
O14763,ParSe2,region_mean,Transmembrane,,0.0
O14763,ParSe2,region_mean,Extracellular/Lumenal,,0.101515369180411
P46531,catGRANULE,whole_db,Whole,,1.28985
P46531,catGRANULE,region_mean,Cytoplasmic,,-3.705424566088118
P46531,catGRANULE,region_mean,Transmembrane,,1.4189095238095235
P46531,catGRANULE,region_mean,Extracellular/Lumenal,,-3.443134012813046
P46531,PLAAC,whole_db,Whole,,0.332
P46531,PLAAC,region_mean,Cytoplasmic,,0.0845767209011264
P46531,PLAAC,region_mean,Transmembrane,,0.0002095238095238
P46531,PLAAC,region_mean,Extracellular/Lumenal,,0.0010920792079207
P46531,PScore,whole_db,Whole,,4.19
P46531,PScore,region_mean,Cytoplasmic,,0.413427135678392
P46531,PScore,region_mean,Transmembrane,,0.401904761904762
P46531,PScore,region_mean,Extracellular/Lumenal,,1.9098124635993008
P46531,ESpritz,whole_db,Whole,,0.0254403131115459
P46531,ESpritz,region_mean,Cytoplasmic,,0.2638227784730914
P46531,ESpritz,region_mean,Transmembrane,,0.1227952380952381
P46531,ESpritz,region_mean,Extracellular/Lumenal,,0.0483252766453115
P46531,SEG,whole_db,Whole,,0.084931506849315
P46531,SEG,region_mean,Cytoplasmic,,0.1814768460575719
P46531,SEG,region_mean,Transmembrane,,0.8571428571428571
P46531,SEG,region_mean,Extracellular/Lumenal,,0.0215492137449039
P46531,ParSe2,whole_db,Whole,,594.8523128963775
P46531,ParSe2,region_mean,Cytoplasmic,,0.2469677741260786
P46531,ParSe2,region_mean,Transmembrane,,0.0
P46531,ParSe2,region_mean,Extracellular/Lumenal,,0.2332490825038751
Q8N114,catGRANULE,whole_db,Whole,,-1.43731
Q8N114,catGRANULE,region_mean,Cytoplasmic,,-8.9513828125
Q8N114,catGRANULE,region_mean,Transmembrane,,-16.858557142857144
Q8N114,catGRANULE,region_mean,Extracellular/Lumenal,,-8.600975324675327
Q8N114,PLAAC,whole_db,Whole,,0.232
Q8N114,PLAAC,region_mean,Cytoplasmic,,0.5920833333333334
Q8N114,PLAAC,region_mean,Transmembrane,,0.0004523809523809
Q8N114,PLAAC,region_mean,Extracellular/Lumenal,,0.0006896103896103
Q8N114,PScore,whole_db,Whole,,4.08
Q8N114,PScore,region_mean,Cytoplasmic,,2.8108828828828845
Q8N114,PScore,region_mean,Transmembrane,,-0.0636190476190476
Q8N114,PScore,region_mean,Extracellular/Lumenal,,0.5075194805194805
Q8N114,ESpritz,whole_db,Whole,,0.0125
Q8N114,ESpritz,region_mean,Cytoplasmic,,0.3374035087719298
Q8N114,ESpritz,region_mean,Transmembrane,,0.0788523809523809
Q8N114,ESpritz,region_mean,Extracellular/Lumenal,,0.1155038961038961
Q8N114,SEG,whole_db,Whole,,0.4291666666666666
Q8N114,SEG,region_mean,Cytoplasmic,,0.7456140350877193
Q8N114,SEG,region_mean,Transmembrane,,0.1904761904761904
Q8N114,SEG,region_mean,Extracellular/Lumenal,,0.0
Q8N114,ParSe2,whole_db,Whole,,53.982415488817885
Q8N114,ParSe2,region_mean,Cytoplasmic,,0.4803135843423137
Q8N114,ParSe2,region_mean,Transmembrane,,0.0
Q8N114,ParSe2,region_mean,Extracellular/Lumenal,,0.0648107777389855
Q07065,catGRANULE,whole_db,Whole,,0.831295
Q07065,catGRANULE,region_mean,Cytoplasmic,,1.0514490566037735
Q07065,catGRANULE,region_mean,Transmembrane,,-2.9964285714285714
Q07065,catGRANULE,region_mean,Extracellular/Lumenal,,-4.486953176470588
Q07065,PLAAC,whole_db,Whole,,0.238
Q07065,PLAAC,region_mean,Cytoplasmic,,0.4301358490566038
Q07065,PLAAC,region_mean,Transmembrane,,0.0003238095238095
Q07065,PLAAC,region_mean,Extracellular/Lumenal,,0.0003322105263157
Q07065,PScore,whole_db,Whole,,4.26
Q07065,PScore,region_mean,Cytoplasmic,,2.4874339622641504
Q07065,PScore,region_mean,Transmembrane,,-0.0986190476190476
Q07065,PScore,region_mean,Extracellular/Lumenal,,-0.8063262711864407
Q07065,ESpritz,whole_db,Whole,,0.1146179401993355
Q07065,ESpritz,region_mean,Cytoplasmic,,0.5864424528301886
Q07065,ESpritz,region_mean,Transmembrane,,0.3483285714285714
Q07065,ESpritz,region_mean,Extracellular/Lumenal,,0.3982995789473684
Q07065,SEG,whole_db,Whole,,0.2192691029900332
Q07065,SEG,region_mean,Cytoplasmic,,0.6698113207547169
Q07065,SEG,region_mean,Transmembrane,,0.7619047619047619
Q07065,SEG,region_mean,Extracellular/Lumenal,,0.0947368421052631
Q07065,ParSe2,whole_db,Whole,,77.50956458530037
Q07065,ParSe2,region_mean,Cytoplasmic,,0.7830296129837071
Q07065,ParSe2,region_mean,Transmembrane,,0.0
Q07065,ParSe2,region_mean,Extracellular/Lumenal,,0.0084336521918615
P08172,catGRANULE,whole_db,Whole,,-0.222064
P08172,catGRANULE,region_mean,Cytoplasmic,,-3.868960930232558
P08172,catGRANULE,region_mean,Transmembrane,,-9.91288
P08172,catGRANULE,region_mean,Extracellular/Lumenal,,-8.467603921568628
P08172,PLAAC,whole_db,Whole,,-0.22
P08172,PLAAC,region_mean,Cytoplasmic,,0.0061271966527196
P08172,PLAAC,region_mean,Transmembrane,,0.0003248554913294
P08172,PLAAC,region_mean,Extracellular/Lumenal,,0.1818999999999999
P08172,PScore,whole_db,Whole,,0.23
P08172,PScore,region_mean,Cytoplasmic,,-0.0243093220338983
P08172,PScore,region_mean,Transmembrane,,-0.4259884393063584
P08172,PScore,region_mean,Extracellular/Lumenal,,-0.1739074074074074
P08172,ESpritz,whole_db,Whole,,0.0
P08172,ESpritz,region_mean,Cytoplasmic,,0.2593774058577406
P08172,ESpritz,region_mean,Transmembrane,,0.0974456647398843
P08172,ESpritz,region_mean,Extracellular/Lumenal,,0.1347388888888889
P08172,SEG,whole_db,Whole,,0.0665236051502145
P08172,SEG,region_mean,Cytoplasmic,,0.00836820083682
P08172,SEG,region_mean,Transmembrane,,0.0809248554913294
P08172,SEG,region_mean,Extracellular/Lumenal,,0.2777777777777778
P08172,ParSe2,whole_db,Whole,,86.37155043233906
P08172,ParSe2,region_mean,Cytoplasmic,,0.3804914115962073
P08172,ParSe2,region_mean,Transmembrane,,0.0
P08172,ParSe2,region_mean,Extracellular/Lumenal,,0.0
Q08345,catGRANULE,whole_db,Whole,,0.837634
Q08345,catGRANULE,region_mean,Cytoplasmic,,-4.317765647058824
Q08345,catGRANULE,region_mean,Transmembrane,,-10.497919047619048
Q08345,catGRANULE,region_mean,Extracellular/Lumenal,,-1.791621410579345
Q08345,PLAAC,whole_db,Whole,,-0.08
Q08345,PLAAC,region_mean,Cytoplasmic,,0.0015237894736842
Q08345,PLAAC,region_mean,Transmembrane,,1.4285714285714289e-05
Q08345,PLAAC,region_mean,Extracellular/Lumenal,,0.00092040302267
Q08345,PScore,whole_db,Whole,,2.32
Q08345,PScore,region_mean,Cytoplasmic,,0.3405296610169492
Q08345,PScore,region_mean,Transmembrane,,-2.5028571428571422
Q08345,PScore,region_mean,Extracellular/Lumenal,,1.074984886649874
Q08345,ESpritz,whole_db,Whole,,0.0
Q08345,ESpritz,region_mean,Cytoplasmic,,0.136922947368421
Q08345,ESpritz,region_mean,Transmembrane,,0.0871
Q08345,ESpritz,region_mean,Extracellular/Lumenal,,0.0943244332493702
Q08345,SEG,whole_db,Whole,,0.1610076670317634
Q08345,SEG,region_mean,Cytoplasmic,,0.1557894736842105
Q08345,SEG,region_mean,Transmembrane,,1.0
Q08345,SEG,region_mean,Extracellular/Lumenal,,0.1083123425692695
Q08345,ParSe2,whole_db,Whole,,101.18625284192788
Q08345,ParSe2,region_mean,Cytoplasmic,,0.0766043671748929
Q08345,ParSe2,region_mean,Transmembrane,,0.0
Q08345,ParSe2,region_mean,Extracellular/Lumenal,,0.1655376091686459
O60500,catGRANULE,whole_db,Whole,,0.733511
O60500,catGRANULE,region_mean,Cytoplasmic,,-3.320911206896552
O60500,catGRANULE,region_mean,Transmembrane,,-0.9532238095238096
O60500,catGRANULE,region_mean,Extracellular/Lumenal,,-4.679202616279069
O60500,PLAAC,whole_db,Whole,,-0.172
O60500,PLAAC,region_mean,Cytoplasmic,,0.000267469879518
O60500,PLAAC,region_mean,Transmembrane,,0.0003619047619047
O60500,PLAAC,region_mean,Extracellular/Lumenal,,0.0004463178294573
O60500,PScore,whole_db,Whole,,1.73
O60500,PScore,region_mean,Cytoplasmic,,0.7497300613496933
O60500,PScore,region_mean,Transmembrane,,-0.014095238095238
O60500,PScore,region_mean,Extracellular/Lumenal,,0.35471996124031
O60500,ESpritz,whole_db,Whole,,0.0
O60500,ESpritz,region_mean,Cytoplasmic,,0.3806843373493975
O60500,ESpritz,region_mean,Transmembrane,,0.2268809523809523
O60500,ESpritz,region_mean,Extracellular/Lumenal,,0.0686407945736434
O60500,SEG,whole_db,Whole,,0.0854149879129734
O60500,SEG,region_mean,Cytoplasmic,,0.0
O60500,SEG,region_mean,Transmembrane,,1.0
O60500,SEG,region_mean,Extracellular/Lumenal,,0.0620155038759689
O60500,ParSe2,whole_db,Whole,,60.62506324250795
O60500,ParSe2,region_mean,Cytoplasmic,,0.0639571433312566
O60500,ParSe2,region_mean,Transmembrane,,0.0
O60500,ParSe2,region_mean,Extracellular/Lumenal,,0.049201224001448
P05067,catGRANULE,whole_db,Whole,,0.283878
P05067,catGRANULE,region_mean,Transmembrane,,-5.608631578947367
P05067,catGRANULE,region_mean,Extracellular/Lumenal,,-5.513748099415205
P05067,PLAAC,whole_db,Whole,,-0.331
P05067,PLAAC,region_mean,Cytoplasmic,,0.0749374999999999
P05067,PLAAC,region_mean,Transmembrane,,7.61904761904762e-05
P05067,PLAAC,region_mean,Extracellular/Lumenal,,0.0008402046783625
P05067,PScore,whole_db,Whole,,2.8
P05067,PScore,region_mean,Cytoplasmic,,-0.9555111111111114
P05067,PScore,region_mean,Transmembrane,,-0.9289999999999998
P05067,PScore,region_mean,Extracellular/Lumenal,,-0.0432441520467835
P05067,ESpritz,whole_db,Whole,,0.0
P05067,ESpritz,region_mean,Cytoplasmic,,0.2165270833333333
P05067,ESpritz,region_mean,Transmembrane,,0.0884380952380952
P05067,ESpritz,region_mean,Extracellular/Lumenal,,0.1562267543859649
P05067,SEG,whole_db,Whole,,0.1597402597402597
P05067,SEG,region_mean,Cytoplasmic,,0.0208333333333333
P05067,SEG,region_mean,Transmembrane,,0.8095238095238095
P05067,SEG,region_mean,Extracellular/Lumenal,,0.1301169590643275
P05067,ParSe2,whole_db,Whole,,34.798135208902536
P05067,ParSe2,region_mean,Cytoplasmic,,0.0077609093624386
P05067,ParSe2,region_mean,Transmembrane,,0.0
P05067,ParSe2,region_mean,Extracellular/Lumenal,,0.0504659977658695
Q8WXG9,catGRANULE,whole_db,Whole,,1.55332
Q8WXG9,catGRANULE,region_mean,Cytoplasmic,,-1.9382383561643832
Q8WXG9,catGRANULE,region_mean,Transmembrane,,-10.413406802721086
Q8WXG9,catGRANULE,region_mean,Extracellular/Lumenal,,-3.9530550219076512
Q8WXG9,PLAAC,whole_db,Whole,,-0.102
Q8WXG9,PLAAC,region_mean,Cytoplasmic,,0.0452566326530612
Q8WXG9,PLAAC,region_mean,Transmembrane,,0.0002394557823129
Q8WXG9,PLAAC,region_mean,Extracellular/Lumenal,,0.0006569093360296
Q8WXG9,PScore,whole_db,Whole,,1.66
Q8WXG9,PScore,region_mean,Cytoplasmic,,0.6322746113989638
Q8WXG9,PScore,region_mean,Transmembrane,,-0.654843537414966
Q8WXG9,PScore,region_mean,Extracellular/Lumenal,,0.0918577687900236
Q8WXG9,ESpritz,whole_db,Whole,,0.0
Q8WXG9,ESpritz,region_mean,Cytoplasmic,,0.2653306122448979
Q8WXG9,ESpritz,region_mean,Transmembrane,,0.0442428571428571
Q8WXG9,ESpritz,region_mean,Extracellular/Lumenal,,0.0442955005055611
Q8WXG9,SEG,whole_db,Whole,,0.0220424992071043
Q8WXG9,SEG,region_mean,Cytoplasmic,,0.0
Q8WXG9,SEG,region_mean,Transmembrane,,0.1020408163265306
Q8WXG9,SEG,region_mean,Extracellular/Lumenal,,0.0180316818335018
Q8WXG9,ParSe2,whole_db,Whole,,311.3996861268561
Q8WXG9,ParSe2,region_mean,Cytoplasmic,,0.5442292236285811
Q8WXG9,ParSe2,region_mean,Transmembrane,,0.0
Q8WXG9,ParSe2,region_mean,Extracellular/Lumenal,,0.0356018720895175
P11362,catGRANULE,whole_db,Whole,,0.383312
P11362,catGRANULE,region_mean,Cytoplasmic,,-5.089676266666666
P11362,catGRANULE,region_mean,Transmembrane,,-5.424271428571428
P11362,catGRANULE,region_mean,Extracellular/Lumenal,,-4.377235211267606
P11362,PLAAC,whole_db,Whole,,-0.313
P11362,PLAAC,region_mean,Cytoplasmic,,0.0004849411764705
P11362,PLAAC,region_mean,Transmembrane,,8.095238095238096e-05
P11362,PLAAC,region_mean,Extracellular/Lumenal,,0.000365352112676
P11362,PScore,whole_db,Whole,,1.3
P11362,PScore,region_mean,Cytoplasmic,,0.0741184834123222
P11362,PScore,region_mean,Transmembrane,,-0.4117619047619049
P11362,PScore,region_mean,Extracellular/Lumenal,,0.4348140845070422
P11362,ESpritz,whole_db,Whole,,0.0401459854014598
P11362,ESpritz,region_mean,Cytoplasmic,,0.128167294117647
P11362,ESpritz,region_mean,Transmembrane,,0.0444523809523809
P11362,ESpritz,region_mean,Extracellular/Lumenal,,0.165636338028169
P11362,SEG,whole_db,Whole,,0.0510948905109489
P11362,SEG,region_mean,Cytoplasmic,,0.0352941176470588
P11362,SEG,region_mean,Transmembrane,,0.0
P11362,SEG,region_mean,Extracellular/Lumenal,,0.076056338028169
P11362,ParSe2,whole_db,Whole,,44.94198856479632
P11362,ParSe2,region_mean,Cytoplasmic,,0.0610335142634588
P11362,ParSe2,region_mean,Transmembrane,,0.0
P11362,ParSe2,region_mean,Extracellular/Lumenal,,0.0555919638703882
Q8NC56,catGRANULE,whole_db,Whole,,0.00266268
Q8NC56,catGRANULE,region_mean,Transmembrane,,-8.127892857142857
Q8NC56,PLAAC,whole_db,Whole,,-0.184
Q8NC56,PLAAC,region_mean,Transmembrane,,4.047619047619048e-05
Q8NC56,PScore,whole_db,Whole,,1.42
Q8NC56,PScore,region_mean,Transmembrane,,-1.353142857142857
Q8NC56,ESpritz,whole_db,Whole,,0.1530815109343936
Q8NC56,ESpritz,region_mean,Transmembrane,,0.103697619047619
Q8NC56,SEG,whole_db,Whole,,0.2743538767395626
Q8NC56,SEG,region_mean,Transmembrane,,0.4285714285714285
Q8NC56,ParSe2,whole_db,Whole,,28.2641428731298
Q8NC56,ParSe2,region_mean,Transmembrane,,0.0
P40967,catGRANULE,whole_db,Whole,,0.191697
P40967,catGRANULE,region_mean,Transmembrane,,-11.1156875
P40967,catGRANULE,region_mean,Extracellular/Lumenal,,-6.748561111111111
P40967,PLAAC,whole_db,Whole,,-0.13
P40967,PLAAC,region_mean,Cytoplasmic,,0.00448
P40967,PLAAC,region_mean,Transmembrane,,9.047619047619048e-05
P40967,PLAAC,region_mean,Extracellular/Lumenal,,0.0004841269841269
P40967,PScore,whole_db,Whole,,1.66
P40967,PScore,region_mean,Cytoplasmic,,1.6144761904761904
P40967,PScore,region_mean,Transmembrane,,-0.9838571428571428
P40967,PScore,region_mean,Extracellular/Lumenal,,0.3144761904761904
P40967,ESpritz,whole_db,Whole,,0.0
P40967,ESpritz,region_mean,Cytoplasmic,,0.1633977777777778
P40967,ESpritz,region_mean,Transmembrane,,0.0663619047619047
P40967,ESpritz,region_mean,Extracellular/Lumenal,,0.0621555555555555
P40967,SEG,whole_db,Whole,,0.0726172465960665
P40967,SEG,region_mean,Cytoplasmic,,0.0
P40967,SEG,region_mean,Transmembrane,,0.8571428571428571
P40967,SEG,region_mean,Extracellular/Lumenal,,0.0
P40967,ParSe2,whole_db,Whole,,52.899973475701145
P40967,ParSe2,region_mean,Cytoplasmic,,0.0
P40967,ParSe2,region_mean,Transmembrane,,0.0
P40967,ParSe2,region_mean,Extracellular/Lumenal,,0.0141229019389204
P07766,catGRANULE,whole_db,Whole,,0.909493
P07766,catGRANULE,region_mean,Cytoplasmic,,6.743640000000001
P07766,catGRANULE,region_mean,Transmembrane,,3.8375615384615385
P07766,catGRANULE,region_mean,Extracellular/Lumenal,,-2.753608653846153
P07766,PLAAC,whole_db,Whole,,-0.236
P07766,PLAAC,region_mean,Cytoplasmic,,0.0059
P07766,PLAAC,region_mean,Transmembrane,,8.076923076923076e-05
P07766,PLAAC,region_mean,Extracellular/Lumenal,,0.0004461538461538
P07766,PScore,whole_db,Whole,,0.28
P07766,PScore,region_mean,Cytoplasmic,,0.919
P07766,PScore,region_mean,Transmembrane,,-0.0142307692307692
P07766,PScore,region_mean,Extracellular/Lumenal,,0.7128269230769231
P07766,ESpritz,whole_db,Whole,,0.2077294685990338
P07766,ESpritz,region_mean,Cytoplasmic,,0.5528145454545454
P07766,ESpritz,region_mean,Transmembrane,,0.1717192307692308
P07766,ESpritz,region_mean,Extracellular/Lumenal,,0.1797874999999999
P07766,SEG,whole_db,Whole,,0.0579710144927536
P07766,SEG,region_mean,Cytoplasmic,,0.2181818181818181
P07766,SEG,region_mean,Transmembrane,,0.0
P07766,SEG,region_mean,Extracellular/Lumenal,,0.0
P07766,ParSe2,whole_db,Whole,,15.711341143293431
P07766,ParSe2,region_mean,Cytoplasmic,,0.0984586514208816
P07766,ParSe2,region_mean,Transmembrane,,0.0
P07766,ParSe2,region_mean,Extracellular/Lumenal,,0.1103617224249569
P20963,catGRANULE,whole_db,Whole,,0.55258
P20963,catGRANULE,region_mean,Cytoplasmic,,5.914955555555555
P20963,catGRANULE,region_mean,Transmembrane,,-0.8481476190476192
P20963,catGRANULE,region_mean,Extracellular/Lumenal,,-4.370988888888888
P20963,PLAAC,whole_db,Whole,,-0.224
P20963,PLAAC,region_mean,Cytoplasmic,,0.0530247787610619
P20963,PLAAC,region_mean,Transmembrane,,7.142857142857143e-05
P20963,PLAAC,region_mean,Extracellular/Lumenal,,0.0002333333333333
P20963,PScore,whole_db,Whole,,-1.35
P20963,PScore,region_mean,Cytoplasmic,,-0.1788454545454545
P20963,PScore,region_mean,Transmembrane,,0.4507142857142856
P20963,PScore,region_mean,Extracellular/Lumenal,,-0.2284444444444444
P20963,ESpritz,whole_db,Whole,,0.5365853658536586
P20963,ESpritz,region_mean,Cytoplasmic,,0.5368814159292036
P20963,ESpritz,region_mean,Transmembrane,,0.2331428571428571
P20963,ESpritz,region_mean,Extracellular/Lumenal,,0.2198444444444444
P20963,SEG,whole_db,Whole,,0.0
P20963,SEG,region_mean,Cytoplasmic,,0.0
P20963,SEG,region_mean,Transmembrane,,0.0
P20963,SEG,region_mean,Extracellular/Lumenal,,0.0
P20963,ParSe2,whole_db,Whole,,18.487774328540205
P20963,ParSe2,region_mean,Cytoplasmic,,0.1830472705796059
P20963,ParSe2,region_mean,Transmembrane,,0.0
P20963,ParSe2,region_mean,Extracellular/Lumenal,,0.0
P04626,catGRANULE,whole_db,Whole,,0.578831
P04626,catGRANULE,region_mean,Cytoplasmic,,-3.6331249056603774
P04626,catGRANULE,region_mean,Transmembrane,,-6.500217391304347
P04626,catGRANULE,region_mean,Extracellular/Lumenal,,-6.2269596825396825
P04626,PLAAC,whole_db,Whole,,-0.164
P04626,PLAAC,region_mean,Cytoplasmic,,0.0022915517241379
P04626,PLAAC,region_mean,Transmembrane,,4.782608695652174e-05
P04626,PLAAC,region_mean,Extracellular/Lumenal,,0.0006328571428571
P04626,PScore,whole_db,Whole,,2.79
P04626,PScore,region_mean,Cytoplasmic,,0.7229220103986135
P04626,PScore,region_mean,Transmembrane,,-1.2011304347826088
P04626,PScore,region_mean,Extracellular/Lumenal,,0.4797571428571429
P04626,ESpritz,whole_db,Whole,,0.0868525896414342
P04626,ESpritz,region_mean,Cytoplasmic,,0.2334720689655172
P04626,ESpritz,region_mean,Transmembrane,,0.0421
P04626,ESpritz,region_mean,Extracellular/Lumenal,,0.048733492063492
P04626,SEG,whole_db,Whole,,0.0725099601593625
P04626,SEG,region_mean,Cytoplasmic,,0.0672413793103448
P04626,SEG,region_mean,Transmembrane,,0.782608695652174
P04626,SEG,region_mean,Extracellular/Lumenal,,0.0238095238095238
P04626,ParSe2,whole_db,Whole,,89.48512177663305
P04626,ParSe2,region_mean,Cytoplasmic,,0.0932230742863186
P04626,ParSe2,region_mean,Transmembrane,,0.0
P04626,ParSe2,region_mean,Extracellular/Lumenal,,0.0579911358444508
O75460,catGRANULE,whole_db,Whole,,0.495977
O75460,catGRANULE,region_mean,Cytoplasmic,,-4.186472786177107
O75460,catGRANULE,region_mean,Transmembrane,,-8.52294761904762
O75460,catGRANULE,region_mean,Extracellular/Lumenal,,-5.237556
O75460,PLAAC,whole_db,Whole,,-0.035
O75460,PLAAC,region_mean,Cytoplasmic,,0.0221438596491228
O75460,PLAAC,region_mean,Transmembrane,,0.0108047619047619
O75460,PLAAC,region_mean,Extracellular/Lumenal,,0.0002743529411764
O75460,PScore,whole_db,Whole,,1.9
O75460,PScore,region_mean,Cytoplasmic,,0.0393705882352941
O75460,PScore,region_mean,Transmembrane,,-1.7486190476190475
O75460,PScore,region_mean,Extracellular/Lumenal,,0.1103199999999999
O75460,ESpritz,whole_db,Whole,,0.0
O75460,ESpritz,region_mean,Cytoplasmic,,0.1110768031189084
O75460,ESpritz,region_mean,Transmembrane,,0.1611428571428571
O75460,ESpritz,region_mean,Extracellular/Lumenal,,0.0804538823529411
O75460,SEG,whole_db,Whole,,0.0931422722620266
O75460,SEG,region_mean,Cytoplasmic,,0.1520467836257309
O75460,SEG,region_mean,Transmembrane,,0.0
O75460,SEG,region_mean,Extracellular/Lumenal,,0.0
O75460,ParSe2,whole_db,Whole,,91.42832662676472
O75460,ParSe2,region_mean,Cytoplasmic,,0.145164148120616
O75460,ParSe2,region_mean,Transmembrane,,0.0
O75460,ParSe2,region_mean,Extracellular/Lumenal,,0.0440025609843201
P35968,catGRANULE,whole_db,Whole,,0.747135
P35968,catGRANULE,region_mean,Cytoplasmic,,-3.9124571976967366
P35968,catGRANULE,region_mean,Transmembrane,,-6.56397142857143
P35968,catGRANULE,region_mean,Extracellular/Lumenal,,-4.720620536912752
P35968,PLAAC,whole_db,Whole,,-0.303
P35968,PLAAC,region_mean,Cytoplasmic,,0.0038364273204903
P35968,PLAAC,region_mean,Transmembrane,,3.80952380952381e-05
P35968,PLAAC,region_mean,Extracellular/Lumenal,,0.0007236241610738
P35968,PScore,whole_db,Whole,,0.92
P35968,PScore,region_mean,Cytoplasmic,,0.0827746478873239
P35968,PScore,region_mean,Transmembrane,,-0.5778095238095238
P35968,PScore,region_mean,Extracellular/Lumenal,,0.1290630872483221
P35968,ESpritz,whole_db,Whole,,0.0442477876106194
P35968,ESpritz,region_mean,Cytoplasmic,,0.1862523642732049
P35968,ESpritz,region_mean,Transmembrane,,0.0412095238095238
P35968,ESpritz,region_mean,Extracellular/Lumenal,,0.0496836241610738
P35968,SEG,whole_db,Whole,,0.0294985250737463
P35968,SEG,region_mean,Cytoplasmic,,0.042031523642732
P35968,SEG,region_mean,Transmembrane,,0.0
P35968,SEG,region_mean,Extracellular/Lumenal,,0.021476510067114
P35968,ParSe2,whole_db,Whole,,76.82394078070531
P35968,ParSe2,region_mean,Cytoplasmic,,0.1131375848727041
P35968,ParSe2,region_mean,Transmembrane,,0.0
P35968,ParSe2,region_mean,Extracellular/Lumenal,,0.0182282293112264
Q12879,catGRANULE,whole_db,Whole,,0.970588
Q12879,catGRANULE,region_mean,Cytoplasmic,,-2.379678466557912
Q12879,catGRANULE,region_mean,Transmembrane,,-5.358320967741936
Q12879,catGRANULE,region_mean,Extracellular/Lumenal,,-4.811360113960113
Q12879,PLAAC,whole_db,Whole,,-0.055
Q12879,PLAAC,region_mean,Cytoplasmic,,0.0057027149321266
Q12879,PLAAC,region_mean,Transmembrane,,0.0002983870967741
Q12879,PLAAC,region_mean,Extracellular/Lumenal,,0.0052888888888888
Q12879,PScore,whole_db,Whole,,1.23
Q12879,PScore,region_mean,Cytoplasmic,,0.356330303030303
Q12879,PScore,region_mean,Transmembrane,,-0.5989354838709677
Q12879,PScore,region_mean,Extracellular/Lumenal,,-0.0654444444444444
Q12879,ESpritz,whole_db,Whole,,0.0
Q12879,ESpritz,region_mean,Cytoplasmic,,0.264094419306184
Q12879,ESpritz,region_mean,Transmembrane,,0.0411693548387096
Q12879,ESpritz,region_mean,Extracellular/Lumenal,,0.0497918803418803
Q12879,SEG,whole_db,Whole,,0.0198087431693989
Q12879,SEG,region_mean,Cytoplasmic,,0.0437405731523378
Q12879,SEG,region_mean,Transmembrane,,0.0
Q12879,SEG,region_mean,Extracellular/Lumenal,,0.0
Q12879,ParSe2,whole_db,Whole,,149.38050094315895
Q12879,ParSe2,region_mean,Cytoplasmic,,0.193535549752638
Q12879,ParSe2,region_mean,Transmembrane,,0.0
Q12879,ParSe2,region_mean,Extracellular/Lumenal,,0.0333174616156575
Q86WV6,catGRANULE,whole_db,Whole,,-0.245228
Q86WV6,catGRANULE,region_mean,Cytoplasmic,,-6.032527350427349
Q86WV6,catGRANULE,region_mean,Transmembrane,,-6.053885333333333
Q86WV6,catGRANULE,region_mean,Extracellular/Lumenal,,-5.412304999999999
Q86WV6,PLAAC,whole_db,Whole,,-0.242
Q86WV6,PLAAC,region_mean,Cytoplasmic,,0.003844366197183
Q86WV6,PLAAC,region_mean,Transmembrane,,0.0002399999999999
Q86WV6,PLAAC,region_mean,Extracellular/Lumenal,,0.0009299999999999
Q86WV6,PScore,whole_db,Whole,,-0.48
Q86WV6,PScore,region_mean,Cytoplasmic,,-0.3245836298932384
Q86WV6,PScore,region_mean,Transmembrane,,-0.01644
Q86WV6,PScore,region_mean,Extracellular/Lumenal,,-0.2173
Q86WV6,ESpritz,whole_db,Whole,,0.0686015831134564
Q86WV6,ESpritz,region_mean,Cytoplasmic,,0.1900200704225352
Q86WV6,ESpritz,region_mean,Transmembrane,,0.0850986666666666
Q86WV6,ESpritz,region_mean,Extracellular/Lumenal,,0.0811849999999999
Q86WV6,SEG,whole_db,Whole,,0.0870712401055409
Q86WV6,SEG,region_mean,Cytoplasmic,,0.0
Q86WV6,SEG,region_mean,Transmembrane,,0.4
Q86WV6,SEG,region_mean,Extracellular/Lumenal,,0.15
Q86WV6,ParSe2,whole_db,Whole,,2.416115700989079
Q86WV6,ParSe2,region_mean,Cytoplasmic,,0.0092927526961118
Q86WV6,ParSe2,region_mean,Transmembrane,,0.0
Q86WV6,ParSe2,region_mean,Extracellular/Lumenal,,0.0
P07949,catGRANULE,whole_db,Whole,,0.593386
P07949,catGRANULE,region_mean,Cytoplasmic,,-3.1130633906633904
P07949,catGRANULE,region_mean,Transmembrane,,-10.492781818181818
P07949,catGRANULE,region_mean,Extracellular/Lumenal,,-5.881929983525535
P07949,PLAAC,whole_db,Whole,,-0.213
P07949,PLAAC,region_mean,Cytoplasmic,,0.0009608315098468
P07949,PLAAC,region_mean,Transmembrane,,4.5454545454545465e-05
P07949,PLAAC,region_mean,Extracellular/Lumenal,,0.000751565074135
P07949,PScore,whole_db,Whole,,3.76
P07949,PScore,region_mean,Cytoplasmic,,0.4388392070484579
P07949,PScore,region_mean,Transmembrane,,-0.1237727272727273
P07949,PScore,region_mean,Extracellular/Lumenal,,0.5717265238879736
P07949,ESpritz,whole_db,Whole,,0.0
P07949,ESpritz,region_mean,Cytoplasmic,,0.1256356673960613
P07949,ESpritz,region_mean,Transmembrane,,0.0622045454545454
P07949,ESpritz,region_mean,Extracellular/Lumenal,,0.0518369028006589
P07949,SEG,whole_db,Whole,,0.0430879712746858
P07949,SEG,region_mean,Cytoplasmic,,0.0218818380743982
P07949,SEG,region_mean,Transmembrane,,0.0
P07949,SEG,region_mean,Extracellular/Lumenal,,0.0263591433278418
P07949,ParSe2,whole_db,Whole,,168.34905239444657
P07949,ParSe2,region_mean,Cytoplasmic,,0.2145478977045425
P07949,ParSe2,region_mean,Transmembrane,,0.0
P07949,ParSe2,region_mean,Extracellular/Lumenal,,0.1200580525797778
P08908,catGRANULE,whole_db,Whole,,-0.0856142
P08908,catGRANULE,region_mean,Cytoplasmic,,-3.4518347560975613
P08908,catGRANULE,region_mean,Transmembrane,,-9.712407142857142
P08908,catGRANULE,region_mean,Extracellular/Lumenal,,-7.32892794117647
P08908,PLAAC,whole_db,Whole,,-0.299
P08908,PLAAC,region_mean,Cytoplasmic,,0.000575956284153
P08908,PLAAC,region_mean,Transmembrane,,0.0003321212121212
P08908,PLAAC,region_mean,Extracellular/Lumenal,,0.0218716216216216
P08908,PScore,whole_db,Whole,,1.58
P08908,PScore,region_mean,Cytoplasmic,,0.2103555555555555
P08908,PScore,region_mean,Transmembrane,,-0.0898969696969697
P08908,PScore,region_mean,Extracellular/Lumenal,,1.059310810810811
P08908,ESpritz,whole_db,Whole,,0.0
P08908,ESpritz,region_mean,Cytoplasmic,,0.1571486338797814
P08908,ESpritz,region_mean,Transmembrane,,0.0814460606060606
P08908,ESpritz,region_mean,Extracellular/Lumenal,,0.1831121621621622
P08908,SEG,whole_db,Whole,,0.0260663507109004
P08908,SEG,region_mean,Cytoplasmic,,0.0601092896174863
P08908,SEG,region_mean,Transmembrane,,0.0
P08908,SEG,region_mean,Extracellular/Lumenal,,0.0
P08908,ParSe2,whole_db,Whole,,59.43262391067864
P08908,ParSe2,region_mean,Cytoplasmic,,0.1407519217760805
P08908,ParSe2,region_mean,Transmembrane,,0.0
P08908,ParSe2,region_mean,Extracellular/Lumenal,,0.5703878272091752
P01857,catGRANULE,whole_db,Whole,,0.101035
P01857,catGRANULE,region_mean,Extracellular/Lumenal,,-4.828637142857143
P01857,PLAAC,whole_db,Whole,,-0.21
P01857,PLAAC,region_mean,Extracellular/Lumenal,,0.0009427272727272
P01857,PScore,whole_db,Whole,,1.07
P01857,PScore,region_mean,Extracellular/Lumenal,,0.7075932721712538
P01857,ESpritz,whole_db,Whole,,0.0
P01857,ESpritz,region_mean,Extracellular/Lumenal,,0.2395536363636363
P01857,SEG,whole_db,Whole,,0.0454545454545454
P01857,SEG,region_mean,Extracellular/Lumenal,,0.0454545454545454
P01857,ParSe2,whole_db,Whole,,19.738685526251142
P01857,ParSe2,region_mean,Extracellular/Lumenal,,0.0645055082557227
Q7Z3C6,catGRANULE,whole_db,Whole,,0.184754
Q7Z3C6,catGRANULE,region_mean,Cytoplasmic,,-4.87422271973466
Q7Z3C6,catGRANULE,region_mean,Transmembrane,,-12.08664623655914
Q7Z3C6,catGRANULE,region_mean,Extracellular/Lumenal,,-10.57291320754717
Q7Z3C6,PLAAC,whole_db,Whole,,-0.17
Q7Z3C6,PLAAC,region_mean,Cytoplasmic,,0.0009992343032159
Q7Z3C6,PLAAC,region_mean,Transmembrane,,0.0001279569892473
Q7Z3C6,PLAAC,region_mean,Extracellular/Lumenal,,0.0002018867924528
Q7Z3C6,PScore,whole_db,Whole,,3.63
Q7Z3C6,PScore,region_mean,Cytoplasmic,,0.1005430769230769
Q7Z3C6,PScore,region_mean,Transmembrane,,-0.8166344086021505
Q7Z3C6,PScore,region_mean,Extracellular/Lumenal,,-0.971622641509434
Q7Z3C6,ESpritz,whole_db,Whole,,0.0631704410011919
Q7Z3C6,ESpritz,region_mean,Cytoplasmic,,0.191114854517611
Q7Z3C6,ESpritz,region_mean,Transmembrane,,0.0507537634408602
Q7Z3C6,ESpritz,region_mean,Extracellular/Lumenal,,0.0526415094339622
Q7Z3C6,SEG,whole_db,Whole,,0.0846245530393325
Q7Z3C6,SEG,region_mean,Cytoplasmic,,0.0597243491577335
Q7Z3C6,SEG,region_mean,Transmembrane,,0.2795698924731182
Q7Z3C6,SEG,region_mean,Extracellular/Lumenal,,0.1132075471698113
Q7Z3C6,ParSe2,whole_db,Whole,,85.70546124188502
Q7Z3C6,ParSe2,region_mean,Cytoplasmic,,0.1360404146696587
Q7Z3C6,ParSe2,region_mean,Transmembrane,,0.0
Q7Z3C6,ParSe2,region_mean,Extracellular/Lumenal,,0.0
O75581,catGRANULE,whole_db,Whole,,0.846357
O75581,catGRANULE,region_mean,Cytoplasmic,,-4.8162135294117645
O75581,catGRANULE,region_mean,Transmembrane,,-3.512221739130436
O75581,catGRANULE,region_mean,Extracellular/Lumenal,,-4.329244559585492
O75581,PLAAC,whole_db,Whole,,-0.049
O75581,PLAAC,region_mean,Cytoplasmic,,0.0041418181818181
O75581,PLAAC,region_mean,Transmembrane,,0.0005478260869565
O75581,PLAAC,region_mean,Extracellular/Lumenal,,0.001580977054034
O75581,PScore,whole_db,Whole,,3.81
O75581,PScore,region_mean,Cytoplasmic,,1.67910599078341
O75581,PScore,region_mean,Transmembrane,,0.7804347826086958
O75581,PScore,region_mean,Extracellular/Lumenal,,0.1145928941524796
O75581,ESpritz,whole_db,Whole,,0.0334779913205207
O75581,ESpritz,region_mean,Cytoplasmic,,0.3729454545454546
O75581,ESpritz,region_mean,Transmembrane,,0.0775826086956521
O75581,ESpritz,region_mean,Extracellular/Lumenal,,0.0462903034789045
O75581,SEG,whole_db,Whole,,0.0613763174209547
O75581,SEG,region_mean,Cytoplasmic,,0.3136363636363636
O75581,SEG,region_mean,Transmembrane,,0.782608695652174
O75581,SEG,region_mean,Extracellular/Lumenal,,0.0088823094004441
O75581,ParSe2,whole_db,Whole,,291.85879073944466
O75581,ParSe2,region_mean,Cytoplasmic,,1.1452376194296068
O75581,ParSe2,region_mean,Transmembrane,,0.0
O75581,ParSe2,region_mean,Extracellular/Lumenal,,0.0397108555870365
P63027,catGRANULE,whole_db,Whole,,-1.23816
P63027,catGRANULE,region_mean,Cytoplasmic,,-5.668190769230769
P63027,PLAAC,whole_db,Whole,,-0.291
P63027,PLAAC,region_mean,Cytoplasmic,,0.0186032258064516
P63027,PLAAC,region_mean,Transmembrane,,0.000185
P63027,PLAAC,region_mean,Extracellular/Lumenal,,0.0026499999999999
P63027,ESpritz,whole_db,Whole,,0.7844827586206896
P63027,ESpritz,region_mean,Cytoplasmic,,0.7392623655913977
P63027,ESpritz,region_mean,Transmembrane,,0.2950399999999999
P63027,ESpritz,region_mean,Extracellular/Lumenal,,0.2372
P63027,SEG,whole_db,Whole,,0.3275862068965517
P63027,SEG,region_mean,Cytoplasmic,,0.2365591397849462
P63027,SEG,region_mean,Transmembrane,,0.8
P63027,SEG,region_mean,Extracellular/Lumenal,,0.0
P63027,ParSe2,whole_db,Whole,,2.363763326915276
P63027,ParSe2,region_mean,Cytoplasmic,,0.0288263820355521
P63027,ParSe2,region_mean,Transmembrane,,0.0
O60733,catGRANULE,whole_db,Whole,,0.536244
O60733,catGRANULE,region_mean,Transmembrane,,-2.586380952380952
O60733,PLAAC,whole_db,Whole,,-0.119
O60733,PLAAC,region_mean,Transmembrane,,0.0001404761904761
O60733,PScore,whole_db,Whole,,-0.21
O60733,PScore,region_mean,Transmembrane,,-0.1017857142857143
O60733,ESpritz,whole_db,Whole,,0.0
O60733,ESpritz,region_mean,Transmembrane,,0.0468047619047619
O60733,SEG,whole_db,Whole,,0.0
O60733,SEG,region_mean,Transmembrane,,0.0
O60733,ParSe2,whole_db,Whole,,13.626141287216576
O60733,ParSe2,region_mean,Transmembrane,,0.0
Q04671,catGRANULE,whole_db,Whole,,-0.208196
Q04671,catGRANULE,region_mean,Cytoplasmic,,-6.313449850746269
Q04671,catGRANULE,region_mean,Transmembrane,,-10.09083085106383
Q04671,catGRANULE,region_mean,Extracellular/Lumenal,,-8.566525660377359
Q04671,PLAAC,whole_db,Whole,,-0.197
Q04671,PLAAC,region_mean,Cytoplasmic,,0.0004548672566371
Q04671,PLAAC,region_mean,Transmembrane,,8.926829268292683e-05
Q04671,PLAAC,region_mean,Extracellular/Lumenal,,0.0005649659863945
Q04671,PScore,whole_db,Whole,,1.2
Q04671,PScore,region_mean,Cytoplasmic,,-0.2125386904761904
Q04671,PScore,region_mean,Transmembrane,,-0.1098195121951219
Q04671,PScore,region_mean,Extracellular/Lumenal,,0.0378945578231292
Q04671,ESpritz,whole_db,Whole,,0.0536992840095465
Q04671,ESpritz,region_mean,Cytoplasmic,,0.214541592920354
Q04671,ESpritz,region_mean,Transmembrane,,0.051550731707317
Q04671,ESpritz,region_mean,Extracellular/Lumenal,,0.0495319727891156
Q04671,SEG,whole_db,Whole,,0.1264916467780429
Q04671,SEG,region_mean,Cytoplasmic,,0.0825958702064896
Q04671,SEG,region_mean,Transmembrane,,0.3804878048780488
Q04671,SEG,region_mean,Extracellular/Lumenal,,0.0
Q04671,ParSe2,whole_db,Whole,,54.75943803008224
Q04671,ParSe2,region_mean,Cytoplasmic,,0.1660083684026199
Q04671,ParSe2,region_mean,Transmembrane,,0.0
Q04671,ParSe2,region_mean,Extracellular/Lumenal,,0.0038732484218912
Q14BN4,catGRANULE,whole_db,Whole,,0.211397
Q14BN4,catGRANULE,region_mean,Cytoplasmic,,-5.745734575835475
Q14BN4,PLAAC,whole_db,Whole,,-0.318
Q14BN4,PLAAC,region_mean,Cytoplasmic,,0.0006623441396508
Q14BN4,PLAAC,region_mean,Transmembrane,,0.0002619047619047
Q14BN4,PLAAC,region_mean,Extracellular/Lumenal,,0.0037
Q14BN4,PScore,whole_db,Whole,,0.52
Q14BN4,PScore,region_mean,Cytoplasmic,,-0.6481047381546134
Q14BN4,PScore,region_mean,Transmembrane,,-1.0584285714285713
Q14BN4,PScore,region_mean,Extracellular/Lumenal,,-1.061
Q14BN4,ESpritz,whole_db,Whole,,0.0
Q14BN4,ESpritz,region_mean,Cytoplasmic,,0.3050750623441396
Q14BN4,ESpritz,region_mean,Transmembrane,,0.3429380952380952
Q14BN4,ESpritz,region_mean,Extracellular/Lumenal,,0.3801
Q14BN4,SEG,whole_db,Whole,,0.0555555555555555
Q14BN4,SEG,region_mean,Cytoplasmic,,0.0399002493765586
Q14BN4,SEG,region_mean,Transmembrane,,0.6666666666666666
Q14BN4,SEG,region_mean,Extracellular/Lumenal,,0.0
Q14BN4,ParSe2,whole_db,Whole,,23.151994625173387
Q14BN4,ParSe2,region_mean,Cytoplasmic,,0.029306322310346
Q14BN4,ParSe2,region_mean,Transmembrane,,0.0
P15529,catGRANULE,whole_db,Whole,,-0.00777568
P15529,catGRANULE,region_mean,Extracellular/Lumenal,,-4.848221103896105
P15529,PLAAC,whole_db,Whole,,-0.233
P15529,PLAAC,region_mean,Cytoplasmic,,0.0001884615384615
P15529,PLAAC,region_mean,Transmembrane,,4.782608695652174e-05
P15529,PLAAC,region_mean,Extracellular/Lumenal,,0.0013385113268608
P15529,PScore,whole_db,Whole,,1.38
P15529,PScore,region_mean,Cytoplasmic,,0.0188260869565217
P15529,PScore,region_mean,Transmembrane,,0.0246521739130434
P15529,PScore,region_mean,Extracellular/Lumenal,,0.975336569579288
P15529,ESpritz,whole_db,Whole,,0.0
P15529,ESpritz,region_mean,Cytoplasmic,,0.2980576923076923
P15529,ESpritz,region_mean,Transmembrane,,0.1524565217391304
P15529,ESpritz,region_mean,Extracellular/Lumenal,,0.1241579288025889
P15529,SEG,whole_db,Whole,,0.1658163265306122
P15529,SEG,region_mean,Cytoplasmic,,0.0
P15529,SEG,region_mean,Transmembrane,,0.9130434782608696
P15529,SEG,region_mean,Extracellular/Lumenal,,0.1100323624595469
P15529,ParSe2,whole_db,Whole,,32.99965006191841
P15529,ParSe2,region_mean,Cytoplasmic,,0.0
P15529,ParSe2,region_mean,Transmembrane,,0.0
P15529,ParSe2,region_mean,Extracellular/Lumenal,,0.1067949840191534
Q8TEM1,catGRANULE,whole_db,Whole,,0.555406
Q8TEM1,catGRANULE,region_mean,Cytoplasmic,,-9.5827125
Q8TEM1,catGRANULE,region_mean,Transmembrane,,-12.06942857142857
Q8TEM1,catGRANULE,region_mean,Extracellular/Lumenal,,-5.885579629629629
Q8TEM1,PLAAC,whole_db,Whole,,-0.146
Q8TEM1,PLAAC,region_mean,Cytoplasmic,,0.0040844827586206
Q8TEM1,PLAAC,region_mean,Transmembrane,,0.0002047619047619
Q8TEM1,PLAAC,region_mean,Extracellular/Lumenal,,0.0015438832772166
Q8TEM1,PScore,whole_db,Whole,,0.61
Q8TEM1,PScore,region_mean,Cytoplasmic,,0.0512545454545454
Q8TEM1,PScore,region_mean,Transmembrane,,0.2684761904761905
Q8TEM1,PScore,region_mean,Extracellular/Lumenal,,-0.0828035914702581
Q8TEM1,ESpritz,whole_db,Whole,,0.0111287758346581
Q8TEM1,ESpritz,region_mean,Cytoplasmic,,0.4162189655172414
Q8TEM1,ESpritz,region_mean,Transmembrane,,0.0871523809523809
Q8TEM1,ESpritz,region_mean,Extracellular/Lumenal,,0.047442480359147
Q8TEM1,SEG,whole_db,Whole,,0.0312665606783253
Q8TEM1,SEG,region_mean,Cytoplasmic,,0.0
Q8TEM1,SEG,region_mean,Transmembrane,,0.0
Q8TEM1,SEG,region_mean,Extracellular/Lumenal,,0.0190796857463524
Q8TEM1,ParSe2,whole_db,Whole,,61.92242697589665
Q8TEM1,ParSe2,region_mean,Cytoplasmic,,0.1267783255344428
Q8TEM1,ParSe2,region_mean,Transmembrane,,0.0
Q8TEM1,ParSe2,region_mean,Extracellular/Lumenal,,0.0314762199782897
Q9UJA2,catGRANULE,whole_db,Whole,,-0.651213
Q9UJA2,catGRANULE,region_mean,Transmembrane,,-8.15993432835821
Q9UJA2,PLAAC,whole_db,Whole,,-0.145
Q9UJA2,PLAAC,region_mean,Transmembrane,,0.0006757009345794
Q9UJA2,PScore,whole_db,Whole,,0.0
Q9UJA2,PScore,region_mean,Transmembrane,,0.0987943925233644
Q9UJA2,ESpritz,whole_db,Whole,,0.0
Q9UJA2,ESpritz,region_mean,Transmembrane,,0.0698598130841121
Q9UJA2,SEG,whole_db,Whole,,0.2259136212624584
Q9UJA2,SEG,region_mean,Transmembrane,,0.1308411214953271
Q9UJA2,ParSe2,whole_db,Whole,,4.934702372910075
Q9UJA2,ParSe2,region_mean,Transmembrane,,0.0
P00533,catGRANULE,whole_db,Whole,,0.736746
P00533,catGRANULE,region_mean,Cytoplasmic,,-5.36345162601626
P00533,catGRANULE,region_mean,Transmembrane,,-6.376086956521738
P00533,catGRANULE,region_mean,Extracellular/Lumenal,,-3.726951046698873
P00533,PLAAC,whole_db,Whole,,0.001
P00533,PLAAC,region_mean,Cytoplasmic,,0.0099894833948339
P00533,PLAAC,region_mean,Transmembrane,,0.0001478260869565
P00533,PLAAC,region_mean,Extracellular/Lumenal,,0.0007173913043478
P00533,PScore,whole_db,Whole,,2.96
P00533,PScore,region_mean,Cytoplasmic,,0.1156122448979592
P00533,PScore,region_mean,Transmembrane,,-1.3346956521739128
P00533,PScore,region_mean,Extracellular/Lumenal,,0.5934782608695652
P00533,ESpritz,whole_db,Whole,,0.0173553719008264
P00533,ESpritz,region_mean,Cytoplasmic,,0.148830258302583
P00533,ESpritz,region_mean,Transmembrane,,0.0418826086956521
P00533,ESpritz,region_mean,Extracellular/Lumenal,,0.0497837359098228
P00533,SEG,whole_db,Whole,,0.0735537190082644
P00533,SEG,region_mean,Cytoplasmic,,0.0996309963099631
P00533,SEG,region_mean,Transmembrane,,0.6956521739130435
P00533,SEG,region_mean,Extracellular/Lumenal,,0.001610305958132
P00533,ParSe2,whole_db,Whole,,117.00586760333424
P00533,ParSe2,region_mean,Cytoplasmic,,0.1000830686697902
P00533,ParSe2,region_mean,Transmembrane,,0.0
P00533,ParSe2,region_mean,Extracellular/Lumenal,,0.1029981339908944
P21802,catGRANULE,whole_db,Whole,,0.436729
P21802,catGRANULE,region_mean,Cytoplasmic,,-5.58001126005362
P21802,catGRANULE,region_mean,Transmembrane,,-9.879990476190477
P21802,catGRANULE,region_mean,Extracellular/Lumenal,,-3.1723550561797755
P21802,PLAAC,whole_db,Whole,,-0.315
P21802,PLAAC,region_mean,Cytoplasmic,,0.0007059101654846
P21802,PLAAC,region_mean,Transmembrane,,1.4285714285714289e-05
P21802,PLAAC,region_mean,Extracellular/Lumenal,,0.0005955056179775
P21802,PScore,whole_db,Whole,,1.19
P21802,PScore,region_mean,Cytoplasmic,,0.0997833333333333
P21802,PScore,region_mean,Transmembrane,,-0.468047619047619
P21802,PScore,region_mean,Extracellular/Lumenal,,0.2407331460674158
P21802,ESpritz,whole_db,Whole,,0.0341047503045067
P21802,ESpritz,region_mean,Cytoplasmic,,0.1313524822695035
P21802,ESpritz,region_mean,Transmembrane,,0.0547190476190476
P21802,ESpritz,region_mean,Extracellular/Lumenal,,0.0817238764044943
P21802,SEG,whole_db,Whole,,0.0645554202192448
P21802,SEG,region_mean,Cytoplasmic,,0.0591016548463357
P21802,SEG,region_mean,Transmembrane,,0.0
P21802,SEG,region_mean,Extracellular/Lumenal,,0.0786516853932584
P21802,ParSe2,whole_db,Whole,,52.2262689558531
P21802,ParSe2,region_mean,Cytoplasmic,,0.0966548421784769
P21802,ParSe2,region_mean,Transmembrane,,0.0
P21802,ParSe2,region_mean,Extracellular/Lumenal,,0.0351155303946603
P08247,catGRANULE,whole_db,Whole,,1.09152
P08247,catGRANULE,region_mean,Cytoplasmic,,7.342569444444444
P08247,catGRANULE,region_mean,Transmembrane,,-4.260379166666667
P08247,catGRANULE,region_mean,Extracellular/Lumenal,,-4.803141052631578
P08247,PLAAC,whole_db,Whole,,0.417
P08247,PLAAC,region_mean,Cytoplasmic,,0.5221975409836066
P08247,PLAAC,region_mean,Transmembrane,,0.0002885416666666
P08247,PLAAC,region_mean,Extracellular/Lumenal,,0.0001926315789473
P08247,PScore,whole_db,Whole,,7.32
P08247,PScore,region_mean,Cytoplasmic,,3.334025210084033
P08247,PScore,region_mean,Transmembrane,,0.1344270833333333
P08247,PScore,region_mean,Extracellular/Lumenal,,0.5031157894736842
P08247,ESpritz,whole_db,Whole,,0.1789137380191693
P08247,ESpritz,region_mean,Cytoplasmic,,0.4121688524590163
P08247,ESpritz,region_mean,Transmembrane,,0.0815416666666666
P08247,ESpritz,region_mean,Extracellular/Lumenal,,0.0721978947368421
P08247,SEG,whole_db,Whole,,0.2523961661341853
P08247,SEG,region_mean,Cytoplasmic,,0.5245901639344263
P08247,SEG,region_mean,Transmembrane,,0.09375
P08247,SEG,region_mean,Extracellular/Lumenal,,0.0631578947368421
P08247,ParSe2,whole_db,Whole,,177.37313649102484
P08247,ParSe2,region_mean,Cytoplasmic,,1.771820573147049
P08247,ParSe2,region_mean,Transmembrane,,0.0
P08247,ParSe2,region_mean,Extracellular/Lumenal,,0.0393128455012
Q14739,catGRANULE,whole_db,Whole,,0.340153
Q14739,catGRANULE,region_mean,Transmembrane,,-6.796386842105263
Q14739,catGRANULE,region_mean,Extracellular/Lumenal,,-2.534102843601896
Q14739,PLAAC,whole_db,Whole,,-0.249
Q14739,PLAAC,region_mean,Transmembrane,,0.0001547619047619
Q14739,PLAAC,region_mean,Extracellular/Lumenal,,0.0006696682464454
Q14739,PScore,whole_db,Whole,,1.08
Q14739,PScore,region_mean,Transmembrane,,-0.1679523809523809
Q14739,PScore,region_mean,Extracellular/Lumenal,,0.5058436018957345
Q14739,ESpritz,whole_db,Whole,,0.0146341463414634
Q14739,ESpritz,region_mean,Transmembrane,,0.0496678571428571
Q14739,ESpritz,region_mean,Extracellular/Lumenal,,0.3846289099526066
Q14739,SEG,whole_db,Whole,,0.0747967479674796
Q14739,SEG,region_mean,Transmembrane,,0.0416666666666666
Q14739,SEG,region_mean,Extracellular/Lumenal,,0.1848341232227488
Q14739,ParSe2,whole_db,Whole,,5.916793632356942
Q14739,ParSe2,region_mean,Transmembrane,,0.0
Q14739,ParSe2,region_mean,Extracellular/Lumenal,,0.0297326313183765
P29317,catGRANULE,whole_db,Whole,,0.675324
P29317,catGRANULE,region_mean,Cytoplasmic,,-4.285690760869565
P29317,catGRANULE,region_mean,Transmembrane,,-2.6286809523809525
P29317,catGRANULE,region_mean,Extracellular/Lumenal,,-4.427755058365759
P29317,PLAAC,whole_db,Whole,,-0.269
P29317,PLAAC,region_mean,Cytoplasmic,,0.000523923444976
P29317,PLAAC,region_mean,Transmembrane,,0.0001047619047619
P29317,PLAAC,region_mean,Extracellular/Lumenal,,0.0007046692607003
P29317,PScore,whole_db,Whole,,1.35
P29317,PScore,region_mean,Cytoplasmic,,-0.1539734939759036
P29317,PScore,region_mean,Transmembrane,,-1.1707619047619044
P29317,PScore,region_mean,Extracellular/Lumenal,,0.6737821011673151
P29317,ESpritz,whole_db,Whole,,0.0
P29317,ESpritz,region_mean,Cytoplasmic,,0.0640311004784689
P29317,ESpritz,region_mean,Transmembrane,,0.0729523809523809
P29317,ESpritz,region_mean,Extracellular/Lumenal,,0.0985805447470817
P29317,SEG,whole_db,Whole,,0.0389344262295082
P29317,SEG,region_mean,Cytoplasmic,,0.0
P29317,SEG,region_mean,Transmembrane,,0.8571428571428571
P29317,SEG,region_mean,Extracellular/Lumenal,,0.0077821011673151
P29317,ParSe2,whole_db,Whole,,51.32927421617183
P29317,ParSe2,region_mean,Cytoplasmic,,0.0130555347186695
P29317,ParSe2,region_mean,Transmembrane,,0.0
P29317,ParSe2,region_mean,Extracellular/Lumenal,,0.0895500527634085
P17948,catGRANULE,whole_db,Whole,,0.709074
P17948,catGRANULE,region_mean,Cytoplasmic,,-3.3625110236220475
P17948,catGRANULE,region_mean,Transmembrane,,-11.303990909090908
P17948,catGRANULE,region_mean,Extracellular/Lumenal,,-5.414669262295082
P17948,PLAAC,whole_db,Whole,,-0.246
P17948,PLAAC,region_mean,Cytoplasmic,,0.0004586021505376
P17948,PLAAC,region_mean,Transmembrane,,1.3636363636363638e-05
P17948,PLAAC,region_mean,Extracellular/Lumenal,,0.0006543715846994
P17948,PScore,whole_db,Whole,,0.63
P17948,PScore,region_mean,Cytoplasmic,,0.1091063063063062
P17948,PScore,region_mean,Transmembrane,,-0.9922727272727272
P17948,PScore,region_mean,Extracellular/Lumenal,,0.062551912568306
P17948,ESpritz,whole_db,Whole,,0.0
P17948,ESpritz,region_mean,Cytoplasmic,,0.1339035842293906
P17948,ESpritz,region_mean,Transmembrane,,0.0439090909090909
P17948,ESpritz,region_mean,Extracellular/Lumenal,,0.0504433060109289
P17948,SEG,whole_db,Whole,,0.0358744394618834
P17948,SEG,region_mean,Cytoplasmic,,0.0268817204301075
P17948,SEG,region_mean,Transmembrane,,0.5454545454545454
P17948,SEG,region_mean,Extracellular/Lumenal,,0.0054644808743169
P17948,ParSe2,whole_db,Whole,,54.36146620432707
P17948,ParSe2,region_mean,Cytoplasmic,,0.064643706116993
P17948,ParSe2,region_mean,Transmembrane,,0.0
P17948,ParSe2,region_mean,Extracellular/Lumenal,,0.0260464517273891
P05556,catGRANULE,whole_db,Whole,,0.933915
P05556,catGRANULE,region_mean,Transmembrane,,-5.294835
P05556,catGRANULE,region_mean,Extracellular/Lumenal,,-2.6286800847457625
P05556,PLAAC,whole_db,Whole,,-0.23
P05556,PLAAC,region_mean,Cytoplasmic,,0.0001553191489361
P05556,PLAAC,region_mean,Transmembrane,,3.913043478260869e-05
P05556,PLAAC,region_mean,Extracellular/Lumenal,,0.000906638418079
P05556,PScore,whole_db,Whole,,2.82
P05556,PScore,region_mean,Cytoplasmic,,0.1532045454545454
P05556,PScore,region_mean,Transmembrane,,-1.1871304347826088
P05556,PScore,region_mean,Extracellular/Lumenal,,0.9003587570621469
P05556,ESpritz,whole_db,Whole,,0.0
P05556,ESpritz,region_mean,Cytoplasmic,,0.3744468085106382
P05556,ESpritz,region_mean,Transmembrane,,0.0865826086956521
P05556,ESpritz,region_mean,Extracellular/Lumenal,,0.0864039548022598
P05556,SEG,whole_db,Whole,,0.0363408521303258
P05556,SEG,region_mean,Cytoplasmic,,0.1276595744680851
P05556,SEG,region_mean,Transmembrane,,1.0
P05556,SEG,region_mean,Extracellular/Lumenal,,0.0
P05556,ParSe2,whole_db,Whole,,85.80557016666538
P05556,ParSe2,region_mean,Cytoplasmic,,0.0568960813014888
P05556,ParSe2,region_mean,Transmembrane,,0.0
P05556,ParSe2,region_mean,Extracellular/Lumenal,,0.1183816487586345
P10747,catGRANULE,whole_db,Whole,,-0.174528
P10747,catGRANULE,region_mean,Transmembrane,,-8.037283333333333
P10747,catGRANULE,region_mean,Extracellular/Lumenal,,-3.3296559701492536
P10747,PLAAC,whole_db,Whole,,-0.198
P10747,PLAAC,region_mean,Cytoplasmic,,0.0052780487804878
P10747,PLAAC,region_mean,Transmembrane,,4.0740740740740745e-05
P10747,PLAAC,region_mean,Extracellular/Lumenal,,0.0062582089552238
P10747,PScore,whole_db,Whole,,0.33
P10747,PScore,region_mean,Cytoplasmic,,1.1781578947368423
P10747,PScore,region_mean,Transmembrane,,-0.2997037037037036
P10747,PScore,region_mean,Extracellular/Lumenal,,0.5429776119402986
P10747,ESpritz,whole_db,Whole,,0.0
P10747,ESpritz,region_mean,Cytoplasmic,,0.3860731707317073
P10747,ESpritz,region_mean,Transmembrane,,0.0845629629629629
P10747,ESpritz,region_mean,Extracellular/Lumenal,,0.0757649253731343
P10747,SEG,whole_db,Whole,,0.0
P10747,SEG,region_mean,Cytoplasmic,,0.0
P10747,SEG,region_mean,Transmembrane,,0.0
P10747,SEG,region_mean,Extracellular/Lumenal,,0.0
P10747,ParSe2,whole_db,Whole,,2.906338537073414
P10747,ParSe2,region_mean,Cytoplasmic,,0.0
P10747,ParSe2,region_mean,Transmembrane,,0.0
P10747,ParSe2,region_mean,Extracellular/Lumenal,,0.0216890935602493
Q16635,catGRANULE,whole_db,Whole,,0.0971307
Q16635,catGRANULE,region_mean,Extracellular/Lumenal,,-3.005139366515837
Q16635,PLAAC,whole_db,Whole,,-0.463
Q16635,PLAAC,region_mean,Extracellular/Lumenal,,0.0004464730290456
Q16635,PScore,whole_db,Whole,,-0.29
Q16635,PScore,region_mean,Extracellular/Lumenal,,0.0892614107883817
Q16635,ESpritz,whole_db,Whole,,0.0
Q16635,ESpritz,region_mean,Extracellular/Lumenal,,0.0847900414937759
Q16635,SEG,whole_db,Whole,,0.0
Q16635,SEG,region_mean,Extracellular/Lumenal,,0.0
Q16635,ParSe2,whole_db,Whole,,0.0
Q16635,ParSe2,region_mean,Extracellular/Lumenal,,0.0
P61073,catGRANULE,whole_db,Whole,,-0.344548
P61073,catGRANULE,region_mean,Cytoplasmic,,-9.005682539682537
P61073,catGRANULE,region_mean,Transmembrane,,-8.192013513513512
P61073,catGRANULE,region_mean,Extracellular/Lumenal,,-5.823427472527473
P61073,PLAAC,whole_db,Whole,,-0.388
P61073,PLAAC,region_mean,Cytoplasmic,,0.0006566371681415
P61073,PLAAC,region_mean,Transmembrane,,0.000152027027027
P61073,PLAAC,region_mean,Extracellular/Lumenal,,0.0003967032967032
P61073,PScore,whole_db,Whole,,-0.83
P61073,PScore,region_mean,Cytoplasmic,,-1.2974090909090912
P61073,PScore,region_mean,Transmembrane,,-0.6678310810810811
P61073,PScore,region_mean,Extracellular/Lumenal,,0.1547912087912088
P61073,ESpritz,whole_db,Whole,,0.0568181818181818
P61073,ESpritz,region_mean,Cytoplasmic,,0.2188115044247787
P61073,ESpritz,region_mean,Transmembrane,,0.0648202702702702
P61073,ESpritz,region_mean,Extracellular/Lumenal,,0.136476923076923
P61073,SEG,whole_db,Whole,,0.0454545454545454
P61073,SEG,region_mean,Cytoplasmic,,0.1415929203539823
P61073,SEG,region_mean,Transmembrane,,0.0
P61073,SEG,region_mean,Extracellular/Lumenal,,0.0
P61073,ParSe2,whole_db,Whole,,12.559834313493514
P61073,ParSe2,region_mean,Cytoplasmic,,0.1243547951831041
P61073,ParSe2,region_mean,Transmembrane,,0.0
P61073,ParSe2,region_mean,Extracellular/Lumenal,,0.0
Q15303,catGRANULE,whole_db,Whole,,0.843318
Q15303,catGRANULE,region_mean,Cytoplasmic,,-4.493386963979418
Q15303,catGRANULE,region_mean,Transmembrane,,-5.481720833333334
Q15303,catGRANULE,region_mean,Extracellular/Lumenal,,-3.715048722044728
Q15303,PLAAC,whole_db,Whole,,-0.088
Q15303,PLAAC,region_mean,Cytoplasmic,,0.0016791469194312
Q15303,PLAAC,region_mean,Transmembrane,,9.166666666666668e-05
Q15303,PLAAC,region_mean,Extracellular/Lumenal,,0.0005472843450479
Q15303,PScore,whole_db,Whole,,3.02
Q15303,PScore,region_mean,Cytoplasmic,,0.1781142857142856
Q15303,PScore,region_mean,Transmembrane,,-0.0094583333333333
Q15303,PScore,region_mean,Extracellular/Lumenal,,0.7733003194888179
Q15303,ESpritz,whole_db,Whole,,0.0
Q15303,ESpritz,region_mean,Cytoplasmic,,0.2098240126382306
Q15303,ESpritz,region_mean,Transmembrane,,0.0414374999999999
Q15303,ESpritz,region_mean,Extracellular/Lumenal,,0.0512546325878594
Q15303,SEG,whole_db,Whole,,0.0129969418960244
Q15303,SEG,region_mean,Cytoplasmic,,0.0268562401263823
Q15303,SEG,region_mean,Transmembrane,,0.0
Q15303,SEG,region_mean,Extracellular/Lumenal,,0.0
Q15303,ParSe2,whole_db,Whole,,116.10780479760167
Q15303,ParSe2,region_mean,Cytoplasmic,,0.0876069554521732
Q15303,ParSe2,region_mean,Transmembrane,,0.0
Q15303,ParSe2,region_mean,Extracellular/Lumenal,,0.0985685071274794
O00254,catGRANULE,whole_db,Whole,,-1.08102
O00254,catGRANULE,region_mean,Cytoplasmic,,-10.450542857142857
O00254,catGRANULE,region_mean,Transmembrane,,-10.908072262773722
O00254,catGRANULE,region_mean,Extracellular/Lumenal,,-9.986857943925235
O00254,PLAAC,whole_db,Whole,,-0.304
O00254,PLAAC,region_mean,Cytoplasmic,,0.0003436363636363
O00254,PLAAC,region_mean,Transmembrane,,0.0003364197530864
O00254,PLAAC,region_mean,Extracellular/Lumenal,,0.0050378151260504
O00254,PScore,whole_db,Whole,,-0.05
O00254,PScore,region_mean,Cytoplasmic,,-0.7754038461538462
O00254,PScore,region_mean,Transmembrane,,-0.3340246913580246
O00254,PScore,region_mean,Extracellular/Lumenal,,-0.0748319327731092
O00254,ESpritz,whole_db,Whole,,0.0
O00254,ESpritz,region_mean,Cytoplasmic,,0.0837072727272727
O00254,ESpritz,region_mean,Transmembrane,,0.0533888888888888
O00254,ESpritz,region_mean,Extracellular/Lumenal,,0.0729546218487394
O00254,SEG,whole_db,Whole,,0.03475935828877
O00254,SEG,region_mean,Cytoplasmic,,0.0
O00254,SEG,region_mean,Transmembrane,,0.0
O00254,SEG,region_mean,Extracellular/Lumenal,,0.0
O00254,ParSe2,whole_db,Whole,,3.1898290837044163
O00254,ParSe2,region_mean,Cytoplasmic,,0.0
O00254,ParSe2,region_mean,Transmembrane,,0.0
O00254,ParSe2,region_mean,Extracellular/Lumenal,,0.0072817660353837
Q9H3U5,catGRANULE,whole_db,Whole,,-0.147836
Q9H3U5,catGRANULE,region_mean,Transmembrane,,-6.443061206896552
Q9H3U5,PLAAC,whole_db,Whole,,-0.326
Q9H3U5,PLAAC,region_mean,Transmembrane,,0.0007833992094861
Q9H3U5,PScore,whole_db,Whole,,-0.44
Q9H3U5,PScore,region_mean,Transmembrane,,-0.2393083003952568
Q9H3U5,ESpritz,whole_db,Whole,,0.0193548387096774
Q9H3U5,ESpritz,region_mean,Transmembrane,,0.0588604743083003
Q9H3U5,SEG,whole_db,Whole,,0.1354838709677419
Q9H3U5,SEG,region_mean,Transmembrane,,0.1225296442687747
Q9H3U5,ParSe2,whole_db,Whole,,0.1882698967986205
Q9H3U5,ParSe2,region_mean,Transmembrane,,0.0
Q9Y624,catGRANULE,whole_db,Whole,,0.122957
Q9Y624,catGRANULE,region_mean,Transmembrane,,-1.0433272727272729
Q9Y624,catGRANULE,region_mean,Extracellular/Lumenal,,-3.688274881516587
Q9Y624,PLAAC,whole_db,Whole,,-0.223
Q9Y624,PLAAC,region_mean,Cytoplasmic,,0.00058
Q9Y624,PLAAC,region_mean,Transmembrane,,2.857142857142857e-05
Q9Y624,PLAAC,region_mean,Extracellular/Lumenal,,0.0010995260663507
Q9Y624,PScore,whole_db,Whole,,1.8
Q9Y624,PScore,region_mean,Cytoplasmic,,0.0076216216216216
Q9Y624,PScore,region_mean,Transmembrane,,-0.5326190476190478
Q9Y624,PScore,region_mean,Extracellular/Lumenal,,1.047658767772512
Q9Y624,ESpritz,whole_db,Whole,,0.0
Q9Y624,ESpritz,region_mean,Cytoplasmic,,0.3589974999999999
Q9Y624,ESpritz,region_mean,Transmembrane,,0.099247619047619
Q9Y624,ESpritz,region_mean,Extracellular/Lumenal,,0.0797293838862559
Q9Y624,SEG,whole_db,Whole,,0.1170568561872909
Q9Y624,SEG,region_mean,Cytoplasmic,,0.0
Q9Y624,SEG,region_mean,Transmembrane,,0.7619047619047619
Q9Y624,SEG,region_mean,Extracellular/Lumenal,,0.0142180094786729
Q9Y624,ParSe2,whole_db,Whole,,65.69682058715584
Q9Y624,ParSe2,region_mean,Cytoplasmic,,0.0317777601315868
Q9Y624,ParSe2,region_mean,Transmembrane,,0.0
Q9Y624,ParSe2,region_mean,Extracellular/Lumenal,,0.307142385324509
P31645,catGRANULE,whole_db,Whole,,0.0215138
P31645,catGRANULE,region_mean,Cytoplasmic,,-4.620656069364161
P31645,catGRANULE,region_mean,Transmembrane,,-7.079074074074074
P31645,catGRANULE,region_mean,Extracellular/Lumenal,,-6.843613414634146
P31645,PLAAC,whole_db,Whole,,-0.233
P31645,PLAAC,region_mean,Cytoplasmic,,0.0025418269230769
P31645,PLAAC,region_mean,Transmembrane,,0.0005755813953488
P31645,PLAAC,region_mean,Extracellular/Lumenal,,0.0012914634146341
P31645,PScore,whole_db,Whole,,0.6
P31645,PScore,region_mean,Cytoplasmic,,-0.0010439024390243
P31645,PScore,region_mean,Transmembrane,,0.0202480620155038
P31645,PScore,region_mean,Extracellular/Lumenal,,-0.1092865853658536
P31645,ESpritz,whole_db,Whole,,0.0158730158730158
P31645,ESpritz,region_mean,Cytoplasmic,,0.2170639423076923
P31645,ESpritz,region_mean,Transmembrane,,0.0504813953488372
P31645,ESpritz,region_mean,Extracellular/Lumenal,,0.041455487804878
P31645,SEG,whole_db,Whole,,0.0
P31645,SEG,region_mean,Cytoplasmic,,0.0
P31645,SEG,region_mean,Transmembrane,,0.0
P31645,SEG,region_mean,Extracellular/Lumenal,,0.0
P31645,ParSe2,whole_db,Whole,,45.04504044114031
P31645,ParSe2,region_mean,Cytoplasmic,,0.2448100023975016
P31645,ParSe2,region_mean,Transmembrane,,0.0
P31645,ParSe2,region_mean,Extracellular/Lumenal,,0.0
P49146,catGRANULE,whole_db,Whole,,-0.659332
P49146,catGRANULE,region_mean,Cytoplasmic,,-9.706451612903226
P49146,catGRANULE,region_mean,Transmembrane,,-9.228907142857144
P49146,catGRANULE,region_mean,Extracellular/Lumenal,,-7.806173563218392
P49146,PLAAC,whole_db,Whole,,-0.4
P49146,PLAAC,region_mean,Cytoplasmic,,0.0014098214285714
P49146,PLAAC,region_mean,Transmembrane,,0.0002516483516483
P49146,PLAAC,region_mean,Extracellular/Lumenal,,0.0007919540229885
P49146,PScore,whole_db,Whole,,-1.11
P49146,PScore,region_mean,Cytoplasmic,,-0.9897798165137616
P49146,PScore,region_mean,Transmembrane,,-0.7510934065934065
P49146,PScore,region_mean,Extracellular/Lumenal,,-0.0492758620689655
P49146,ESpritz,whole_db,Whole,,0.0367454068241469
P49146,ESpritz,region_mean,Cytoplasmic,,0.1346276785714285
P49146,ESpritz,region_mean,Transmembrane,,0.0635247252747252
P49146,ESpritz,region_mean,Extracellular/Lumenal,,0.2521367816091954
P49146,SEG,whole_db,Whole,,0.0419947506561679
P49146,SEG,region_mean,Cytoplasmic,,0.0
P49146,SEG,region_mean,Transmembrane,,0.0879120879120879
P49146,SEG,region_mean,Extracellular/Lumenal,,0.0
P49146,ParSe2,whole_db,Whole,,0.0
P49146,ParSe2,region_mean,Cytoplasmic,,0.0
P49146,ParSe2,region_mean,Transmembrane,,0.0
P49146,ParSe2,region_mean,Extracellular/Lumenal,,0.0
P15954,catGRANULE,whole_db,Whole,,-1.17953
P15954,PLAAC,whole_db,Whole,,-0.447
P15954,PLAAC,region_mean,Transmembrane,,0.0001629629629629
P15954,PLAAC,region_mean,Extracellular/Lumenal,,0.000265
P15954,ESpritz,whole_db,Whole,,1.0
P15954,ESpritz,region_mean,Transmembrane,,0.5706592592592593
P15954,ESpritz,region_mean,Extracellular/Lumenal,,0.611065
P15954,SEG,whole_db,Whole,,0.0
P15954,SEG,region_mean,Transmembrane,,0.0
P15954,SEG,region_mean,Extracellular/Lumenal,,0.0
P15954,ParSe2,whole_db,Whole,,1.978503163417904
P15954,ParSe2,region_mean,Transmembrane,,0.0
P15954,ParSe2,region_mean,Extracellular/Lumenal,,0.0771994563148865
P13569,catGRANULE,whole_db,Whole,,0.597176
P13569,catGRANULE,region_mean,Cytoplasmic,,-4.7659087686567165
P13569,catGRANULE,region_mean,Transmembrane,,-7.466015019762846
P13569,catGRANULE,region_mean,Extracellular/Lumenal,,-7.147034285714287
P13569,PLAAC,whole_db,Whole,,-0.2
P13569,PLAAC,region_mean,Cytoplasmic,,0.0017320855614973
P13569,PLAAC,region_mean,Transmembrane,,0.0002541501976284
P13569,PLAAC,region_mean,Extracellular/Lumenal,,0.0032733333333333
P13569,PScore,whole_db,Whole,,0.31
P13569,PScore,region_mean,Cytoplasmic,,-0.3477944593386953
P13569,PScore,region_mean,Transmembrane,,-0.3205928853754941
P13569,PScore,region_mean,Extracellular/Lumenal,,-0.2229904761904761
P13569,ESpritz,whole_db,Whole,,0.0135135135135135
P13569,ESpritz,region_mean,Cytoplasmic,,0.1003604278074866
P13569,ESpritz,region_mean,Transmembrane,,0.0445367588932806
P13569,ESpritz,region_mean,Extracellular/Lumenal,,0.0456133333333333
P13569,SEG,whole_db,Whole,,0.0337837837837837
P13569,SEG,region_mean,Cytoplasmic,,0.0
P13569,SEG,region_mean,Transmembrane,,0.1699604743083003
P13569,SEG,region_mean,Extracellular/Lumenal,,0.0666666666666666
P13569,ParSe2,whole_db,Whole,,52.7395275165172
P13569,ParSe2,region_mean,Cytoplasmic,,0.0337303645026639
P13569,ParSe2,region_mean,Transmembrane,,0.0
P13569,ParSe2,region_mean,Extracellular/Lumenal,,0.1495579742151631
Q9BRQ8,catGRANULE,whole_db,Whole,,0.602403
Q9BRQ8,catGRANULE,region_mean,Transmembrane,,-3.2351857142857146
Q9BRQ8,PLAAC,whole_db,Whole,,-0.196
Q9BRQ8,PLAAC,region_mean,Transmembrane,,0.0014999999999999
Q9BRQ8,PScore,whole_db,Whole,,1.03
Q9BRQ8,PScore,region_mean,Transmembrane,,-0.5481428571428572
Q9BRQ8,ESpritz,whole_db,Whole,,0.0
Q9BRQ8,ESpritz,region_mean,Transmembrane,,0.1839666666666666
Q9BRQ8,SEG,whole_db,Whole,,0.0375335120643431
Q9BRQ8,SEG,region_mean,Transmembrane,,0.6666666666666666
Q9BRQ8,ParSe2,whole_db,Whole,,2.9130331536542187
Q9BRQ8,ParSe2,region_mean,Transmembrane,,0.0
Q03135,catGRANULE,whole_db,Whole,,-0.510549
Q03135,catGRANULE,region_mean,Cytoplasmic,,-5.974828301886792
Q03135,PLAAC,whole_db,Whole,,-0.438
Q03135,PLAAC,region_mean,Cytoplasmic,,0.0006660256410256
Q03135,PScore,whole_db,Whole,,-1.88
Q03135,PScore,region_mean,Cytoplasmic,,-0.5460784313725489
Q03135,ESpritz,whole_db,Whole,,0.0
Q03135,ESpritz,region_mean,Cytoplasmic,,0.189676282051282
Q03135,SEG,whole_db,Whole,,0.0
Q03135,SEG,region_mean,Cytoplasmic,,0.0
Q03135,ParSe2,whole_db,Whole,,0.8851696392068683
Q03135,ParSe2,region_mean,Cytoplasmic,,0.0066554108211042
Q13021,catGRANULE,whole_db,Whole,,-1.85452
Q13021,catGRANULE,region_mean,Transmembrane,,-10.398087755102042
Q13021,PLAAC,whole_db,Whole,,-0.393
Q13021,PLAAC,region_mean,Transmembrane,,0.000347619047619
Q13021,PScore,whole_db,Whole,,-2.33
Q13021,PScore,region_mean,Transmembrane,,-0.6272048192771085
Q13021,ESpritz,whole_db,Whole,,0.0
Q13021,ESpritz,region_mean,Transmembrane,,0.1361738095238095
Q13021,SEG,whole_db,Whole,,0.0522875816993464
Q13021,SEG,region_mean,Transmembrane,,0.0833333333333333
Q13021,ParSe2,whole_db,Whole,,0.0108476709820374
Q13021,ParSe2,region_mean,Transmembrane,,0.0
P15941,catGRANULE,segment,Cytoplasmic,0.0,-2.3337
P15941,PLAAC,segment,Cytoplasmic,0.0,0.012
P15941,PScore,segment,Cytoplasmic,0.0,1.1403
P15941,ESpritz,segment,Cytoplasmic,0.0,0.2598
P15941,SEG,segment,Cytoplasmic,0.0,0.027
P15941,catGRANULE,segment,Transmembrane,0.0,-9.6694
P15941,PLAAC,segment,Transmembrane,0.0,0.0
P15941,PScore,segment,Transmembrane,0.0,-1.9388
P15941,ESpritz,segment,Transmembrane,0.0,0.067
P15941,SEG,segment,Transmembrane,0.0,0.913
P15941,catGRANULE,segment,Extracellular/Lumenal,0.0,-5.7764
P15941,PLAAC,segment,Extracellular/Lumenal,0.0,0.0014
P15941,PScore,segment,Extracellular/Lumenal,0.0,2.4466
P15941,ESpritz,segment,Extracellular/Lumenal,0.0,0.4992
P15941,SEG,segment,Extracellular/Lumenal,0.0,0.0282
Q7Z434,catGRANULE,segment,Cytoplasmic,0.0,-4.5712
Q7Z434,PLAAC,segment,Cytoplasmic,0.0,0.0009
Q7Z434,PScore,segment,Cytoplasmic,0.0,1.4034
Q7Z434,ESpritz,segment,Cytoplasmic,0.0,0.4241
Q7Z434,SEG,segment,Cytoplasmic,0.0,0.1426
Q7Z434,PLAAC,segment,Transmembrane,0.0,0.0001
Q7Z434,PScore,segment,Transmembrane,0.0,-0.015
Q7Z434,ESpritz,segment,Transmembrane,0.0,0.3158
Q7Z434,SEG,segment,Transmembrane,0.0,0.8095
Q7Z434,PLAAC,segment,Extracellular/Lumenal,0.0,0.0005
Q7Z434,PScore,segment,Extracellular/Lumenal,0.0,-0.045
Q7Z434,ESpritz,segment,Extracellular/Lumenal,0.0,0.3004
Q7Z434,SEG,segment,Extracellular/Lumenal,0.0,0.0
Q9BR39,catGRANULE,segment,Cytoplasmic,0.0,-0.1563
Q9BR39,PLAAC,segment,Cytoplasmic,0.0,0.0096
Q9BR39,PScore,segment,Cytoplasmic,0.0,1.158
Q9BR39,ESpritz,segment,Cytoplasmic,0.0,0.3906
Q9BR39,SEG,segment,Cytoplasmic,0.0,0.27
Q9BR39,PLAAC,segment,Transmembrane,0.0,0.0001
Q9BR39,PScore,segment,Transmembrane,0.0,-0.012
Q9BR39,ESpritz,segment,Transmembrane,0.0,0.3076
Q9BR39,SEG,segment,Transmembrane,0.0,0.0
O43561,catGRANULE,segment,Cytoplasmic,0.0,-4.1147
O43561,PLAAC,segment,Cytoplasmic,0.0,0.0007
O43561,PScore,segment,Cytoplasmic,0.0,1.1059
O43561,ESpritz,segment,Cytoplasmic,0.0,0.4563
O43561,SEG,segment,Cytoplasmic,0.0,0.2553
O43561,catGRANULE,segment,Transmembrane,0.0,-10.3468
O43561,PLAAC,segment,Transmembrane,0.0,0.0
O43561,PScore,segment,Transmembrane,0.0,-2.0965
O43561,ESpritz,segment,Transmembrane,0.0,0.2525
O43561,SEG,segment,Transmembrane,0.0,0.9565
O43561,catGRANULE,segment,Extracellular/Lumenal,0.0,-11.9399
O43561,PLAAC,segment,Extracellular/Lumenal,0.0,0.0005
O43561,PScore,segment,Extracellular/Lumenal,0.0,-2.23
O43561,ESpritz,segment,Extracellular/Lumenal,0.0,0.2755
O43561,SEG,segment,Extracellular/Lumenal,0.0,0.0
P31431,PLAAC,segment,Cytoplasmic,0.0,0.0006
P31431,PScore,segment,Cytoplasmic,0.0,0.684
P31431,ESpritz,segment,Cytoplasmic,0.0,0.387
P31431,SEG,segment,Cytoplasmic,0.0,0.0
P31431,catGRANULE,segment,Transmembrane,0.0,-1.7916
P31431,PLAAC,segment,Transmembrane,0.0,0.0001
P31431,PScore,segment,Transmembrane,0.0,-0.6625
P31431,ESpritz,segment,Transmembrane,0.0,0.2287
P31431,SEG,segment,Transmembrane,0.0,0.0
P31431,catGRANULE,segment,Extracellular/Lumenal,0.0,-1.8
P31431,PLAAC,segment,Extracellular/Lumenal,0.0,0.0005
P31431,PScore,segment,Extracellular/Lumenal,0.0,0.8245
P31431,ESpritz,segment,Extracellular/Lumenal,0.0,0.3895
P31431,SEG,segment,Extracellular/Lumenal,0.0,0.1496
O75445,catGRANULE,segment,Cytoplasmic,0.0,-4.7615
O75445,PLAAC,segment,Cytoplasmic,0.0,0.005
O75445,PScore,segment,Cytoplasmic,0.0,0.5265
O75445,ESpritz,segment,Cytoplasmic,0.0,0.099
O75445,SEG,segment,Cytoplasmic,0.0,0.0
O75445,catGRANULE,segment,Transmembrane,0.0,-7.2938
O75445,PLAAC,segment,Transmembrane,0.0,0.0001
O75445,PScore,segment,Transmembrane,0.0,-1.8885
O75445,ESpritz,segment,Transmembrane,0.0,0.0437
O75445,SEG,segment,Transmembrane,0.0,0.9524
O75445,catGRANULE,segment,Extracellular/Lumenal,0.0,-4.786
O75445,PLAAC,segment,Extracellular/Lumenal,0.0,0.0033
O75445,PScore,segment,Extracellular/Lumenal,0.0,0.6753
O75445,ESpritz,segment,Extracellular/Lumenal,0.0,0.0482
O75445,SEG,segment,Extracellular/Lumenal,0.0,0.0068
Q9UM73,catGRANULE,segment,Cytoplasmic,0.0,-4.0927
Q9UM73,PLAAC,segment,Cytoplasmic,0.0,0.0122
Q9UM73,PScore,segment,Cytoplasmic,0.0,0.5246
Q9UM73,ESpritz,segment,Cytoplasmic,0.0,0.1977
Q9UM73,SEG,segment,Cytoplasmic,0.0,0.0588
Q9UM73,catGRANULE,segment,Transmembrane,0.0,-8.7315
Q9UM73,PLAAC,segment,Transmembrane,0.0,0.0001
Q9UM73,PScore,segment,Transmembrane,0.0,-1.6827
Q9UM73,ESpritz,segment,Transmembrane,0.0,0.0433
Q9UM73,SEG,segment,Transmembrane,0.0,0.7143
Q9UM73,catGRANULE,segment,Extracellular/Lumenal,0.0,-1.6241
Q9UM73,PLAAC,segment,Extracellular/Lumenal,0.0,0.026
Q9UM73,PScore,segment,Extracellular/Lumenal,0.0,0.9611
Q9UM73,ESpritz,segment,Extracellular/Lumenal,0.0,0.0734
Q9UM73,SEG,segment,Extracellular/Lumenal,0.0,0.1078
Q9H461,catGRANULE,segment,Cytoplasmic,0.0,1.6192
Q9H461,catGRANULE,segment,Cytoplasmic,1.0,-4.3105
Q9H461,catGRANULE,segment,Cytoplasmic,2.0,-9.8119
Q9H461,catGRANULE,segment,Cytoplasmic,3.0,28.0134
Q9H461,PLAAC,segment,Cytoplasmic,0.0,0.0
Q9H461,PLAAC,segment,Cytoplasmic,1.0,0.0011
Q9H461,PLAAC,segment,Cytoplasmic,2.0,0.0002
Q9H461,PLAAC,segment,Cytoplasmic,3.0,0.332
Q9H461,PScore,segment,Cytoplasmic,0.0,2.5211
Q9H461,PScore,segment,Cytoplasmic,1.0,-0.395
Q9H461,PScore,segment,Cytoplasmic,2.0,-0.4084
Q9H461,PScore,segment,Cytoplasmic,3.0,3.1342
Q9H461,ESpritz,segment,Cytoplasmic,0.0,0.0941
Q9H461,ESpritz,segment,Cytoplasmic,1.0,0.0468
Q9H461,ESpritz,segment,Cytoplasmic,2.0,0.0409
Q9H461,ESpritz,segment,Cytoplasmic,3.0,0.4306
Q9H461,SEG,segment,Cytoplasmic,0.0,0.0
Q9H461,SEG,segment,Cytoplasmic,1.0,0.0
Q9H461,SEG,segment,Cytoplasmic,2.0,0.0
Q9H461,SEG,segment,Cytoplasmic,3.0,0.427
Q9H461,catGRANULE,segment,Transmembrane,0.0,-10.1165
Q9H461,catGRANULE,segment,Transmembrane,1.0,14.3713
Q9H461,catGRANULE,segment,Transmembrane,2.0,-8.6158
Q9H461,catGRANULE,segment,Transmembrane,3.0,-4.4987
Q9H461,catGRANULE,segment,Transmembrane,4.0,-6.4262
Q9H461,catGRANULE,segment,Transmembrane,5.0,-11.4391
Q9H461,catGRANULE,segment,Transmembrane,6.0,5.968
Q9H461,PLAAC,segment,Transmembrane,0.0,0.0
Q9H461,PLAAC,segment,Transmembrane,1.0,0.0001
Q9H461,PLAAC,segment,Transmembrane,2.0,0.0002
Q9H461,PLAAC,segment,Transmembrane,3.0,0.0004
Q9H461,PLAAC,segment,Transmembrane,4.0,0.0001
Q9H461,PLAAC,segment,Transmembrane,5.0,0.0001
Q9H461,PLAAC,segment,Transmembrane,6.0,0.0001
Q9H461,PScore,segment,Transmembrane,0.0,0.9373
Q9H461,PScore,segment,Transmembrane,1.0,1.0833
Q9H461,PScore,segment,Transmembrane,2.0,1.9085
Q9H461,PScore,segment,Transmembrane,3.0,-0.4042
Q9H461,PScore,segment,Transmembrane,4.0,-0.0373
Q9H461,PScore,segment,Transmembrane,5.0,-1.0658
Q9H461,PScore,segment,Transmembrane,6.0,2.7226
Q9H461,ESpritz,segment,Transmembrane,0.0,0.1199
Q9H461,ESpritz,segment,Transmembrane,1.0,0.086
Q9H461,ESpritz,segment,Transmembrane,2.0,0.051
Q9H461,ESpritz,segment,Transmembrane,3.0,0.0451
Q9H461,ESpritz,segment,Transmembrane,4.0,0.0398
Q9H461,ESpritz,segment,Transmembrane,5.0,0.0437
Q9H461,ESpritz,segment,Transmembrane,6.0,0.0847
Q9H461,SEG,segment,Transmembrane,0.0,0.0
Q9H461,SEG,segment,Transmembrane,1.0,0.0
Q9H461,SEG,segment,Transmembrane,2.0,0.0
Q9H461,SEG,segment,Transmembrane,3.0,0.0
Q9H461,SEG,segment,Transmembrane,4.0,0.0
Q9H461,SEG,segment,Transmembrane,5.0,0.0
Q9H461,SEG,segment,Transmembrane,6.0,0.0
Q9H461,catGRANULE,segment,Extracellular/Lumenal,0.0,-2.4888
Q9H461,catGRANULE,segment,Extracellular/Lumenal,1.0,1.7818
Q9H461,catGRANULE,segment,Extracellular/Lumenal,2.0,-3.8174
Q9H461,catGRANULE,segment,Extracellular/Lumenal,3.0,-8.4772
Q9H461,PLAAC,segment,Extracellular/Lumenal,0.0,0.0274
Q9H461,PLAAC,segment,Extracellular/Lumenal,1.0,0.0641
Q9H461,PLAAC,segment,Extracellular/Lumenal,2.0,0.0012
Q9H461,PLAAC,segment,Extracellular/Lumenal,3.0,0.0004
Q9H461,PScore,segment,Extracellular/Lumenal,0.0,1.7149
Q9H461,PScore,segment,Extracellular/Lumenal,1.0,0.7498
Q9H461,PScore,segment,Extracellular/Lumenal,2.0,-0.6096
Q9H461,PScore,segment,Extracellular/Lumenal,3.0,-0.0675
Q9H461,ESpritz,segment,Extracellular/Lumenal,0.0,0.1806
Q9H461,ESpritz,segment,Extracellular/Lumenal,1.0,0.1128
Q9H461,ESpritz,segment,Extracellular/Lumenal,2.0,0.0424
Q9H461,ESpritz,segment,Extracellular/Lumenal,3.0,0.0574
Q9H461,SEG,segment,Extracellular/Lumenal,0.0,0.2984
Q9H461,SEG,segment,Extracellular/Lumenal,1.0,0.4921
Q9H461,SEG,segment,Extracellular/Lumenal,2.0,0.0
Q9H461,SEG,segment,Extracellular/Lumenal,3.0,0.0
O14763,catGRANULE,segment,Cytoplasmic,0.0,-5.015
O14763,PLAAC,segment,Cytoplasmic,0.0,0.0005
O14763,PScore,segment,Cytoplasmic,0.0,0.1398
O14763,ESpritz,segment,Cytoplasmic,0.0,0.2324
O14763,SEG,segment,Cytoplasmic,0.0,0.0861
O14763,catGRANULE,segment,Transmembrane,0.0,-0.4049
O14763,PLAAC,segment,Transmembrane,0.0,0.0001
O14763,PScore,segment,Transmembrane,0.0,-0.2967
O14763,ESpritz,segment,Transmembrane,0.0,0.1051
O14763,SEG,segment,Transmembrane,0.0,0.8571
O14763,catGRANULE,segment,Extracellular/Lumenal,0.0,-6.1099
O14763,PLAAC,segment,Extracellular/Lumenal,0.0,0.0029
O14763,PScore,segment,Extracellular/Lumenal,0.0,1.0791
O14763,ESpritz,segment,Extracellular/Lumenal,0.0,0.1599
O14763,SEG,segment,Extracellular/Lumenal,0.0,0.0903
P46531,catGRANULE,segment,Cytoplasmic,0.0,-3.7054
P46531,PLAAC,segment,Cytoplasmic,0.0,0.0846
P46531,PScore,segment,Cytoplasmic,0.0,0.4134
P46531,ESpritz,segment,Cytoplasmic,0.0,0.2638
P46531,SEG,segment,Cytoplasmic,0.0,0.1815
P46531,catGRANULE,segment,Transmembrane,0.0,1.4189
P46531,PLAAC,segment,Transmembrane,0.0,0.0002
P46531,PScore,segment,Transmembrane,0.0,0.4019
P46531,ESpritz,segment,Transmembrane,0.0,0.1228
P46531,SEG,segment,Transmembrane,0.0,0.8571
P46531,catGRANULE,segment,Extracellular/Lumenal,0.0,-3.4431
P46531,PLAAC,segment,Extracellular/Lumenal,0.0,0.0011
P46531,PScore,segment,Extracellular/Lumenal,0.0,1.9098
P46531,ESpritz,segment,Extracellular/Lumenal,0.0,0.0483
P46531,SEG,segment,Extracellular/Lumenal,0.0,0.0215
Q8N114,catGRANULE,segment,Cytoplasmic,0.0,-8.9514
Q8N114,PLAAC,segment,Cytoplasmic,0.0,0.5921
Q8N114,PScore,segment,Cytoplasmic,0.0,2.8109
Q8N114,ESpritz,segment,Cytoplasmic,0.0,0.3374
Q8N114,SEG,segment,Cytoplasmic,0.0,0.7456
Q8N114,catGRANULE,segment,Transmembrane,0.0,-16.8586
Q8N114,PLAAC,segment,Transmembrane,0.0,0.0005
Q8N114,PScore,segment,Transmembrane,0.0,-0.0636
Q8N114,ESpritz,segment,Transmembrane,0.0,0.0789
Q8N114,SEG,segment,Transmembrane,0.0,0.1905
Q8N114,catGRANULE,segment,Extracellular/Lumenal,0.0,-8.601
Q8N114,PLAAC,segment,Extracellular/Lumenal,0.0,0.0007
Q8N114,PScore,segment,Extracellular/Lumenal,0.0,0.5075
Q8N114,ESpritz,segment,Extracellular/Lumenal,0.0,0.1155
Q8N114,SEG,segment,Extracellular/Lumenal,0.0,0.0
Q07065,catGRANULE,segment,Cytoplasmic,0.0,1.0514
Q07065,PLAAC,segment,Cytoplasmic,0.0,0.4301
Q07065,PScore,segment,Cytoplasmic,0.0,2.4874
Q07065,ESpritz,segment,Cytoplasmic,0.0,0.5864
Q07065,SEG,segment,Cytoplasmic,0.0,0.6698
Q07065,catGRANULE,segment,Transmembrane,0.0,-2.9964
Q07065,PLAAC,segment,Transmembrane,0.0,0.0003
Q07065,PScore,segment,Transmembrane,0.0,-0.0986
Q07065,ESpritz,segment,Transmembrane,0.0,0.3483
Q07065,SEG,segment,Transmembrane,0.0,0.7619
Q07065,catGRANULE,segment,Extracellular/Lumenal,0.0,-4.487
Q07065,PLAAC,segment,Extracellular/Lumenal,0.0,0.0003
Q07065,PScore,segment,Extracellular/Lumenal,0.0,-0.8063
Q07065,ESpritz,segment,Extracellular/Lumenal,0.0,0.3983
Q07065,SEG,segment,Extracellular/Lumenal,0.0,0.0947
P08172,catGRANULE,segment,Cytoplasmic,0.0,-8.9439
P08172,catGRANULE,segment,Cytoplasmic,1.0,-11.1406
P08172,catGRANULE,segment,Cytoplasmic,2.0,-2.6259
P08172,catGRANULE,segment,Cytoplasmic,3.0,
P08172,PLAAC,segment,Cytoplasmic,0.0,0.0024
P08172,PLAAC,segment,Cytoplasmic,1.0,0.0001
P08172,PLAAC,segment,Cytoplasmic,2.0,0.0078
P08172,PLAAC,segment,Cytoplasmic,3.0,0.0007
P08172,PScore,segment,Cytoplasmic,0.0,-1.5062
P08172,PScore,segment,Cytoplasmic,1.0,-1.2322
P08172,PScore,segment,Cytoplasmic,2.0,0.123
P08172,PScore,segment,Cytoplasmic,3.0,0.909
P08172,ESpritz,segment,Cytoplasmic,0.0,0.0854
P08172,ESpritz,segment,Cytoplasmic,1.0,0.0433
P08172,ESpritz,segment,Cytoplasmic,2.0,0.3108
P08172,ESpritz,segment,Cytoplasmic,3.0,0.1639
P08172,SEG,segment,Cytoplasmic,0.0,0.0
P08172,SEG,segment,Cytoplasmic,1.0,0.0
P08172,SEG,segment,Cytoplasmic,2.0,0.0111
P08172,SEG,segment,Cytoplasmic,3.0,0.0
P08172,catGRANULE,segment,Transmembrane,0.0,-7.7006
P08172,catGRANULE,segment,Transmembrane,1.0,-10.1298
P08172,catGRANULE,segment,Transmembrane,2.0,-12.6618
P08172,catGRANULE,segment,Transmembrane,3.0,-10.1086
P08172,catGRANULE,segment,Transmembrane,4.0,-5.0784
P08172,catGRANULE,segment,Transmembrane,5.0,-13.6901
P08172,catGRANULE,segment,Transmembrane,6.0,
P08172,PLAAC,segment,Transmembrane,0.0,0.0002
P08172,PLAAC,segment,Transmembrane,1.0,0.0005
P08172,PLAAC,segment,Transmembrane,2.0,0.0004
P08172,PLAAC,segment,Transmembrane,3.0,0.0001
P08172,PLAAC,segment,Transmembrane,4.0,0.0003
P08172,PLAAC,segment,Transmembrane,5.0,0.0003
P08172,PLAAC,segment,Transmembrane,6.0,0.0004
P08172,PScore,segment,Transmembrane,0.0,-1.7077
P08172,PScore,segment,Transmembrane,1.0,-0.2216
P08172,PScore,segment,Transmembrane,2.0,-0.3161
P08172,PScore,segment,Transmembrane,3.0,-1.1108
P08172,PScore,segment,Transmembrane,4.0,-0.554
P08172,PScore,segment,Transmembrane,5.0,0.1721
P08172,PScore,segment,Transmembrane,6.0,0.8159
P08172,ESpritz,segment,Transmembrane,0.0,0.1185
P08172,ESpritz,segment,Transmembrane,1.0,0.0712
P08172,ESpritz,segment,Transmembrane,2.0,0.0468
P08172,ESpritz,segment,Transmembrane,3.0,0.0488
P08172,ESpritz,segment,Transmembrane,4.0,0.0972
P08172,ESpritz,segment,Transmembrane,5.0,0.1879
P08172,ESpritz,segment,Transmembrane,6.0,0.1102
P08172,SEG,segment,Transmembrane,0.0,0.0
P08172,SEG,segment,Transmembrane,1.0,0.0
P08172,SEG,segment,Transmembrane,2.0,0.0
P08172,SEG,segment,Transmembrane,3.0,0.0
P08172,SEG,segment,Transmembrane,4.0,0.0
P08172,SEG,segment,Transmembrane,5.0,0.56
P08172,SEG,segment,Transmembrane,6.0,0.0
P08172,catGRANULE,segment,Extracellular/Lumenal,0.0,-7.3812
P08172,catGRANULE,segment,Extracellular/Lumenal,1.0,-10.7466
P08172,catGRANULE,segment,Extracellular/Lumenal,2.0,-8.2815
P08172,catGRANULE,segment,Extracellular/Lumenal,3.0,-10.8419
P08172,PLAAC,segment,Extracellular/Lumenal,0.0,0.4907
P08172,PLAAC,segment,Extracellular/Lumenal,1.0,0.0001
P08172,PLAAC,segment,Extracellular/Lumenal,2.0,0.0004
P08172,PLAAC,segment,Extracellular/Lumenal,3.0,0.0002
P08172,PScore,segment,Extracellular/Lumenal,0.0,-1.437
P08172,PScore,segment,Extracellular/Lumenal,1.0,-0.9311
P08172,PScore,segment,Extracellular/Lumenal,2.0,0.8805
P08172,PScore,segment,Extracellular/Lumenal,3.0,1.1796
P08172,ESpritz,segment,Extracellular/Lumenal,0.0,0.2397
P08172,ESpritz,segment,Extracellular/Lumenal,1.0,0.0588
P08172,ESpritz,segment,Extracellular/Lumenal,2.0,0.06
P08172,ESpritz,segment,Extracellular/Lumenal,3.0,0.1244
P08172,SEG,segment,Extracellular/Lumenal,0.0,0.75
P08172,SEG,segment,Extracellular/Lumenal,1.0,0.0
P08172,SEG,segment,Extracellular/Lumenal,2.0,0.0
P08172,SEG,segment,Extracellular/Lumenal,3.0,0.0
Q08345,catGRANULE,segment,Cytoplasmic,0.0,-4.3178
Q08345,PLAAC,segment,Cytoplasmic,0.0,0.0015
Q08345,PScore,segment,Cytoplasmic,0.0,0.3405
Q08345,ESpritz,segment,Cytoplasmic,0.0,0.1369
Q08345,SEG,segment,Cytoplasmic,0.0,0.1558
Q08345,catGRANULE,segment,Transmembrane,0.0,-10.4979
Q08345,PLAAC,segment,Transmembrane,0.0,0.0
Q08345,PScore,segment,Transmembrane,0.0,-2.5029
Q08345,ESpritz,segment,Transmembrane,0.0,0.0871
Q08345,SEG,segment,Transmembrane,0.0,1.0
Q08345,catGRANULE,segment,Extracellular/Lumenal,0.0,-1.7916
Q08345,PLAAC,segment,Extracellular/Lumenal,0.0,0.0009
Q08345,PScore,segment,Extracellular/Lumenal,0.0,1.075
Q08345,ESpritz,segment,Extracellular/Lumenal,0.0,0.0943
Q08345,SEG,segment,Extracellular/Lumenal,0.0,0.1083
O60500,catGRANULE,segment,Cytoplasmic,0.0,-3.3209
O60500,PLAAC,segment,Cytoplasmic,0.0,0.0003
O60500,PScore,segment,Cytoplasmic,0.0,0.7497
O60500,ESpritz,segment,Cytoplasmic,0.0,0.3807
O60500,SEG,segment,Cytoplasmic,0.0,0.0
O60500,catGRANULE,segment,Transmembrane,0.0,-0.9532
O60500,PLAAC,segment,Transmembrane,0.0,0.0004
O60500,PScore,segment,Transmembrane,0.0,-0.0141
O60500,ESpritz,segment,Transmembrane,0.0,0.2269
O60500,SEG,segment,Transmembrane,0.0,1.0
O60500,catGRANULE,segment,Extracellular/Lumenal,0.0,-4.6792
O60500,PLAAC,segment,Extracellular/Lumenal,0.0,0.0004
O60500,PScore,segment,Extracellular/Lumenal,0.0,0.3547
O60500,ESpritz,segment,Extracellular/Lumenal,0.0,0.0686
O60500,SEG,segment,Extracellular/Lumenal,0.0,0.062
P05067,PLAAC,segment,Cytoplasmic,0.0,0.0749
P05067,PScore,segment,Cytoplasmic,0.0,-0.9555
P05067,ESpritz,segment,Cytoplasmic,0.0,0.2165
P05067,SEG,segment,Cytoplasmic,0.0,0.0208
P05067,catGRANULE,segment,Transmembrane,0.0,-5.6086
P05067,PLAAC,segment,Transmembrane,0.0,0.0001
P05067,PScore,segment,Transmembrane,0.0,-0.929
P05067,ESpritz,segment,Transmembrane,0.0,0.0884
P05067,SEG,segment,Transmembrane,0.0,0.8095
P05067,catGRANULE,segment,Extracellular/Lumenal,0.0,-5.5137
P05067,PLAAC,segment,Extracellular/Lumenal,0.0,0.0008
P05067,PScore,segment,Extracellular/Lumenal,0.0,-0.0432
P05067,ESpritz,segment,Extracellular/Lumenal,0.0,0.1562
P05067,SEG,segment,Extracellular/Lumenal,0.0,0.1301
Q8WXG9,catGRANULE,segment,Cytoplasmic,0.0,-15.2399
Q8WXG9,catGRANULE,segment,Cytoplasmic,1.0,-7.099
Q8WXG9,catGRANULE,segment,Cytoplasmic,2.0,-8.9344
Q8WXG9,catGRANULE,segment,Cytoplasmic,3.0,1.518
Q8WXG9,PLAAC,segment,Cytoplasmic,0.0,0.0003
Q8WXG9,PLAAC,segment,Cytoplasmic,1.0,0.0001
Q8WXG9,PLAAC,segment,Cytoplasmic,2.0,0.0003
Q8WXG9,PLAAC,segment,Cytoplasmic,3.0,0.0583
Q8WXG9,PScore,segment,Cytoplasmic,0.0,-0.7609
Q8WXG9,PScore,segment,Cytoplasmic,1.0,-0.3857
Q8WXG9,PScore,segment,Cytoplasmic,2.0,-0.782
Q8WXG9,PScore,segment,Cytoplasmic,3.0,1.0219
Q8WXG9,ESpritz,segment,Cytoplasmic,0.0,0.0388
Q8WXG9,ESpritz,segment,Cytoplasmic,1.0,0.0387
Q8WXG9,ESpritz,segment,Cytoplasmic,2.0,0.0425
Q8WXG9,ESpritz,segment,Cytoplasmic,3.0,0.3303
Q8WXG9,SEG,segment,Cytoplasmic,0.0,0.0
Q8WXG9,SEG,segment,Cytoplasmic,1.0,0.0
Q8WXG9,SEG,segment,Cytoplasmic,2.0,0.0
Q8WXG9,SEG,segment,Cytoplasmic,3.0,0.0
Q8WXG9,catGRANULE,segment,Transmembrane,0.0,-14.101
Q8WXG9,catGRANULE,segment,Transmembrane,1.0,-14.7886
Q8WXG9,catGRANULE,segment,Transmembrane,2.0,-9.6554
Q8WXG9,catGRANULE,segment,Transmembrane,3.0,-9.5269
Q8WXG9,catGRANULE,segment,Transmembrane,4.0,-9.8649
Q8WXG9,catGRANULE,segment,Transmembrane,5.0,-10.388
Q8WXG9,catGRANULE,segment,Transmembrane,6.0,-4.569
Q8WXG9,PLAAC,segment,Transmembrane,0.0,0.0001
Q8WXG9,PLAAC,segment,Transmembrane,1.0,0.0006
Q8WXG9,PLAAC,segment,Transmembrane,2.0,0.0003
Q8WXG9,PLAAC,segment,Transmembrane,3.0,0.0
Q8WXG9,PLAAC,segment,Transmembrane,4.0,0.0001
Q8WXG9,PLAAC,segment,Transmembrane,5.0,0.0001
Q8WXG9,PLAAC,segment,Transmembrane,6.0,0.0005
Q8WXG9,PScore,segment,Transmembrane,0.0,0.2935
Q8WXG9,PScore,segment,Transmembrane,1.0,-2.3027
Q8WXG9,PScore,segment,Transmembrane,2.0,0.3754
Q8WXG9,PScore,segment,Transmembrane,3.0,-1.4732
Q8WXG9,PScore,segment,Transmembrane,4.0,-0.0542
Q8WXG9,PScore,segment,Transmembrane,5.0,-1.3398
Q8WXG9,PScore,segment,Transmembrane,6.0,-0.0829
Q8WXG9,ESpritz,segment,Transmembrane,0.0,0.0388
Q8WXG9,ESpritz,segment,Transmembrane,1.0,0.0389
Q8WXG9,ESpritz,segment,Transmembrane,2.0,0.0385
Q8WXG9,ESpritz,segment,Transmembrane,3.0,0.0383
Q8WXG9,ESpritz,segment,Transmembrane,4.0,0.0392
Q8WXG9,ESpritz,segment,Transmembrane,5.0,0.0476
Q8WXG9,ESpritz,segment,Transmembrane,6.0,0.0684
Q8WXG9,SEG,segment,Transmembrane,0.0,0.0
Q8WXG9,SEG,segment,Transmembrane,1.0,0.0
Q8WXG9,SEG,segment,Transmembrane,2.0,0.0
Q8WXG9,SEG,segment,Transmembrane,3.0,0.381
Q8WXG9,SEG,segment,Transmembrane,4.0,0.3333
Q8WXG9,SEG,segment,Transmembrane,5.0,0.0
Q8WXG9,SEG,segment,Transmembrane,6.0,0.0
Q8WXG9,catGRANULE,segment,Extracellular/Lumenal,0.0,-3.8835
Q8WXG9,catGRANULE,segment,Extracellular/Lumenal,1.0,-12.8922
Q8WXG9,catGRANULE,segment,Extracellular/Lumenal,2.0,-11.0392
Q8WXG9,catGRANULE,segment,Extracellular/Lumenal,3.0,-9.0129
Q8WXG9,PLAAC,segment,Extracellular/Lumenal,0.0,0.0006
Q8WXG9,PLAAC,segment,Extracellular/Lumenal,1.0,0.0005
Q8WXG9,PLAAC,segment,Extracellular/Lumenal,2.0,0.0031
Q8WXG9,PLAAC,segment,Extracellular/Lumenal,3.0,0.0003
Q8WXG9,PScore,segment,Extracellular/Lumenal,0.0,0.1022
Q8WXG9,PScore,segment,Extracellular/Lumenal,1.0,-0.9604
Q8WXG9,PScore,segment,Extracellular/Lumenal,2.0,-1.089
Q8WXG9,PScore,segment,Extracellular/Lumenal,3.0,-0.8844
Q8WXG9,ESpritz,segment,Extracellular/Lumenal,0.0,0.0443
Q8WXG9,ESpritz,segment,Extracellular/Lumenal,1.0,0.0393
Q8WXG9,ESpritz,segment,Extracellular/Lumenal,2.0,0.0384
Q8WXG9,ESpritz,segment,Extracellular/Lumenal,3.0,0.0537
Q8WXG9,SEG,segment,Extracellular/Lumenal,0.0,0.018
Q8WXG9,SEG,segment,Extracellular/Lumenal,1.0,0.0
Q8WXG9,SEG,segment,Extracellular/Lumenal,2.0,0.0357
Q8WXG9,SEG,segment,Extracellular/Lumenal,3.0,0.0
P11362,catGRANULE,segment,Cytoplasmic,0.0,-5.0897
P11362,PLAAC,segment,Cytoplasmic,0.0,0.0005
P11362,PScore,segment,Cytoplasmic,0.0,0.0741
P11362,ESpritz,segment,Cytoplasmic,0.0,0.1282
P11362,SEG,segment,Cytoplasmic,0.0,0.0353
P11362,catGRANULE,segment,Transmembrane,0.0,-5.4243
P11362,PLAAC,segment,Transmembrane,0.0,0.0001
P11362,PScore,segment,Transmembrane,0.0,-0.4118
P11362,ESpritz,segment,Transmembrane,0.0,0.0445
P11362,SEG,segment,Transmembrane,0.0,0.0
P11362,catGRANULE,segment,Extracellular/Lumenal,0.0,-4.3772
P11362,PLAAC,segment,Extracellular/Lumenal,0.0,0.0004
P11362,PScore,segment,Extracellular/Lumenal,0.0,0.4348
P11362,ESpritz,segment,Extracellular/Lumenal,0.0,0.1656
P11362,SEG,segment,Extracellular/Lumenal,0.0,0.0761
Q8NC56,catGRANULE,segment,Transmembrane,0.0,-7.5201
Q8NC56,catGRANULE,segment,Transmembrane,1.0,-8.7357
Q8NC56,PLAAC,segment,Transmembrane,0.0,0.0
Q8NC56,PLAAC,segment,Transmembrane,1.0,0.0
Q8NC56,PScore,segment,Transmembrane,0.0,-1.2511
Q8NC56,PScore,segment,Transmembrane,1.0,-1.4552
Q8NC56,ESpritz,segment,Transmembrane,0.0,0.1569
Q8NC56,ESpritz,segment,Transmembrane,1.0,0.0505
Q8NC56,SEG,segment,Transmembrane,0.0,0.8571
Q8NC56,SEG,segment,Transmembrane,1.0,0.0
P40967,PLAAC,segment,Cytoplasmic,0.0,0.0045
P40967,PScore,segment,Cytoplasmic,0.0,1.6145
P40967,ESpritz,segment,Cytoplasmic,0.0,0.1634
P40967,SEG,segment,Cytoplasmic,0.0,0.0
P40967,catGRANULE,segment,Transmembrane,0.0,-11.1157
P40967,PLAAC,segment,Transmembrane,0.0,0.0001
P40967,PScore,segment,Transmembrane,0.0,-0.9839
P40967,ESpritz,segment,Transmembrane,0.0,0.0664
P40967,SEG,segment,Transmembrane,0.0,0.8571
P40967,catGRANULE,segment,Extracellular/Lumenal,0.0,-6.7486
P40967,PLAAC,segment,Extracellular/Lumenal,0.0,0.0005
P40967,PScore,segment,Extracellular/Lumenal,0.0,0.3145
P40967,ESpritz,segment,Extracellular/Lumenal,0.0,0.0622
P40967,SEG,segment,Extracellular/Lumenal,0.0,0.0
P07766,catGRANULE,segment,Cytoplasmic,0.0,6.7436
P07766,PLAAC,segment,Cytoplasmic,0.0,0.0059
P07766,PScore,segment,Cytoplasmic,0.0,0.919
P07766,ESpritz,segment,Cytoplasmic,0.0,0.5528
P07766,SEG,segment,Cytoplasmic,0.0,0.2182
P07766,catGRANULE,segment,Transmembrane,0.0,3.8376
P07766,PLAAC,segment,Transmembrane,0.0,0.0001
P07766,PScore,segment,Transmembrane,0.0,-0.0142
P07766,ESpritz,segment,Transmembrane,0.0,0.1717
P07766,SEG,segment,Transmembrane,0.0,0.0
P07766,catGRANULE,segment,Extracellular/Lumenal,0.0,-2.7536
P07766,PLAAC,segment,Extracellular/Lumenal,0.0,0.0004
P07766,PScore,segment,Extracellular/Lumenal,0.0,0.7128
P07766,ESpritz,segment,Extracellular/Lumenal,0.0,0.1798
P07766,SEG,segment,Extracellular/Lumenal,0.0,0.0
P20963,catGRANULE,segment,Cytoplasmic,0.0,5.915
P20963,PLAAC,segment,Cytoplasmic,0.0,0.053
P20963,PScore,segment,Cytoplasmic,0.0,-0.1788
P20963,ESpritz,segment,Cytoplasmic,0.0,0.5369
P20963,SEG,segment,Cytoplasmic,0.0,0.0
P20963,catGRANULE,segment,Transmembrane,0.0,-0.8481
P20963,PLAAC,segment,Transmembrane,0.0,0.0001
P20963,PScore,segment,Transmembrane,0.0,0.4507
P20963,ESpritz,segment,Transmembrane,0.0,0.2331
P20963,SEG,segment,Transmembrane,0.0,0.0
P20963,catGRANULE,segment,Extracellular/Lumenal,0.0,-4.371
P20963,PLAAC,segment,Extracellular/Lumenal,0.0,0.0002
P20963,PScore,segment,Extracellular/Lumenal,0.0,-0.2284
P20963,ESpritz,segment,Extracellular/Lumenal,0.0,0.2198
P20963,SEG,segment,Extracellular/Lumenal,0.0,0.0
P04626,catGRANULE,segment,Cytoplasmic,0.0,-3.6331
P04626,PLAAC,segment,Cytoplasmic,0.0,0.0023
P04626,PScore,segment,Cytoplasmic,0.0,0.7229
P04626,ESpritz,segment,Cytoplasmic,0.0,0.2335
P04626,SEG,segment,Cytoplasmic,0.0,0.0672
P04626,catGRANULE,segment,Transmembrane,0.0,-6.5002
P04626,PLAAC,segment,Transmembrane,0.0,0.0
P04626,PScore,segment,Transmembrane,0.0,-1.2011
P04626,ESpritz,segment,Transmembrane,0.0,0.0421
P04626,SEG,segment,Transmembrane,0.0,0.7826
P04626,catGRANULE,segment,Extracellular/Lumenal,0.0,-6.227
P04626,PLAAC,segment,Extracellular/Lumenal,0.0,0.0006
P04626,PScore,segment,Extracellular/Lumenal,0.0,0.4798
P04626,ESpritz,segment,Extracellular/Lumenal,0.0,0.0487
P04626,SEG,segment,Extracellular/Lumenal,0.0,0.0238
O75460,catGRANULE,segment,Cytoplasmic,0.0,-4.1865
O75460,PLAAC,segment,Cytoplasmic,0.0,0.0221
O75460,PScore,segment,Cytoplasmic,0.0,0.0394
O75460,ESpritz,segment,Cytoplasmic,0.0,0.1111
O75460,SEG,segment,Cytoplasmic,0.0,0.152
O75460,catGRANULE,segment,Transmembrane,0.0,-8.5229
O75460,PLAAC,segment,Transmembrane,0.0,0.0108
O75460,PScore,segment,Transmembrane,0.0,-1.7486
O75460,ESpritz,segment,Transmembrane,0.0,0.1611
O75460,SEG,segment,Transmembrane,0.0,0.0
O75460,catGRANULE,segment,Extracellular/Lumenal,0.0,-5.2376
O75460,PLAAC,segment,Extracellular/Lumenal,0.0,0.0003
O75460,PScore,segment,Extracellular/Lumenal,0.0,0.1103
O75460,ESpritz,segment,Extracellular/Lumenal,0.0,0.0805
O75460,SEG,segment,Extracellular/Lumenal,0.0,0.0
P35968,catGRANULE,segment,Cytoplasmic,0.0,-3.9125
P35968,PLAAC,segment,Cytoplasmic,0.0,0.0038
P35968,PScore,segment,Cytoplasmic,0.0,0.0828
P35968,ESpritz,segment,Cytoplasmic,0.0,0.1863
P35968,SEG,segment,Cytoplasmic,0.0,0.042
P35968,catGRANULE,segment,Transmembrane,0.0,-6.564
P35968,PLAAC,segment,Transmembrane,0.0,0.0
P35968,PScore,segment,Transmembrane,0.0,-0.5778
P35968,ESpritz,segment,Transmembrane,0.0,0.0412
P35968,SEG,segment,Transmembrane,0.0,0.0
P35968,catGRANULE,segment,Extracellular/Lumenal,0.0,-4.7206
P35968,PLAAC,segment,Extracellular/Lumenal,0.0,0.0007
P35968,PScore,segment,Extracellular/Lumenal,0.0,0.1291
P35968,ESpritz,segment,Extracellular/Lumenal,0.0,0.0497
P35968,SEG,segment,Extracellular/Lumenal,0.0,0.0215
Q12879,catGRANULE,segment,Cytoplasmic,0.0,-2.0467
Q12879,catGRANULE,segment,Cytoplasmic,1.0,-8.1037
Q12879,catGRANULE,segment,Cytoplasmic,2.0,-2.2946
Q12879,PLAAC,segment,Cytoplasmic,0.0,0.0017
Q12879,PLAAC,segment,Cytoplasmic,1.0,0.0067
Q12879,PLAAC,segment,Cytoplasmic,2.0,0.0058
Q12879,PScore,segment,Cytoplasmic,0.0,-0.3682
Q12879,PScore,segment,Cytoplasmic,1.0,-0.1752
Q12879,PScore,segment,Cytoplasmic,2.0,0.3926
Q12879,ESpritz,segment,Cytoplasmic,0.0,0.0415
Q12879,ESpritz,segment,Cytoplasmic,1.0,0.0415
Q12879,ESpritz,segment,Cytoplasmic,2.0,0.2761
Q12879,SEG,segment,Cytoplasmic,0.0,0.0
Q12879,SEG,segment,Cytoplasmic,1.0,0.0
Q12879,SEG,segment,Cytoplasmic,2.0,0.0461
Q12879,catGRANULE,segment,Transmembrane,0.0,-1.9551
Q12879,catGRANULE,segment,Transmembrane,1.0,-6.0232
Q12879,catGRANULE,segment,Transmembrane,2.0,-7.9347
Q12879,PLAAC,segment,Transmembrane,0.0,0.0001
Q12879,PLAAC,segment,Transmembrane,1.0,0.0003
Q12879,PLAAC,segment,Transmembrane,2.0,0.0005
Q12879,PScore,segment,Transmembrane,0.0,-0.4909
Q12879,PScore,segment,Transmembrane,1.0,-0.7891
Q12879,PScore,segment,Transmembrane,2.0,-0.5117
Q12879,ESpritz,segment,Transmembrane,0.0,0.0398
Q12879,ESpritz,segment,Transmembrane,1.0,0.0406
Q12879,ESpritz,segment,Transmembrane,2.0,0.0431
Q12879,SEG,segment,Transmembrane,0.0,0.0
Q12879,SEG,segment,Transmembrane,1.0,0.0
Q12879,SEG,segment,Transmembrane,2.0,0.0
Q12879,catGRANULE,segment,Extracellular/Lumenal,0.0,-5.6203
Q12879,catGRANULE,segment,Extracellular/Lumenal,1.0,-2.2402
Q12879,PLAAC,segment,Extracellular/Lumenal,0.0,0.0007
Q12879,PLAAC,segment,Extracellular/Lumenal,1.0,0.02
Q12879,PScore,segment,Extracellular/Lumenal,0.0,-0.1239
Q12879,PScore,segment,Extracellular/Lumenal,1.0,0.1204
Q12879,ESpritz,segment,Extracellular/Lumenal,0.0,0.0521
Q12879,ESpritz,segment,Extracellular/Lumenal,1.0,0.0423
Q12879,SEG,segment,Extracellular/Lumenal,0.0,0.0
Q12879,SEG,segment,Extracellular/Lumenal,1.0,0.0
Q86WV6,catGRANULE,segment,Cytoplasmic,0.0,-8.1478
Q86WV6,catGRANULE,segment,Cytoplasmic,1.0,-7.717
Q86WV6,catGRANULE,segment,Cytoplasmic,2.0,-5.6581
Q86WV6,PLAAC,segment,Cytoplasmic,0.0,0.0034
Q86WV6,PLAAC,segment,Cytoplasmic,1.0,0.0002
Q86WV6,PLAAC,segment,Cytoplasmic,2.0,0.0042
Q86WV6,PScore,segment,Cytoplasmic,0.0,0.026
Q86WV6,PScore,segment,Cytoplasmic,1.0,-0.2515
Q86WV6,PScore,segment,Cytoplasmic,2.0,-0.3559
Q86WV6,ESpritz,segment,Cytoplasmic,0.0,0.2353
Q86WV6,ESpritz,segment,Cytoplasmic,1.0,0.068
Q86WV6,ESpritz,segment,Cytoplasmic,2.0,0.1978
Q86WV6,SEG,segment,Cytoplasmic,0.0,0.0
Q86WV6,SEG,segment,Cytoplasmic,1.0,0.0
Q86WV6,SEG,segment,Cytoplasmic,2.0,0.0
Q86WV6,catGRANULE,segment,Transmembrane,0.0,-7.9554
Q86WV6,catGRANULE,segment,Transmembrane,1.0,-6.3466
Q86WV6,catGRANULE,segment,Transmembrane,2.0,-6.5737
Q86WV6,catGRANULE,segment,Transmembrane,3.0,-3.4182
Q86WV6,PLAAC,segment,Transmembrane,0.0,0.0002
Q86WV6,PLAAC,segment,Transmembrane,1.0,0.0001
Q86WV6,PLAAC,segment,Transmembrane,2.0,0.0004
Q86WV6,PLAAC,segment,Transmembrane,3.0,0.0003
Q86WV6,PScore,segment,Transmembrane,0.0,-0.3536
Q86WV6,PScore,segment,Transmembrane,1.0,0.1048
Q86WV6,PScore,segment,Transmembrane,2.0,0.6919
Q86WV6,PScore,segment,Transmembrane,3.0,-0.4566
Q86WV6,ESpritz,segment,Transmembrane,0.0,0.1556
Q86WV6,ESpritz,segment,Transmembrane,1.0,0.0893
Q86WV6,ESpritz,segment,Transmembrane,2.0,0.0522
Q86WV6,ESpritz,segment,Transmembrane,3.0,0.0402
Q86WV6,SEG,segment,Transmembrane,0.0,0.0
Q86WV6,SEG,segment,Transmembrane,1.0,0.84
Q86WV6,SEG,segment,Transmembrane,2.0,0.6
Q86WV6,SEG,segment,Transmembrane,3.0,0.0
Q86WV6,catGRANULE,segment,Extracellular/Lumenal,0.0,-6.79
Q86WV6,catGRANULE,segment,Extracellular/Lumenal,1.0,-4.0346
Q86WV6,PLAAC,segment,Extracellular/Lumenal,0.0,0.0001
Q86WV6,PLAAC,segment,Extracellular/Lumenal,1.0,0.0018
Q86WV6,PScore,segment,Extracellular/Lumenal,0.0,-0.9667
Q86WV6,PScore,segment,Extracellular/Lumenal,1.0,0.5321
Q86WV6,ESpritz,segment,Extracellular/Lumenal,0.0,0.1204
Q86WV6,ESpritz,segment,Extracellular/Lumenal,1.0,0.042
Q86WV6,SEG,segment,Extracellular/Lumenal,0.0,0.0
Q86WV6,SEG,segment,Extracellular/Lumenal,1.0,0.3
P07949,catGRANULE,segment,Cytoplasmic,0.0,-3.1131
P07949,PLAAC,segment,Cytoplasmic,0.0,0.001
P07949,PScore,segment,Cytoplasmic,0.0,0.4388
P07949,ESpritz,segment,Cytoplasmic,0.0,0.1256
P07949,SEG,segment,Cytoplasmic,0.0,0.0219
P07949,catGRANULE,segment,Transmembrane,0.0,-10.4928
P07949,PLAAC,segment,Transmembrane,0.0,0.0
P07949,PScore,segment,Transmembrane,0.0,-0.1238
P07949,ESpritz,segment,Transmembrane,0.0,0.0622
P07949,SEG,segment,Transmembrane,0.0,0.0
P07949,catGRANULE,segment,Extracellular/Lumenal,0.0,-5.8819
P07949,PLAAC,segment,Extracellular/Lumenal,0.0,0.0008
P07949,PScore,segment,Extracellular/Lumenal,0.0,0.5717
P07949,ESpritz,segment,Extracellular/Lumenal,0.0,0.0518
P07949,SEG,segment,Extracellular/Lumenal,0.0,0.0264
P08908,catGRANULE,segment,Cytoplasmic,0.0,-11.4561
P08908,catGRANULE,segment,Cytoplasmic,1.0,-8.7551
P08908,catGRANULE,segment,Cytoplasmic,2.0,-1.7739
P08908,catGRANULE,segment,Cytoplasmic,3.0,
P08908,PLAAC,segment,Cytoplasmic,0.0,0.0019
P08908,PLAAC,segment,Cytoplasmic,1.0,0.0001
P08908,PLAAC,segment,Cytoplasmic,2.0,0.0004
P08908,PLAAC,segment,Cytoplasmic,3.0,0.0013
P08908,PScore,segment,Cytoplasmic,0.0,-1.8769
P08908,PScore,segment,Cytoplasmic,1.0,-0.4388
P08908,PScore,segment,Cytoplasmic,2.0,0.4607
P08908,PScore,segment,Cytoplasmic,3.0,0.814
P08908,ESpritz,segment,Cytoplasmic,0.0,0.0869
P08908,ESpritz,segment,Cytoplasmic,1.0,0.0444
P08908,ESpritz,segment,Cytoplasmic,2.0,0.1802
P08908,ESpritz,segment,Cytoplasmic,3.0,0.17
P08908,SEG,segment,Cytoplasmic,0.0,0.0
P08908,SEG,segment,Cytoplasmic,1.0,0.0
P08908,SEG,segment,Cytoplasmic,2.0,0.0846
P08908,SEG,segment,Cytoplasmic,3.0,0.0
P08908,catGRANULE,segment,Transmembrane,0.0,-11.3671
P08908,catGRANULE,segment,Transmembrane,1.0,-15.183
P08908,catGRANULE,segment,Transmembrane,2.0,-12.9265
P08908,catGRANULE,segment,Transmembrane,3.0,-7.189
P08908,catGRANULE,segment,Transmembrane,4.0,-1.7457
P08908,catGRANULE,segment,Transmembrane,5.0,-9.1659
P08908,catGRANULE,segment,Transmembrane,6.0,
P08908,PLAAC,segment,Transmembrane,0.0,0.0001
P08908,PLAAC,segment,Transmembrane,1.0,0.0003
P08908,PLAAC,segment,Transmembrane,2.0,0.0
P08908,PLAAC,segment,Transmembrane,3.0,0.0001
P08908,PLAAC,segment,Transmembrane,4.0,0.0003
P08908,PLAAC,segment,Transmembrane,5.0,0.0001
P08908,PLAAC,segment,Transmembrane,6.0,0.0014
P08908,PScore,segment,Transmembrane,0.0,-1.0264
P08908,PScore,segment,Transmembrane,1.0,-1.1441
P08908,PScore,segment,Transmembrane,2.0,-0.8913
P08908,PScore,segment,Transmembrane,3.0,0.5058
P08908,PScore,segment,Transmembrane,4.0,0.9273
P08908,PScore,segment,Transmembrane,5.0,0.268
P08908,PScore,segment,Transmembrane,6.0,0.7488
P08908,ESpritz,segment,Transmembrane,0.0,0.1174
P08908,ESpritz,segment,Transmembrane,1.0,0.0689
P08908,ESpritz,segment,Transmembrane,2.0,0.0433
P08908,ESpritz,segment,Transmembrane,3.0,0.0505
P08908,ESpritz,segment,Transmembrane,4.0,0.0727
P08908,ESpritz,segment,Transmembrane,5.0,0.1189
P08908,ESpritz,segment,Transmembrane,6.0,0.1012
P08908,SEG,segment,Transmembrane,0.0,0.0
P08908,SEG,segment,Transmembrane,1.0,0.0
P08908,SEG,segment,Transmembrane,2.0,0.0
P08908,SEG,segment,Transmembrane,3.0,0.0
P08908,SEG,segment,Transmembrane,4.0,0.0
P08908,SEG,segment,Transmembrane,5.0,0.0
P08908,SEG,segment,Transmembrane,6.0,0.0
P08908,catGRANULE,segment,Extracellular/Lumenal,0.0,-7.0031
P08908,catGRANULE,segment,Extracellular/Lumenal,1.0,-13.5084
P08908,catGRANULE,segment,Extracellular/Lumenal,2.0,-5.2182
P08908,catGRANULE,segment,Extracellular/Lumenal,3.0,-5.7642
P08908,PLAAC,segment,Extracellular/Lumenal,0.0,0.0425
P08908,PLAAC,segment,Extracellular/Lumenal,1.0,0.0002
P08908,PLAAC,segment,Extracellular/Lumenal,2.0,0.0001
P08908,PLAAC,segment,Extracellular/Lumenal,3.0,0.0001
P08908,PScore,segment,Extracellular/Lumenal,0.0,1.5818
P08908,PScore,segment,Extracellular/Lumenal,1.0,-1.5732
P08908,PScore,segment,Extracellular/Lumenal,2.0,1.3764
P08908,PScore,segment,Extracellular/Lumenal,3.0,0.7857
P08908,ESpritz,segment,Extracellular/Lumenal,0.0,0.2894
P08908,ESpritz,segment,Extracellular/Lumenal,1.0,0.0531
P08908,ESpritz,segment,Extracellular/Lumenal,2.0,0.0689
P08908,ESpritz,segment,Extracellular/Lumenal,3.0,0.0957
P08908,SEG,segment,Extracellular/Lumenal,0.0,0.0
P08908,SEG,segment,Extracellular/Lumenal,1.0,0.0
P08908,SEG,segment,Extracellular/Lumenal,2.0,0.0
P08908,SEG,segment,Extracellular/Lumenal,3.0,0.0
P01857,catGRANULE,segment,Extracellular/Lumenal,0.0,-4.8286
P01857,PLAAC,segment,Extracellular/Lumenal,0.0,0.0009
P01857,PScore,segment,Extracellular/Lumenal,0.0,0.7076
P01857,ESpritz,segment,Extracellular/Lumenal,0.0,0.2396
P01857,SEG,segment,Extracellular/Lumenal,0.0,0.0455
Q7Z3C6,catGRANULE,segment,Cytoplasmic,0.0,-6.2601
Q7Z3C6,catGRANULE,segment,Cytoplasmic,1.0,-5.7102
Q7Z3C6,catGRANULE,segment,Cytoplasmic,2.0,-3.9407
Q7Z3C6,catGRANULE,segment,Cytoplasmic,3.0,-7.0359
Q7Z3C6,catGRANULE,segment,Cytoplasmic,4.0,-10.463
Q7Z3C6,catGRANULE,segment,Cytoplasmic,5.0,-8.6699
Q7Z3C6,catGRANULE,segment,Cytoplasmic,6.0,-3.0511
Q7Z3C6,PLAAC,segment,Cytoplasmic,0.0,0.0009
Q7Z3C6,PLAAC,segment,Cytoplasmic,1.0,0.0004
Q7Z3C6,PLAAC,segment,Cytoplasmic,2.0,0.0001
Q7Z3C6,PLAAC,segment,Cytoplasmic,3.0,0.0004
Q7Z3C6,PLAAC,segment,Cytoplasmic,4.0,0.0015
Q7Z3C6,PLAAC,segment,Cytoplasmic,5.0,0.0001
Q7Z3C6,PLAAC,segment,Cytoplasmic,6.0,0.0013
Q7Z3C6,PScore,segment,Cytoplasmic,0.0,-1.094
Q7Z3C6,PScore,segment,Cytoplasmic,1.0,-0.6403
Q7Z3C6,PScore,segment,Cytoplasmic,2.0,-0.3463
Q7Z3C6,PScore,segment,Cytoplasmic,3.0,-0.1627
Q7Z3C6,PScore,segment,Cytoplasmic,4.0,-1.1148
Q7Z3C6,PScore,segment,Cytoplasmic,5.0,-2.0263
Q7Z3C6,PScore,segment,Cytoplasmic,6.0,0.8391
Q7Z3C6,ESpritz,segment,Cytoplasmic,0.0,0.2799
Q7Z3C6,ESpritz,segment,Cytoplasmic,1.0,0.039
Q7Z3C6,ESpritz,segment,Cytoplasmic,2.0,0.0388
Q7Z3C6,ESpritz,segment,Cytoplasmic,3.0,0.0395
Q7Z3C6,ESpritz,segment,Cytoplasmic,4.0,0.0411
Q7Z3C6,ESpritz,segment,Cytoplasmic,5.0,0.0433
Q7Z3C6,ESpritz,segment,Cytoplasmic,6.0,0.2832
Q7Z3C6,SEG,segment,Cytoplasmic,0.0,0.0
Q7Z3C6,SEG,segment,Cytoplasmic,1.0,0.0882
Q7Z3C6,SEG,segment,Cytoplasmic,2.0,0.0
Q7Z3C6,SEG,segment,Cytoplasmic,3.0,0.0
Q7Z3C6,SEG,segment,Cytoplasmic,4.0,0.0
Q7Z3C6,SEG,segment,Cytoplasmic,5.0,0.0
Q7Z3C6,SEG,segment,Cytoplasmic,6.0,0.0778
Q7Z3C6,catGRANULE,segment,Transmembrane,0.0,-11.4503
Q7Z3C6,catGRANULE,segment,Transmembrane,1.0,-13.5347
Q7Z3C6,catGRANULE,segment,Transmembrane,2.0,-12.5449
Q7Z3C6,catGRANULE,segment,Transmembrane,3.0,-10.1462
Q7Z3C6,PLAAC,segment,Transmembrane,0.0,0.0001
Q7Z3C6,PLAAC,segment,Transmembrane,1.0,0.0001
Q7Z3C6,PLAAC,segment,Transmembrane,2.0,0.0002
Q7Z3C6,PLAAC,segment,Transmembrane,3.0,0.0
Q7Z3C6,PScore,segment,Transmembrane,0.0,-1.3714
Q7Z3C6,PScore,segment,Transmembrane,1.0,-0.4086
Q7Z3C6,PScore,segment,Transmembrane,2.0,-1.1188
Q7Z3C6,PScore,segment,Transmembrane,3.0,-0.2607
Q7Z3C6,ESpritz,segment,Transmembrane,0.0,0.0856
Q7Z3C6,ESpritz,segment,Transmembrane,1.0,0.04
Q7Z3C6,ESpritz,segment,Transmembrane,2.0,0.0389
Q7Z3C6,ESpritz,segment,Transmembrane,3.0,0.0389
Q7Z3C6,SEG,segment,Transmembrane,0.0,0.5217
Q7Z3C6,SEG,segment,Transmembrane,1.0,0.0
Q7Z3C6,SEG,segment,Transmembrane,2.0,0.0
Q7Z3C6,SEG,segment,Transmembrane,3.0,0.7778
Q7Z3C6,catGRANULE,segment,Extracellular/Lumenal,0.0,-9.964
Q7Z3C6,catGRANULE,segment,Extracellular/Lumenal,1.0,-13.5497
Q7Z3C6,PLAAC,segment,Extracellular/Lumenal,0.0,0.0002
Q7Z3C6,PLAAC,segment,Extracellular/Lumenal,1.0,0.0
Q7Z3C6,PScore,segment,Extracellular/Lumenal,0.0,-0.9283
Q7Z3C6,PScore,segment,Extracellular/Lumenal,1.0,-1.1837
Q7Z3C6,ESpritz,segment,Extracellular/Lumenal,0.0,0.0555
Q7Z3C6,ESpritz,segment,Extracellular/Lumenal,1.0,0.0388
Q7Z3C6,SEG,segment,Extracellular/Lumenal,0.0,0.0
Q7Z3C6,SEG,segment,Extracellular/Lumenal,1.0,0.6667
O75581,catGRANULE,segment,Cytoplasmic,0.0,-4.8162
O75581,PLAAC,segment,Cytoplasmic,0.0,0.0041
O75581,PScore,segment,Cytoplasmic,0.0,1.6791
O75581,ESpritz,segment,Cytoplasmic,0.0,0.3729
O75581,SEG,segment,Cytoplasmic,0.0,0.3136
O75581,catGRANULE,segment,Transmembrane,0.0,-3.5122
O75581,PLAAC,segment,Transmembrane,0.0,0.0005
O75581,PScore,segment,Transmembrane,0.0,0.7804
O75581,ESpritz,segment,Transmembrane,0.0,0.0776
O75581,SEG,segment,Transmembrane,0.0,0.7826
O75581,catGRANULE,segment,Extracellular/Lumenal,0.0,-4.3292
O75581,PLAAC,segment,Extracellular/Lumenal,0.0,0.0016
O75581,PScore,segment,Extracellular/Lumenal,0.0,0.1146
O75581,ESpritz,segment,Extracellular/Lumenal,0.0,0.0463
O75581,SEG,segment,Extracellular/Lumenal,0.0,0.0089
P63027,catGRANULE,segment,Cytoplasmic,0.0,-5.6682
P63027,PLAAC,segment,Cytoplasmic,0.0,0.0186
P63027,ESpritz,segment,Cytoplasmic,0.0,0.7393
P63027,SEG,segment,Cytoplasmic,0.0,0.2366
P63027,PLAAC,segment,Transmembrane,0.0,0.0002
P63027,ESpritz,segment,Transmembrane,0.0,0.295
P63027,SEG,segment,Transmembrane,0.0,0.8
P63027,PLAAC,segment,Extracellular/Lumenal,0.0,0.0026
P63027,ESpritz,segment,Extracellular/Lumenal,0.0,0.2372
P63027,SEG,segment,Extracellular/Lumenal,0.0,0.0
O60733,catGRANULE,segment,Transmembrane,0.0,-3.4092
O60733,catGRANULE,segment,Transmembrane,1.0,-1.7636
O60733,PLAAC,segment,Transmembrane,0.0,0.0001
O60733,PLAAC,segment,Transmembrane,1.0,0.0002
O60733,PScore,segment,Transmembrane,0.0,-1.0082
O60733,PScore,segment,Transmembrane,1.0,0.8046
O60733,ESpritz,segment,Transmembrane,0.0,0.045
O60733,ESpritz,segment,Transmembrane,1.0,0.0486
O60733,SEG,segment,Transmembrane,0.0,0.0
O60733,SEG,segment,Transmembrane,1.0,0.0
Q04671,catGRANULE,segment,Cytoplasmic,0.0,-4.6866
Q04671,catGRANULE,segment,Cytoplasmic,1.0,-12.1501
Q04671,catGRANULE,segment,Cytoplasmic,2.0,-14.8399
Q04671,catGRANULE,segment,Cytoplasmic,3.0,-6.6846
Q04671,catGRANULE,segment,Cytoplasmic,4.0,-13.8571
Q04671,catGRANULE,segment,Cytoplasmic,5.0,-2.9243
Q04671,catGRANULE,segment,Cytoplasmic,6.0,
Q04671,PLAAC,segment,Cytoplasmic,0.0,0.0007
Q04671,PLAAC,segment,Cytoplasmic,1.0,0.0001
Q04671,PLAAC,segment,Cytoplasmic,2.0,0.0001
Q04671,PLAAC,segment,Cytoplasmic,3.0,0.0001
Q04671,PLAAC,segment,Cytoplasmic,4.0,0.0
Q04671,PLAAC,segment,Cytoplasmic,5.0,0.0001
Q04671,PLAAC,segment,Cytoplasmic,6.0,0.0026
Q04671,PScore,segment,Cytoplasmic,0.0,0.3012
Q04671,PScore,segment,Cytoplasmic,1.0,-1.7492
Q04671,PScore,segment,Cytoplasmic,2.0,-0.5785
Q04671,PScore,segment,Cytoplasmic,3.0,-1.0335
Q04671,PScore,segment,Cytoplasmic,4.0,-1.0772
Q04671,PScore,segment,Cytoplasmic,5.0,0.213
Q04671,PScore,segment,Cytoplasmic,6.0,2.159
Q04671,ESpritz,segment,Cytoplasmic,0.0,0.3661
Q04671,ESpritz,segment,Cytoplasmic,1.0,0.0393
Q04671,ESpritz,segment,Cytoplasmic,2.0,0.0385
Q04671,ESpritz,segment,Cytoplasmic,3.0,0.0409
Q04671,ESpritz,segment,Cytoplasmic,4.0,0.0388
Q04671,ESpritz,segment,Cytoplasmic,5.0,0.0485
Q04671,ESpritz,segment,Cytoplasmic,6.0,0.1822
Q04671,SEG,segment,Cytoplasmic,0.0,0.0726
Q04671,SEG,segment,Cytoplasmic,1.0,0.0
Q04671,SEG,segment,Cytoplasmic,2.0,0.0
Q04671,SEG,segment,Cytoplasmic,3.0,0.1333
Q04671,SEG,segment,Cytoplasmic,4.0,0.0667
Q04671,SEG,segment,Cytoplasmic,5.0,0.087
Q04671,SEG,segment,Cytoplasmic,6.0,0.0
Q04671,catGRANULE,segment,Transmembrane,0.0,-7.8256
Q04671,catGRANULE,segment,Transmembrane,1.0,-11.7286
Q04671,catGRANULE,segment,Transmembrane,2.0,-10.1941
Q04671,catGRANULE,segment,Transmembrane,3.0,-12.0115
Q04671,catGRANULE,segment,Transmembrane,4.0,-12.4048
Q04671,catGRANULE,segment,Transmembrane,5.0,-9.5498
Q04671,catGRANULE,segment,Transmembrane,6.0,-9.0318
Q04671,catGRANULE,segment,Transmembrane,7.0,-13.989
Q04671,catGRANULE,segment,Transmembrane,8.0,-13.9571
Q04671,catGRANULE,segment,Transmembrane,9.0,-10.4791
Q04671,catGRANULE,segment,Transmembrane,10.0,0.0389
Q04671,catGRANULE,segment,Transmembrane,11.0,
Q04671,PLAAC,segment,Transmembrane,0.0,0.0001
Q04671,PLAAC,segment,Transmembrane,1.0,0.0001
Q04671,PLAAC,segment,Transmembrane,2.0,0.0001
Q04671,PLAAC,segment,Transmembrane,3.0,0.0001
Q04671,PLAAC,segment,Transmembrane,4.0,0.0001
Q04671,PLAAC,segment,Transmembrane,5.0,0.0
Q04671,PLAAC,segment,Transmembrane,6.0,0.0
Q04671,PLAAC,segment,Transmembrane,7.0,0.0
Q04671,PLAAC,segment,Transmembrane,8.0,0.0
Q04671,PLAAC,segment,Transmembrane,9.0,0.0001
Q04671,PLAAC,segment,Transmembrane,10.0,0.0004
Q04671,PLAAC,segment,Transmembrane,11.0,0.0001
Q04671,PScore,segment,Transmembrane,0.0,-0.2864
Q04671,PScore,segment,Transmembrane,1.0,-0.7309
Q04671,PScore,segment,Transmembrane,2.0,-0.7911
Q04671,PScore,segment,Transmembrane,3.0,1.588
Q04671,PScore,segment,Transmembrane,4.0,-1.2818
Q04671,PScore,segment,Transmembrane,5.0,-0.1709
Q04671,PScore,segment,Transmembrane,6.0,-0.6352
Q04671,PScore,segment,Transmembrane,7.0,-0.0559
Q04671,PScore,segment,Transmembrane,8.0,-0.5392
Q04671,PScore,segment,Transmembrane,9.0,-1.0072
Q04671,PScore,segment,Transmembrane,10.0,0.4441
Q04671,PScore,segment,Transmembrane,11.0,2.159
Q04671,ESpritz,segment,Transmembrane,0.0,0.0818
Q04671,ESpritz,segment,Transmembrane,1.0,0.0394
Q04671,ESpritz,segment,Transmembrane,2.0,0.0392
Q04671,ESpritz,segment,Transmembrane,3.0,0.0386
Q04671,ESpritz,segment,Transmembrane,4.0,0.0383
Q04671,ESpritz,segment,Transmembrane,5.0,0.0393
Q04671,ESpritz,segment,Transmembrane,6.0,0.0392
Q04671,ESpritz,segment,Transmembrane,7.0,0.0388
Q04671,ESpritz,segment,Transmembrane,8.0,0.0387
Q04671,ESpritz,segment,Transmembrane,9.0,0.0404
Q04671,ESpritz,segment,Transmembrane,10.0,0.0534
Q04671,ESpritz,segment,Transmembrane,11.0,0.1296
Q04671,SEG,segment,Transmembrane,0.0,0.0
Q04671,SEG,segment,Transmembrane,1.0,0.0
Q04671,SEG,segment,Transmembrane,2.0,0.8824
Q04671,SEG,segment,Transmembrane,3.0,0.0
Q04671,SEG,segment,Transmembrane,4.0,0.0
Q04671,SEG,segment,Transmembrane,5.0,0.8235
Q04671,SEG,segment,Transmembrane,6.0,0.0
Q04671,SEG,segment,Transmembrane,7.0,0.8824
Q04671,SEG,segment,Transmembrane,8.0,1.0
Q04671,SEG,segment,Transmembrane,9.0,1.0
Q04671,SEG,segment,Transmembrane,10.0,0.0
Q04671,SEG,segment,Transmembrane,11.0,0.0
Q04671,catGRANULE,segment,Extracellular/Lumenal,0.0,-8.7673
Q04671,catGRANULE,segment,Extracellular/Lumenal,1.0,-10.0331
Q04671,catGRANULE,segment,Extracellular/Lumenal,2.0,-6.4808
Q04671,catGRANULE,segment,Extracellular/Lumenal,3.0,-11.5241
Q04671,catGRANULE,segment,Extracellular/Lumenal,4.0,-13.5997
Q04671,catGRANULE,segment,Extracellular/Lumenal,5.0,-4.4435
Q04671,PLAAC,segment,Extracellular/Lumenal,0.0,0.0008
Q04671,PLAAC,segment,Extracellular/Lumenal,1.0,0.0001
Q04671,PLAAC,segment,Extracellular/Lumenal,2.0,0.0003
Q04671,PLAAC,segment,Extracellular/Lumenal,3.0,0.0003
Q04671,PLAAC,segment,Extracellular/Lumenal,4.0,0.0001
Q04671,PLAAC,segment,Extracellular/Lumenal,5.0,0.0009
Q04671,PScore,segment,Extracellular/Lumenal,0.0,0.1548
Q04671,PScore,segment,Extracellular/Lumenal,1.0,-1.2247
Q04671,PScore,segment,Extracellular/Lumenal,2.0,0.2155
Q04671,PScore,segment,Extracellular/Lumenal,3.0,-0.1178
Q04671,PScore,segment,Extracellular/Lumenal,4.0,-2.3463
Q04671,PScore,segment,Extracellular/Lumenal,5.0,1.2363
Q04671,ESpritz,segment,Extracellular/Lumenal,0.0,0.0516
Q04671,ESpritz,segment,Extracellular/Lumenal,1.0,0.0391
Q04671,ESpritz,segment,Extracellular/Lumenal,2.0,0.0392
Q04671,ESpritz,segment,Extracellular/Lumenal,3.0,0.039
Q04671,ESpritz,segment,Extracellular/Lumenal,4.0,0.0389
Q04671,ESpritz,segment,Extracellular/Lumenal,5.0,0.0744
Q04671,SEG,segment,Extracellular/Lumenal,0.0,0.0
Q04671,SEG,segment,Extracellular/Lumenal,1.0,0.0
Q04671,SEG,segment,Extracellular/Lumenal,2.0,0.0
Q04671,SEG,segment,Extracellular/Lumenal,3.0,0.0
Q04671,SEG,segment,Extracellular/Lumenal,4.0,0.0
Q04671,SEG,segment,Extracellular/Lumenal,5.0,0.0
Q14BN4,catGRANULE,segment,Cytoplasmic,0.0,-5.7457
Q14BN4,PLAAC,segment,Cytoplasmic,0.0,0.0007
Q14BN4,PScore,segment,Cytoplasmic,0.0,-0.6481
Q14BN4,ESpritz,segment,Cytoplasmic,0.0,0.3051
Q14BN4,SEG,segment,Cytoplasmic,0.0,0.0399
Q14BN4,PLAAC,segment,Transmembrane,0.0,0.0003
Q14BN4,PScore,segment,Transmembrane,0.0,-1.0584
Q14BN4,ESpritz,segment,Transmembrane,0.0,0.3429
Q14BN4,SEG,segment,Transmembrane,0.0,0.6667
Q14BN4,PLAAC,segment,Extracellular/Lumenal,0.0,0.0037
Q14BN4,PScore,segment,Extracellular/Lumenal,0.0,-1.061
Q14BN4,ESpritz,segment,Extracellular/Lumenal,0.0,0.3801
Q14BN4,SEG,segment,Extracellular/Lumenal,0.0,0.0
P15529,PLAAC,segment,Cytoplasmic,0.0,0.0002
P15529,PScore,segment,Cytoplasmic,0.0,0.0188
P15529,ESpritz,segment,Cytoplasmic,0.0,0.2981
P15529,SEG,segment,Cytoplasmic,0.0,0.0
P15529,PLAAC,segment,Transmembrane,0.0,0.0
P15529,PScore,segment,Transmembrane,0.0,0.0247
P15529,ESpritz,segment,Transmembrane,0.0,0.1525
P15529,SEG,segment,Transmembrane,0.0,0.913
P15529,catGRANULE,segment,Extracellular/Lumenal,0.0,-4.8482
P15529,PLAAC,segment,Extracellular/Lumenal,0.0,0.0013
P15529,PScore,segment,Extracellular/Lumenal,0.0,0.9753
P15529,ESpritz,segment,Extracellular/Lumenal,0.0,0.1242
P15529,SEG,segment,Extracellular/Lumenal,0.0,0.11
Q8TEM1,catGRANULE,segment,Cytoplasmic,0.0,-9.5827
Q8TEM1,PLAAC,segment,Cytoplasmic,0.0,0.0041
Q8TEM1,PScore,segment,Cytoplasmic,0.0,0.0513
Q8TEM1,ESpritz,segment,Cytoplasmic,0.0,0.4162
Q8TEM1,SEG,segment,Cytoplasmic,0.0,0.0
Q8TEM1,catGRANULE,segment,Transmembrane,0.0,-12.0694
Q8TEM1,PLAAC,segment,Transmembrane,0.0,0.0002
Q8TEM1,PScore,segment,Transmembrane,0.0,0.2685
Q8TEM1,ESpritz,segment,Transmembrane,0.0,0.0872
Q8TEM1,SEG,segment,Transmembrane,0.0,0.0
Q8TEM1,catGRANULE,segment,Extracellular/Lumenal,0.0,-5.8856
Q8TEM1,PLAAC,segment,Extracellular/Lumenal,0.0,0.0015
Q8TEM1,PScore,segment,Extracellular/Lumenal,0.0,-0.0828
Q8TEM1,ESpritz,segment,Extracellular/Lumenal,0.0,0.0474
Q8TEM1,SEG,segment,Extracellular/Lumenal,0.0,0.0191
Q9UJA2,catGRANULE,segment,Transmembrane,0.0,-3.6785
Q9UJA2,catGRANULE,segment,Transmembrane,1.0,-7.6411
Q9UJA2,catGRANULE,segment,Transmembrane,2.0,-12.4281
Q9UJA2,catGRANULE,segment,Transmembrane,3.0,-11.5785
Q9UJA2,catGRANULE,segment,Transmembrane,4.0,
Q9UJA2,PLAAC,segment,Transmembrane,0.0,0.0004
Q9UJA2,PLAAC,segment,Transmembrane,1.0,0.0001
Q9UJA2,PLAAC,segment,Transmembrane,2.0,0.0001
Q9UJA2,PLAAC,segment,Transmembrane,3.0,0.0004
Q9UJA2,PLAAC,segment,Transmembrane,4.0,0.0025
Q9UJA2,PScore,segment,Transmembrane,0.0,0.8815
Q9UJA2,PScore,segment,Transmembrane,1.0,-0.27
Q9UJA2,PScore,segment,Transmembrane,2.0,0.0227
Q9UJA2,PScore,segment,Transmembrane,3.0,-0.6339
Q9UJA2,PScore,segment,Transmembrane,4.0,0.5009
Q9UJA2,ESpritz,segment,Transmembrane,0.0,0.0524
Q9UJA2,ESpritz,segment,Transmembrane,1.0,0.0435
Q9UJA2,ESpritz,segment,Transmembrane,2.0,0.0461
Q9UJA2,ESpritz,segment,Transmembrane,3.0,0.0765
Q9UJA2,ESpritz,segment,Transmembrane,4.0,0.133
Q9UJA2,SEG,segment,Transmembrane,0.0,0.0
Q9UJA2,SEG,segment,Transmembrane,1.0,0.0
Q9UJA2,SEG,segment,Transmembrane,2.0,0.0
Q9UJA2,SEG,segment,Transmembrane,3.0,0.0
Q9UJA2,SEG,segment,Transmembrane,4.0,0.6667
P00533,catGRANULE,segment,Cytoplasmic,0.0,-5.3635
P00533,PLAAC,segment,Cytoplasmic,0.0,0.01
P00533,PScore,segment,Cytoplasmic,0.0,0.1156
P00533,ESpritz,segment,Cytoplasmic,0.0,0.1488
P00533,SEG,segment,Cytoplasmic,0.0,0.0996
P00533,catGRANULE,segment,Transmembrane,0.0,-6.3761
P00533,PLAAC,segment,Transmembrane,0.0,0.0001
P00533,PScore,segment,Transmembrane,0.0,-1.3347
P00533,ESpritz,segment,Transmembrane,0.0,0.0419
P00533,SEG,segment,Transmembrane,0.0,0.6957
P00533,catGRANULE,segment,Extracellular/Lumenal,0.0,-3.727
P00533,PLAAC,segment,Extracellular/Lumenal,0.0,0.0007
P00533,PScore,segment,Extracellular/Lumenal,0.0,0.5935
P00533,ESpritz,segment,Extracellular/Lumenal,0.0,0.0498
P00533,SEG,segment,Extracellular/Lumenal,0.0,0.0016
P21802,catGRANULE,segment,Cytoplasmic,0.0,-5.58
P21802,PLAAC,segment,Cytoplasmic,0.0,0.0007
P21802,PScore,segment,Cytoplasmic,0.0,0.0998
P21802,ESpritz,segment,Cytoplasmic,0.0,0.1314
P21802,SEG,segment,Cytoplasmic,0.0,0.0591
P21802,catGRANULE,segment,Transmembrane,0.0,-9.88
P21802,PLAAC,segment,Transmembrane,0.0,0.0
P21802,PScore,segment,Transmembrane,0.0,-0.468
P21802,ESpritz,segment,Transmembrane,0.0,0.0547
P21802,SEG,segment,Transmembrane,0.0,0.0
P21802,catGRANULE,segment,Extracellular/Lumenal,0.0,-3.1724
P21802,PLAAC,segment,Extracellular/Lumenal,0.0,0.0006
P21802,PScore,segment,Extracellular/Lumenal,0.0,0.2407
P21802,ESpritz,segment,Extracellular/Lumenal,0.0,0.0817
P21802,SEG,segment,Extracellular/Lumenal,0.0,0.0787
P08247,catGRANULE,segment,Cytoplasmic,0.0,-4.6686
P08247,catGRANULE,segment,Cytoplasmic,1.0,-7.7396
P08247,catGRANULE,segment,Cytoplasmic,2.0,17.4889
P08247,PLAAC,segment,Cytoplasmic,0.0,0.0008
P08247,PLAAC,segment,Cytoplasmic,1.0,0.0015
P08247,PLAAC,segment,Cytoplasmic,2.0,0.7075
P08247,PScore,segment,Cytoplasmic,0.0,-0.2853
P08247,PScore,segment,Cytoplasmic,1.0,0.4857
P08247,PScore,segment,Cytoplasmic,2.0,4.6032
P08247,ESpritz,segment,Cytoplasmic,0.0,0.1513
P08247,ESpritz,segment,Cytoplasmic,1.0,0.0434
P08247,ESpritz,segment,Cytoplasmic,2.0,0.5133
P08247,SEG,segment,Cytoplasmic,0.0,0.0
P08247,SEG,segment,Cytoplasmic,1.0,0.0
P08247,SEG,segment,Cytoplasmic,2.0,0.7111
P08247,catGRANULE,segment,Transmembrane,0.0,-6.5122
P08247,catGRANULE,segment,Transmembrane,1.0,-6.8659
P08247,catGRANULE,segment,Transmembrane,2.0,-7.1803
P08247,catGRANULE,segment,Transmembrane,3.0,3.5169
P08247,PLAAC,segment,Transmembrane,0.0,0.0002
P08247,PLAAC,segment,Transmembrane,1.0,0.0005
P08247,PLAAC,segment,Transmembrane,2.0,0.0002
P08247,PLAAC,segment,Transmembrane,3.0,0.0002
P08247,PScore,segment,Transmembrane,0.0,0.189
P08247,PScore,segment,Transmembrane,1.0,0.7626
P08247,PScore,segment,Transmembrane,2.0,-1.0556
P08247,PScore,segment,Transmembrane,3.0,0.6417
P08247,ESpritz,segment,Transmembrane,0.0,0.1093
P08247,ESpritz,segment,Transmembrane,1.0,0.041
P08247,ESpritz,segment,Transmembrane,2.0,0.0476
P08247,ESpritz,segment,Transmembrane,3.0,0.1283
P08247,SEG,segment,Transmembrane,0.0,0.0
P08247,SEG,segment,Transmembrane,1.0,0.375
P08247,SEG,segment,Transmembrane,2.0,0.0
P08247,SEG,segment,Transmembrane,3.0,0.0
P08247,catGRANULE,segment,Extracellular/Lumenal,0.0,-5.5177
P08247,catGRANULE,segment,Extracellular/Lumenal,1.0,-3.7312
P08247,PLAAC,segment,Extracellular/Lumenal,0.0,0.0001
P08247,PLAAC,segment,Extracellular/Lumenal,1.0,0.0003
P08247,PScore,segment,Extracellular/Lumenal,0.0,0.7926
P08247,PScore,segment,Extracellular/Lumenal,1.0,0.0689
P08247,ESpritz,segment,Extracellular/Lumenal,0.0,0.0728
P08247,ESpritz,segment,Extracellular/Lumenal,1.0,0.0713
P08247,SEG,segment,Extracellular/Lumenal,0.0,0.1053
P08247,SEG,segment,Extracellular/Lumenal,1.0,0.0
Q14739,catGRANULE,segment,Transmembrane,0.0,-11.5797
Q14739,catGRANULE,segment,Transmembrane,1.0,-2.3009
Q14739,catGRANULE,segment,Transmembrane,2.0,-9.2512
Q14739,catGRANULE,segment,Transmembrane,3.0,-4.2374
Q14739,catGRANULE,segment,Transmembrane,4.0,-11.7669
Q14739,catGRANULE,segment,Transmembrane,5.0,-7.381
Q14739,catGRANULE,segment,Transmembrane,6.0,-0.9042
Q14739,catGRANULE,segment,Transmembrane,7.0,-7.4403
Q14739,PLAAC,segment,Transmembrane,0.0,0.0001
Q14739,PLAAC,segment,Transmembrane,1.0,0.0001
Q14739,PLAAC,segment,Transmembrane,2.0,0.0003
Q14739,PLAAC,segment,Transmembrane,3.0,0.0002
Q14739,PLAAC,segment,Transmembrane,4.0,0.0001
Q14739,PLAAC,segment,Transmembrane,5.0,0.0001
Q14739,PLAAC,segment,Transmembrane,6.0,0.0003
Q14739,PLAAC,segment,Transmembrane,7.0,0.0002
Q14739,PScore,segment,Transmembrane,0.0,0.4512
Q14739,PScore,segment,Transmembrane,1.0,-1.0606
Q14739,PScore,segment,Transmembrane,2.0,0.4083
Q14739,PScore,segment,Transmembrane,3.0,-0.1588
Q14739,PScore,segment,Transmembrane,4.0,-0.9757
Q14739,PScore,segment,Transmembrane,5.0,0.4228
Q14739,PScore,segment,Transmembrane,6.0,-0.973
Q14739,PScore,segment,Transmembrane,7.0,0.5422
Q14739,ESpritz,segment,Transmembrane,0.0,0.0799
Q14739,ESpritz,segment,Transmembrane,1.0,0.0472
Q14739,ESpritz,segment,Transmembrane,2.0,0.0401
Q14739,ESpritz,segment,Transmembrane,3.0,0.0393
Q14739,ESpritz,segment,Transmembrane,4.0,0.0389
Q14739,ESpritz,segment,Transmembrane,5.0,0.0393
Q14739,ESpritz,segment,Transmembrane,6.0,0.0404
Q14739,ESpritz,segment,Transmembrane,7.0,0.0722
Q14739,SEG,segment,Transmembrane,0.0,0.3333
Q14739,SEG,segment,Transmembrane,1.0,0.0
Q14739,SEG,segment,Transmembrane,2.0,0.0
Q14739,SEG,segment,Transmembrane,3.0,0.0
Q14739,SEG,segment,Transmembrane,4.0,0.0
Q14739,SEG,segment,Transmembrane,5.0,0.0
Q14739,SEG,segment,Transmembrane,6.0,0.0
Q14739,SEG,segment,Transmembrane,7.0,0.0
Q14739,catGRANULE,segment,Extracellular/Lumenal,0.0,-2.5341
Q14739,PLAAC,segment,Extracellular/Lumenal,0.0,0.0007
Q14739,PScore,segment,Extracellular/Lumenal,0.0,0.5058
Q14739,ESpritz,segment,Extracellular/Lumenal,0.0,0.3846
Q14739,SEG,segment,Extracellular/Lumenal,0.0,0.1848
P29317,catGRANULE,segment,Cytoplasmic,0.0,-4.2857
P29317,PLAAC,segment,Cytoplasmic,0.0,0.0005
P29317,PScore,segment,Cytoplasmic,0.0,-0.154
P29317,ESpritz,segment,Cytoplasmic,0.0,0.064
P29317,SEG,segment,Cytoplasmic,0.0,0.0
P29317,catGRANULE,segment,Transmembrane,0.0,-2.6287
P29317,PLAAC,segment,Transmembrane,0.0,0.0001
P29317,PScore,segment,Transmembrane,0.0,-1.1708
P29317,ESpritz,segment,Transmembrane,0.0,0.073
P29317,SEG,segment,Transmembrane,0.0,0.8571
P29317,catGRANULE,segment,Extracellular/Lumenal,0.0,-4.4278
P29317,PLAAC,segment,Extracellular/Lumenal,0.0,0.0007
P29317,PScore,segment,Extracellular/Lumenal,0.0,0.6738
P29317,ESpritz,segment,Extracellular/Lumenal,0.0,0.0986
P29317,SEG,segment,Extracellular/Lumenal,0.0,0.0078
P17948,catGRANULE,segment,Cytoplasmic,0.0,-3.3625
P17948,PLAAC,segment,Cytoplasmic,0.0,0.0005
P17948,PScore,segment,Cytoplasmic,0.0,0.1091
P17948,ESpritz,segment,Cytoplasmic,0.0,0.1339
P17948,SEG,segment,Cytoplasmic,0.0,0.0269
P17948,catGRANULE,segment,Transmembrane,0.0,-11.304
P17948,PLAAC,segment,Transmembrane,0.0,0.0
P17948,PScore,segment,Transmembrane,0.0,-0.9923
P17948,ESpritz,segment,Transmembrane,0.0,0.0439
P17948,SEG,segment,Transmembrane,0.0,0.5455
P17948,catGRANULE,segment,Extracellular/Lumenal,0.0,-5.4147
P17948,PLAAC,segment,Extracellular/Lumenal,0.0,0.0007
P17948,PScore,segment,Extracellular/Lumenal,0.0,0.0626
P17948,ESpritz,segment,Extracellular/Lumenal,0.0,0.0504
P17948,SEG,segment,Extracellular/Lumenal,0.0,0.0055
P05556,PLAAC,segment,Cytoplasmic,0.0,0.0002
P05556,PScore,segment,Cytoplasmic,0.0,0.1532
P05556,ESpritz,segment,Cytoplasmic,0.0,0.3744
P05556,SEG,segment,Cytoplasmic,0.0,0.1277
P05556,catGRANULE,segment,Transmembrane,0.0,-5.2948
P05556,PLAAC,segment,Transmembrane,0.0,0.0
P05556,PScore,segment,Transmembrane,0.0,-1.1871
P05556,ESpritz,segment,Transmembrane,0.0,0.0866
P05556,SEG,segment,Transmembrane,0.0,1.0
P05556,catGRANULE,segment,Extracellular/Lumenal,0.0,-2.6287
P05556,PLAAC,segment,Extracellular/Lumenal,0.0,0.0009
P05556,PScore,segment,Extracellular/Lumenal,0.0,0.9004
P05556,ESpritz,segment,Extracellular/Lumenal,0.0,0.0864
P05556,SEG,segment,Extracellular/Lumenal,0.0,0.0
P10747,PLAAC,segment,Cytoplasmic,0.0,0.0053
P10747,PScore,segment,Cytoplasmic,0.0,1.1782
P10747,ESpritz,segment,Cytoplasmic,0.0,0.3861
P10747,SEG,segment,Cytoplasmic,0.0,0.0
P10747,catGRANULE,segment,Transmembrane,0.0,-8.0373
P10747,PLAAC,segment,Transmembrane,0.0,0.0
P10747,PScore,segment,Transmembrane,0.0,-0.2997
P10747,ESpritz,segment,Transmembrane,0.0,0.0846
P10747,SEG,segment,Transmembrane,0.0,0.0
P10747,catGRANULE,segment,Extracellular/Lumenal,0.0,-3.3297
P10747,PLAAC,segment,Extracellular/Lumenal,0.0,0.0063
P10747,PScore,segment,Extracellular/Lumenal,0.0,0.543
P10747,ESpritz,segment,Extracellular/Lumenal,0.0,0.0758
P10747,SEG,segment,Extracellular/Lumenal,0.0,0.0
Q16635,catGRANULE,segment,Extracellular/Lumenal,0.0,-9.8143
Q16635,catGRANULE,segment,Extracellular/Lumenal,1.0,-2.5446
Q16635,PLAAC,segment,Extracellular/Lumenal,0.0,0.0007
Q16635,PLAAC,segment,Extracellular/Lumenal,1.0,0.0004
Q16635,PScore,segment,Extracellular/Lumenal,0.0,1.162
Q16635,PScore,segment,Extracellular/Lumenal,1.0,0.0231
Q16635,ESpritz,segment,Extracellular/Lumenal,0.0,0.186
Q16635,ESpritz,segment,Extracellular/Lumenal,1.0,0.0785
Q16635,SEG,segment,Extracellular/Lumenal,0.0,0.0
Q16635,SEG,segment,Extracellular/Lumenal,1.0,0.0
P61073,catGRANULE,segment,Cytoplasmic,0.0,-9.5617
P61073,catGRANULE,segment,Cytoplasmic,1.0,-9.0274
P61073,catGRANULE,segment,Cytoplasmic,2.0,-8.6734
P61073,catGRANULE,segment,Cytoplasmic,3.0,
P61073,PLAAC,segment,Cytoplasmic,0.0,0.0003
P61073,PLAAC,segment,Cytoplasmic,1.0,0.0009
P61073,PLAAC,segment,Cytoplasmic,2.0,0.0001
P61073,PLAAC,segment,Cytoplasmic,3.0,0.0009
P61073,PScore,segment,Cytoplasmic,0.0,-1.7197
P61073,PScore,segment,Cytoplasmic,1.0,-1.9173
P61073,PScore,segment,Cytoplasmic,2.0,-1.6857
P61073,PScore,segment,Cytoplasmic,3.0,-0.6486
P61073,ESpritz,segment,Cytoplasmic,0.0,0.0854
P61073,ESpritz,segment,Cytoplasmic,1.0,0.0401
P61073,ESpritz,segment,Cytoplasmic,2.0,0.0437
P61073,ESpritz,segment,Cytoplasmic,3.0,0.4295
P61073,SEG,segment,Cytoplasmic,0.0,0.0
P61073,SEG,segment,Cytoplasmic,1.0,0.0
P61073,SEG,segment,Cytoplasmic,2.0,0.0
P61073,SEG,segment,Cytoplasmic,3.0,0.32
P61073,catGRANULE,segment,Transmembrane,0.0,-6.3273
P61073,catGRANULE,segment,Transmembrane,1.0,-10.4119
P61073,catGRANULE,segment,Transmembrane,2.0,-10.2607
P61073,catGRANULE,segment,Transmembrane,3.0,-9.2543
P61073,catGRANULE,segment,Transmembrane,4.0,-9.0342
P61073,catGRANULE,segment,Transmembrane,5.0,-10.1892
P61073,catGRANULE,segment,Transmembrane,6.0,-2.0685
P61073,PLAAC,segment,Transmembrane,0.0,0.0003
P61073,PLAAC,segment,Transmembrane,1.0,0.0
P61073,PLAAC,segment,Transmembrane,2.0,0.0002
P61073,PLAAC,segment,Transmembrane,3.0,0.0001
P61073,PLAAC,segment,Transmembrane,4.0,0.0003
P61073,PLAAC,segment,Transmembrane,5.0,0.0001
P61073,PLAAC,segment,Transmembrane,6.0,0.0001
P61073,PScore,segment,Transmembrane,0.0,-0.9076
P61073,PScore,segment,Transmembrane,1.0,-0.1266
P61073,PScore,segment,Transmembrane,2.0,-0.7256
P61073,PScore,segment,Transmembrane,3.0,-0.6846
P61073,PScore,segment,Transmembrane,4.0,-0.3801
P61073,PScore,segment,Transmembrane,5.0,-1.7256
P61073,PScore,segment,Transmembrane,6.0,-0.1331
P61073,ESpritz,segment,Transmembrane,0.0,0.1186
P61073,ESpritz,segment,Transmembrane,1.0,0.0645
P61073,ESpritz,segment,Transmembrane,2.0,0.0411
P61073,ESpritz,segment,Transmembrane,3.0,0.0389
P61073,ESpritz,segment,Transmembrane,4.0,0.0395
P61073,ESpritz,segment,Transmembrane,5.0,0.0521
P61073,ESpritz,segment,Transmembrane,6.0,0.0869
P61073,SEG,segment,Transmembrane,0.0,0.0
P61073,SEG,segment,Transmembrane,1.0,0.0
P61073,SEG,segment,Transmembrane,2.0,0.0
P61073,SEG,segment,Transmembrane,3.0,0.0
P61073,SEG,segment,Transmembrane,4.0,0.0
P61073,SEG,segment,Transmembrane,5.0,0.0
P61073,SEG,segment,Transmembrane,6.0,0.0
P61073,catGRANULE,segment,Extracellular/Lumenal,0.0,-2.0715
P61073,catGRANULE,segment,Extracellular/Lumenal,1.0,-9.286
P61073,catGRANULE,segment,Extracellular/Lumenal,2.0,-7.8088
P61073,catGRANULE,segment,Extracellular/Lumenal,3.0,-8.8136
P61073,PLAAC,segment,Extracellular/Lumenal,0.0,0.0007
P61073,PLAAC,segment,Extracellular/Lumenal,1.0,0.0005
P61073,PLAAC,segment,Extracellular/Lumenal,2.0,0.0002
P61073,PLAAC,segment,Extracellular/Lumenal,3.0,0.0001
P61073,PScore,segment,Extracellular/Lumenal,0.0,0.5156
P61073,PScore,segment,Extracellular/Lumenal,1.0,-0.3399
P61073,PScore,segment,Extracellular/Lumenal,2.0,0.8768
P61073,PScore,segment,Extracellular/Lumenal,3.0,-0.961
P61073,ESpritz,segment,Extracellular/Lumenal,0.0,0.2571
P61073,ESpritz,segment,Extracellular/Lumenal,1.0,0.0483
P61073,ESpritz,segment,Extracellular/Lumenal,2.0,0.039
P61073,ESpritz,segment,Extracellular/Lumenal,3.0,0.0619
P61073,SEG,segment,Extracellular/Lumenal,0.0,0.0
P61073,SEG,segment,Extracellular/Lumenal,1.0,0.0
P61073,SEG,segment,Extracellular/Lumenal,2.0,0.0
P61073,SEG,segment,Extracellular/Lumenal,3.0,0.0
Q15303,catGRANULE,segment,Cytoplasmic,0.0,-4.4934
Q15303,PLAAC,segment,Cytoplasmic,0.0,0.0017
Q15303,PScore,segment,Cytoplasmic,0.0,0.1781
Q15303,ESpritz,segment,Cytoplasmic,0.0,0.2098
Q15303,SEG,segment,Cytoplasmic,0.0,0.0269
Q15303,catGRANULE,segment,Transmembrane,0.0,-5.4817
Q15303,PLAAC,segment,Transmembrane,0.0,0.0001
Q15303,PScore,segment,Transmembrane,0.0,-0.0095
Q15303,ESpritz,segment,Transmembrane,0.0,0.0414
Q15303,SEG,segment,Transmembrane,0.0,0.0
Q15303,catGRANULE,segment,Extracellular/Lumenal,0.0,-3.715
Q15303,PLAAC,segment,Extracellular/Lumenal,0.0,0.0005
Q15303,PScore,segment,Extracellular/Lumenal,0.0,0.7733
Q15303,ESpritz,segment,Extracellular/Lumenal,0.0,0.0513
Q15303,SEG,segment,Extracellular/Lumenal,0.0,0.0
O00254,catGRANULE,segment,Cytoplasmic,0.0,-8.8329
O00254,catGRANULE,segment,Cytoplasmic,1.0,-11.3822
O00254,catGRANULE,segment,Cytoplasmic,2.0,-10.2801
O00254,catGRANULE,segment,Cytoplasmic,3.0,
O00254,PLAAC,segment,Cytoplasmic,0.0,0.0001
O00254,PLAAC,segment,Cytoplasmic,1.0,0.0002
O00254,PLAAC,segment,Cytoplasmic,2.0,0.0002
O00254,PLAAC,segment,Cytoplasmic,3.0,0.0009
O00254,PScore,segment,Cytoplasmic,0.0,0.6035
O00254,PScore,segment,Cytoplasmic,1.0,-0.8862
O00254,PScore,segment,Cytoplasmic,2.0,-1.6096
O00254,PScore,segment,Cytoplasmic,3.0,-0.272
O00254,ESpritz,segment,Cytoplasmic,0.0,0.0397
O00254,ESpritz,segment,Cytoplasmic,1.0,0.0383
O00254,ESpritz,segment,Cytoplasmic,2.0,0.0479
O00254,ESpritz,segment,Cytoplasmic,3.0,0.217
O00254,SEG,segment,Cytoplasmic,0.0,0.0
O00254,SEG,segment,Cytoplasmic,1.0,0.0
O00254,SEG,segment,Cytoplasmic,2.0,0.0
O00254,SEG,segment,Cytoplasmic,3.0,0.0
O00254,catGRANULE,segment,Transmembrane,0.0,-11.7405
O00254,catGRANULE,segment,Transmembrane,1.0,-8.083
O00254,catGRANULE,segment,Transmembrane,2.0,-11.4231
O00254,catGRANULE,segment,Transmembrane,3.0,-11.809
O00254,catGRANULE,segment,Transmembrane,4.0,-13.9701
O00254,catGRANULE,segment,Transmembrane,5.0,-8.5347
O00254,catGRANULE,segment,Transmembrane,6.0,
O00254,PLAAC,segment,Transmembrane,0.0,0.0002
O00254,PLAAC,segment,Transmembrane,1.0,0.0001
O00254,PLAAC,segment,Transmembrane,2.0,0.0008
O00254,PLAAC,segment,Transmembrane,3.0,0.0001
O00254,PLAAC,segment,Transmembrane,4.0,0.0002
O00254,PLAAC,segment,Transmembrane,5.0,0.0003
O00254,PLAAC,segment,Transmembrane,6.0,0.0006
O00254,PScore,segment,Transmembrane,0.0,-0.2588
O00254,PScore,segment,Transmembrane,1.0,0.1653
O00254,PScore,segment,Transmembrane,2.0,-0.5878
O00254,PScore,segment,Transmembrane,3.0,-0.1183
O00254,PScore,segment,Transmembrane,4.0,-0.0226
O00254,PScore,segment,Transmembrane,5.0,-1.1495
O00254,PScore,segment,Transmembrane,6.0,-0.2292
O00254,ESpritz,segment,Transmembrane,0.0,0.0458
O00254,ESpritz,segment,Transmembrane,1.0,0.0394
O00254,ESpritz,segment,Transmembrane,2.0,0.0385
O00254,ESpritz,segment,Transmembrane,3.0,0.0381
O00254,ESpritz,segment,Transmembrane,4.0,0.0427
O00254,ESpritz,segment,Transmembrane,5.0,0.0535
O00254,ESpritz,segment,Transmembrane,6.0,0.1087
O00254,SEG,segment,Transmembrane,0.0,0.0
O00254,SEG,segment,Transmembrane,1.0,0.0
O00254,SEG,segment,Transmembrane,2.0,0.0
O00254,SEG,segment,Transmembrane,3.0,0.0
O00254,SEG,segment,Transmembrane,4.0,0.0
O00254,SEG,segment,Transmembrane,5.0,0.0
O00254,SEG,segment,Transmembrane,6.0,0.0
O00254,catGRANULE,segment,Extracellular/Lumenal,0.0,-9.5551
O00254,catGRANULE,segment,Extracellular/Lumenal,1.0,-8.7791
O00254,catGRANULE,segment,Extracellular/Lumenal,2.0,-11.7534
O00254,catGRANULE,segment,Extracellular/Lumenal,3.0,-7.0521
O00254,PLAAC,segment,Extracellular/Lumenal,0.0,0.0004
O00254,PLAAC,segment,Extracellular/Lumenal,1.0,0.0027
O00254,PLAAC,segment,Extracellular/Lumenal,2.0,0.0004
O00254,PLAAC,segment,Extracellular/Lumenal,3.0,0.0367
O00254,PScore,segment,Extracellular/Lumenal,0.0,0.0956
O00254,PScore,segment,Extracellular/Lumenal,1.0,0.0786
O00254,PScore,segment,Extracellular/Lumenal,2.0,-0.2548
O00254,PScore,segment,Extracellular/Lumenal,3.0,-0.5792
O00254,ESpritz,segment,Extracellular/Lumenal,0.0,0.1038
O00254,ESpritz,segment,Extracellular/Lumenal,1.0,0.039
O00254,ESpritz,segment,Extracellular/Lumenal,2.0,0.0386
O00254,ESpritz,segment,Extracellular/Lumenal,3.0,0.0692
O00254,SEG,segment,Extracellular/Lumenal,0.0,0.0
O00254,SEG,segment,Extracellular/Lumenal,1.0,0.0
O00254,SEG,segment,Extracellular/Lumenal,2.0,0.0
O00254,SEG,segment,Extracellular/Lumenal,3.0,0.0
Q9H3U5,catGRANULE,segment,Transmembrane,0.0,-8.1917
Q9H3U5,catGRANULE,segment,Transmembrane,1.0,-1.5679
Q9H3U5,catGRANULE,segment,Transmembrane,2.0,0.7074
Q9H3U5,catGRANULE,segment,Transmembrane,3.0,-0.77
Q9H3U5,catGRANULE,segment,Transmembrane,4.0,-5.2227
Q9H3U5,catGRANULE,segment,Transmembrane,5.0,-8.3915
Q9H3U5,catGRANULE,segment,Transmembrane,6.0,-4.9528
Q9H3U5,catGRANULE,segment,Transmembrane,7.0,-12.9031
Q9H3U5,catGRANULE,segment,Transmembrane,8.0,-15.7874
Q9H3U5,catGRANULE,segment,Transmembrane,9.0,-7.3433
Q9H3U5,catGRANULE,segment,Transmembrane,10.0,-6.509
Q9H3U5,catGRANULE,segment,Transmembrane,11.0,
Q9H3U5,PLAAC,segment,Transmembrane,0.0,0.0003
Q9H3U5,PLAAC,segment,Transmembrane,1.0,0.0001
Q9H3U5,PLAAC,segment,Transmembrane,2.0,0.0002
Q9H3U5,PLAAC,segment,Transmembrane,3.0,0.0002
Q9H3U5,PLAAC,segment,Transmembrane,4.0,0.0014
Q9H3U5,PLAAC,segment,Transmembrane,5.0,0.0001
Q9H3U5,PLAAC,segment,Transmembrane,6.0,0.0001
Q9H3U5,PLAAC,segment,Transmembrane,7.0,0.0009
Q9H3U5,PLAAC,segment,Transmembrane,8.0,0.0001
Q9H3U5,PLAAC,segment,Transmembrane,9.0,0.0001
Q9H3U5,PLAAC,segment,Transmembrane,10.0,0.0057
Q9H3U5,PLAAC,segment,Transmembrane,11.0,0.0001
Q9H3U5,PScore,segment,Transmembrane,0.0,-0.0325
Q9H3U5,PScore,segment,Transmembrane,1.0,0.6519
Q9H3U5,PScore,segment,Transmembrane,2.0,-0.2466
Q9H3U5,PScore,segment,Transmembrane,3.0,0.1679
Q9H3U5,PScore,segment,Transmembrane,4.0,1.0932
Q9H3U5,PScore,segment,Transmembrane,5.0,-2.8982
Q9H3U5,PScore,segment,Transmembrane,6.0,0.7902
Q9H3U5,PScore,segment,Transmembrane,7.0,-0.1725
Q9H3U5,PScore,segment,Transmembrane,8.0,-1.0658
Q9H3U5,PScore,segment,Transmembrane,9.0,-0.4868
Q9H3U5,PScore,segment,Transmembrane,10.0,-0.335
Q9H3U5,PScore,segment,Transmembrane,11.0,-0.401
Q9H3U5,ESpritz,segment,Transmembrane,0.0,0.157
Q9H3U5,ESpritz,segment,Transmembrane,1.0,0.07
Q9H3U5,ESpritz,segment,Transmembrane,2.0,0.0432
Q9H3U5,ESpritz,segment,Transmembrane,3.0,0.0399
Q9H3U5,ESpritz,segment,Transmembrane,4.0,0.0387
Q9H3U5,ESpritz,segment,Transmembrane,5.0,0.0389
Q9H3U5,ESpritz,segment,Transmembrane,6.0,0.0387
Q9H3U5,ESpritz,segment,Transmembrane,7.0,0.039
Q9H3U5,ESpritz,segment,Transmembrane,8.0,0.0392
Q9H3U5,ESpritz,segment,Transmembrane,9.0,0.0475
Q9H3U5,ESpritz,segment,Transmembrane,10.0,0.0567
Q9H3U5,ESpritz,segment,Transmembrane,11.0,0.0984
Q9H3U5,SEG,segment,Transmembrane,0.0,0.2857
Q9H3U5,SEG,segment,Transmembrane,1.0,0.0
Q9H3U5,SEG,segment,Transmembrane,2.0,0.0
Q9H3U5,SEG,segment,Transmembrane,3.0,0.0
Q9H3U5,SEG,segment,Transmembrane,4.0,0.0
Q9H3U5,SEG,segment,Transmembrane,5.0,0.6667
Q9H3U5,SEG,segment,Transmembrane,6.0,0.0
Q9H3U5,SEG,segment,Transmembrane,7.0,0.0
Q9H3U5,SEG,segment,Transmembrane,8.0,0.0
Q9H3U5,SEG,segment,Transmembrane,9.0,0.0
Q9H3U5,SEG,segment,Transmembrane,10.0,0.0
Q9H3U5,SEG,segment,Transmembrane,11.0,0.5238
Q9Y624,PLAAC,segment,Cytoplasmic,0.0,0.0006
Q9Y624,PScore,segment,Cytoplasmic,0.0,0.0076
Q9Y624,ESpritz,segment,Cytoplasmic,0.0,0.359
Q9Y624,SEG,segment,Cytoplasmic,0.0,0.0
Q9Y624,catGRANULE,segment,Transmembrane,0.0,-1.0433
Q9Y624,PLAAC,segment,Transmembrane,0.0,0.0
Q9Y624,PScore,segment,Transmembrane,0.0,-0.5326
Q9Y624,ESpritz,segment,Transmembrane,0.0,0.0992
Q9Y624,SEG,segment,Transmembrane,0.0,0.7619
Q9Y624,catGRANULE,segment,Extracellular/Lumenal,0.0,-3.6883
Q9Y624,PLAAC,segment,Extracellular/Lumenal,0.0,0.0011
Q9Y624,PScore,segment,Extracellular/Lumenal,0.0,1.0477
Q9Y624,ESpritz,segment,Extracellular/Lumenal,0.0,0.0797
Q9Y624,SEG,segment,Extracellular/Lumenal,0.0,0.0142
P31645,catGRANULE,segment,Cytoplasmic,0.0,-0.4521
P31645,catGRANULE,segment,Cytoplasmic,1.0,-9.4565
P31645,catGRANULE,segment,Cytoplasmic,2.0,-5.1195
P31645,catGRANULE,segment,Cytoplasmic,3.0,-6.1144
P31645,catGRANULE,segment,Cytoplasmic,4.0,-7.575
P31645,catGRANULE,segment,Cytoplasmic,5.0,-11.9056
P31645,catGRANULE,segment,Cytoplasmic,6.0,
P31645,PLAAC,segment,Cytoplasmic,0.0,0.0026
P31645,PLAAC,segment,Cytoplasmic,1.0,0.001
P31645,PLAAC,segment,Cytoplasmic,2.0,0.0001
P31645,PLAAC,segment,Cytoplasmic,3.0,0.0203
P31645,PLAAC,segment,Cytoplasmic,4.0,0.0
P31645,PLAAC,segment,Cytoplasmic,5.0,0.0001
P31645,PLAAC,segment,Cytoplasmic,6.0,0.0003
P31645,PScore,segment,Cytoplasmic,0.0,0.678
P31645,PScore,segment,Cytoplasmic,1.0,-0.621
P31645,PScore,segment,Cytoplasmic,2.0,-0.2785
P31645,PScore,segment,Cytoplasmic,3.0,-0.1138
P31645,PScore,segment,Cytoplasmic,4.0,-1.4837
P31645,PScore,segment,Cytoplasmic,5.0,-0.229
P31645,PScore,segment,Cytoplasmic,6.0,-0.1816
P31645,ESpritz,segment,Cytoplasmic,0.0,0.4029
P31645,ESpritz,segment,Cytoplasmic,1.0,0.0468
P31645,ESpritz,segment,Cytoplasmic,2.0,0.0387
P31645,ESpritz,segment,Cytoplasmic,3.0,0.0389
P31645,ESpritz,segment,Cytoplasmic,4.0,0.0389
P31645,ESpritz,segment,Cytoplasmic,5.0,0.0442
P31645,ESpritz,segment,Cytoplasmic,6.0,0.1839
P31645,SEG,segment,Cytoplasmic,0.0,0.0
P31645,SEG,segment,Cytoplasmic,1.0,0.0
P31645,SEG,segment,Cytoplasmic,2.0,0.0
P31645,SEG,segment,Cytoplasmic,3.0,0.0
P31645,SEG,segment,Cytoplasmic,4.0,0.0
P31645,SEG,segment,Cytoplasmic,5.0,0.0
P31645,SEG,segment,Cytoplasmic,6.0,0.0
P31645,catGRANULE,segment,Transmembrane,0.0,-1.4707
P31645,catGRANULE,segment,Transmembrane,1.0,-5.4211
P31645,catGRANULE,segment,Transmembrane,2.0,-9.2817
P31645,catGRANULE,segment,Transmembrane,3.0,-6.6304
P31645,catGRANULE,segment,Transmembrane,4.0,-5.2984
P31645,catGRANULE,segment,Transmembrane,5.0,-4.3668
P31645,catGRANULE,segment,Transmembrane,6.0,-7.8983
P31645,catGRANULE,segment,Transmembrane,7.0,-7.3572
P31645,catGRANULE,segment,Transmembrane,8.0,-7.7048
P31645,catGRANULE,segment,Transmembrane,9.0,-10.886
P31645,catGRANULE,segment,Transmembrane,10.0,-11.7116
P31645,catGRANULE,segment,Transmembrane,11.0,-8.9452
P31645,PLAAC,segment,Transmembrane,0.0,0.0023
P31645,PLAAC,segment,Transmembrane,1.0,0.001
P31645,PLAAC,segment,Transmembrane,2.0,0.0009
P31645,PLAAC,segment,Transmembrane,3.0,0.0001
P31645,PLAAC,segment,Transmembrane,4.0,0.0001
P31645,PLAAC,segment,Transmembrane,5.0,0.0009
P31645,PLAAC,segment,Transmembrane,6.0,0.0005
P31645,PLAAC,segment,Transmembrane,7.0,0.0001
P31645,PLAAC,segment,Transmembrane,8.0,0.0001
P31645,PLAAC,segment,Transmembrane,9.0,0.0001
P31645,PLAAC,segment,Transmembrane,10.0,0.0002
P31645,PLAAC,segment,Transmembrane,11.0,0.0002
P31645,PScore,segment,Transmembrane,0.0,0.93
P31645,PScore,segment,Transmembrane,1.0,0.62
P31645,PScore,segment,Transmembrane,2.0,0.7958
P31645,PScore,segment,Transmembrane,3.0,-1.5572
P31645,PScore,segment,Transmembrane,4.0,-0.3567
P31645,PScore,segment,Transmembrane,5.0,0.2841
P31645,PScore,segment,Transmembrane,6.0,0.4771
P31645,PScore,segment,Transmembrane,7.0,-0.485
P31645,PScore,segment,Transmembrane,8.0,0.1099
P31645,PScore,segment,Transmembrane,9.0,-0.805
P31645,PScore,segment,Transmembrane,10.0,-0.367
P31645,PScore,segment,Transmembrane,11.0,0.1453
P31645,ESpritz,segment,Transmembrane,0.0,0.1038
P31645,ESpritz,segment,Transmembrane,1.0,0.0544
P31645,ESpritz,segment,Transmembrane,2.0,0.0414
P31645,ESpritz,segment,Transmembrane,3.0,0.0385
P31645,ESpritz,segment,Transmembrane,4.0,0.0387
P31645,ESpritz,segment,Transmembrane,5.0,0.0388
P31645,ESpritz,segment,Transmembrane,6.0,0.0389
P31645,ESpritz,segment,Transmembrane,7.0,0.0388
P31645,ESpritz,segment,Transmembrane,8.0,0.0387
P31645,ESpritz,segment,Transmembrane,9.0,0.0393
P31645,ESpritz,segment,Transmembrane,10.0,0.0498
P31645,ESpritz,segment,Transmembrane,11.0,0.0762
P31645,SEG,segment,Transmembrane,0.0,0.0
P31645,SEG,segment,Transmembrane,1.0,0.0
P31645,SEG,segment,Transmembrane,2.0,0.0
P31645,SEG,segment,Transmembrane,3.0,0.0
P31645,SEG,segment,Transmembrane,4.0,0.0
P31645,SEG,segment,Transmembrane,5.0,0.0
P31645,SEG,segment,Transmembrane,6.0,0.0
P31645,SEG,segment,Transmembrane,7.0,0.0
P31645,SEG,segment,Transmembrane,8.0,0.0
P31645,SEG,segment,Transmembrane,9.0,0.0
P31645,SEG,segment,Transmembrane,10.0,0.0
P31645,SEG,segment,Transmembrane,11.0,0.0
P31645,catGRANULE,segment,Extracellular/Lumenal,0.0,-2.0045
P31645,catGRANULE,segment,Extracellular/Lumenal,1.0,-6.3855
P31645,catGRANULE,segment,Extracellular/Lumenal,2.0,-2.6654
P31645,catGRANULE,segment,Extracellular/Lumenal,3.0,-9.6537
P31645,catGRANULE,segment,Extracellular/Lumenal,4.0,-7.8111
P31645,catGRANULE,segment,Extracellular/Lumenal,5.0,-8.8252
P31645,PLAAC,segment,Extracellular/Lumenal,0.0,0.0135
P31645,PLAAC,segment,Extracellular/Lumenal,1.0,0.0006
P31645,PLAAC,segment,Extracellular/Lumenal,2.0,0.0001
P31645,PLAAC,segment,Extracellular/Lumenal,3.0,0.0004
P31645,PLAAC,segment,Extracellular/Lumenal,4.0,0.0002
P31645,PLAAC,segment,Extracellular/Lumenal,5.0,0.0068
P31645,PScore,segment,Extracellular/Lumenal,0.0,1.628
P31645,PScore,segment,Extracellular/Lumenal,1.0,0.39
P31645,PScore,segment,Extracellular/Lumenal,2.0,-0.5734
P31645,PScore,segment,Extracellular/Lumenal,3.0,-0.6407
P31645,PScore,segment,Extracellular/Lumenal,4.0,-0.6972
P31645,PScore,segment,Extracellular/Lumenal,5.0,0.0546
P31645,ESpritz,segment,Extracellular/Lumenal,0.0,0.0618
P31645,ESpritz,segment,Extracellular/Lumenal,1.0,0.0394
P31645,ESpritz,segment,Extracellular/Lumenal,2.0,0.039
P31645,ESpritz,segment,Extracellular/Lumenal,3.0,0.0401
P31645,ESpritz,segment,Extracellular/Lumenal,4.0,0.0388
P31645,ESpritz,segment,Extracellular/Lumenal,5.0,0.0558
P31645,SEG,segment,Extracellular/Lumenal,0.0,0.0
P31645,SEG,segment,Extracellular/Lumenal,1.0,0.0
P31645,SEG,segment,Extracellular/Lumenal,2.0,0.0
P31645,SEG,segment,Extracellular/Lumenal,3.0,0.0
P31645,SEG,segment,Extracellular/Lumenal,4.0,0.0
P31645,SEG,segment,Extracellular/Lumenal,5.0,0.0
P49146,catGRANULE,segment,Cytoplasmic,0.0,-11.2239
P49146,catGRANULE,segment,Cytoplasmic,1.0,-9.5917
P49146,catGRANULE,segment,Cytoplasmic,2.0,-10.3249
P49146,catGRANULE,segment,Cytoplasmic,3.0,-2.8114
P49146,PLAAC,segment,Cytoplasmic,0.0,0.0001
P49146,PLAAC,segment,Cytoplasmic,1.0,0.0
P49146,PLAAC,segment,Cytoplasmic,2.0,0.0024
P49146,PLAAC,segment,Cytoplasmic,3.0,0.0016
P49146,PScore,segment,Cytoplasmic,0.0,-0.7735
P49146,PScore,segment,Cytoplasmic,1.0,-1.0735
P49146,PScore,segment,Cytoplasmic,2.0,-0.2507
P49146,PScore,segment,Cytoplasmic,3.0,-1.4002
P49146,ESpritz,segment,Cytoplasmic,0.0,0.0875
P49146,ESpritz,segment,Cytoplasmic,1.0,0.0396
P49146,ESpritz,segment,Cytoplasmic,2.0,0.0418
P49146,ESpritz,segment,Cytoplasmic,3.0,0.2207
P49146,SEG,segment,Cytoplasmic,0.0,0.0
P49146,SEG,segment,Cytoplasmic,1.0,0.0
P49146,SEG,segment,Cytoplasmic,2.0,0.0
P49146,SEG,segment,Cytoplasmic,3.0,0.0
P49146,catGRANULE,segment,Transmembrane,0.0,-9.7617
P49146,catGRANULE,segment,Transmembrane,1.0,-11.6883
P49146,catGRANULE,segment,Transmembrane,2.0,-9.8417
P49146,catGRANULE,segment,Transmembrane,3.0,-8.8633
P49146,catGRANULE,segment,Transmembrane,4.0,-6.4361
P49146,catGRANULE,segment,Transmembrane,5.0,-11.2845
P49146,catGRANULE,segment,Transmembrane,6.0,-6.6111
P49146,PLAAC,segment,Transmembrane,0.0,0.0001
P49146,PLAAC,segment,Transmembrane,1.0,0.0001
P49146,PLAAC,segment,Transmembrane,2.0,0.0005
P49146,PLAAC,segment,Transmembrane,3.0,0.0001
P49146,PLAAC,segment,Transmembrane,4.0,0.0002
P49146,PLAAC,segment,Transmembrane,5.0,0.0001
P49146,PLAAC,segment,Transmembrane,6.0,0.0007
P49146,PScore,segment,Transmembrane,0.0,-1.1713
P49146,PScore,segment,Transmembrane,1.0,-0.1368
P49146,PScore,segment,Transmembrane,2.0,-0.5836
P49146,PScore,segment,Transmembrane,3.0,-1.5743
P49146,PScore,segment,Transmembrane,4.0,-0.012
P49146,PScore,segment,Transmembrane,5.0,-1.69
P49146,PScore,segment,Transmembrane,6.0,-0.2269
P49146,ESpritz,segment,Transmembrane,0.0,0.14
P49146,ESpritz,segment,Transmembrane,1.0,0.065
P49146,ESpritz,segment,Transmembrane,2.0,0.0433
P49146,ESpritz,segment,Transmembrane,3.0,0.039
P49146,ESpritz,segment,Transmembrane,4.0,0.0397
P49146,ESpritz,segment,Transmembrane,5.0,0.048
P49146,ESpritz,segment,Transmembrane,6.0,0.062
P49146,SEG,segment,Transmembrane,0.0,0.0
P49146,SEG,segment,Transmembrane,1.0,0.0
P49146,SEG,segment,Transmembrane,2.0,0.0
P49146,SEG,segment,Transmembrane,3.0,0.0
P49146,SEG,segment,Transmembrane,4.0,0.5926
P49146,SEG,segment,Transmembrane,5.0,0.0
P49146,SEG,segment,Transmembrane,6.0,0.0
P49146,catGRANULE,segment,Extracellular/Lumenal,0.0,-8.1755
P49146,catGRANULE,segment,Extracellular/Lumenal,1.0,-10.0218
P49146,catGRANULE,segment,Extracellular/Lumenal,2.0,-6.2889
P49146,catGRANULE,segment,Extracellular/Lumenal,3.0,-9.0344
P49146,PLAAC,segment,Extracellular/Lumenal,0.0,0.0015
P49146,PLAAC,segment,Extracellular/Lumenal,1.0,0.0001
P49146,PLAAC,segment,Extracellular/Lumenal,2.0,0.0
P49146,PLAAC,segment,Extracellular/Lumenal,3.0,0.0001
P49146,PScore,segment,Extracellular/Lumenal,0.0,0.084
P49146,PScore,segment,Extracellular/Lumenal,1.0,-0.9368
P49146,PScore,segment,Extracellular/Lumenal,2.0,0.0011
P49146,PScore,segment,Extracellular/Lumenal,3.0,-0.2753
P49146,ESpritz,segment,Extracellular/Lumenal,0.0,0.4462
P49146,ESpritz,segment,Extracellular/Lumenal,1.0,0.0481
P49146,ESpritz,segment,Extracellular/Lumenal,2.0,0.04
P49146,ESpritz,segment,Extracellular/Lumenal,3.0,0.0546
P49146,SEG,segment,Extracellular/Lumenal,0.0,0.0
P49146,SEG,segment,Extracellular/Lumenal,1.0,0.0
P49146,SEG,segment,Extracellular/Lumenal,2.0,0.0
P49146,SEG,segment,Extracellular/Lumenal,3.0,0.0
P15954,PLAAC,segment,Transmembrane,0.0,0.0002
P15954,ESpritz,segment,Transmembrane,0.0,0.5707
P15954,SEG,segment,Transmembrane,0.0,0.0
P15954,catGRANULE,segment,Extracellular/Lumenal,0.0,
P15954,catGRANULE,segment,Extracellular/Lumenal,1.0,
P15954,PLAAC,segment,Extracellular/Lumenal,0.0,0.0002
P15954,PLAAC,segment,Extracellular/Lumenal,1.0,0.0005
P15954,ESpritz,segment,Extracellular/Lumenal,0.0,0.6116
P15954,ESpritz,segment,Extracellular/Lumenal,1.0,0.6079
P15954,SEG,segment,Extracellular/Lumenal,0.0,0.0
P15954,SEG,segment,Extracellular/Lumenal,1.0,0.0
P13569,catGRANULE,segment,Cytoplasmic,0.0,-5.0926
P13569,catGRANULE,segment,Cytoplasmic,1.0,-6.9306
P13569,catGRANULE,segment,Cytoplasmic,2.0,-7.7986
P13569,catGRANULE,segment,Cytoplasmic,3.0,-3.6862
P13569,catGRANULE,segment,Cytoplasmic,4.0,-10.3654
P13569,catGRANULE,segment,Cytoplasmic,5.0,-8.846
P13569,catGRANULE,segment,Cytoplasmic,6.0,-3.717
P13569,PLAAC,segment,Cytoplasmic,0.0,0.001
P13569,PLAAC,segment,Cytoplasmic,1.0,0.0006
P13569,PLAAC,segment,Cytoplasmic,2.0,0.0002
P13569,PLAAC,segment,Cytoplasmic,3.0,0.0034
P13569,PLAAC,segment,Cytoplasmic,4.0,0.0003
P13569,PLAAC,segment,Cytoplasmic,5.0,0.0006
P13569,PLAAC,segment,Cytoplasmic,6.0,0.0003
P13569,PScore,segment,Cytoplasmic,0.0,-1.1222
P13569,PScore,segment,Cytoplasmic,1.0,-0.7618
P13569,PScore,segment,Cytoplasmic,2.0,-1.1468
P13569,PScore,segment,Cytoplasmic,3.0,-0.1901
P13569,PScore,segment,Cytoplasmic,4.0,-0.934
P13569,PScore,segment,Cytoplasmic,5.0,-0.3837
P13569,PScore,segment,Cytoplasmic,6.0,-0.1114
P13569,ESpritz,segment,Cytoplasmic,0.0,0.2791
P13569,ESpritz,segment,Cytoplasmic,1.0,0.0407
P13569,ESpritz,segment,Cytoplasmic,2.0,0.0396
P13569,ESpritz,segment,Cytoplasmic,3.0,0.0826
P13569,ESpritz,segment,Cytoplasmic,4.0,0.0391
P13569,ESpritz,segment,Cytoplasmic,5.0,0.0398
P13569,ESpritz,segment,Cytoplasmic,6.0,0.1253
P13569,SEG,segment,Cytoplasmic,0.0,0.0
P13569,SEG,segment,Cytoplasmic,1.0,0.0
P13569,SEG,segment,Cytoplasmic,2.0,0.0
P13569,SEG,segment,Cytoplasmic,3.0,0.0
P13569,SEG,segment,Cytoplasmic,4.0,0.0
P13569,SEG,segment,Cytoplasmic,5.0,0.0
P13569,SEG,segment,Cytoplasmic,6.0,0.0
P13569,catGRANULE,segment,Transmembrane,0.0,-5.5176
P13569,catGRANULE,segment,Transmembrane,1.0,-6.6246
P13569,catGRANULE,segment,Transmembrane,2.0,-6.6839
P13569,catGRANULE,segment,Transmembrane,3.0,-6.1235
P13569,catGRANULE,segment,Transmembrane,4.0,-10.4359
P13569,catGRANULE,segment,Transmembrane,5.0,-8.0157
P13569,catGRANULE,segment,Transmembrane,6.0,-6.7903
P13569,catGRANULE,segment,Transmembrane,7.0,-6.9658
P13569,catGRANULE,segment,Transmembrane,8.0,-12.1703
P13569,catGRANULE,segment,Transmembrane,9.0,-7.6511
P13569,catGRANULE,segment,Transmembrane,10.0,-7.8875
P13569,catGRANULE,segment,Transmembrane,11.0,-4.8986
P13569,PLAAC,segment,Transmembrane,0.0,0.0001
P13569,PLAAC,segment,Transmembrane,1.0,0.0001
P13569,PLAAC,segment,Transmembrane,2.0,0.0001
P13569,PLAAC,segment,Transmembrane,3.0,0.0004
P13569,PLAAC,segment,Transmembrane,4.0,0.0009
P13569,PLAAC,segment,Transmembrane,5.0,0.0002
P13569,PLAAC,segment,Transmembrane,6.0,0.0
P13569,PLAAC,segment,Transmembrane,7.0,0.0002
P13569,PLAAC,segment,Transmembrane,8.0,0.0001
P13569,PLAAC,segment,Transmembrane,9.0,0.0004
P13569,PLAAC,segment,Transmembrane,10.0,0.0001
P13569,PLAAC,segment,Transmembrane,11.0,0.0005
P13569,PScore,segment,Transmembrane,0.0,0.3253
P13569,PScore,segment,Transmembrane,1.0,0.0791
P13569,PScore,segment,Transmembrane,2.0,-0.5149
P13569,PScore,segment,Transmembrane,3.0,-0.7558
P13569,PScore,segment,Transmembrane,4.0,0.0795
P13569,PScore,segment,Transmembrane,5.0,-0.8715
P13569,PScore,segment,Transmembrane,6.0,-0.9534
P13569,PScore,segment,Transmembrane,7.0,0.7349
P13569,PScore,segment,Transmembrane,8.0,-0.6528
P13569,PScore,segment,Transmembrane,9.0,-0.6681
P13569,PScore,segment,Transmembrane,10.0,0.3063
P13569,PScore,segment,Transmembrane,11.0,-1.0654
P13569,ESpritz,segment,Transmembrane,0.0,0.0844
P13569,ESpritz,segment,Transmembrane,1.0,0.0447
P13569,ESpritz,segment,Transmembrane,2.0,0.0388
P13569,ESpritz,segment,Transmembrane,3.0,0.0388
P13569,ESpritz,segment,Transmembrane,4.0,0.0394
P13569,ESpritz,segment,Transmembrane,5.0,0.0401
P13569,ESpritz,segment,Transmembrane,6.0,0.0463
P13569,ESpritz,segment,Transmembrane,7.0,0.0403
P13569,ESpritz,segment,Transmembrane,8.0,0.0386
P13569,ESpritz,segment,Transmembrane,9.0,0.0389
P13569,ESpritz,segment,Transmembrane,10.0,0.0403
P13569,ESpritz,segment,Transmembrane,11.0,0.0434
P13569,SEG,segment,Transmembrane,0.0,0.0
P13569,SEG,segment,Transmembrane,1.0,0.0
P13569,SEG,segment,Transmembrane,2.0,0.0
P13569,SEG,segment,Transmembrane,3.0,0.0
P13569,SEG,segment,Transmembrane,4.0,0.7143
P13569,SEG,segment,Transmembrane,5.0,0.0
P13569,SEG,segment,Transmembrane,6.0,0.0
P13569,SEG,segment,Transmembrane,7.0,0.0
P13569,SEG,segment,Transmembrane,8.0,0.8095
P13569,SEG,segment,Transmembrane,9.0,0.0
P13569,SEG,segment,Transmembrane,10.0,0.5238
P13569,SEG,segment,Transmembrane,11.0,0.0
P13569,catGRANULE,segment,Extracellular/Lumenal,0.0,-7.1633
P13569,catGRANULE,segment,Extracellular/Lumenal,1.0,-4.8584
P13569,catGRANULE,segment,Extracellular/Lumenal,2.0,-9.5673
P13569,catGRANULE,segment,Extracellular/Lumenal,3.0,-6.3866
P13569,catGRANULE,segment,Extracellular/Lumenal,4.0,-10.5103
P13569,catGRANULE,segment,Extracellular/Lumenal,5.0,-6.2802
P13569,PLAAC,segment,Extracellular/Lumenal,0.0,0.0001
P13569,PLAAC,segment,Extracellular/Lumenal,1.0,0.0003
P13569,PLAAC,segment,Extracellular/Lumenal,2.0,0.0001
P13569,PLAAC,segment,Extracellular/Lumenal,3.0,0.0086
P13569,PLAAC,segment,Extracellular/Lumenal,4.0,0.0006
P13569,PLAAC,segment,Extracellular/Lumenal,5.0,0.0001
P13569,PScore,segment,Extracellular/Lumenal,0.0,-1.138
P13569,PScore,segment,Extracellular/Lumenal,1.0,-0.933
P13569,PScore,segment,Extracellular/Lumenal,2.0,0.2716
P13569,PScore,segment,Extracellular/Lumenal,3.0,0.2767
P13569,PScore,segment,Extracellular/Lumenal,4.0,-0.625
P13569,PScore,segment,Extracellular/Lumenal,5.0,-0.3911
P13569,ESpritz,segment,Extracellular/Lumenal,0.0,0.0569
P13569,ESpritz,segment,Extracellular/Lumenal,1.0,0.0388
P13569,ESpritz,segment,Extracellular/Lumenal,2.0,0.0396
P13569,ESpritz,segment,Extracellular/Lumenal,3.0,0.0445
P13569,ESpritz,segment,Extracellular/Lumenal,4.0,0.0386
P13569,ESpritz,segment,Extracellular/Lumenal,5.0,0.0419
P13569,SEG,segment,Extracellular/Lumenal,0.0,0.0
P13569,SEG,segment,Extracellular/Lumenal,1.0,0.0
P13569,SEG,segment,Extracellular/Lumenal,2.0,0.15
P13569,SEG,segment,Extracellular/Lumenal,3.0,0.0
P13569,SEG,segment,Extracellular/Lumenal,4.0,0.5
P13569,SEG,segment,Extracellular/Lumenal,5.0,0.2143
Q9BRQ8,catGRANULE,segment,Transmembrane,0.0,-3.2352
Q9BRQ8,PLAAC,segment,Transmembrane,0.0,0.0015
Q9BRQ8,PScore,segment,Transmembrane,0.0,-0.5481
Q9BRQ8,ESpritz,segment,Transmembrane,0.0,0.184
Q9BRQ8,SEG,segment,Transmembrane,0.0,0.6667
Q03135,catGRANULE,segment,Cytoplasmic,0.0,-5.8409
Q03135,catGRANULE,segment,Cytoplasmic,1.0,-10.5728
Q03135,PLAAC,segment,Cytoplasmic,0.0,0.0009
Q03135,PLAAC,segment,Cytoplasmic,1.0,0.0001
Q03135,PScore,segment,Cytoplasmic,0.0,-0.4228
Q03135,PScore,segment,Cytoplasmic,1.0,-0.7999
Q03135,ESpritz,segment,Cytoplasmic,0.0,0.2281
Q03135,ESpritz,segment,Cytoplasmic,1.0,0.1149
Q03135,SEG,segment,Cytoplasmic,0.0,0.0
Q03135,SEG,segment,Cytoplasmic,1.0,0.0
Q13021,catGRANULE,segment,Transmembrane,0.0,-12.4787
Q13021,catGRANULE,segment,Transmembrane,1.0,-7.7262
Q13021,catGRANULE,segment,Transmembrane,2.0,-12.172
Q13021,catGRANULE,segment,Transmembrane,3.0,
Q13021,PLAAC,segment,Transmembrane,0.0,0.0001
Q13021,PLAAC,segment,Transmembrane,1.0,0.0001
Q13021,PLAAC,segment,Transmembrane,2.0,0.0003
Q13021,PLAAC,segment,Transmembrane,3.0,0.0009
Q13021,PScore,segment,Transmembrane,0.0,-0.7122
Q13021,PScore,segment,Transmembrane,1.0,-0.7215
Q13021,PScore,segment,Transmembrane,2.0,-1.1177
Q13021,PScore,segment,Transmembrane,3.0,0.076
Q13021,ESpritz,segment,Transmembrane,0.0,0.1607
Q13021,ESpritz,segment,Transmembrane,1.0,0.1582
Q13021,ESpritz,segment,Transmembrane,2.0,0.0938
Q13021,ESpritz,segment,Transmembrane,3.0,0.132
Q13021,SEG,segment,Transmembrane,0.0,0.0
Q13021,SEG,segment,Transmembrane,1.0,0.0
Q13021,SEG,segment,Transmembrane,2.0,0.0
Q13021,SEG,segment,Transmembrane,3.0,0.3333
P15941,catGRANULE,concatenated,Cytoplasmic,,-2.3336791666666667
P15941,PLAAC,concatenated,Cytoplasmic,,0.0119864864864864
P15941,PScore,concatenated,Cytoplasmic,,1.140309859154929
P15941,ESpritz,concatenated,Cytoplasmic,,0.2598337837837837
P15941,SEG,concatenated,Cytoplasmic,,0.027027027027027
P15941,catGRANULE,concatenated,Transmembrane,,-9.669382608695653
P15941,PLAAC,concatenated,Transmembrane,,4.347826086956522e-05
P15941,PScore,concatenated,Transmembrane,,-1.938782608695652
P15941,ESpritz,concatenated,Transmembrane,,0.0670173913043478
P15941,SEG,concatenated,Transmembrane,,0.9130434782608696
P15941,catGRANULE,concatenated,Extracellular/Lumenal,,-5.776363436123348
P15941,PLAAC,concatenated,Extracellular/Lumenal,,0.0014453744493392
P15941,PScore,concatenated,Extracellular/Lumenal,,2.4465594713656387
P15941,ESpritz,concatenated,Extracellular/Lumenal,,0.4992333920704846
P15941,SEG,concatenated,Extracellular/Lumenal,,0.0281938325991189
Q7Z434,catGRANULE,concatenated,Cytoplasmic,,-4.571209815950921
Q7Z434,PLAAC,concatenated,Cytoplasmic,,0.0008767578125
Q7Z434,PScore,concatenated,Cytoplasmic,,1.4033867187500002
Q7Z434,ESpritz,concatenated,Cytoplasmic,,0.4240861328124999
Q7Z434,SEG,concatenated,Cytoplasmic,,0.142578125
Q7Z434,PLAAC,concatenated,Transmembrane,,8.571428571428573e-05
Q7Z434,PScore,concatenated,Transmembrane,,-0.0149523809523809
Q7Z434,ESpritz,concatenated,Transmembrane,,0.3158380952380953
Q7Z434,SEG,concatenated,Transmembrane,,0.8095238095238095
Q7Z434,PLAAC,concatenated,Extracellular/Lumenal,,0.0005166666666666
Q7Z434,PScore,concatenated,Extracellular/Lumenal,,-0.045
Q7Z434,ESpritz,concatenated,Extracellular/Lumenal,,0.3004333333333333
Q7Z434,SEG,concatenated,Extracellular/Lumenal,,0.0
Q9BR39,catGRANULE,concatenated,Cytoplasmic,,-0.1562795665634674
Q9BR39,PLAAC,concatenated,Cytoplasmic,,0.0095870919881305
Q9BR39,PScore,concatenated,Cytoplasmic,,1.158045994065282
Q9BR39,ESpritz,concatenated,Cytoplasmic,,0.3905818991097923
Q9BR39,SEG,concatenated,Cytoplasmic,,0.2700296735905044
Q9BR39,PLAAC,concatenated,Transmembrane,,7.61904761904762e-05
Q9BR39,PScore,concatenated,Transmembrane,,-0.012
Q9BR39,ESpritz,concatenated,Transmembrane,,0.3075809523809524
Q9BR39,SEG,concatenated,Transmembrane,,0.0
O43561,catGRANULE,concatenated,Cytoplasmic,,-4.114703243243243
O43561,PLAAC,concatenated,Cytoplasmic,,0.0006859574468085
O43561,PScore,concatenated,Cytoplasmic,,1.1058706896551724
O43561,ESpritz,concatenated,Cytoplasmic,,0.4562702127659575
O43561,SEG,concatenated,Cytoplasmic,,0.2553191489361702
O43561,catGRANULE,concatenated,Transmembrane,,-10.3468
O43561,PLAAC,concatenated,Transmembrane,,3.0434782608695656e-05
O43561,PScore,concatenated,Transmembrane,,-2.096478260869565
O43561,ESpritz,concatenated,Transmembrane,,0.2524565217391304
O43561,SEG,concatenated,Transmembrane,,0.9565217391304348
O43561,catGRANULE,concatenated,Extracellular/Lumenal,,-11.93995
O43561,PLAAC,concatenated,Extracellular/Lumenal,,0.0005
O43561,PScore,concatenated,Extracellular/Lumenal,,-2.23
O43561,ESpritz,concatenated,Extracellular/Lumenal,,0.2755499999999999
O43561,SEG,concatenated,Extracellular/Lumenal,,0.0
P31431,PLAAC,concatenated,Cytoplasmic,,0.0006464285714285
P31431,PScore,concatenated,Cytoplasmic,,0.68404
P31431,ESpritz,concatenated,Cytoplasmic,,0.3870071428571428
P31431,SEG,concatenated,Cytoplasmic,,0.0
P31431,catGRANULE,concatenated,Transmembrane,,-1.7916333333333334
P31431,PLAAC,concatenated,Transmembrane,,6.8e-05
P31431,PScore,concatenated,Transmembrane,,-0.6624800000000002
P31431,ESpritz,concatenated,Transmembrane,,0.228732
P31431,SEG,concatenated,Transmembrane,,0.0
P31431,catGRANULE,concatenated,Extracellular/Lumenal,,-1.80004094488189
P31431,PLAAC,concatenated,Extracellular/Lumenal,,0.0005307086614173
P31431,PScore,concatenated,Extracellular/Lumenal,,0.824472440944882
P31431,ESpritz,concatenated,Extracellular/Lumenal,,0.3895157480314961
P31431,SEG,concatenated,Extracellular/Lumenal,,0.1496062992125984
O75445,catGRANULE,concatenated,Cytoplasmic,,-4.761484269662922
O75445,PLAAC,concatenated,Cytoplasmic,,0.005010071942446
O75445,PScore,concatenated,Cytoplasmic,,0.5265367647058823
O75445,ESpritz,concatenated,Cytoplasmic,,0.0990179856115107
O75445,SEG,concatenated,Cytoplasmic,,0.0
O75445,catGRANULE,concatenated,Transmembrane,,-7.293766666666667
O75445,PLAAC,concatenated,Transmembrane,,5.2380952380952384e-05
O75445,PScore,concatenated,Transmembrane,,-1.8884761904761904
O75445,ESpritz,concatenated,Transmembrane,,0.0437095238095238
O75445,SEG,concatenated,Transmembrane,,0.9523809523809524
O75445,catGRANULE,concatenated,Extracellular/Lumenal,,-4.785996447814807
O75445,PLAAC,concatenated,Extracellular/Lumenal,,0.0033002993414488
O75445,PScore,concatenated,Extracellular/Lumenal,,0.6753027339852324
O75445,ESpritz,concatenated,Extracellular/Lumenal,,0.0481892237078427
O75445,SEG,concatenated,Extracellular/Lumenal,,0.0067850728397525
Q9UM73,catGRANULE,concatenated,Cytoplasmic,,-4.0926547945205485
Q9UM73,PLAAC,concatenated,Cytoplasmic,,0.012175935828877
Q9UM73,PScore,concatenated,Cytoplasmic,,0.5245967741935484
Q9UM73,ESpritz,concatenated,Cytoplasmic,,0.1977181818181818
Q9UM73,SEG,concatenated,Cytoplasmic,,0.0588235294117647
Q9UM73,catGRANULE,concatenated,Transmembrane,,-8.731528571428571
Q9UM73,PLAAC,concatenated,Transmembrane,,9.047619047619048e-05
Q9UM73,PScore,concatenated,Transmembrane,,-1.6826666666666663
Q9UM73,ESpritz,concatenated,Transmembrane,,0.0433047619047619
Q9UM73,SEG,concatenated,Transmembrane,,0.7142857142857143
Q9UM73,catGRANULE,concatenated,Extracellular/Lumenal,,-1.6240717647058822
Q9UM73,PLAAC,concatenated,Extracellular/Lumenal,,0.0260001960784313
Q9UM73,PScore,concatenated,Extracellular/Lumenal,,0.9611411764705884
Q9UM73,ESpritz,concatenated,Extracellular/Lumenal,,0.0734292156862745
Q9UM73,SEG,concatenated,Extracellular/Lumenal,,0.1078431372549019
Q9H461,catGRANULE,concatenated,Cytoplasmic,,7.132043809523809
Q9H461,PLAAC,concatenated,Cytoplasmic,,0.1908116129032258
Q9H461,PScore,concatenated,Cytoplasmic,,1.9062894736842104
Q9H461,ESpritz,concatenated,Cytoplasmic,,0.2710245161290322
Q9H461,SEG,concatenated,Cytoplasmic,,0.2451612903225806
Q9H461,catGRANULE,concatenated,Transmembrane,,-2.965308843537415
Q9H461,PLAAC,concatenated,Transmembrane,,0.0001462585034013
Q9H461,PScore,concatenated,Transmembrane,,0.7349251700680273
Q9H461,ESpritz,concatenated,Transmembrane,,0.0671721088435374
Q9H461,SEG,concatenated,Transmembrane,,0.0
Q9H461,catGRANULE,concatenated,Extracellular/Lumenal,,-2.344040821917808
Q9H461,PLAAC,concatenated,Extracellular/Lumenal,,0.0297813698630137
Q9H461,PScore,concatenated,Extracellular/Lumenal,,1.250495890410959
Q9H461,ESpritz,concatenated,Extracellular/Lumenal,,0.1497312328767123
Q9H461,SEG,concatenated,Extracellular/Lumenal,,0.2876712328767123
O14763,catGRANULE,concatenated,Cytoplasmic,,-5.015009433962264
O14763,PLAAC,concatenated,Cytoplasmic,,0.0005177033492822
O14763,PScore,concatenated,Cytoplasmic,,0.1398300970873786
O14763,ESpritz,concatenated,Cytoplasmic,,0.2324177033492823
O14763,SEG,concatenated,Cytoplasmic,,0.0861244019138756
O14763,catGRANULE,concatenated,Transmembrane,,-0.4048761904761904
O14763,PLAAC,concatenated,Transmembrane,,5.714285714285715e-05
O14763,PScore,concatenated,Transmembrane,,-0.2966666666666667
O14763,ESpritz,concatenated,Transmembrane,,0.1050666666666666
O14763,SEG,concatenated,Transmembrane,,0.8571428571428571
O14763,catGRANULE,concatenated,Extracellular/Lumenal,,-6.109885161290323
O14763,PLAAC,concatenated,Extracellular/Lumenal,,0.0029270967741935
O14763,PScore,concatenated,Extracellular/Lumenal,,1.079051612903226
O14763,ESpritz,concatenated,Extracellular/Lumenal,,0.1598735483870967
O14763,SEG,concatenated,Extracellular/Lumenal,,0.0903225806451612
P46531,catGRANULE,concatenated,Cytoplasmic,,-3.705424566088118
P46531,PLAAC,concatenated,Cytoplasmic,,0.0845767209011264
P46531,PScore,concatenated,Cytoplasmic,,0.413427135678392
P46531,ESpritz,concatenated,Cytoplasmic,,0.2638227784730914
P46531,SEG,concatenated,Cytoplasmic,,0.1814768460575719
P46531,catGRANULE,concatenated,Transmembrane,,1.4189095238095235
P46531,PLAAC,concatenated,Transmembrane,,0.0002095238095238
P46531,PScore,concatenated,Transmembrane,,0.401904761904762
P46531,ESpritz,concatenated,Transmembrane,,0.1227952380952381
P46531,SEG,concatenated,Transmembrane,,0.8571428571428571
P46531,catGRANULE,concatenated,Extracellular/Lumenal,,-3.443134012813046
P46531,PLAAC,concatenated,Extracellular/Lumenal,,0.0010920792079207
P46531,PScore,concatenated,Extracellular/Lumenal,,1.9098124635993008
P46531,ESpritz,concatenated,Extracellular/Lumenal,,0.0483252766453115
P46531,SEG,concatenated,Extracellular/Lumenal,,0.0215492137449039
Q8N114,catGRANULE,concatenated,Cytoplasmic,,-8.9513828125
Q8N114,PLAAC,concatenated,Cytoplasmic,,0.5920833333333334
Q8N114,PScore,concatenated,Cytoplasmic,,2.8108828828828845
Q8N114,ESpritz,concatenated,Cytoplasmic,,0.3374035087719298
Q8N114,SEG,concatenated,Cytoplasmic,,0.7456140350877193
Q8N114,catGRANULE,concatenated,Transmembrane,,-16.858557142857144
Q8N114,PLAAC,concatenated,Transmembrane,,0.0004523809523809
Q8N114,PScore,concatenated,Transmembrane,,-0.0636190476190476
Q8N114,ESpritz,concatenated,Transmembrane,,0.0788523809523809
Q8N114,SEG,concatenated,Transmembrane,,0.1904761904761904
Q8N114,catGRANULE,concatenated,Extracellular/Lumenal,,-8.600975324675327
Q8N114,PLAAC,concatenated,Extracellular/Lumenal,,0.0006896103896103
Q8N114,PScore,concatenated,Extracellular/Lumenal,,0.5075194805194805
Q8N114,ESpritz,concatenated,Extracellular/Lumenal,,0.1155038961038961
Q8N114,SEG,concatenated,Extracellular/Lumenal,,0.0
Q07065,catGRANULE,concatenated,Cytoplasmic,,1.0514490566037735
Q07065,PLAAC,concatenated,Cytoplasmic,,0.4301358490566038
Q07065,PScore,concatenated,Cytoplasmic,,2.4874339622641504
Q07065,ESpritz,concatenated,Cytoplasmic,,0.5864424528301886
Q07065,SEG,concatenated,Cytoplasmic,,0.6698113207547169
Q07065,catGRANULE,concatenated,Transmembrane,,-2.9964285714285714
Q07065,PLAAC,concatenated,Transmembrane,,0.0003238095238095
Q07065,PScore,concatenated,Transmembrane,,-0.0986190476190476
Q07065,ESpritz,concatenated,Transmembrane,,0.3483285714285714
Q07065,SEG,concatenated,Transmembrane,,0.7619047619047619
Q07065,catGRANULE,concatenated,Extracellular/Lumenal,,-4.486953176470588
Q07065,PLAAC,concatenated,Extracellular/Lumenal,,0.0003322105263157
Q07065,PScore,concatenated,Extracellular/Lumenal,,-0.8063262711864407
Q07065,ESpritz,concatenated,Extracellular/Lumenal,,0.3982995789473684
Q07065,SEG,concatenated,Extracellular/Lumenal,,0.0947368421052631
P08172,catGRANULE,concatenated,Cytoplasmic,,-3.868960930232558
P08172,PLAAC,concatenated,Cytoplasmic,,0.0061271966527196
P08172,PScore,concatenated,Cytoplasmic,,-0.0243093220338983
P08172,ESpritz,concatenated,Cytoplasmic,,0.2593774058577406
P08172,SEG,concatenated,Cytoplasmic,,0.00836820083682
P08172,catGRANULE,concatenated,Transmembrane,,-9.91288
P08172,PLAAC,concatenated,Transmembrane,,0.0003248554913294
P08172,PScore,concatenated,Transmembrane,,-0.4259884393063584
P08172,ESpritz,concatenated,Transmembrane,,0.0974456647398843
P08172,SEG,concatenated,Transmembrane,,0.0809248554913294
P08172,catGRANULE,concatenated,Extracellular/Lumenal,,-8.467603921568628
P08172,PLAAC,concatenated,Extracellular/Lumenal,,0.1818999999999999
P08172,PScore,concatenated,Extracellular/Lumenal,,-0.1739074074074074
P08172,ESpritz,concatenated,Extracellular/Lumenal,,0.1347388888888889
P08172,SEG,concatenated,Extracellular/Lumenal,,0.2777777777777778
Q08345,catGRANULE,concatenated,Cytoplasmic,,-4.317765647058824
Q08345,PLAAC,concatenated,Cytoplasmic,,0.0015237894736842
Q08345,PScore,concatenated,Cytoplasmic,,0.3405296610169492
Q08345,ESpritz,concatenated,Cytoplasmic,,0.136922947368421
Q08345,SEG,concatenated,Cytoplasmic,,0.1557894736842105
Q08345,catGRANULE,concatenated,Transmembrane,,-10.497919047619048
Q08345,PLAAC,concatenated,Transmembrane,,1.4285714285714289e-05
Q08345,PScore,concatenated,Transmembrane,,-2.5028571428571422
Q08345,ESpritz,concatenated,Transmembrane,,0.0871
Q08345,SEG,concatenated,Transmembrane,,1.0
Q08345,catGRANULE,concatenated,Extracellular/Lumenal,,-1.791621410579345
Q08345,PLAAC,concatenated,Extracellular/Lumenal,,0.00092040302267
Q08345,PScore,concatenated,Extracellular/Lumenal,,1.074984886649874
Q08345,ESpritz,concatenated,Extracellular/Lumenal,,0.0943244332493702
Q08345,SEG,concatenated,Extracellular/Lumenal,,0.1083123425692695
O60500,catGRANULE,concatenated,Cytoplasmic,,-3.320911206896552
O60500,PLAAC,concatenated,Cytoplasmic,,0.000267469879518
O60500,PScore,concatenated,Cytoplasmic,,0.7497300613496933
O60500,ESpritz,concatenated,Cytoplasmic,,0.3806843373493975
O60500,SEG,concatenated,Cytoplasmic,,0.0
O60500,catGRANULE,concatenated,Transmembrane,,-0.9532238095238096
O60500,PLAAC,concatenated,Transmembrane,,0.0003619047619047
O60500,PScore,concatenated,Transmembrane,,-0.014095238095238
O60500,ESpritz,concatenated,Transmembrane,,0.2268809523809523
O60500,SEG,concatenated,Transmembrane,,1.0
O60500,catGRANULE,concatenated,Extracellular/Lumenal,,-4.679202616279069
O60500,PLAAC,concatenated,Extracellular/Lumenal,,0.0004463178294573
O60500,PScore,concatenated,Extracellular/Lumenal,,0.35471996124031
O60500,ESpritz,concatenated,Extracellular/Lumenal,,0.0686407945736434
O60500,SEG,concatenated,Extracellular/Lumenal,,0.0620155038759689
P05067,PLAAC,concatenated,Cytoplasmic,,0.0749374999999999
P05067,PScore,concatenated,Cytoplasmic,,-0.9555111111111114
P05067,ESpritz,concatenated,Cytoplasmic,,0.2165270833333333
P05067,SEG,concatenated,Cytoplasmic,,0.0208333333333333
P05067,catGRANULE,concatenated,Transmembrane,,-5.608631578947367
P05067,PLAAC,concatenated,Transmembrane,,7.61904761904762e-05
P05067,PScore,concatenated,Transmembrane,,-0.9289999999999998
P05067,ESpritz,concatenated,Transmembrane,,0.0884380952380952
P05067,SEG,concatenated,Transmembrane,,0.8095238095238095
P05067,catGRANULE,concatenated,Extracellular/Lumenal,,-5.513748099415205
P05067,PLAAC,concatenated,Extracellular/Lumenal,,0.0008402046783625
P05067,PScore,concatenated,Extracellular/Lumenal,,-0.0432441520467835
P05067,ESpritz,concatenated,Extracellular/Lumenal,,0.1562267543859649
P05067,SEG,concatenated,Extracellular/Lumenal,,0.1301169590643275
Q8WXG9,catGRANULE,concatenated,Cytoplasmic,,-1.9382383561643832
Q8WXG9,PLAAC,concatenated,Cytoplasmic,,0.0452566326530612
Q8WXG9,PScore,concatenated,Cytoplasmic,,0.6322746113989638
Q8WXG9,ESpritz,concatenated,Cytoplasmic,,0.2653306122448979
Q8WXG9,SEG,concatenated,Cytoplasmic,,0.0
Q8WXG9,catGRANULE,concatenated,Transmembrane,,-10.413406802721086
Q8WXG9,PLAAC,concatenated,Transmembrane,,0.0002394557823129
Q8WXG9,PScore,concatenated,Transmembrane,,-0.654843537414966
Q8WXG9,ESpritz,concatenated,Transmembrane,,0.0442428571428571
Q8WXG9,SEG,concatenated,Transmembrane,,0.1020408163265306
Q8WXG9,catGRANULE,concatenated,Extracellular/Lumenal,,-3.9530550219076512
Q8WXG9,PLAAC,concatenated,Extracellular/Lumenal,,0.0006569093360296
Q8WXG9,PScore,concatenated,Extracellular/Lumenal,,0.0918577687900236
Q8WXG9,ESpritz,concatenated,Extracellular/Lumenal,,0.0442955005055611
Q8WXG9,SEG,concatenated,Extracellular/Lumenal,,0.0180316818335018
P11362,catGRANULE,concatenated,Cytoplasmic,,-5.089676266666666
P11362,PLAAC,concatenated,Cytoplasmic,,0.0004849411764705
P11362,PScore,concatenated,Cytoplasmic,,0.0741184834123222
P11362,ESpritz,concatenated,Cytoplasmic,,0.128167294117647
P11362,SEG,concatenated,Cytoplasmic,,0.0352941176470588
P11362,catGRANULE,concatenated,Transmembrane,,-5.424271428571428
P11362,PLAAC,concatenated,Transmembrane,,8.095238095238096e-05
P11362,PScore,concatenated,Transmembrane,,-0.4117619047619049
P11362,ESpritz,concatenated,Transmembrane,,0.0444523809523809
P11362,SEG,concatenated,Transmembrane,,0.0
P11362,catGRANULE,concatenated,Extracellular/Lumenal,,-4.377235211267606
P11362,PLAAC,concatenated,Extracellular/Lumenal,,0.000365352112676
P11362,PScore,concatenated,Extracellular/Lumenal,,0.4348140845070422
P11362,ESpritz,concatenated,Extracellular/Lumenal,,0.165636338028169
P11362,SEG,concatenated,Extracellular/Lumenal,,0.076056338028169
Q8NC56,catGRANULE,concatenated,Transmembrane,,-8.127892857142857
Q8NC56,PLAAC,concatenated,Transmembrane,,4.047619047619048e-05
Q8NC56,PScore,concatenated,Transmembrane,,-1.353142857142857
Q8NC56,ESpritz,concatenated,Transmembrane,,0.103697619047619
Q8NC56,SEG,concatenated,Transmembrane,,0.4285714285714285
P40967,PLAAC,concatenated,Cytoplasmic,,0.00448
P40967,PScore,concatenated,Cytoplasmic,,1.6144761904761904
P40967,ESpritz,concatenated,Cytoplasmic,,0.1633977777777778
P40967,SEG,concatenated,Cytoplasmic,,0.0
P40967,catGRANULE,concatenated,Transmembrane,,-11.1156875
P40967,PLAAC,concatenated,Transmembrane,,9.047619047619048e-05
P40967,PScore,concatenated,Transmembrane,,-0.9838571428571428
P40967,ESpritz,concatenated,Transmembrane,,0.0663619047619047
P40967,SEG,concatenated,Transmembrane,,0.8571428571428571
P40967,catGRANULE,concatenated,Extracellular/Lumenal,,-6.748561111111111
P40967,PLAAC,concatenated,Extracellular/Lumenal,,0.0004841269841269
P40967,PScore,concatenated,Extracellular/Lumenal,,0.3144761904761904
P40967,ESpritz,concatenated,Extracellular/Lumenal,,0.0621555555555555
P40967,SEG,concatenated,Extracellular/Lumenal,,0.0
P07766,catGRANULE,concatenated,Cytoplasmic,,6.743640000000001
P07766,PLAAC,concatenated,Cytoplasmic,,0.0059
P07766,PScore,concatenated,Cytoplasmic,,0.919
P07766,ESpritz,concatenated,Cytoplasmic,,0.5528145454545454
P07766,SEG,concatenated,Cytoplasmic,,0.2181818181818181
P07766,catGRANULE,concatenated,Transmembrane,,3.8375615384615385
P07766,PLAAC,concatenated,Transmembrane,,8.076923076923076e-05
P07766,PScore,concatenated,Transmembrane,,-0.0142307692307692
P07766,ESpritz,concatenated,Transmembrane,,0.1717192307692308
P07766,SEG,concatenated,Transmembrane,,0.0
P07766,catGRANULE,concatenated,Extracellular/Lumenal,,-2.753608653846153
P07766,PLAAC,concatenated,Extracellular/Lumenal,,0.0004461538461538
P07766,PScore,concatenated,Extracellular/Lumenal,,0.7128269230769231
P07766,ESpritz,concatenated,Extracellular/Lumenal,,0.1797874999999999
P07766,SEG,concatenated,Extracellular/Lumenal,,0.0
P20963,catGRANULE,concatenated,Cytoplasmic,,5.914955555555555
P20963,PLAAC,concatenated,Cytoplasmic,,0.0530247787610619
P20963,PScore,concatenated,Cytoplasmic,,-0.1788454545454545
P20963,ESpritz,concatenated,Cytoplasmic,,0.5368814159292036
P20963,SEG,concatenated,Cytoplasmic,,0.0
P20963,catGRANULE,concatenated,Transmembrane,,-0.8481476190476192
P20963,PLAAC,concatenated,Transmembrane,,7.142857142857143e-05
P20963,PScore,concatenated,Transmembrane,,0.4507142857142856
P20963,ESpritz,concatenated,Transmembrane,,0.2331428571428571
P20963,SEG,concatenated,Transmembrane,,0.0
P20963,catGRANULE,concatenated,Extracellular/Lumenal,,-4.370988888888888
P20963,PLAAC,concatenated,Extracellular/Lumenal,,0.0002333333333333
P20963,PScore,concatenated,Extracellular/Lumenal,,-0.2284444444444444
P20963,ESpritz,concatenated,Extracellular/Lumenal,,0.2198444444444444
P20963,SEG,concatenated,Extracellular/Lumenal,,0.0
P04626,catGRANULE,concatenated,Cytoplasmic,,-3.6331249056603774
P04626,PLAAC,concatenated,Cytoplasmic,,0.0022915517241379
P04626,PScore,concatenated,Cytoplasmic,,0.7229220103986135
P04626,ESpritz,concatenated,Cytoplasmic,,0.2334720689655172
P04626,SEG,concatenated,Cytoplasmic,,0.0672413793103448
P04626,catGRANULE,concatenated,Transmembrane,,-6.500217391304347
P04626,PLAAC,concatenated,Transmembrane,,4.782608695652174e-05
P04626,PScore,concatenated,Transmembrane,,-1.2011304347826088
P04626,ESpritz,concatenated,Transmembrane,,0.0421
P04626,SEG,concatenated,Transmembrane,,0.782608695652174
P04626,catGRANULE,concatenated,Extracellular/Lumenal,,-6.2269596825396825
P04626,PLAAC,concatenated,Extracellular/Lumenal,,0.0006328571428571
P04626,PScore,concatenated,Extracellular/Lumenal,,0.4797571428571429
P04626,ESpritz,concatenated,Extracellular/Lumenal,,0.048733492063492
P04626,SEG,concatenated,Extracellular/Lumenal,,0.0238095238095238
O75460,catGRANULE,concatenated,Cytoplasmic,,-4.186472786177107
O75460,PLAAC,concatenated,Cytoplasmic,,0.0221438596491228
O75460,PScore,concatenated,Cytoplasmic,,0.0393705882352941
O75460,ESpritz,concatenated,Cytoplasmic,,0.1110768031189084
O75460,SEG,concatenated,Cytoplasmic,,0.1520467836257309
O75460,catGRANULE,concatenated,Transmembrane,,-8.52294761904762
O75460,PLAAC,concatenated,Transmembrane,,0.0108047619047619
O75460,PScore,concatenated,Transmembrane,,-1.7486190476190475
O75460,ESpritz,concatenated,Transmembrane,,0.1611428571428571
O75460,SEG,concatenated,Transmembrane,,0.0
O75460,catGRANULE,concatenated,Extracellular/Lumenal,,-5.237556
O75460,PLAAC,concatenated,Extracellular/Lumenal,,0.0002743529411764
O75460,PScore,concatenated,Extracellular/Lumenal,,0.1103199999999999
O75460,ESpritz,concatenated,Extracellular/Lumenal,,0.0804538823529411
O75460,SEG,concatenated,Extracellular/Lumenal,,0.0
P35968,catGRANULE,concatenated,Cytoplasmic,,-3.9124571976967366
P35968,PLAAC,concatenated,Cytoplasmic,,0.0038364273204903
P35968,PScore,concatenated,Cytoplasmic,,0.0827746478873239
P35968,ESpritz,concatenated,Cytoplasmic,,0.1862523642732049
P35968,SEG,concatenated,Cytoplasmic,,0.042031523642732
P35968,catGRANULE,concatenated,Transmembrane,,-6.56397142857143
P35968,PLAAC,concatenated,Transmembrane,,3.80952380952381e-05
P35968,PScore,concatenated,Transmembrane,,-0.5778095238095238
P35968,ESpritz,concatenated,Transmembrane,,0.0412095238095238
P35968,SEG,concatenated,Transmembrane,,0.0
P35968,catGRANULE,concatenated,Extracellular/Lumenal,,-4.720620536912752
P35968,PLAAC,concatenated,Extracellular/Lumenal,,0.0007236241610738
P35968,PScore,concatenated,Extracellular/Lumenal,,0.1290630872483221
P35968,ESpritz,concatenated,Extracellular/Lumenal,,0.0496836241610738
P35968,SEG,concatenated,Extracellular/Lumenal,,0.021476510067114
Q12879,catGRANULE,concatenated,Cytoplasmic,,-2.379678466557912
Q12879,PLAAC,concatenated,Cytoplasmic,,0.0057027149321266
Q12879,PScore,concatenated,Cytoplasmic,,0.356330303030303
Q12879,ESpritz,concatenated,Cytoplasmic,,0.264094419306184
Q12879,SEG,concatenated,Cytoplasmic,,0.0437405731523378
Q12879,catGRANULE,concatenated,Transmembrane,,-5.358320967741936
Q12879,PLAAC,concatenated,Transmembrane,,0.0002983870967741
Q12879,PScore,concatenated,Transmembrane,,-0.5989354838709677
Q12879,ESpritz,concatenated,Transmembrane,,0.0411693548387096
Q12879,SEG,concatenated,Transmembrane,,0.0
Q12879,catGRANULE,concatenated,Extracellular/Lumenal,,-4.811360113960113
Q12879,PLAAC,concatenated,Extracellular/Lumenal,,0.0052888888888888
Q12879,PScore,concatenated,Extracellular/Lumenal,,-0.0654444444444444
Q12879,ESpritz,concatenated,Extracellular/Lumenal,,0.0497918803418803
Q12879,SEG,concatenated,Extracellular/Lumenal,,0.0
Q86WV6,catGRANULE,concatenated,Cytoplasmic,,-6.032527350427349
Q86WV6,PLAAC,concatenated,Cytoplasmic,,0.003844366197183
Q86WV6,PScore,concatenated,Cytoplasmic,,-0.3245836298932384
Q86WV6,ESpritz,concatenated,Cytoplasmic,,0.1900200704225352
Q86WV6,SEG,concatenated,Cytoplasmic,,0.0
Q86WV6,catGRANULE,concatenated,Transmembrane,,-6.053885333333333
Q86WV6,PLAAC,concatenated,Transmembrane,,0.0002399999999999
Q86WV6,PScore,concatenated,Transmembrane,,-0.01644
Q86WV6,ESpritz,concatenated,Transmembrane,,0.0850986666666666
Q86WV6,SEG,concatenated,Transmembrane,,0.4
Q86WV6,catGRANULE,concatenated,Extracellular/Lumenal,,-5.412304999999999
Q86WV6,PLAAC,concatenated,Extracellular/Lumenal,,0.0009299999999999
Q86WV6,PScore,concatenated,Extracellular/Lumenal,,-0.2173
Q86WV6,ESpritz,concatenated,Extracellular/Lumenal,,0.0811849999999999
Q86WV6,SEG,concatenated,Extracellular/Lumenal,,0.15
P07949,catGRANULE,concatenated,Cytoplasmic,,-3.1130633906633904
P07949,PLAAC,concatenated,Cytoplasmic,,0.0009608315098468
P07949,PScore,concatenated,Cytoplasmic,,0.4388392070484579
P07949,ESpritz,concatenated,Cytoplasmic,,0.1256356673960613
P07949,SEG,concatenated,Cytoplasmic,,0.0218818380743982
P07949,catGRANULE,concatenated,Transmembrane,,-10.492781818181818
P07949,PLAAC,concatenated,Transmembrane,,4.5454545454545465e-05
P07949,PScore,concatenated,Transmembrane,,-0.1237727272727273
P07949,ESpritz,concatenated,Transmembrane,,0.0622045454545454
P07949,SEG,concatenated,Transmembrane,,0.0
P07949,catGRANULE,concatenated,Extracellular/Lumenal,,-5.881929983525535
P07949,PLAAC,concatenated,Extracellular/Lumenal,,0.000751565074135
P07949,PScore,concatenated,Extracellular/Lumenal,,0.5717265238879736
P07949,ESpritz,concatenated,Extracellular/Lumenal,,0.0518369028006589
P07949,SEG,concatenated,Extracellular/Lumenal,,0.0263591433278418
P08908,catGRANULE,concatenated,Cytoplasmic,,-3.4518347560975613
P08908,PLAAC,concatenated,Cytoplasmic,,0.000575956284153
P08908,PScore,concatenated,Cytoplasmic,,0.2103555555555555
P08908,ESpritz,concatenated,Cytoplasmic,,0.1571486338797814
P08908,SEG,concatenated,Cytoplasmic,,0.0601092896174863
P08908,catGRANULE,concatenated,Transmembrane,,-9.712407142857142
P08908,PLAAC,concatenated,Transmembrane,,0.0003321212121212
P08908,PScore,concatenated,Transmembrane,,-0.0898969696969697
P08908,ESpritz,concatenated,Transmembrane,,0.0814460606060606
P08908,SEG,concatenated,Transmembrane,,0.0
P08908,catGRANULE,concatenated,Extracellular/Lumenal,,-7.32892794117647
P08908,PLAAC,concatenated,Extracellular/Lumenal,,0.0218716216216216
P08908,PScore,concatenated,Extracellular/Lumenal,,1.059310810810811
P08908,ESpritz,concatenated,Extracellular/Lumenal,,0.1831121621621622
P08908,SEG,concatenated,Extracellular/Lumenal,,0.0
P01857,catGRANULE,concatenated,Extracellular/Lumenal,,-4.828637142857143
P01857,PLAAC,concatenated,Extracellular/Lumenal,,0.0009427272727272
P01857,PScore,concatenated,Extracellular/Lumenal,,0.7075932721712538
P01857,ESpritz,concatenated,Extracellular/Lumenal,,0.2395536363636363
P01857,SEG,concatenated,Extracellular/Lumenal,,0.0454545454545454
Q7Z3C6,catGRANULE,concatenated,Cytoplasmic,,-4.87422271973466
Q7Z3C6,PLAAC,concatenated,Cytoplasmic,,0.0009992343032159
Q7Z3C6,PScore,concatenated,Cytoplasmic,,0.1005430769230769
Q7Z3C6,ESpritz,concatenated,Cytoplasmic,,0.191114854517611
Q7Z3C6,SEG,concatenated,Cytoplasmic,,0.0597243491577335
Q7Z3C6,catGRANULE,concatenated,Transmembrane,,-12.08664623655914
Q7Z3C6,PLAAC,concatenated,Transmembrane,,0.0001279569892473
Q7Z3C6,PScore,concatenated,Transmembrane,,-0.8166344086021505
Q7Z3C6,ESpritz,concatenated,Transmembrane,,0.0507537634408602
Q7Z3C6,SEG,concatenated,Transmembrane,,0.2795698924731182
Q7Z3C6,catGRANULE,concatenated,Extracellular/Lumenal,,-10.57291320754717
Q7Z3C6,PLAAC,concatenated,Extracellular/Lumenal,,0.0002018867924528
Q7Z3C6,PScore,concatenated,Extracellular/Lumenal,,-0.971622641509434
Q7Z3C6,ESpritz,concatenated,Extracellular/Lumenal,,0.0526415094339622
Q7Z3C6,SEG,concatenated,Extracellular/Lumenal,,0.1132075471698113
O75581,catGRANULE,concatenated,Cytoplasmic,,-4.8162135294117645
O75581,PLAAC,concatenated,Cytoplasmic,,0.0041418181818181
O75581,PScore,concatenated,Cytoplasmic,,1.67910599078341
O75581,ESpritz,concatenated,Cytoplasmic,,0.3729454545454546
O75581,SEG,concatenated,Cytoplasmic,,0.3136363636363636
O75581,catGRANULE,concatenated,Transmembrane,,-3.512221739130436
O75581,PLAAC,concatenated,Transmembrane,,0.0005478260869565
O75581,PScore,concatenated,Transmembrane,,0.7804347826086958
O75581,ESpritz,concatenated,Transmembrane,,0.0775826086956521
O75581,SEG,concatenated,Transmembrane,,0.782608695652174
O75581,catGRANULE,concatenated,Extracellular/Lumenal,,-4.329244559585492
O75581,PLAAC,concatenated,Extracellular/Lumenal,,0.001580977054034
O75581,PScore,concatenated,Extracellular/Lumenal,,0.1145928941524796
O75581,ESpritz,concatenated,Extracellular/Lumenal,,0.0462903034789045
O75581,SEG,concatenated,Extracellular/Lumenal,,0.0088823094004441
P63027,catGRANULE,concatenated,Cytoplasmic,,-5.668190769230769
P63027,PLAAC,concatenated,Cytoplasmic,,0.0186032258064516
P63027,ESpritz,concatenated,Cytoplasmic,,0.7392623655913977
P63027,SEG,concatenated,Cytoplasmic,,0.2365591397849462
P63027,PLAAC,concatenated,Transmembrane,,0.000185
P63027,ESpritz,concatenated,Transmembrane,,0.2950399999999999
P63027,SEG,concatenated,Transmembrane,,0.8
P63027,PLAAC,concatenated,Extracellular/Lumenal,,0.0026499999999999
P63027,ESpritz,concatenated,Extracellular/Lumenal,,0.2372
P63027,SEG,concatenated,Extracellular/Lumenal,,0.0
O60733,catGRANULE,concatenated,Transmembrane,,-2.586380952380952
O60733,PLAAC,concatenated,Transmembrane,,0.0001404761904761
O60733,PScore,concatenated,Transmembrane,,-0.1017857142857143
O60733,ESpritz,concatenated,Transmembrane,,0.0468047619047619
O60733,SEG,concatenated,Transmembrane,,0.0
Q04671,catGRANULE,concatenated,Cytoplasmic,,-6.313449850746269
Q04671,PLAAC,concatenated,Cytoplasmic,,0.0004548672566371
Q04671,PScore,concatenated,Cytoplasmic,,-0.2125386904761904
Q04671,ESpritz,concatenated,Cytoplasmic,,0.214541592920354
Q04671,SEG,concatenated,Cytoplasmic,,0.0825958702064896
Q04671,catGRANULE,concatenated,Transmembrane,,-10.09083085106383
Q04671,PLAAC,concatenated,Transmembrane,,8.926829268292683e-05
Q04671,PScore,concatenated,Transmembrane,,-0.1098195121951219
Q04671,ESpritz,concatenated,Transmembrane,,0.051550731707317
Q04671,SEG,concatenated,Transmembrane,,0.3804878048780488
Q04671,catGRANULE,concatenated,Extracellular/Lumenal,,-8.566525660377359
Q04671,PLAAC,concatenated,Extracellular/Lumenal,,0.0005649659863945
Q04671,PScore,concatenated,Extracellular/Lumenal,,0.0378945578231292
Q04671,ESpritz,concatenated,Extracellular/Lumenal,,0.0495319727891156
Q04671,SEG,concatenated,Extracellular/Lumenal,,0.0
Q14BN4,catGRANULE,concatenated,Cytoplasmic,,-5.745734575835475
Q14BN4,PLAAC,concatenated,Cytoplasmic,,0.0006623441396508
Q14BN4,PScore,concatenated,Cytoplasmic,,-0.6481047381546134
Q14BN4,ESpritz,concatenated,Cytoplasmic,,0.3050750623441396
Q14BN4,SEG,concatenated,Cytoplasmic,,0.0399002493765586
Q14BN4,PLAAC,concatenated,Transmembrane,,0.0002619047619047
Q14BN4,PScore,concatenated,Transmembrane,,-1.0584285714285713
Q14BN4,ESpritz,concatenated,Transmembrane,,0.3429380952380952
Q14BN4,SEG,concatenated,Transmembrane,,0.6666666666666666
Q14BN4,PLAAC,concatenated,Extracellular/Lumenal,,0.0037
Q14BN4,PScore,concatenated,Extracellular/Lumenal,,-1.061
Q14BN4,ESpritz,concatenated,Extracellular/Lumenal,,0.3801
Q14BN4,SEG,concatenated,Extracellular/Lumenal,,0.0
P15529,PLAAC,concatenated,Cytoplasmic,,0.0001884615384615
P15529,PScore,concatenated,Cytoplasmic,,0.0188260869565217
P15529,ESpritz,concatenated,Cytoplasmic,,0.2980576923076923
P15529,SEG,concatenated,Cytoplasmic,,0.0
P15529,PLAAC,concatenated,Transmembrane,,4.782608695652174e-05
P15529,PScore,concatenated,Transmembrane,,0.0246521739130434
P15529,ESpritz,concatenated,Transmembrane,,0.1524565217391304
P15529,SEG,concatenated,Transmembrane,,0.9130434782608696
P15529,catGRANULE,concatenated,Extracellular/Lumenal,,-4.848221103896105
P15529,PLAAC,concatenated,Extracellular/Lumenal,,0.0013385113268608
P15529,PScore,concatenated,Extracellular/Lumenal,,0.975336569579288
P15529,ESpritz,concatenated,Extracellular/Lumenal,,0.1241579288025889
P15529,SEG,concatenated,Extracellular/Lumenal,,0.1100323624595469
Q8TEM1,catGRANULE,concatenated,Cytoplasmic,,-9.5827125
Q8TEM1,PLAAC,concatenated,Cytoplasmic,,0.0040844827586206
Q8TEM1,PScore,concatenated,Cytoplasmic,,0.0512545454545454
Q8TEM1,ESpritz,concatenated,Cytoplasmic,,0.4162189655172414
Q8TEM1,SEG,concatenated,Cytoplasmic,,0.0
Q8TEM1,catGRANULE,concatenated,Transmembrane,,-12.06942857142857
Q8TEM1,PLAAC,concatenated,Transmembrane,,0.0002047619047619
Q8TEM1,PScore,concatenated,Transmembrane,,0.2684761904761905
Q8TEM1,ESpritz,concatenated,Transmembrane,,0.0871523809523809
Q8TEM1,SEG,concatenated,Transmembrane,,0.0
Q8TEM1,catGRANULE,concatenated,Extracellular/Lumenal,,-5.885579629629629
Q8TEM1,PLAAC,concatenated,Extracellular/Lumenal,,0.0015438832772166
Q8TEM1,PScore,concatenated,Extracellular/Lumenal,,-0.0828035914702581
Q8TEM1,ESpritz,concatenated,Extracellular/Lumenal,,0.047442480359147
Q8TEM1,SEG,concatenated,Extracellular/Lumenal,,0.0190796857463524
Q9UJA2,catGRANULE,concatenated,Transmembrane,,-8.15993432835821
Q9UJA2,PLAAC,concatenated,Transmembrane,,0.0006757009345794
Q9UJA2,PScore,concatenated,Transmembrane,,0.0987943925233644
Q9UJA2,ESpritz,concatenated,Transmembrane,,0.0698598130841121
Q9UJA2,SEG,concatenated,Transmembrane,,0.1308411214953271
P00533,catGRANULE,concatenated,Cytoplasmic,,-5.36345162601626
P00533,PLAAC,concatenated,Cytoplasmic,,0.0099894833948339
P00533,PScore,concatenated,Cytoplasmic,,0.1156122448979592
P00533,ESpritz,concatenated,Cytoplasmic,,0.148830258302583
P00533,SEG,concatenated,Cytoplasmic,,0.0996309963099631
P00533,catGRANULE,concatenated,Transmembrane,,-6.376086956521738
P00533,PLAAC,concatenated,Transmembrane,,0.0001478260869565
P00533,PScore,concatenated,Transmembrane,,-1.3346956521739128
P00533,ESpritz,concatenated,Transmembrane,,0.0418826086956521
P00533,SEG,concatenated,Transmembrane,,0.6956521739130435
P00533,catGRANULE,concatenated,Extracellular/Lumenal,,-3.726951046698873
P00533,PLAAC,concatenated,Extracellular/Lumenal,,0.0007173913043478
P00533,PScore,concatenated,Extracellular/Lumenal,,0.5934782608695652
P00533,ESpritz,concatenated,Extracellular/Lumenal,,0.0497837359098228
P00533,SEG,concatenated,Extracellular/Lumenal,,0.001610305958132
P21802,catGRANULE,concatenated,Cytoplasmic,,-5.58001126005362
P21802,PLAAC,concatenated,Cytoplasmic,,0.0007059101654846
P21802,PScore,concatenated,Cytoplasmic,,0.0997833333333333
P21802,ESpritz,concatenated,Cytoplasmic,,0.1313524822695035
P21802,SEG,concatenated,Cytoplasmic,,0.0591016548463357
P21802,catGRANULE,concatenated,Transmembrane,,-9.879990476190477
P21802,PLAAC,concatenated,Transmembrane,,1.4285714285714289e-05
P21802,PScore,concatenated,Transmembrane,,-0.468047619047619
P21802,ESpritz,concatenated,Transmembrane,,0.0547190476190476
P21802,SEG,concatenated,Transmembrane,,0.0
P21802,catGRANULE,concatenated,Extracellular/Lumenal,,-3.1723550561797755
P21802,PLAAC,concatenated,Extracellular/Lumenal,,0.0005955056179775
P21802,PScore,concatenated,Extracellular/Lumenal,,0.2407331460674158
P21802,ESpritz,concatenated,Extracellular/Lumenal,,0.0817238764044943
P21802,SEG,concatenated,Extracellular/Lumenal,,0.0786516853932584
P08247,catGRANULE,concatenated,Cytoplasmic,,7.342569444444444
P08247,PLAAC,concatenated,Cytoplasmic,,0.5221975409836066
P08247,PScore,concatenated,Cytoplasmic,,3.334025210084033
P08247,ESpritz,concatenated,Cytoplasmic,,0.4121688524590163
P08247,SEG,concatenated,Cytoplasmic,,0.5245901639344263
P08247,catGRANULE,concatenated,Transmembrane,,-4.260379166666667
P08247,PLAAC,concatenated,Transmembrane,,0.0002885416666666
P08247,PScore,concatenated,Transmembrane,,0.1344270833333333
P08247,ESpritz,concatenated,Transmembrane,,0.0815416666666666
P08247,SEG,concatenated,Transmembrane,,0.09375
P08247,catGRANULE,concatenated,Extracellular/Lumenal,,-4.803141052631578
P08247,PLAAC,concatenated,Extracellular/Lumenal,,0.0001926315789473
P08247,PScore,concatenated,Extracellular/Lumenal,,0.5031157894736842
P08247,ESpritz,concatenated,Extracellular/Lumenal,,0.0721978947368421
P08247,SEG,concatenated,Extracellular/Lumenal,,0.0631578947368421
Q14739,catGRANULE,concatenated,Transmembrane,,-6.796386842105263
Q14739,PLAAC,concatenated,Transmembrane,,0.0001547619047619
Q14739,PScore,concatenated,Transmembrane,,-0.1679523809523809
Q14739,ESpritz,concatenated,Transmembrane,,0.0496678571428571
Q14739,SEG,concatenated,Transmembrane,,0.0416666666666666
Q14739,catGRANULE,concatenated,Extracellular/Lumenal,,-2.534102843601896
Q14739,PLAAC,concatenated,Extracellular/Lumenal,,0.0006696682464454
Q14739,PScore,concatenated,Extracellular/Lumenal,,0.5058436018957345
Q14739,ESpritz,concatenated,Extracellular/Lumenal,,0.3846289099526066
Q14739,SEG,concatenated,Extracellular/Lumenal,,0.1848341232227488
P29317,catGRANULE,concatenated,Cytoplasmic,,-4.285690760869565
P29317,PLAAC,concatenated,Cytoplasmic,,0.000523923444976
P29317,PScore,concatenated,Cytoplasmic,,-0.1539734939759036
P29317,ESpritz,concatenated,Cytoplasmic,,0.0640311004784689
P29317,SEG,concatenated,Cytoplasmic,,0.0
P29317,catGRANULE,concatenated,Transmembrane,,-2.6286809523809525
P29317,PLAAC,concatenated,Transmembrane,,0.0001047619047619
P29317,PScore,concatenated,Transmembrane,,-1.1707619047619044
P29317,ESpritz,concatenated,Transmembrane,,0.0729523809523809
P29317,SEG,concatenated,Transmembrane,,0.8571428571428571
P29317,catGRANULE,concatenated,Extracellular/Lumenal,,-4.427755058365759
P29317,PLAAC,concatenated,Extracellular/Lumenal,,0.0007046692607003
P29317,PScore,concatenated,Extracellular/Lumenal,,0.6737821011673151
P29317,ESpritz,concatenated,Extracellular/Lumenal,,0.0985805447470817
P29317,SEG,concatenated,Extracellular/Lumenal,,0.0077821011673151
P17948,catGRANULE,concatenated,Cytoplasmic,,-3.3625110236220475
P17948,PLAAC,concatenated,Cytoplasmic,,0.0004586021505376
P17948,PScore,concatenated,Cytoplasmic,,0.1091063063063062
P17948,ESpritz,concatenated,Cytoplasmic,,0.1339035842293906
P17948,SEG,concatenated,Cytoplasmic,,0.0268817204301075
P17948,catGRANULE,concatenated,Transmembrane,,-11.303990909090908
P17948,PLAAC,concatenated,Transmembrane,,1.3636363636363638e-05
P17948,PScore,concatenated,Transmembrane,,-0.9922727272727272
P17948,ESpritz,concatenated,Transmembrane,,0.0439090909090909
P17948,SEG,concatenated,Transmembrane,,0.5454545454545454
P17948,catGRANULE,concatenated,Extracellular/Lumenal,,-5.414669262295082
P17948,PLAAC,concatenated,Extracellular/Lumenal,,0.0006543715846994
P17948,PScore,concatenated,Extracellular/Lumenal,,0.062551912568306
P17948,ESpritz,concatenated,Extracellular/Lumenal,,0.0504433060109289
P17948,SEG,concatenated,Extracellular/Lumenal,,0.0054644808743169
P05556,PLAAC,concatenated,Cytoplasmic,,0.0001553191489361
P05556,PScore,concatenated,Cytoplasmic,,0.1532045454545454
P05556,ESpritz,concatenated,Cytoplasmic,,0.3744468085106382
P05556,SEG,concatenated,Cytoplasmic,,0.1276595744680851
P05556,catGRANULE,concatenated,Transmembrane,,-5.294835
P05556,PLAAC,concatenated,Transmembrane,,3.913043478260869e-05
P05556,PScore,concatenated,Transmembrane,,-1.1871304347826088
P05556,ESpritz,concatenated,Transmembrane,,0.0865826086956521
P05556,SEG,concatenated,Transmembrane,,1.0
P05556,catGRANULE,concatenated,Extracellular/Lumenal,,-2.6286800847457625
P05556,PLAAC,concatenated,Extracellular/Lumenal,,0.000906638418079
P05556,PScore,concatenated,Extracellular/Lumenal,,0.9003587570621469
P05556,ESpritz,concatenated,Extracellular/Lumenal,,0.0864039548022598
P05556,SEG,concatenated,Extracellular/Lumenal,,0.0
P10747,PLAAC,concatenated,Cytoplasmic,,0.0052780487804878
P10747,PScore,concatenated,Cytoplasmic,,1.1781578947368423
P10747,ESpritz,concatenated,Cytoplasmic,,0.3860731707317073
P10747,SEG,concatenated,Cytoplasmic,,0.0
P10747,catGRANULE,concatenated,Transmembrane,,-8.037283333333333
P10747,PLAAC,concatenated,Transmembrane,,4.0740740740740745e-05
P10747,PScore,concatenated,Transmembrane,,-0.2997037037037036
P10747,ESpritz,concatenated,Transmembrane,,0.0845629629629629
P10747,SEG,concatenated,Transmembrane,,0.0
P10747,catGRANULE,concatenated,Extracellular/Lumenal,,-3.3296559701492536
P10747,PLAAC,concatenated,Extracellular/Lumenal,,0.0062582089552238
P10747,PScore,concatenated,Extracellular/Lumenal,,0.5429776119402986
P10747,ESpritz,concatenated,Extracellular/Lumenal,,0.0757649253731343
P10747,SEG,concatenated,Extracellular/Lumenal,,0.0
Q16635,catGRANULE,concatenated,Extracellular/Lumenal,,-3.005139366515837
Q16635,PLAAC,concatenated,Extracellular/Lumenal,,0.0004464730290456
Q16635,PScore,concatenated,Extracellular/Lumenal,,0.0892614107883817
Q16635,ESpritz,concatenated,Extracellular/Lumenal,,0.0847900414937759
Q16635,SEG,concatenated,Extracellular/Lumenal,,0.0
P61073,catGRANULE,concatenated,Cytoplasmic,,-9.005682539682537
P61073,PLAAC,concatenated,Cytoplasmic,,0.0006566371681415
P61073,PScore,concatenated,Cytoplasmic,,-1.2974090909090912
P61073,ESpritz,concatenated,Cytoplasmic,,0.2188115044247787
P61073,SEG,concatenated,Cytoplasmic,,0.1415929203539823
P61073,catGRANULE,concatenated,Transmembrane,,-8.192013513513512
P61073,PLAAC,concatenated,Transmembrane,,0.000152027027027
P61073,PScore,concatenated,Transmembrane,,-0.6678310810810811
P61073,ESpritz,concatenated,Transmembrane,,0.0648202702702702
P61073,SEG,concatenated,Transmembrane,,0.0
P61073,catGRANULE,concatenated,Extracellular/Lumenal,,-5.823427472527473
P61073,PLAAC,concatenated,Extracellular/Lumenal,,0.0003967032967032
P61073,PScore,concatenated,Extracellular/Lumenal,,0.1547912087912088
P61073,ESpritz,concatenated,Extracellular/Lumenal,,0.136476923076923
P61073,SEG,concatenated,Extracellular/Lumenal,,0.0
Q15303,catGRANULE,concatenated,Cytoplasmic,,-4.493386963979418
Q15303,PLAAC,concatenated,Cytoplasmic,,0.0016791469194312
Q15303,PScore,concatenated,Cytoplasmic,,0.1781142857142856
Q15303,ESpritz,concatenated,Cytoplasmic,,0.2098240126382306
Q15303,SEG,concatenated,Cytoplasmic,,0.0268562401263823
Q15303,catGRANULE,concatenated,Transmembrane,,-5.481720833333334
Q15303,PLAAC,concatenated,Transmembrane,,9.166666666666668e-05
Q15303,PScore,concatenated,Transmembrane,,-0.0094583333333333
Q15303,ESpritz,concatenated,Transmembrane,,0.0414374999999999
Q15303,SEG,concatenated,Transmembrane,,0.0
Q15303,catGRANULE,concatenated,Extracellular/Lumenal,,-3.715048722044728
Q15303,PLAAC,concatenated,Extracellular/Lumenal,,0.0005472843450479
Q15303,PScore,concatenated,Extracellular/Lumenal,,0.7733003194888179
Q15303,ESpritz,concatenated,Extracellular/Lumenal,,0.0512546325878594
Q15303,SEG,concatenated,Extracellular/Lumenal,,0.0
O00254,catGRANULE,concatenated,Cytoplasmic,,-10.450542857142857
O00254,PLAAC,concatenated,Cytoplasmic,,0.0003436363636363
O00254,PScore,concatenated,Cytoplasmic,,-0.7754038461538462
O00254,ESpritz,concatenated,Cytoplasmic,,0.0837072727272727
O00254,SEG,concatenated,Cytoplasmic,,0.0
O00254,catGRANULE,concatenated,Transmembrane,,-10.908072262773722
O00254,PLAAC,concatenated,Transmembrane,,0.0003364197530864
O00254,PScore,concatenated,Transmembrane,,-0.3340246913580246
O00254,ESpritz,concatenated,Transmembrane,,0.0533888888888888
O00254,SEG,concatenated,Transmembrane,,0.0
O00254,catGRANULE,concatenated,Extracellular/Lumenal,,-9.986857943925235
O00254,PLAAC,concatenated,Extracellular/Lumenal,,0.0050378151260504
O00254,PScore,concatenated,Extracellular/Lumenal,,-0.0748319327731092
O00254,ESpritz,concatenated,Extracellular/Lumenal,,0.0729546218487394
O00254,SEG,concatenated,Extracellular/Lumenal,,0.0
Q9H3U5,catGRANULE,concatenated,Transmembrane,,-6.443061206896552
Q9H3U5,PLAAC,concatenated,Transmembrane,,0.0007833992094861
Q9H3U5,PScore,concatenated,Transmembrane,,-0.2393083003952568
Q9H3U5,ESpritz,concatenated,Transmembrane,,0.0588604743083003
Q9H3U5,SEG,concatenated,Transmembrane,,0.1225296442687747
Q9Y624,PLAAC,concatenated,Cytoplasmic,,0.00058
Q9Y624,PScore,concatenated,Cytoplasmic,,0.0076216216216216
Q9Y624,ESpritz,concatenated,Cytoplasmic,,0.3589974999999999
Q9Y624,SEG,concatenated,Cytoplasmic,,0.0
Q9Y624,catGRANULE,concatenated,Transmembrane,,-1.0433272727272729
Q9Y624,PLAAC,concatenated,Transmembrane,,2.857142857142857e-05
Q9Y624,PScore,concatenated,Transmembrane,,-0.5326190476190478
Q9Y624,ESpritz,concatenated,Transmembrane,,0.099247619047619
Q9Y624,SEG,concatenated,Transmembrane,,0.7619047619047619
Q9Y624,catGRANULE,concatenated,Extracellular/Lumenal,,-3.688274881516587
Q9Y624,PLAAC,concatenated,Extracellular/Lumenal,,0.0010995260663507
Q9Y624,PScore,concatenated,Extracellular/Lumenal,,1.047658767772512
Q9Y624,ESpritz,concatenated,Extracellular/Lumenal,,0.0797293838862559
Q9Y624,SEG,concatenated,Extracellular/Lumenal,,0.0142180094786729
P31645,catGRANULE,concatenated,Cytoplasmic,,-4.620656069364161
P31645,PLAAC,concatenated,Cytoplasmic,,0.0025418269230769
P31645,PScore,concatenated,Cytoplasmic,,-0.0010439024390243
P31645,ESpritz,concatenated,Cytoplasmic,,0.2170639423076923
P31645,SEG,concatenated,Cytoplasmic,,0.0
P31645,catGRANULE,concatenated,Transmembrane,,-7.079074074074074
P31645,PLAAC,concatenated,Transmembrane,,0.0005755813953488
P31645,PScore,concatenated,Transmembrane,,0.0202480620155038
P31645,ESpritz,concatenated,Transmembrane,,0.0504813953488372
P31645,SEG,concatenated,Transmembrane,,0.0
P31645,catGRANULE,concatenated,Extracellular/Lumenal,,-6.843613414634146
P31645,PLAAC,concatenated,Extracellular/Lumenal,,0.0012914634146341
P31645,PScore,concatenated,Extracellular/Lumenal,,-0.1092865853658536
P31645,ESpritz,concatenated,Extracellular/Lumenal,,0.041455487804878
P31645,SEG,concatenated,Extracellular/Lumenal,,0.0
P49146,catGRANULE,concatenated,Cytoplasmic,,-9.706451612903226
P49146,PLAAC,concatenated,Cytoplasmic,,0.0014098214285714
P49146,PScore,concatenated,Cytoplasmic,,-0.9897798165137616
P49146,ESpritz,concatenated,Cytoplasmic,,0.1346276785714285
P49146,SEG,concatenated,Cytoplasmic,,0.0
P49146,catGRANULE,concatenated,Transmembrane,,-9.228907142857144
P49146,PLAAC,concatenated,Transmembrane,,0.0002516483516483
P49146,PScore,concatenated,Transmembrane,,-0.7510934065934065
P49146,ESpritz,concatenated,Transmembrane,,0.0635247252747252
P49146,SEG,concatenated,Transmembrane,,0.0879120879120879
P49146,catGRANULE,concatenated,Extracellular/Lumenal,,-7.806173563218392
P49146,PLAAC,concatenated,Extracellular/Lumenal,,0.0007919540229885
P49146,PScore,concatenated,Extracellular/Lumenal,,-0.0492758620689655
P49146,ESpritz,concatenated,Extracellular/Lumenal,,0.2521367816091954
P49146,SEG,concatenated,Extracellular/Lumenal,,0.0
P15954,PLAAC,concatenated,Transmembrane,,0.0001629629629629
P15954,ESpritz,concatenated,Transmembrane,,0.5706592592592593
P15954,SEG,concatenated,Transmembrane,,0.0
P15954,PLAAC,concatenated,Extracellular/Lumenal,,0.000265
P15954,ESpritz,concatenated,Extracellular/Lumenal,,0.611065
P15954,SEG,concatenated,Extracellular/Lumenal,,0.0
P13569,catGRANULE,concatenated,Cytoplasmic,,-4.7659087686567165
P13569,PLAAC,concatenated,Cytoplasmic,,0.0017320855614973
P13569,PScore,concatenated,Cytoplasmic,,-0.3477944593386953
P13569,ESpritz,concatenated,Cytoplasmic,,0.1003604278074866
P13569,SEG,concatenated,Cytoplasmic,,0.0
P13569,catGRANULE,concatenated,Transmembrane,,-7.466015019762846
P13569,PLAAC,concatenated,Transmembrane,,0.0002541501976284
P13569,PScore,concatenated,Transmembrane,,-0.3205928853754941
P13569,ESpritz,concatenated,Transmembrane,,0.0445367588932806
P13569,SEG,concatenated,Transmembrane,,0.1699604743083003
P13569,catGRANULE,concatenated,Extracellular/Lumenal,,-7.147034285714287
P13569,PLAAC,concatenated,Extracellular/Lumenal,,0.0032733333333333
P13569,PScore,concatenated,Extracellular/Lumenal,,-0.2229904761904761
P13569,ESpritz,concatenated,Extracellular/Lumenal,,0.0456133333333333
P13569,SEG,concatenated,Extracellular/Lumenal,,0.0666666666666666
Q9BRQ8,catGRANULE,concatenated,Transmembrane,,-3.2351857142857146
Q9BRQ8,PLAAC,concatenated,Transmembrane,,0.0014999999999999
Q9BRQ8,PScore,concatenated,Transmembrane,,-0.5481428571428572
Q9BRQ8,ESpritz,concatenated,Transmembrane,,0.1839666666666666
Q9BRQ8,SEG,concatenated,Transmembrane,,0.6666666666666666
Q03135,catGRANULE,concatenated,Cytoplasmic,,-5.974828301886792
Q03135,PLAAC,concatenated,Cytoplasmic,,0.0006660256410256
Q03135,PScore,concatenated,Cytoplasmic,,-0.5460784313725489
Q03135,ESpritz,concatenated,Cytoplasmic,,0.189676282051282
Q03135,SEG,concatenated,Cytoplasmic,,0.0
Q13021,catGRANULE,concatenated,Transmembrane,,-10.398087755102042
Q13021,PLAAC,concatenated,Transmembrane,,0.000347619047619
Q13021,PScore,concatenated,Transmembrane,,-0.6272048192771085
Q13021,ESpritz,concatenated,Transmembrane,,0.1361738095238095
Q13021,SEG,concatenated,Transmembrane,,0.0833333333333333
P15941,ParSe2,segment,Cytoplasmic,0.0,1.470104336537255
Q7Z434,ParSe2,segment,Cytoplasmic,0.0,0.3310697697538128
Q9BR39,ParSe2,segment,Cytoplasmic,0.0,0.4256094697067214
O43561,ParSe2,segment,Cytoplasmic,0.0,0.3915230130177132
P31431,ParSe2,segment,Cytoplasmic,0.0,0.0
O75445,ParSe2,segment,Cytoplasmic,0.0,0.1470770379025477
Q9UM73,ParSe2,segment,Cytoplasmic,0.0,0.1194006512465322
Q9H461,ParSe2,segment,Cytoplasmic,0.0,
Q9H461,ParSe2,segment,Cytoplasmic,1.0,
Q9H461,ParSe2,segment,Cytoplasmic,2.0,0.0
Q9H461,ParSe2,segment,Cytoplasmic,3.0,3.872663114384296
O14763,ParSe2,segment,Cytoplasmic,0.0,0.1142518851527403
P46531,ParSe2,segment,Cytoplasmic,0.0,0.2507917912738868
Q8N114,ParSe2,segment,Cytoplasmic,0.0,0.5443553955879605
Q07065,ParSe2,segment,Cytoplasmic,0.0,0.8976193124447374
P08172,ParSe2,segment,Cytoplasmic,0.0,
P08172,ParSe2,segment,Cytoplasmic,1.0,
P08172,ParSe2,segment,Cytoplasmic,2.0,0.5536637848226438
P08172,ParSe2,segment,Cytoplasmic,3.0,
Q08345,ParSe2,segment,Cytoplasmic,0.0,0.0786426208469391
O60500,ParSe2,segment,Cytoplasmic,0.0,0.0693619723451969
P05067,ParSe2,segment,Cytoplasmic,0.0,0.0116413640436563
Q8WXG9,ParSe2,segment,Cytoplasmic,0.0,
Q8WXG9,ParSe2,segment,Cytoplasmic,1.0,
Q8WXG9,ParSe2,segment,Cytoplasmic,2.0,
Q8WXG9,ParSe2,segment,Cytoplasmic,3.0,0.7823295089659866
P11362,ParSe2,segment,Cytoplasmic,0.0,0.0628599535930411
P40967,ParSe2,segment,Cytoplasmic,0.0,0.0
P07766,ParSe2,segment,Cytoplasmic,0.0,0.1365716777773594
P20963,ParSe2,segment,Cytoplasmic,0.0,0.2077278014442695
P04626,ParSe2,segment,Cytoplasmic,0.0,0.095235083083909
O75460,ParSe2,segment,Cytoplasmic,0.0,0.148726458503951
P35968,ParSe2,segment,Cytoplasmic,0.0,0.1156195794220329
Q12879,ParSe2,segment,Cytoplasmic,0.0,
Q12879,ParSe2,segment,Cytoplasmic,1.0,
Q12879,ParSe2,segment,Cytoplasmic,2.0,0.2081475021633296
Q86WV6,ParSe2,segment,Cytoplasmic,0.0,
Q86WV6,ParSe2,segment,Cytoplasmic,1.0,
Q86WV6,ParSe2,segment,Cytoplasmic,2.0,0.0109326502307178
P07949,ParSe2,segment,Cytoplasmic,0.0,0.2204937978718914
P08908,ParSe2,segment,Cytoplasmic,0.0,
P08908,ParSe2,segment,Cytoplasmic,1.0,
P08908,ParSe2,segment,Cytoplasmic,2.0,0.2270620624878294
P08908,ParSe2,segment,Cytoplasmic,3.0,
Q7Z3C6,ParSe2,segment,Cytoplasmic,0.0,0.0
Q7Z3C6,ParSe2,segment,Cytoplasmic,1.0,0.0
Q7Z3C6,ParSe2,segment,Cytoplasmic,2.0,
Q7Z3C6,ParSe2,segment,Cytoplasmic,3.0,0.0
Q7Z3C6,ParSe2,segment,Cytoplasmic,4.0,0.0
Q7Z3C6,ParSe2,segment,Cytoplasmic,5.0,
Q7Z3C6,ParSe2,segment,Cytoplasmic,6.0,0.2653419852689606
O75581,ParSe2,segment,Cytoplasmic,0.0,1.215354208374556
P63027,ParSe2,segment,Cytoplasmic,0.0,0.0342574395205115
Q04671,ParSe2,segment,Cytoplasmic,0.0,0.3459400193164273
Q04671,ParSe2,segment,Cytoplasmic,1.0,
Q04671,ParSe2,segment,Cytoplasmic,2.0,
Q04671,ParSe2,segment,Cytoplasmic,3.0,0.0
Q04671,ParSe2,segment,Cytoplasmic,4.0,
Q04671,ParSe2,segment,Cytoplasmic,5.0,
Q04671,ParSe2,segment,Cytoplasmic,6.0,
Q14BN4,ParSe2,segment,Cytoplasmic,0.0,0.0297583478472665
P15529,ParSe2,segment,Cytoplasmic,0.0,0.0
Q8TEM1,ParSe2,segment,Cytoplasmic,0.0,0.1693562614390227
P00533,ParSe2,segment,Cytoplasmic,0.0,0.1024015953571699
P21802,ParSe2,segment,Cytoplasmic,0.0,0.0995617547251981
P08247,ParSe2,segment,Cytoplasmic,0.0,0.0
P08247,ParSe2,segment,Cytoplasmic,1.0,
P08247,ParSe2,segment,Cytoplasmic,2.0,2.630885093460708
P29317,ParSe2,segment,Cytoplasmic,0.0,0.0134531652177133
P17948,ParSe2,segment,Cytoplasmic,0.0,0.0660963736701958
P05556,ParSe2,segment,Cytoplasmic,0.0,0.0865809932848608
P10747,ParSe2,segment,Cytoplasmic,0.0,0.0
P61073,ParSe2,segment,Cytoplasmic,0.0,
P61073,ParSe2,segment,Cytoplasmic,1.0,
P61073,ParSe2,segment,Cytoplasmic,2.0,0.0
P61073,ParSe2,segment,Cytoplasmic,3.0,0.4830705505189333
Q15303,ParSe2,segment,Cytoplasmic,0.0,0.0893332008798372
O00254,ParSe2,segment,Cytoplasmic,0.0,
O00254,ParSe2,segment,Cytoplasmic,1.0,
O00254,ParSe2,segment,Cytoplasmic,2.0,
O00254,ParSe2,segment,Cytoplasmic,3.0,
Q9Y624,ParSe2,segment,Cytoplasmic,0.0,0.0556110802302619
P31645,ParSe2,segment,Cytoplasmic,0.0,0.7147426105338518
P31645,ParSe2,segment,Cytoplasmic,1.0,0.0
P31645,ParSe2,segment,Cytoplasmic,2.0,
P31645,ParSe2,segment,Cytoplasmic,3.0,
P31645,ParSe2,segment,Cytoplasmic,4.0,
P31645,ParSe2,segment,Cytoplasmic,5.0,
P31645,ParSe2,segment,Cytoplasmic,6.0,0.0014778161370403
P49146,ParSe2,segment,Cytoplasmic,0.0,
P49146,ParSe2,segment,Cytoplasmic,1.0,
P49146,ParSe2,segment,Cytoplasmic,2.0,0.0
P49146,ParSe2,segment,Cytoplasmic,3.0,0.0
P13569,ParSe2,segment,Cytoplasmic,0.0,0.0
P13569,ParSe2,segment,Cytoplasmic,1.0,0.0
P13569,ParSe2,segment,Cytoplasmic,2.0,0.0
P13569,ParSe2,segment,Cytoplasmic,3.0,0.0527597282014
P13569,ParSe2,segment,Cytoplasmic,4.0,0.0
P13569,ParSe2,segment,Cytoplasmic,5.0,0.0
P13569,ParSe2,segment,Cytoplasmic,6.0,0.0390895396723255
Q03135,ParSe2,segment,Cytoplasmic,0.0,0.0112046789773021
Q03135,ParSe2,segment,Cytoplasmic,1.0,0.0
P15941,ParSe2,segment,Transmembrane,0.0,
Q7Z434,ParSe2,segment,Transmembrane,0.0,
Q9BR39,ParSe2,segment,Transmembrane,0.0,
O43561,ParSe2,segment,Transmembrane,0.0,
P31431,ParSe2,segment,Transmembrane,0.0,0.0
O75445,ParSe2,segment,Transmembrane,0.0,
Q9UM73,ParSe2,segment,Transmembrane,0.0,
Q9H461,ParSe2,segment,Transmembrane,0.0,
Q9H461,ParSe2,segment,Transmembrane,1.0,
Q9H461,ParSe2,segment,Transmembrane,2.0,
Q9H461,ParSe2,segment,Transmembrane,3.0,
Q9H461,ParSe2,segment,Transmembrane,4.0,
Q9H461,ParSe2,segment,Transmembrane,5.0,
Q9H461,ParSe2,segment,Transmembrane,6.0,
O14763,ParSe2,segment,Transmembrane,0.0,
P46531,ParSe2,segment,Transmembrane,0.0,
Q8N114,ParSe2,segment,Transmembrane,0.0,
Q07065,ParSe2,segment,Transmembrane,0.0,
P08172,ParSe2,segment,Transmembrane,0.0,0.0
P08172,ParSe2,segment,Transmembrane,1.0,0.0
P08172,ParSe2,segment,Transmembrane,2.0,0.0
P08172,ParSe2,segment,Transmembrane,3.0,
P08172,ParSe2,segment,Transmembrane,4.0,0.0
P08172,ParSe2,segment,Transmembrane,5.0,0.0
P08172,ParSe2,segment,Transmembrane,6.0,
Q08345,ParSe2,segment,Transmembrane,0.0,
O60500,ParSe2,segment,Transmembrane,0.0,
P05067,ParSe2,segment,Transmembrane,0.0,
Q8WXG9,ParSe2,segment,Transmembrane,0.0,
Q8WXG9,ParSe2,segment,Transmembrane,1.0,
Q8WXG9,ParSe2,segment,Transmembrane,2.0,
Q8WXG9,ParSe2,segment,Transmembrane,3.0,
Q8WXG9,ParSe2,segment,Transmembrane,4.0,
Q8WXG9,ParSe2,segment,Transmembrane,5.0,
Q8WXG9,ParSe2,segment,Transmembrane,6.0,
P11362,ParSe2,segment,Transmembrane,0.0,
Q8NC56,ParSe2,segment,Transmembrane,0.0,
Q8NC56,ParSe2,segment,Transmembrane,1.0,
P40967,ParSe2,segment,Transmembrane,0.0,
P07766,ParSe2,segment,Transmembrane,0.0,0.0
P20963,ParSe2,segment,Transmembrane,0.0,
P04626,ParSe2,segment,Transmembrane,0.0,
O75460,ParSe2,segment,Transmembrane,0.0,
P35968,ParSe2,segment,Transmembrane,0.0,
Q12879,ParSe2,segment,Transmembrane,0.0,
Q12879,ParSe2,segment,Transmembrane,1.0,
Q12879,ParSe2,segment,Transmembrane,2.0,
Q86WV6,ParSe2,segment,Transmembrane,0.0,
Q86WV6,ParSe2,segment,Transmembrane,1.0,0.0
Q86WV6,ParSe2,segment,Transmembrane,2.0,
Q86WV6,ParSe2,segment,Transmembrane,3.0,
P07949,ParSe2,segment,Transmembrane,0.0,
P08908,ParSe2,segment,Transmembrane,0.0,
P08908,ParSe2,segment,Transmembrane,1.0,0.0
P08908,ParSe2,segment,Transmembrane,2.0,0.0
P08908,ParSe2,segment,Transmembrane,3.0,
P08908,ParSe2,segment,Transmembrane,4.0,
P08908,ParSe2,segment,Transmembrane,5.0,
P08908,ParSe2,segment,Transmembrane,6.0,0.0
Q7Z3C6,ParSe2,segment,Transmembrane,0.0,
Q7Z3C6,ParSe2,segment,Transmembrane,1.0,0.0
Q7Z3C6,ParSe2,segment,Transmembrane,2.0,0.0
Q7Z3C6,ParSe2,segment,Transmembrane,3.0,
O75581,ParSe2,segment,Transmembrane,0.0,
P63027,ParSe2,segment,Transmembrane,0.0,
O60733,ParSe2,segment,Transmembrane,0.0,
O60733,ParSe2,segment,Transmembrane,1.0,
Q04671,ParSe2,segment,Transmembrane,0.0,
Q04671,ParSe2,segment,Transmembrane,1.0,
Q04671,ParSe2,segment,Transmembrane,2.0,
Q04671,ParSe2,segment,Transmembrane,3.0,
Q04671,ParSe2,segment,Transmembrane,4.0,
Q04671,ParSe2,segment,Transmembrane,5.0,
Q04671,ParSe2,segment,Transmembrane,6.0,
Q04671,ParSe2,segment,Transmembrane,7.0,
Q04671,ParSe2,segment,Transmembrane,8.0,
Q04671,ParSe2,segment,Transmembrane,9.0,
Q04671,ParSe2,segment,Transmembrane,10.0,
Q04671,ParSe2,segment,Transmembrane,11.0,
Q14BN4,ParSe2,segment,Transmembrane,0.0,
P15529,ParSe2,segment,Transmembrane,0.0,
Q8TEM1,ParSe2,segment,Transmembrane,0.0,
Q9UJA2,ParSe2,segment,Transmembrane,0.0,
Q9UJA2,ParSe2,segment,Transmembrane,1.0,
Q9UJA2,ParSe2,segment,Transmembrane,2.0,
Q9UJA2,ParSe2,segment,Transmembrane,3.0,
Q9UJA2,ParSe2,segment,Transmembrane,4.0,
P00533,ParSe2,segment,Transmembrane,0.0,
P21802,ParSe2,segment,Transmembrane,0.0,
P08247,ParSe2,segment,Transmembrane,0.0,
P08247,ParSe2,segment,Transmembrane,1.0,
P08247,ParSe2,segment,Transmembrane,2.0,
P08247,ParSe2,segment,Transmembrane,3.0,
Q14739,ParSe2,segment,Transmembrane,0.0,
Q14739,ParSe2,segment,Transmembrane,1.0,
Q14739,ParSe2,segment,Transmembrane,2.0,
Q14739,ParSe2,segment,Transmembrane,3.0,
Q14739,ParSe2,segment,Transmembrane,4.0,
Q14739,ParSe2,segment,Transmembrane,5.0,
Q14739,ParSe2,segment,Transmembrane,6.0,
Q14739,ParSe2,segment,Transmembrane,7.0,
P29317,ParSe2,segment,Transmembrane,0.0,
P17948,ParSe2,segment,Transmembrane,0.0,
P05556,ParSe2,segment,Transmembrane,0.0,
P10747,ParSe2,segment,Transmembrane,0.0,0.0
P61073,ParSe2,segment,Transmembrane,0.0,0.0
P61073,ParSe2,segment,Transmembrane,1.0,
P61073,ParSe2,segment,Transmembrane,2.0,
P61073,ParSe2,segment,Transmembrane,3.0,
P61073,ParSe2,segment,Transmembrane,4.0,
P61073,ParSe2,segment,Transmembrane,5.0,
P61073,ParSe2,segment,Transmembrane,6.0,
Q15303,ParSe2,segment,Transmembrane,0.0,
O00254,ParSe2,segment,Transmembrane,0.0,0.0
O00254,ParSe2,segment,Transmembrane,1.0,
O00254,ParSe2,segment,Transmembrane,2.0,
O00254,ParSe2,segment,Transmembrane,3.0,
O00254,ParSe2,segment,Transmembrane,4.0,
O00254,ParSe2,segment,Transmembrane,5.0,0.0
O00254,ParSe2,segment,Transmembrane,6.0,0.0
Q9H3U5,ParSe2,segment,Transmembrane,0.0,
Q9H3U5,ParSe2,segment,Transmembrane,1.0,
Q9H3U5,ParSe2,segment,Transmembrane,2.0,
Q9H3U5,ParSe2,segment,Transmembrane,3.0,
Q9H3U5,ParSe2,segment,Transmembrane,4.0,
Q9H3U5,ParSe2,segment,Transmembrane,5.0,
Q9H3U5,ParSe2,segment,Transmembrane,6.0,
Q9H3U5,ParSe2,segment,Transmembrane,7.0,
Q9H3U5,ParSe2,segment,Transmembrane,8.0,
Q9H3U5,ParSe2,segment,Transmembrane,9.0,
Q9H3U5,ParSe2,segment,Transmembrane,10.0,
Q9H3U5,ParSe2,segment,Transmembrane,11.0,
Q9Y624,ParSe2,segment,Transmembrane,0.0,
P31645,ParSe2,segment,Transmembrane,0.0,0.0
P31645,ParSe2,segment,Transmembrane,1.0,
P31645,ParSe2,segment,Transmembrane,2.0,0.0
P31645,ParSe2,segment,Transmembrane,3.0,
P31645,ParSe2,segment,Transmembrane,4.0,
P31645,ParSe2,segment,Transmembrane,5.0,
P31645,ParSe2,segment,Transmembrane,6.0,
P31645,ParSe2,segment,Transmembrane,7.0,
P31645,ParSe2,segment,Transmembrane,8.0,
P31645,ParSe2,segment,Transmembrane,9.0,
P31645,ParSe2,segment,Transmembrane,10.0,
P31645,ParSe2,segment,Transmembrane,11.0,
P49146,ParSe2,segment,Transmembrane,0.0,0.0
P49146,ParSe2,segment,Transmembrane,1.0,0.0
P49146,ParSe2,segment,Transmembrane,2.0,0.0
P49146,ParSe2,segment,Transmembrane,3.0,
P49146,ParSe2,segment,Transmembrane,4.0,0.0
P49146,ParSe2,segment,Transmembrane,5.0,0.0
P49146,ParSe2,segment,Transmembrane,6.0,0.0
P15954,ParSe2,segment,Transmembrane,0.0,0.0
P13569,ParSe2,segment,Transmembrane,0.0,
P13569,ParSe2,segment,Transmembrane,1.0,
P13569,ParSe2,segment,Transmembrane,2.0,
P13569,ParSe2,segment,Transmembrane,3.0,
P13569,ParSe2,segment,Transmembrane,4.0,
P13569,ParSe2,segment,Transmembrane,5.0,
P13569,ParSe2,segment,Transmembrane,6.0,
P13569,ParSe2,segment,Transmembrane,7.0,
P13569,ParSe2,segment,Transmembrane,8.0,
P13569,ParSe2,segment,Transmembrane,9.0,
P13569,ParSe2,segment,Transmembrane,10.0,
P13569,ParSe2,segment,Transmembrane,11.0,
Q9BRQ8,ParSe2,segment,Transmembrane,0.0,
Q13021,ParSe2,segment,Transmembrane,0.0,
Q13021,ParSe2,segment,Transmembrane,1.0,
Q13021,ParSe2,segment,Transmembrane,2.0,
Q13021,ParSe2,segment,Transmembrane,3.0,
P15941,ParSe2,segment,Extracellular/Lumenal,0.0,0.8590377663645863
Q7Z434,ParSe2,segment,Extracellular/Lumenal,0.0,
O43561,ParSe2,segment,Extracellular/Lumenal,0.0,
P31431,ParSe2,segment,Extracellular/Lumenal,0.0,0.0172751002988539
O75445,ParSe2,segment,Extracellular/Lumenal,0.0,0.0859788160001992
Q9UM73,ParSe2,segment,Extracellular/Lumenal,0.0,0.3851411535454818
Q9H461,ParSe2,segment,Extracellular/Lumenal,0.0,0.457187069290779
Q9H461,ParSe2,segment,Extracellular/Lumenal,1.0,1.4373630623704374
Q9H461,ParSe2,segment,Extracellular/Lumenal,2.0,
Q9H461,ParSe2,segment,Extracellular/Lumenal,3.0,0.0
O14763,ParSe2,segment,Extracellular/Lumenal,0.0,0.1177266602937391
P46531,ParSe2,segment,Extracellular/Lumenal,0.0,0.2345711290895395
Q8N114,ParSe2,segment,Extracellular/Lumenal,0.0,0.0196522726997773
Q07065,ParSe2,segment,Extracellular/Lumenal,0.0,0.0086580509198061
P08172,ParSe2,segment,Extracellular/Lumenal,0.0,
P08172,ParSe2,segment,Extracellular/Lumenal,1.0,
P08172,ParSe2,segment,Extracellular/Lumenal,2.0,
P08172,ParSe2,segment,Extracellular/Lumenal,3.0,
Q08345,ParSe2,segment,Extracellular/Lumenal,0.0,0.1708249509138694
O60500,ParSe2,segment,Extracellular/Lumenal,0.0,0.0503726817157704
P05067,ParSe2,segment,Extracellular/Lumenal,0.0,0.0523011249573559
Q8WXG9,ParSe2,segment,Extracellular/Lumenal,0.0,0.0360822389375228
Q8WXG9,ParSe2,segment,Extracellular/Lumenal,1.0,
Q8WXG9,ParSe2,segment,Extracellular/Lumenal,2.0,0.0
Q8WXG9,ParSe2,segment,Extracellular/Lumenal,3.0,
P11362,ParSe2,segment,Extracellular/Lumenal,0.0,0.0596228011298728
P40967,ParSe2,segment,Extracellular/Lumenal,0.0,0.0174459376892531
P07766,ParSe2,segment,Extracellular/Lumenal,0.0,0.0
P20963,ParSe2,segment,Extracellular/Lumenal,0.0,
P04626,ParSe2,segment,Extracellular/Lumenal,0.0,0.05528418100309
O75460,ParSe2,segment,Extracellular/Lumenal,0.0,0.0466361307190429
P35968,ParSe2,segment,Extracellular/Lumenal,0.0,0.0188349942258857
Q12879,ParSe2,segment,Extracellular/Lumenal,0.0,0.0
Q12879,ParSe2,segment,Extracellular/Lumenal,1.0,0.162422625376314
Q86WV6,ParSe2,segment,Extracellular/Lumenal,0.0,
Q86WV6,ParSe2,segment,Extracellular/Lumenal,1.0,
P07949,ParSe2,segment,Extracellular/Lumenal,0.0,0.1250004080890645
P08908,ParSe2,segment,Extracellular/Lumenal,0.0,2.097028130005107
P08908,ParSe2,segment,Extracellular/Lumenal,1.0,
P08908,ParSe2,segment,Extracellular/Lumenal,2.0,
P08908,ParSe2,segment,Extracellular/Lumenal,3.0,
P01857,ParSe2,segment,Extracellular/Lumenal,0.0,0.0645055082557227
Q7Z3C6,ParSe2,segment,Extracellular/Lumenal,0.0,0.0
Q7Z3C6,ParSe2,segment,Extracellular/Lumenal,1.0,
O75581,ParSe2,segment,Extracellular/Lumenal,0.0,0.0404290624702987
P63027,ParSe2,segment,Extracellular/Lumenal,0.0,
Q04671,ParSe2,segment,Extracellular/Lumenal,0.0,0.000896884292402
Q04671,ParSe2,segment,Extracellular/Lumenal,1.0,
Q04671,ParSe2,segment,Extracellular/Lumenal,2.0,0.0212443805747773
Q04671,ParSe2,segment,Extracellular/Lumenal,3.0,
Q04671,ParSe2,segment,Extracellular/Lumenal,4.0,
Q04671,ParSe2,segment,Extracellular/Lumenal,5.0,0.0
Q14BN4,ParSe2,segment,Extracellular/Lumenal,0.0,
P15529,ParSe2,segment,Extracellular/Lumenal,0.0,0.1149100463724345
Q8TEM1,ParSe2,segment,Extracellular/Lumenal,0.0,0.0319059294660479
P00533,ParSe2,segment,Extracellular/Lumenal,0.0,0.0708248528162709
P21802,ParSe2,segment,Extracellular/Lumenal,0.0,0.0376540024713825
P08247,ParSe2,segment,Extracellular/Lumenal,0.0,0.0
P08247,ParSe2,segment,Extracellular/Lumenal,1.0,0.0
Q14739,ParSe2,segment,Extracellular/Lumenal,0.0,0.0316406076596627
P29317,ParSe2,segment,Extracellular/Lumenal,0.0,0.0863084367620016
P17948,ParSe2,segment,Extracellular/Lumenal,0.0,0.0199030127499564
P05556,ParSe2,segment,Extracellular/Lumenal,0.0,0.1216821303056004
P10747,ParSe2,segment,Extracellular/Lumenal,0.0,0.0264212594279396
Q16635,ParSe2,segment,Extracellular/Lumenal,0.0,
Q16635,ParSe2,segment,Extracellular/Lumenal,1.0,0.0
P61073,ParSe2,segment,Extracellular/Lumenal,0.0,0.0
P61073,ParSe2,segment,Extracellular/Lumenal,1.0,
P61073,ParSe2,segment,Extracellular/Lumenal,2.0,
P61073,ParSe2,segment,Extracellular/Lumenal,3.0,
Q15303,ParSe2,segment,Extracellular/Lumenal,0.0,0.0923808836428495
O00254,ParSe2,segment,Extracellular/Lumenal,0.0,0.0
O00254,ParSe2,segment,Extracellular/Lumenal,1.0,
O00254,ParSe2,segment,Extracellular/Lumenal,2.0,0.0
O00254,ParSe2,segment,Extracellular/Lumenal,3.0,
Q9Y624,ParSe2,segment,Extracellular/Lumenal,0.0,0.3452793210796722
P31645,ParSe2,segment,Extracellular/Lumenal,0.0,
P31645,ParSe2,segment,Extracellular/Lumenal,1.0,0.0
P31645,ParSe2,segment,Extracellular/Lumenal,2.0,0.0
P31645,ParSe2,segment,Extracellular/Lumenal,3.0,0.0
P31645,ParSe2,segment,Extracellular/Lumenal,4.0,
P31645,ParSe2,segment,Extracellular/Lumenal,5.0,
P49146,ParSe2,segment,Extracellular/Lumenal,0.0,0.0
P49146,ParSe2,segment,Extracellular/Lumenal,1.0,
P49146,ParSe2,segment,Extracellular/Lumenal,2.0,0.0
P49146,ParSe2,segment,Extracellular/Lumenal,3.0,
P15954,ParSe2,segment,Extracellular/Lumenal,0.0,
P15954,ParSe2,segment,Extracellular/Lumenal,1.0,
P13569,ParSe2,segment,Extracellular/Lumenal,0.0,
P13569,ParSe2,segment,Extracellular/Lumenal,1.0,
P13569,ParSe2,segment,Extracellular/Lumenal,2.0,
P13569,ParSe2,segment,Extracellular/Lumenal,3.0,1.0469058195061334
P13569,ParSe2,segment,Extracellular/Lumenal,4.0,
P13569,ParSe2,segment,Extracellular/Lumenal,5.0,
P15941,ParSe2,concatenated,Cytoplasmic,,1.470104336537255
Q7Z434,ParSe2,concatenated,Cytoplasmic,,0.3310697697538128
Q9BR39,ParSe2,concatenated,Cytoplasmic,,0.4256094697067214
O43561,ParSe2,concatenated,Cytoplasmic,,0.3915230130177132
P31431,ParSe2,concatenated,Cytoplasmic,,0.0
O75445,ParSe2,concatenated,Cytoplasmic,,0.1470770379025477
Q9UM73,ParSe2,concatenated,Cytoplasmic,,0.1194006512465322
Q9H461,ParSe2,concatenated,Cytoplasmic,,1.9215504002670116
O14763,ParSe2,concatenated,Cytoplasmic,,0.1142518851527403
P46531,ParSe2,concatenated,Cytoplasmic,,0.2507917912738868
Q8N114,ParSe2,concatenated,Cytoplasmic,,0.5443553955879605
Q07065,ParSe2,concatenated,Cytoplasmic,,0.8976193124447374
P08172,ParSe2,concatenated,Cytoplasmic,,0.4017281415457316
Q08345,ParSe2,concatenated,Cytoplasmic,,0.0786426208469391
O60500,ParSe2,concatenated,Cytoplasmic,,0.0693619723451969
P05067,ParSe2,concatenated,Cytoplasmic,,0.0116413640436563
Q8WXG9,ParSe2,concatenated,Cytoplasmic,,0.5858569741331275
P11362,ParSe2,concatenated,Cytoplasmic,,0.0628599535930411
P40967,ParSe2,concatenated,Cytoplasmic,,0.0
P07766,ParSe2,concatenated,Cytoplasmic,,0.1365716777773594
P20963,ParSe2,concatenated,Cytoplasmic,,0.2077278014442695
P04626,ParSe2,concatenated,Cytoplasmic,,0.095235083083909
O75460,ParSe2,concatenated,Cytoplasmic,,0.148726458503951
P35968,ParSe2,concatenated,Cytoplasmic,,0.1156195794220329
Q12879,ParSe2,concatenated,Cytoplasmic,,0.2032167196468489
Q86WV6,ParSe2,concatenated,Cytoplasmic,,0.0092927526961113
P07949,ParSe2,concatenated,Cytoplasmic,,0.2204937978718914
P08908,ParSe2,concatenated,Cytoplasmic,,0.1513747083252241
Q7Z3C6,ParSe2,concatenated,Cytoplasmic,,0.1362566951381293
O75581,ParSe2,concatenated,Cytoplasmic,,1.215354208374556
P63027,ParSe2,concatenated,Cytoplasmic,,0.0342574395205115
Q04671,ParSe2,concatenated,Cytoplasmic,,0.1702244539493531
Q14BN4,ParSe2,concatenated,Cytoplasmic,,0.0297583478472665
P15529,ParSe2,concatenated,Cytoplasmic,,0.0
Q8TEM1,ParSe2,concatenated,Cytoplasmic,,0.1693562614390227
P00533,ParSe2,concatenated,Cytoplasmic,,0.1024015953571699
P21802,ParSe2,concatenated,Cytoplasmic,,0.0995617547251981
P08247,ParSe2,concatenated,Cytoplasmic,,1.7718205731470031
P29317,ParSe2,concatenated,Cytoplasmic,,0.0134531652177133
P17948,ParSe2,concatenated,Cytoplasmic,,0.0660963736701958
P05556,ParSe2,concatenated,Cytoplasmic,,0.0865809932848608
P10747,ParSe2,concatenated,Cytoplasmic,,0.0
P61073,ParSe2,concatenated,Cytoplasmic,,0.1411217338594673
Q15303,ParSe2,concatenated,Cytoplasmic,,0.0893332008798372
O00254,ParSe2,concatenated,Cytoplasmic,,0.0
Q9Y624,ParSe2,concatenated,Cytoplasmic,,0.0556110802302619
P31645,ParSe2,concatenated,Cytoplasmic,,0.2702717370046891
P49146,ParSe2,concatenated,Cytoplasmic,,0.020633912638566
P13569,ParSe2,concatenated,Cytoplasmic,,0.0338278584025243
Q03135,ParSe2,concatenated,Cytoplasmic,,0.006705830600052
P15941,ParSe2,concatenated,Transmembrane,,
Q7Z434,ParSe2,concatenated,Transmembrane,,
Q9BR39,ParSe2,concatenated,Transmembrane,,
O43561,ParSe2,concatenated,Transmembrane,,
P31431,ParSe2,concatenated,Transmembrane,,0.0
O75445,ParSe2,concatenated,Transmembrane,,
Q9UM73,ParSe2,concatenated,Transmembrane,,
Q9H461,ParSe2,concatenated,Transmembrane,,0.0
O14763,ParSe2,concatenated,Transmembrane,,
P46531,ParSe2,concatenated,Transmembrane,,
Q8N114,ParSe2,concatenated,Transmembrane,,
Q07065,ParSe2,concatenated,Transmembrane,,
P08172,ParSe2,concatenated,Transmembrane,,0.0
Q08345,ParSe2,concatenated,Transmembrane,,
O60500,ParSe2,concatenated,Transmembrane,,
P05067,ParSe2,concatenated,Transmembrane,,
Q8WXG9,ParSe2,concatenated,Transmembrane,,0.0
P11362,ParSe2,concatenated,Transmembrane,,
Q8NC56,ParSe2,concatenated,Transmembrane,,0.0
P40967,ParSe2,concatenated,Transmembrane,,
P07766,ParSe2,concatenated,Transmembrane,,0.0
P20963,ParSe2,concatenated,Transmembrane,,
P04626,ParSe2,concatenated,Transmembrane,,
O75460,ParSe2,concatenated,Transmembrane,,
P35968,ParSe2,concatenated,Transmembrane,,
Q12879,ParSe2,concatenated,Transmembrane,,0.0
Q86WV6,ParSe2,concatenated,Transmembrane,,0.0
P07949,ParSe2,concatenated,Transmembrane,,
P08908,ParSe2,concatenated,Transmembrane,,0.0
Q7Z3C6,ParSe2,concatenated,Transmembrane,,0.0
O75581,ParSe2,concatenated,Transmembrane,,
P63027,ParSe2,concatenated,Transmembrane,,
O60733,ParSe2,concatenated,Transmembrane,,0.0
Q04671,ParSe2,concatenated,Transmembrane,,0.0
Q14BN4,ParSe2,concatenated,Transmembrane,,
P15529,ParSe2,concatenated,Transmembrane,,
Q8TEM1,ParSe2,concatenated,Transmembrane,,
Q9UJA2,ParSe2,concatenated,Transmembrane,,0.0
P00533,ParSe2,concatenated,Transmembrane,,
P21802,ParSe2,concatenated,Transmembrane,,
P08247,ParSe2,concatenated,Transmembrane,,0.0
Q14739,ParSe2,concatenated,Transmembrane,,0.0
P29317,ParSe2,concatenated,Transmembrane,,
P17948,ParSe2,concatenated,Transmembrane,,
P05556,ParSe2,concatenated,Transmembrane,,
P10747,ParSe2,concatenated,Transmembrane,,0.0
P61073,ParSe2,concatenated,Transmembrane,,0.0
Q15303,ParSe2,concatenated,Transmembrane,,
O00254,ParSe2,concatenated,Transmembrane,,0.0
Q9H3U5,ParSe2,concatenated,Transmembrane,,0.0
Q9Y624,ParSe2,concatenated,Transmembrane,,
P31645,ParSe2,concatenated,Transmembrane,,0.0
P49146,ParSe2,concatenated,Transmembrane,,0.0
P15954,ParSe2,concatenated,Transmembrane,,0.0
P13569,ParSe2,concatenated,Transmembrane,,0.0
Q9BRQ8,ParSe2,concatenated,Transmembrane,,
Q13021,ParSe2,concatenated,Transmembrane,,0.0
P15941,ParSe2,concatenated,Extracellular/Lumenal,,0.8590377663645863
Q7Z434,ParSe2,concatenated,Extracellular/Lumenal,,
O43561,ParSe2,concatenated,Extracellular/Lumenal,,
P31431,ParSe2,concatenated,Extracellular/Lumenal,,0.0172751002988539
O75445,ParSe2,concatenated,Extracellular/Lumenal,,0.0859788160001992
Q9UM73,ParSe2,concatenated,Extracellular/Lumenal,,0.3851411535454818
Q9H461,ParSe2,concatenated,Extracellular/Lumenal,,0.5294944871730246
O14763,ParSe2,concatenated,Extracellular/Lumenal,,0.1177266602937391
P46531,ParSe2,concatenated,Extracellular/Lumenal,,0.2345711290895395
Q8N114,ParSe2,concatenated,Extracellular/Lumenal,,0.0196522726997773
Q07065,ParSe2,concatenated,Extracellular/Lumenal,,0.0086580509198061
P08172,ParSe2,concatenated,Extracellular/Lumenal,,0.0828343326653491
Q08345,ParSe2,concatenated,Extracellular/Lumenal,,0.1708249509138694
O60500,ParSe2,concatenated,Extracellular/Lumenal,,0.0503726817157704
P05067,ParSe2,concatenated,Extracellular/Lumenal,,0.0523011249573559
Q8WXG9,ParSe2,concatenated,Extracellular/Lumenal,,0.0357464482198301
P11362,ParSe2,concatenated,Extracellular/Lumenal,,0.0596228011298728
P40967,ParSe2,concatenated,Extracellular/Lumenal,,0.0174459376892531
P07766,ParSe2,concatenated,Extracellular/Lumenal,,0.0
P20963,ParSe2,concatenated,Extracellular/Lumenal,,
P04626,ParSe2,concatenated,Extracellular/Lumenal,,0.05528418100309
O75460,ParSe2,concatenated,Extracellular/Lumenal,,0.0466361307190429
P35968,ParSe2,concatenated,Extracellular/Lumenal,,0.0188349942258857
Q12879,ParSe2,concatenated,Extracellular/Lumenal,,0.0344968407878932
Q86WV6,ParSe2,concatenated,Extracellular/Lumenal,,
P07949,ParSe2,concatenated,Extracellular/Lumenal,,0.1250004080890645
P08908,ParSe2,concatenated,Extracellular/Lumenal,,0.6187338193983308
P01857,ParSe2,concatenated,Extracellular/Lumenal,,0.0645055082557227
Q7Z3C6,ParSe2,concatenated,Extracellular/Lumenal,,0.0
O75581,ParSe2,concatenated,Extracellular/Lumenal,,0.0404290624702987
P63027,ParSe2,concatenated,Extracellular/Lumenal,,
Q04671,ParSe2,concatenated,Extracellular/Lumenal,,0.0042175371705032
Q14BN4,ParSe2,concatenated,Extracellular/Lumenal,,
P15529,ParSe2,concatenated,Extracellular/Lumenal,,0.1149100463724345
Q8TEM1,ParSe2,concatenated,Extracellular/Lumenal,,0.0319059294660479
P00533,ParSe2,concatenated,Extracellular/Lumenal,,0.0708248528162709
P21802,ParSe2,concatenated,Extracellular/Lumenal,,0.0376540024713825
P08247,ParSe2,concatenated,Extracellular/Lumenal,,0.0
Q14739,ParSe2,concatenated,Extracellular/Lumenal,,0.0316406076596627
P29317,ParSe2,concatenated,Extracellular/Lumenal,,0.0863084367620016
P17948,ParSe2,concatenated,Extracellular/Lumenal,,0.0199030127499564
P05556,ParSe2,concatenated,Extracellular/Lumenal,,0.1216821303056004
P10747,ParSe2,concatenated,Extracellular/Lumenal,,0.0264212594279396
Q16635,ParSe2,concatenated,Extracellular/Lumenal,,0.0
P61073,ParSe2,concatenated,Extracellular/Lumenal,,0.0012503723876531
Q15303,ParSe2,concatenated,Extracellular/Lumenal,,0.0923808836428495
O00254,ParSe2,concatenated,Extracellular/Lumenal,,0.0091213700864273
Q9Y624,ParSe2,concatenated,Extracellular/Lumenal,,0.3452793210796722
P31645,ParSe2,concatenated,Extracellular/Lumenal,,0.0
P49146,ParSe2,concatenated,Extracellular/Lumenal,,0.0
P15954,ParSe2,concatenated,Extracellular/Lumenal,,
P13569,ParSe2,concatenated,Extracellular/Lumenal,,0.2195113130767409
P15941,ParSe2,whole,Whole,,0.8512405659660605
Q7Z434,ParSe2,whole,Whole,,0.3131047434881014
Q9BR39,ParSe2,whole,Whole,,0.4116758263532275
O43561,ParSe2,whole,Whole,,0.3471065367509948
P31431,ParSe2,whole,Whole,,0.0131659068482616
O75445,ParSe2,whole,Whole,,0.0860738151316711
Q9UM73,ParSe2,whole,Whole,,0.2879549793966351
Q9H461,ParSe2,whole,Whole,,0.6299164088204496
O14763,ParSe2,whole,Whole,,0.0886333677313009
P46531,ParSe2,whole,Whole,,0.2350265953758899
Q8N114,ParSe2,whole,Whole,,0.2499185902260087
Q07065,ParSe2,whole,Whole,,0.1340995927081321
P08172,ParSe2,whole,Whole,,0.1954107475844775
Q08345,ParSe2,whole,Whole,,0.1138203069088052
O60500,ParSe2,whole,Whole,,0.0498151711113458
P05067,ParSe2,whole,Whole,,0.0466462938457138
Q8WXG9,ParSe2,whole,Whole,,0.0495701506091779
P11362,ParSe2,whole,Whole,,0.0563182814095191
Q8NC56,ParSe2,whole,Whole,,0.0590065613217741
P40967,ParSe2,whole,Whole,,0.0830454842632671
P07766,ParSe2,whole,Whole,,0.0858543231873958
P20963,ParSe2,whole,Whole,,0.1320555309181443
P04626,ParSe2,whole,Whole,,0.072693031500108
O75460,ParSe2,whole,Whole,,0.0959373836587247
P35968,ParSe2,whole,Whole,,0.0576756312167457
Q12879,ParSe2,whole,Whole,,0.1037364589883048
Q86WV6,ParSe2,whole,Whole,,0.0068059597210959
P07949,ParSe2,whole,Whole,,0.1544486719215106
P08908,ParSe2,whole,Whole,,0.1493282007805995
P01857,ParSe2,whole,Whole,,0.0645055082557227
Q7Z3C6,ParSe2,whole,Whole,,0.1051600751434172
O75581,ParSe2,whole,Whole,,0.1836745064439551
P63027,ParSe2,whole,Whole,,0.0256930796403834
O60733,ParSe2,whole,Whole,,0.0174247331038575
Q04671,ParSe2,whole,Whole,,0.0672720368919929
Q14BN4,ParSe2,whole,Whole,,0.0287960132153897
P15529,ParSe2,whole,Whole,,0.0896729621247782
Q8TEM1,ParSe2,whole,Whole,,0.0332380177004276
Q9UJA2,ParSe2,whole,Whole,,0.0178148100105056
P00533,ParSe2,whole,Whole,,0.0986558748763358
P21802,ParSe2,whole,Whole,,0.065528568326039
P08247,ParSe2,whole,Whole,,0.6137478771315739
Q14739,ParSe2,whole,Whole,,0.010011495147812
P29317,ParSe2,whole,Whole,,0.0539173048489199
P17948,ParSe2,whole,Whole,,0.0413709788465198
P05556,ParSe2,whole,Whole,,0.1108599097760534
P10747,ParSe2,whole,Whole,,0.0148282578422112
Q16635,ParSe2,whole,Whole,,0.0
P61073,ParSe2,whole,Whole,,0.0382921777850412
Q15303,ParSe2,whole,Whole,,0.0904266392504686
O00254,ParSe2,whole,Whole,,0.0091137973820126
Q9H3U5,ParSe2,whole,Whole,,0.0004269158657565
Q9Y624,ParSe2,whole,Whole,,0.2388975294078394
P31645,ParSe2,whole,Whole,,0.0743317499028718
P49146,ParSe2,whole,Whole,,0.0
P15954,ParSe2,whole,Whole,,0.0507308503440488
P13569,ParSe2,whole,Whole,,0.0362222029646409
Q9BRQ8,ParSe2,whole,Whole,,0.008346799867204
Q03135,ParSe2,whole,Whole,,0.0057478548000445
Q13021,ParSe2,whole,Whole,,8.409047272897259e-05
O00254,LLPhyScore,segment,Cytoplasmic,0.0,-2.75
O00254,LLPhyScore,segment,Cytoplasmic,1.0,-2.5294117647058822
O00254,LLPhyScore,segment,Cytoplasmic,2.0,-2.9411764705882355
O00254,LLPhyScore,segment,Cytoplasmic,3.0,-1.8461538461538465
O14763,LLPhyScore,segment,Cytoplasmic,0.0,-0.5789473684210527
O43561,LLPhyScore,segment,Cytoplasmic,0.0,0.2042553191489361
O60500,LLPhyScore,segment,Cytoplasmic,0.0,0.108433734939759
O75445,LLPhyScore,segment,Cytoplasmic,0.0,-0.3525179856115107
O75460,LLPhyScore,segment,Cytoplasmic,0.0,-0.7738791423001949
O75581,LLPhyScore,segment,Cytoplasmic,0.0,0.4772727272727273
P00533,LLPhyScore,segment,Cytoplasmic,0.0,-0.7472324723247232
P04626,LLPhyScore,segment,Cytoplasmic,0.0,-0.5155172413793103
P05067,LLPhyScore,segment,Cytoplasmic,0.0,0.1458333333333333
P05556,LLPhyScore,segment,Cytoplasmic,0.0,-0.8297872340425532
P07766,LLPhyScore,segment,Cytoplasmic,0.0,0.5818181818181818
P07949,LLPhyScore,segment,Cytoplasmic,0.0,-0.7483588621444202
P08172,LLPhyScore,segment,Cytoplasmic,0.0,-1.4285714285714286
P08172,LLPhyScore,segment,Cytoplasmic,1.0,-1.761904761904762
P08172,LLPhyScore,segment,Cytoplasmic,2.0,0.5388888888888889
P08172,LLPhyScore,segment,Cytoplasmic,3.0,-1.7916666666666667
P08247,LLPhyScore,segment,Cytoplasmic,0.0,-0.4
P08247,LLPhyScore,segment,Cytoplasmic,1.0,0.1428571428571428
P08247,LLPhyScore,segment,Cytoplasmic,2.0,2.066666666666667
P08908,LLPhyScore,segment,Cytoplasmic,0.0,-0.6428571428571429
P08908,LLPhyScore,segment,Cytoplasmic,1.0,-2.7
P08908,LLPhyScore,segment,Cytoplasmic,2.0,-0.0307692307692307
P08908,LLPhyScore,segment,Cytoplasmic,3.0,-0.631578947368421
P10747,LLPhyScore,segment,Cytoplasmic,0.0,-0.6097560975609756
P11362,LLPhyScore,segment,Cytoplasmic,0.0,-0.8823529411764706
P13569,LLPhyScore,segment,Cytoplasmic,0.0,-1.0129870129870129
P13569,LLPhyScore,segment,Cytoplasmic,1.0,-0.9183673469387756
P13569,LLPhyScore,segment,Cytoplasmic,2.0,-0.4363636363636363
P13569,LLPhyScore,segment,Cytoplasmic,3.0,-0.714
P13569,LLPhyScore,segment,Cytoplasmic,4.0,-1.7450980392156863
P13569,LLPhyScore,segment,Cytoplasmic,5.0,-1.7049180327868851
P13569,LLPhyScore,segment,Cytoplasmic,6.0,-0.8115501519756839
P15529,LLPhyScore,segment,Cytoplasmic,0.0,-0.7692307692307693
P15941,LLPhyScore,segment,Cytoplasmic,0.0,-0.1621621621621621
P17948,LLPhyScore,segment,Cytoplasmic,0.0,-0.6971326164874552
P20963,LLPhyScore,segment,Cytoplasmic,0.0,-0.0530973451327433
P21802,LLPhyScore,segment,Cytoplasmic,0.0,-0.7730496453900709
P29317,LLPhyScore,segment,Cytoplasmic,0.0,-1.062200956937799
P31431,LLPhyScore,segment,Cytoplasmic,0.0,0.4285714285714285
P31645,LLPhyScore,segment,Cytoplasmic,0.0,0.6551724137931034
P31645,LLPhyScore,segment,Cytoplasmic,1.0,-2.36
P31645,LLPhyScore,segment,Cytoplasmic,2.0,0.0
P31645,LLPhyScore,segment,Cytoplasmic,3.0,0.3846153846153846
P31645,LLPhyScore,segment,Cytoplasmic,4.0,-1.85
P31645,LLPhyScore,segment,Cytoplasmic,5.0,-0.8181818181818182
P31645,LLPhyScore,segment,Cytoplasmic,6.0,-1.7142857142857142
P35968,LLPhyScore,segment,Cytoplasmic,0.0,-0.7092819614711033
P40967,LLPhyScore,segment,Cytoplasmic,0.0,-0.3555555555555555
P46531,LLPhyScore,segment,Cytoplasmic,0.0,-0.1314142678347934
P49146,LLPhyScore,segment,Cytoplasmic,0.0,-1.3846153846153846
P49146,LLPhyScore,segment,Cytoplasmic,1.0,-2.235294117647059
P49146,LLPhyScore,segment,Cytoplasmic,2.0,-0.6296296296296297
P49146,LLPhyScore,segment,Cytoplasmic,3.0,-0.6363636363636364
P61073,LLPhyScore,segment,Cytoplasmic,0.0,0.7857142857142857
P61073,LLPhyScore,segment,Cytoplasmic,1.0,-1.25
P61073,LLPhyScore,segment,Cytoplasmic,2.0,-1.28
P61073,LLPhyScore,segment,Cytoplasmic,3.0,0.12
P63027,LLPhyScore,segment,Cytoplasmic,0.0,-0.5698924731182796
Q03135,LLPhyScore,segment,Cytoplasmic,0.0,-1.135922330097087
Q03135,LLPhyScore,segment,Cytoplasmic,1.0,-2.547169811320755
Q04671,LLPhyScore,segment,Cytoplasmic,0.0,-0.4525139664804469
Q04671,LLPhyScore,segment,Cytoplasmic,1.0,-3.1666666666666665
Q04671,LLPhyScore,segment,Cytoplasmic,2.0,-1.0909090909090908
Q04671,LLPhyScore,segment,Cytoplasmic,3.0,-1.3444444444444446
Q04671,LLPhyScore,segment,Cytoplasmic,4.0,-1.6666666666666667
Q04671,LLPhyScore,segment,Cytoplasmic,5.0,-2.3043478260869565
Q04671,LLPhyScore,segment,Cytoplasmic,6.0,-2.75
Q07065,LLPhyScore,segment,Cytoplasmic,0.0,1.2169811320754718
Q08345,LLPhyScore,segment,Cytoplasmic,0.0,-0.76
Q12879,LLPhyScore,segment,Cytoplasmic,0.0,-0.125
Q12879,LLPhyScore,segment,Cytoplasmic,1.0,0.1
Q12879,LLPhyScore,segment,Cytoplasmic,2.0,-0.0890302066772655
Q14BN4,LLPhyScore,segment,Cytoplasmic,0.0,-0.9413965087281796
Q15303,LLPhyScore,segment,Cytoplasmic,0.0,-0.6129541864139021
Q7Z3C6,LLPhyScore,segment,Cytoplasmic,0.0,-0.7333333333333333
Q7Z3C6,LLPhyScore,segment,Cytoplasmic,1.0,-1.5294117647058822
Q7Z3C6,LLPhyScore,segment,Cytoplasmic,2.0,-2.5
Q7Z3C6,LLPhyScore,segment,Cytoplasmic,3.0,-1.558139534883721
Q7Z3C6,LLPhyScore,segment,Cytoplasmic,4.0,-1.3478260869565215
Q7Z3C6,LLPhyScore,segment,Cytoplasmic,5.0,-1.3333333333333333
Q7Z3C6,LLPhyScore,segment,Cytoplasmic,6.0,-0.1412103746397694
Q7Z434,LLPhyScore,segment,Cytoplasmic,0.0,0.10546875
Q86WV6,LLPhyScore,segment,Cytoplasmic,0.0,-1.6470588235294117
Q86WV6,LLPhyScore,segment,Cytoplasmic,1.0,-2.772727272727273
Q86WV6,LLPhyScore,segment,Cytoplasmic,2.0,-1.0979591836734697
Q8N114,LLPhyScore,segment,Cytoplasmic,0.0,-0.2894736842105263
Q8TEM1,LLPhyScore,segment,Cytoplasmic,0.0,-1.4137931034482758
Q8WXG9,LLPhyScore,segment,Cytoplasmic,0.0,-0.8
Q8WXG9,LLPhyScore,segment,Cytoplasmic,1.0,0.0
Q8WXG9,LLPhyScore,segment,Cytoplasmic,2.0,-0.6666666666666666
Q8WXG9,LLPhyScore,segment,Cytoplasmic,3.0,0.6907894736842105
Q9BR39,LLPhyScore,segment,Cytoplasmic,0.0,0.3249258160237389
Q9H461,LLPhyScore,segment,Cytoplasmic,0.0,-0.875
Q9H461,LLPhyScore,segment,Cytoplasmic,1.0,-0.8636363636363636
Q9H461,LLPhyScore,segment,Cytoplasmic,2.0,-0.9285714285714286
Q9H461,LLPhyScore,segment,Cytoplasmic,3.0,0.8539325842696629
Q9UM73,LLPhyScore,segment,Cytoplasmic,0.0,-0.3672014260249554
Q9Y624,LLPhyScore,segment,Cytoplasmic,0.0,0.15
O00254,LLPhyScore,segment,Transmembrane,0.0,-2.8846153846153846
O00254,LLPhyScore,segment,Transmembrane,1.0,-3.2
O00254,LLPhyScore,segment,Transmembrane,2.0,-3.0454545454545454
O00254,LLPhyScore,segment,Transmembrane,3.0,-3.25
O00254,LLPhyScore,segment,Transmembrane,4.0,-3.55
O00254,LLPhyScore,segment,Transmembrane,5.0,-3.04
O00254,LLPhyScore,segment,Transmembrane,6.0,-3.04
O14763,LLPhyScore,segment,Transmembrane,0.0,-3.380952380952381
O43561,LLPhyScore,segment,Transmembrane,0.0,-2.782608695652174
O60500,LLPhyScore,segment,Transmembrane,0.0,-2.095238095238096
O60733,LLPhyScore,segment,Transmembrane,0.0,-1.9523809523809523
O60733,LLPhyScore,segment,Transmembrane,1.0,-2.0
O75445,LLPhyScore,segment,Transmembrane,0.0,-2.2857142857142856
O75460,LLPhyScore,segment,Transmembrane,0.0,-3.857142857142857
O75581,LLPhyScore,segment,Transmembrane,0.0,-2.9130434782608696
P00533,LLPhyScore,segment,Transmembrane,0.0,-2.3043478260869565
P04626,LLPhyScore,segment,Transmembrane,0.0,-3.782608695652174
P05067,LLPhyScore,segment,Transmembrane,0.0,-3.333333333333333
P05556,LLPhyScore,segment,Transmembrane,0.0,-3.347826086956522
P07766,LLPhyScore,segment,Transmembrane,0.0,-3.3846153846153846
P07949,LLPhyScore,segment,Transmembrane,0.0,-3.136363636363636
P08172,LLPhyScore,segment,Transmembrane,0.0,-2.8076923076923075
P08172,LLPhyScore,segment,Transmembrane,1.0,-2.72
P08172,LLPhyScore,segment,Transmembrane,2.0,-2.592592592592593
P08172,LLPhyScore,segment,Transmembrane,3.0,-2.3181818181818183
P08172,LLPhyScore,segment,Transmembrane,4.0,-3.0
P08172,LLPhyScore,segment,Transmembrane,5.0,-3.24
P08172,LLPhyScore,segment,Transmembrane,6.0,-3.739130434782609
P08247,LLPhyScore,segment,Transmembrane,0.0,-1.2916666666666667
P08247,LLPhyScore,segment,Transmembrane,1.0,-2.25
P08247,LLPhyScore,segment,Transmembrane,2.0,-2.125
P08247,LLPhyScore,segment,Transmembrane,3.0,-2.75
P08908,LLPhyScore,segment,Transmembrane,0.0,-3.0
P08908,LLPhyScore,segment,Transmembrane,1.0,-1.96
P08908,LLPhyScore,segment,Transmembrane,2.0,-3.36
P08908,LLPhyScore,segment,Transmembrane,3.0,-2.863636363636364
P08908,LLPhyScore,segment,Transmembrane,4.0,-2.782608695652174
P08908,LLPhyScore,segment,Transmembrane,5.0,-3.625
P08908,LLPhyScore,segment,Transmembrane,6.0,-2.44
P10747,LLPhyScore,segment,Transmembrane,0.0,-3.6666666666666665
P11362,LLPhyScore,segment,Transmembrane,0.0,-3.0476190476190474
P13569,LLPhyScore,segment,Transmembrane,0.0,-2.523809523809524
P13569,LLPhyScore,segment,Transmembrane,1.0,-3.0
P13569,LLPhyScore,segment,Transmembrane,10.0,-2.380952380952381
P13569,LLPhyScore,segment,Transmembrane,11.0,-1.5238095238095235
P13569,LLPhyScore,segment,Transmembrane,2.0,-2.4761904761904763
P13569,LLPhyScore,segment,Transmembrane,3.0,-1.5714285714285714
P13569,LLPhyScore,segment,Transmembrane,4.0,-1.619047619047619
P13569,LLPhyScore,segment,Transmembrane,5.0,-2.1052631578947367
P13569,LLPhyScore,segment,Transmembrane,6.0,-3.0476190476190474
P13569,LLPhyScore,segment,Transmembrane,7.0,-1.2857142857142858
P13569,LLPhyScore,segment,Transmembrane,8.0,-3.238095238095238
P13569,LLPhyScore,segment,Transmembrane,9.0,-3.142857142857143
P15529,LLPhyScore,segment,Transmembrane,0.0,-4.130434782608695
P15941,LLPhyScore,segment,Transmembrane,0.0,-3.347826086956522
P15954,LLPhyScore,segment,Transmembrane,0.0,-2.111111111111111
P17948,LLPhyScore,segment,Transmembrane,0.0,-3.772727272727273
P20963,LLPhyScore,segment,Transmembrane,0.0,-3.619047619047619
P21802,LLPhyScore,segment,Transmembrane,0.0,-3.9047619047619047
P29317,LLPhyScore,segment,Transmembrane,0.0,-1.761904761904762
P31431,LLPhyScore,segment,Transmembrane,0.0,-2.92
P31645,LLPhyScore,segment,Transmembrane,0.0,-2.28
P31645,LLPhyScore,segment,Transmembrane,1.0,-2.4
P31645,LLPhyScore,segment,Transmembrane,10.0,-4.05
P31645,LLPhyScore,segment,Transmembrane,11.0,-3.095238095238096
P31645,LLPhyScore,segment,Transmembrane,2.0,-3.1538461538461537
P31645,LLPhyScore,segment,Transmembrane,3.0,-3.1578947368421053
P31645,LLPhyScore,segment,Transmembrane,4.0,-2.95
P31645,LLPhyScore,segment,Transmembrane,5.0,-1.0434782608695652
P31645,LLPhyScore,segment,Transmembrane,6.0,-2.3
P31645,LLPhyScore,segment,Transmembrane,7.0,-2.5
P31645,LLPhyScore,segment,Transmembrane,8.0,-3.3
P31645,LLPhyScore,segment,Transmembrane,9.0,-2.409090909090909
P35968,LLPhyScore,segment,Transmembrane,0.0,-3.4285714285714284
P40967,LLPhyScore,segment,Transmembrane,0.0,-3.142857142857143
P46531,LLPhyScore,segment,Transmembrane,0.0,-2.1904761904761907
P49146,LLPhyScore,segment,Transmembrane,0.0,-3.25
P49146,LLPhyScore,segment,Transmembrane,1.0,-2.6296296296296298
P49146,LLPhyScore,segment,Transmembrane,2.0,-2.4444444444444446
P49146,LLPhyScore,segment,Transmembrane,3.0,-3.0434782608695654
P49146,LLPhyScore,segment,Transmembrane,4.0,-2.6296296296296298
P49146,LLPhyScore,segment,Transmembrane,5.0,-2.72
P49146,LLPhyScore,segment,Transmembrane,6.0,-2.84
P61073,LLPhyScore,segment,Transmembrane,0.0,-3.04
P61073,LLPhyScore,segment,Transmembrane,1.0,-2.5
P61073,LLPhyScore,segment,Transmembrane,2.0,-3.4
P61073,LLPhyScore,segment,Transmembrane,3.0,-3.3
P61073,LLPhyScore,segment,Transmembrane,4.0,-2.857142857142857
P61073,LLPhyScore,segment,Transmembrane,5.0,-3.6
P61073,LLPhyScore,segment,Transmembrane,6.0,-3.25
P63027,LLPhyScore,segment,Transmembrane,0.0,-4.25
Q04671,LLPhyScore,segment,Transmembrane,0.0,-2.7777777777777777
Q04671,LLPhyScore,segment,Transmembrane,1.0,-2.8823529411764706
Q04671,LLPhyScore,segment,Transmembrane,10.0,-1.2941176470588236
Q04671,LLPhyScore,segment,Transmembrane,11.0,-3.0588235294117645
Q04671,LLPhyScore,segment,Transmembrane,2.0,-0.4117647058823529
Q04671,LLPhyScore,segment,Transmembrane,3.0,-1.1764705882352942
Q04671,LLPhyScore,segment,Transmembrane,4.0,-2.176470588235294
Q04671,LLPhyScore,segment,Transmembrane,5.0,-3.882352941176471
Q04671,LLPhyScore,segment,Transmembrane,6.0,-2.4705882352941178
Q04671,LLPhyScore,segment,Transmembrane,7.0,-3.0
Q04671,LLPhyScore,segment,Transmembrane,8.0,-1.411764705882353
Q04671,LLPhyScore,segment,Transmembrane,9.0,-2.764705882352941
Q07065,LLPhyScore,segment,Transmembrane,0.0,-1.9047619047619049
Q08345,LLPhyScore,segment,Transmembrane,0.0,-3.238095238095238
Q12879,LLPhyScore,segment,Transmembrane,0.0,-2.7
Q12879,LLPhyScore,segment,Transmembrane,1.0,-2.4761904761904763
Q12879,LLPhyScore,segment,Transmembrane,2.0,-1.238095238095238
Q13021,LLPhyScore,segment,Transmembrane,0.0,-2.857142857142857
Q13021,LLPhyScore,segment,Transmembrane,1.0,-2.7142857142857144
Q13021,LLPhyScore,segment,Transmembrane,2.0,-2.333333333333333
Q13021,LLPhyScore,segment,Transmembrane,3.0,-2.952380952380953
Q14739,LLPhyScore,segment,Transmembrane,0.0,-2.0476190476190474
Q14739,LLPhyScore,segment,Transmembrane,1.0,-3.0
Q14739,LLPhyScore,segment,Transmembrane,2.0,-1.4761904761904765
Q14739,LLPhyScore,segment,Transmembrane,3.0,-3.0476190476190474
Q14739,LLPhyScore,segment,Transmembrane,4.0,-3.0476190476190474
Q14739,LLPhyScore,segment,Transmembrane,5.0,-1.761904761904762
Q14739,LLPhyScore,segment,Transmembrane,6.0,-2.7142857142857144
Q14739,LLPhyScore,segment,Transmembrane,7.0,-2.9047619047619047
Q14BN4,LLPhyScore,segment,Transmembrane,0.0,-1.8571428571428568
Q15303,LLPhyScore,segment,Transmembrane,0.0,-3.1666666666666665
Q7Z3C6,LLPhyScore,segment,Transmembrane,0.0,-2.347826086956522
Q7Z3C6,LLPhyScore,segment,Transmembrane,1.0,-3.5384615384615383
Q7Z3C6,LLPhyScore,segment,Transmembrane,2.0,-1.9615384615384612
Q7Z3C6,LLPhyScore,segment,Transmembrane,3.0,-3.333333333333333
Q7Z434,LLPhyScore,segment,Transmembrane,0.0,-2.9047619047619047
Q86WV6,LLPhyScore,segment,Transmembrane,0.0,-1.2941176470588236
Q86WV6,LLPhyScore,segment,Transmembrane,1.0,-1.8
Q86WV6,LLPhyScore,segment,Transmembrane,2.0,-1.9333333333333331
Q86WV6,LLPhyScore,segment,Transmembrane,3.0,-1.4444444444444444
Q8N114,LLPhyScore,segment,Transmembrane,0.0,-3.4285714285714284
Q8NC56,LLPhyScore,segment,Transmembrane,0.0,-2.7142857142857144
Q8NC56,LLPhyScore,segment,Transmembrane,1.0,-3.809523809523809
Q8TEM1,LLPhyScore,segment,Transmembrane,0.0,-2.1904761904761907
Q8WXG9,LLPhyScore,segment,Transmembrane,0.0,-2.761904761904762
Q8WXG9,LLPhyScore,segment,Transmembrane,1.0,-1.2857142857142858
Q8WXG9,LLPhyScore,segment,Transmembrane,2.0,-1.809523809523809
Q8WXG9,LLPhyScore,segment,Transmembrane,3.0,-3.095238095238096
Q8WXG9,LLPhyScore,segment,Transmembrane,4.0,-3.761904761904762
Q8WXG9,LLPhyScore,segment,Transmembrane,5.0,-3.380952380952381
Q8WXG9,LLPhyScore,segment,Transmembrane,6.0,-2.7142857142857144
Q9BR39,LLPhyScore,segment,Transmembrane,0.0,-3.333333333333333
Q9BRQ8,LLPhyScore,segment,Transmembrane,0.0,-0.1428571428571428
Q9H3U5,LLPhyScore,segment,Transmembrane,0.0,-1.619047619047619
Q9H3U5,LLPhyScore,segment,Transmembrane,1.0,-2.571428571428572
Q9H3U5,LLPhyScore,segment,Transmembrane,10.0,-1.2857142857142858
Q9H3U5,LLPhyScore,segment,Transmembrane,11.0,-2.857142857142857
Q9H3U5,LLPhyScore,segment,Transmembrane,2.0,-3.1904761904761907
Q9H3U5,LLPhyScore,segment,Transmembrane,3.0,-0.7142857142857143
Q9H3U5,LLPhyScore,segment,Transmembrane,4.0,-0.9090909090909092
Q9H3U5,LLPhyScore,segment,Transmembrane,5.0,-2.571428571428572
Q9H3U5,LLPhyScore,segment,Transmembrane,6.0,-4.285714285714286
Q9H3U5,LLPhyScore,segment,Transmembrane,7.0,-2.2857142857142856
Q9H3U5,LLPhyScore,segment,Transmembrane,8.0,-2.238095238095238
Q9H3U5,LLPhyScore,segment,Transmembrane,9.0,-2.333333333333333
Q9H461,LLPhyScore,segment,Transmembrane,0.0,-4.095238095238095
Q9H461,LLPhyScore,segment,Transmembrane,1.0,-3.619047619047619
Q9H461,LLPhyScore,segment,Transmembrane,2.0,-3.0
Q9H461,LLPhyScore,segment,Transmembrane,3.0,-1.9047619047619049
Q9H461,LLPhyScore,segment,Transmembrane,4.0,-3.0476190476190474
Q9H461,LLPhyScore,segment,Transmembrane,5.0,-3.142857142857143
Q9H461,LLPhyScore,segment,Transmembrane,6.0,-1.5714285714285714
Q9UJA2,LLPhyScore,segment,Transmembrane,0.0,-2.1904761904761907
Q9UJA2,LLPhyScore,segment,Transmembrane,1.0,-1.9047619047619049
Q9UJA2,LLPhyScore,segment,Transmembrane,2.0,-2.8260869565217392
Q9UJA2,LLPhyScore,segment,Transmembrane,3.0,-2.095238095238096
Q9UJA2,LLPhyScore,segment,Transmembrane,4.0,-3.0476190476190474
Q9UM73,LLPhyScore,segment,Transmembrane,0.0,-1.8571428571428568
Q9Y624,LLPhyScore,segment,Transmembrane,0.0,-3.333333333333333
O00254,LLPhyScore,segment,Extracellular/Lumenal,0.0,-0.8035714285714286
O00254,LLPhyScore,segment,Extracellular/Lumenal,1.0,-1.631578947368421
O00254,LLPhyScore,segment,Extracellular/Lumenal,2.0,-0.9666666666666668
O00254,LLPhyScore,segment,Extracellular/Lumenal,3.0,-1.9285714285714288
O14763,LLPhyScore,segment,Extracellular/Lumenal,0.0,-0.1677419354838709
O43561,LLPhyScore,segment,Extracellular/Lumenal,0.0,3.75
O60500,LLPhyScore,segment,Extracellular/Lumenal,0.0,-0.8275193798449613
O75445,LLPhyScore,segment,Extracellular/Lumenal,0.0,-0.5276391937736978
O75460,LLPhyScore,segment,Extracellular/Lumenal,0.0,-0.6847058823529412
O75581,LLPhyScore,segment,Extracellular/Lumenal,0.0,-0.9437453737971871
P00533,LLPhyScore,segment,Extracellular/Lumenal,0.0,-0.4927536231884058
P01857,LLPhyScore,segment,Extracellular/Lumenal,0.0,-0.2909090909090909
P04626,LLPhyScore,segment,Extracellular/Lumenal,0.0,-0.8222222222222222
P05067,LLPhyScore,segment,Extracellular/Lumenal,0.0,-0.4619883040935672
P05556,LLPhyScore,segment,Extracellular/Lumenal,0.0,-0.1299435028248587
P07766,LLPhyScore,segment,Extracellular/Lumenal,0.0,0.173076923076923
P07949,LLPhyScore,segment,Extracellular/Lumenal,0.0,-0.7742998352553542
P08172,LLPhyScore,segment,Extracellular/Lumenal,0.0,-0.1
P08172,LLPhyScore,segment,Extracellular/Lumenal,1.0,-2.4285714285714284
P08172,LLPhyScore,segment,Extracellular/Lumenal,2.0,-1.85
P08172,LLPhyScore,segment,Extracellular/Lumenal,3.0,-2.857142857142857
P08247,LLPhyScore,segment,Extracellular/Lumenal,0.0,-0.4210526315789473
P08247,LLPhyScore,segment,Extracellular/Lumenal,1.0,-0.7894736842105263
P08908,LLPhyScore,segment,Extracellular/Lumenal,0.0,0.131578947368421
P08908,LLPhyScore,segment,Extracellular/Lumenal,1.0,-0.5555555555555556
P08908,LLPhyScore,segment,Extracellular/Lumenal,2.0,-1.631578947368421
P08908,LLPhyScore,segment,Extracellular/Lumenal,3.0,0.375
P10747,LLPhyScore,segment,Extracellular/Lumenal,0.0,-0.6567164179104478
P11362,LLPhyScore,segment,Extracellular/Lumenal,0.0,-0.4957746478873239
P13569,LLPhyScore,segment,Extracellular/Lumenal,0.0,-1.0416666666666667
P13569,LLPhyScore,segment,Extracellular/Lumenal,1.0,0.6666666666666666
P13569,LLPhyScore,segment,Extracellular/Lumenal,2.0,-2.8
P13569,LLPhyScore,segment,Extracellular/Lumenal,3.0,-1.5128205128205128
P13569,LLPhyScore,segment,Extracellular/Lumenal,4.0,0.0
P13569,LLPhyScore,segment,Extracellular/Lumenal,5.0,-0.5
P15529,LLPhyScore,segment,Extracellular/Lumenal,0.0,-0.2783171521035599
P15941,LLPhyScore,segment,Extracellular/Lumenal,0.0,1.3488986784140968
P15954,LLPhyScore,segment,Extracellular/Lumenal,0.0,1.1764705882352942
P15954,LLPhyScore,segment,Extracellular/Lumenal,1.0,1.6666666666666667
P17948,LLPhyScore,segment,Extracellular/Lumenal,0.0,-0.9043715846994536
P20963,LLPhyScore,segment,Extracellular/Lumenal,0.0,-1.7777777777777777
P21802,LLPhyScore,segment,Extracellular/Lumenal,0.0,-0.601123595505618
P29317,LLPhyScore,segment,Extracellular/Lumenal,0.0,-0.5097276264591439
P31431,LLPhyScore,segment,Extracellular/Lumenal,0.0,0.2283464566929134
P31645,LLPhyScore,segment,Extracellular/Lumenal,0.0,0.6666666666666666
P31645,LLPhyScore,segment,Extracellular/Lumenal,1.0,-0.4848484848484848
P31645,LLPhyScore,segment,Extracellular/Lumenal,2.0,-1.5185185185185186
P31645,LLPhyScore,segment,Extracellular/Lumenal,3.0,-0.5121951219512195
P31645,LLPhyScore,segment,Extracellular/Lumenal,4.0,-1.2727272727272727
P31645,LLPhyScore,segment,Extracellular/Lumenal,5.0,-1.1875
P35968,LLPhyScore,segment,Extracellular/Lumenal,0.0,-0.6751677852348993
P40967,LLPhyScore,segment,Extracellular/Lumenal,0.0,-0.7222222222222222
P46531,LLPhyScore,segment,Extracellular/Lumenal,0.0,0.2813046010483401
P49146,LLPhyScore,segment,Extracellular/Lumenal,0.0,0.3777777777777777
P49146,LLPhyScore,segment,Extracellular/Lumenal,1.0,2.0
P49146,LLPhyScore,segment,Extracellular/Lumenal,2.0,-0.6666666666666666
P49146,LLPhyScore,segment,Extracellular/Lumenal,3.0,-0.4444444444444444
P61073,LLPhyScore,segment,Extracellular/Lumenal,0.0,0.7368421052631579
P61073,LLPhyScore,segment,Extracellular/Lumenal,1.0,-2.4545454545454546
P61073,LLPhyScore,segment,Extracellular/Lumenal,2.0,-1.2857142857142858
P61073,LLPhyScore,segment,Extracellular/Lumenal,3.0,-1.2857142857142858
P63027,LLPhyScore,segment,Extracellular/Lumenal,0.0,0.0
Q04671,LLPhyScore,segment,Extracellular/Lumenal,0.0,-0.9849624060150376
Q04671,LLPhyScore,segment,Extracellular/Lumenal,1.0,-2.4285714285714284
Q04671,LLPhyScore,segment,Extracellular/Lumenal,2.0,-1.6027397260273972
Q04671,LLPhyScore,segment,Extracellular/Lumenal,3.0,-0.4
Q04671,LLPhyScore,segment,Extracellular/Lumenal,4.0,-0.5833333333333334
Q04671,LLPhyScore,segment,Extracellular/Lumenal,5.0,-0.95
Q07065,LLPhyScore,segment,Extracellular/Lumenal,0.0,-0.7957894736842105
Q08345,LLPhyScore,segment,Extracellular/Lumenal,0.0,-0.3148614609571788
Q12879,LLPhyScore,segment,Extracellular/Lumenal,0.0,-0.7621722846441947
Q12879,LLPhyScore,segment,Extracellular/Lumenal,1.0,0.0357142857142857
Q14739,LLPhyScore,segment,Extracellular/Lumenal,0.0,-0.4549763033175355
Q14BN4,LLPhyScore,segment,Extracellular/Lumenal,0.0,-0.8
Q15303,LLPhyScore,segment,Extracellular/Lumenal,0.0,-0.4057507987220447
Q16635,LLPhyScore,segment,Extracellular/Lumenal,0.0,-2.0
Q16635,LLPhyScore,segment,Extracellular/Lumenal,1.0,-1.171806167400881
Q7Z3C6,LLPhyScore,segment,Extracellular/Lumenal,0.0,-1.3636363636363635
Q7Z3C6,LLPhyScore,segment,Extracellular/Lumenal,1.0,0.4444444444444444
Q7Z434,LLPhyScore,segment,Extracellular/Lumenal,0.0,-1.0
Q86WV6,LLPhyScore,segment,Extracellular/Lumenal,0.0,-1.1
Q86WV6,LLPhyScore,segment,Extracellular/Lumenal,1.0,-1.0
Q8N114,LLPhyScore,segment,Extracellular/Lumenal,0.0,-0.3376623376623376
Q8TEM1,LLPhyScore,segment,Extracellular/Lumenal,0.0,-0.888327721661055
Q8WXG9,LLPhyScore,segment,Extracellular/Lumenal,0.0,-0.7992855927878891
Q8WXG9,LLPhyScore,segment,Extracellular/Lumenal,1.0,-0.5263157894736842
Q8WXG9,LLPhyScore,segment,Extracellular/Lumenal,2.0,-1.7857142857142858
Q8WXG9,LLPhyScore,segment,Extracellular/Lumenal,3.0,-3.0
Q9H461,LLPhyScore,segment,Extracellular/Lumenal,0.0,0.1491935483870967
Q9H461,LLPhyScore,segment,Extracellular/Lumenal,1.0,0.7936507936507936
Q9H461,LLPhyScore,segment,Extracellular/Lumenal,2.0,-0.782608695652174
Q9H461,LLPhyScore,segment,Extracellular/Lumenal,3.0,-1.7741935483870968
Q9UM73,LLPhyScore,segment,Extracellular/Lumenal,0.0,-0.2323529411764706
Q9Y624,LLPhyScore,segment,Extracellular/Lumenal,0.0,-0.0710900473933649
O00254,LLPhyScore,concatenated,Cytoplasmic,,-2.727272727272727
O14763,LLPhyScore,concatenated,Cytoplasmic,,-0.5789473684210527
O43561,LLPhyScore,concatenated,Cytoplasmic,,0.2042553191489361
O60500,LLPhyScore,concatenated,Cytoplasmic,,0.108433734939759
O75445,LLPhyScore,concatenated,Cytoplasmic,,-0.3525179856115107
O75460,LLPhyScore,concatenated,Cytoplasmic,,-0.7738791423001949
O75581,LLPhyScore,concatenated,Cytoplasmic,,0.4772727272727273
P00533,LLPhyScore,concatenated,Cytoplasmic,,-0.7472324723247232
P04626,LLPhyScore,concatenated,Cytoplasmic,,-0.5155172413793103
P05067,LLPhyScore,concatenated,Cytoplasmic,,0.1458333333333333
P05556,LLPhyScore,concatenated,Cytoplasmic,,-0.8297872340425532
P07766,LLPhyScore,concatenated,Cytoplasmic,,0.5818181818181818
P07949,LLPhyScore,concatenated,Cytoplasmic,,-0.7483588621444202
P08172,LLPhyScore,concatenated,Cytoplasmic,,0.0334728033472803
P08247,LLPhyScore,concatenated,Cytoplasmic,,1.7459016393442623
P08908,LLPhyScore,concatenated,Cytoplasmic,,-0.639344262295082
P10747,LLPhyScore,concatenated,Cytoplasmic,,-0.6097560975609756
P11362,LLPhyScore,concatenated,Cytoplasmic,,-0.8823529411764706
P13569,LLPhyScore,concatenated,Cytoplasmic,,-0.9848484848484848
P15529,LLPhyScore,concatenated,Cytoplasmic,,-0.7692307692307693
P15941,LLPhyScore,concatenated,Cytoplasmic,,-0.1621621621621621
P17948,LLPhyScore,concatenated,Cytoplasmic,,-0.6971326164874552
P20963,LLPhyScore,concatenated,Cytoplasmic,,-0.0530973451327433
P21802,LLPhyScore,concatenated,Cytoplasmic,,-0.7730496453900709
P29317,LLPhyScore,concatenated,Cytoplasmic,,-1.062200956937799
P31431,LLPhyScore,concatenated,Cytoplasmic,,0.4285714285714285
P31645,LLPhyScore,concatenated,Cytoplasmic,,-0.3990384615384615
P35968,LLPhyScore,concatenated,Cytoplasmic,,-0.7092819614711033
P40967,LLPhyScore,concatenated,Cytoplasmic,,-0.3555555555555555
P46531,LLPhyScore,concatenated,Cytoplasmic,,-0.1314142678347934
P49146,LLPhyScore,concatenated,Cytoplasmic,,-0.9553571428571428
P61073,LLPhyScore,concatenated,Cytoplasmic,,-0.6106194690265486
P63027,LLPhyScore,concatenated,Cytoplasmic,,-0.5698924731182796
Q03135,LLPhyScore,concatenated,Cytoplasmic,,-1.544871794871795
Q04671,LLPhyScore,concatenated,Cytoplasmic,,-1.0589970501474926
Q07065,LLPhyScore,concatenated,Cytoplasmic,,1.2169811320754718
Q08345,LLPhyScore,concatenated,Cytoplasmic,,-0.76
Q12879,LLPhyScore,concatenated,Cytoplasmic,,-0.0663650075414781
Q14BN4,LLPhyScore,concatenated,Cytoplasmic,,-0.9413965087281796
Q15303,LLPhyScore,concatenated,Cytoplasmic,,-0.6129541864139021
Q7Z3C6,LLPhyScore,concatenated,Cytoplasmic,,-0.8238897396630934
Q7Z434,LLPhyScore,concatenated,Cytoplasmic,,0.10546875
Q86WV6,LLPhyScore,concatenated,Cytoplasmic,,-1.2253521126760565
Q8N114,LLPhyScore,concatenated,Cytoplasmic,,-0.2894736842105263
Q8TEM1,LLPhyScore,concatenated,Cytoplasmic,,-1.4137931034482758
Q8WXG9,LLPhyScore,concatenated,Cytoplasmic,,0.4183673469387755
Q9BR39,LLPhyScore,concatenated,Cytoplasmic,,0.3249258160237389
Q9H461,LLPhyScore,concatenated,Cytoplasmic,,0.1225806451612903
Q9UM73,LLPhyScore,concatenated,Cytoplasmic,,-0.3672014260249554
Q9Y624,LLPhyScore,concatenated,Cytoplasmic,,0.15
O00254,LLPhyScore,concatenated,Transmembrane,,-3.2222222222222223
O14763,LLPhyScore,concatenated,Transmembrane,,-3.380952380952381
O43561,LLPhyScore,concatenated,Transmembrane,,-2.782608695652174
O60500,LLPhyScore,concatenated,Transmembrane,,-2.095238095238096
O60733,LLPhyScore,concatenated,Transmembrane,,-2.261904761904762
O75445,LLPhyScore,concatenated,Transmembrane,,-2.2857142857142856
O75460,LLPhyScore,concatenated,Transmembrane,,-3.857142857142857
O75581,LLPhyScore,concatenated,Transmembrane,,-2.9130434782608696
P00533,LLPhyScore,concatenated,Transmembrane,,-2.3043478260869565
P04626,LLPhyScore,concatenated,Transmembrane,,-3.782608695652174
P05067,LLPhyScore,concatenated,Transmembrane,,-3.333333333333333
P05556,LLPhyScore,concatenated,Transmembrane,,-3.347826086956522
P07766,LLPhyScore,concatenated,Transmembrane,,-3.3846153846153846
P07949,LLPhyScore,concatenated,Transmembrane,,-3.136363636363636
P08172,LLPhyScore,concatenated,Transmembrane,,-3.1907514450867054
P08247,LLPhyScore,concatenated,Transmembrane,,-1.8541666666666667
P08908,LLPhyScore,concatenated,Transmembrane,,-3.2
P10747,LLPhyScore,concatenated,Transmembrane,,-3.6666666666666665
P11362,LLPhyScore,concatenated,Transmembrane,,-3.0476190476190474
P13569,LLPhyScore,concatenated,Transmembrane,,-2.909090909090909
P15529,LLPhyScore,concatenated,Transmembrane,,-4.130434782608695
P15941,LLPhyScore,concatenated,Transmembrane,,-3.347826086956522
P15954,LLPhyScore,concatenated,Transmembrane,,-2.111111111111111
P17948,LLPhyScore,concatenated,Transmembrane,,-3.772727272727273
P20963,LLPhyScore,concatenated,Transmembrane,,-3.619047619047619
P21802,LLPhyScore,concatenated,Transmembrane,,-3.9047619047619047
P29317,LLPhyScore,concatenated,Transmembrane,,-1.761904761904762
P31431,LLPhyScore,concatenated,Transmembrane,,-2.92
P31645,LLPhyScore,concatenated,Transmembrane,,-2.895348837209302
P35968,LLPhyScore,concatenated,Transmembrane,,-3.4285714285714284
P40967,LLPhyScore,concatenated,Transmembrane,,-3.142857142857143
P46531,LLPhyScore,concatenated,Transmembrane,,-2.1904761904761907
P49146,LLPhyScore,concatenated,Transmembrane,,-3.043956043956044
P61073,LLPhyScore,concatenated,Transmembrane,,-3.5
P63027,LLPhyScore,concatenated,Transmembrane,,-4.25
Q04671,LLPhyScore,concatenated,Transmembrane,,-3.2195121951219514
Q07065,LLPhyScore,concatenated,Transmembrane,,-1.9047619047619049
Q08345,LLPhyScore,concatenated,Transmembrane,,-3.238095238095238
Q12879,LLPhyScore,concatenated,Transmembrane,,-2.3870967741935485
Q13021,LLPhyScore,concatenated,Transmembrane,,-3.083333333333333
Q14739,LLPhyScore,concatenated,Transmembrane,,-2.761904761904762
Q14BN4,LLPhyScore,concatenated,Transmembrane,,-1.8571428571428568
Q15303,LLPhyScore,concatenated,Transmembrane,,-3.1666666666666665
Q7Z3C6,LLPhyScore,concatenated,Transmembrane,,-3.10752688172043
Q7Z434,LLPhyScore,concatenated,Transmembrane,,-2.9047619047619047
Q86WV6,LLPhyScore,concatenated,Transmembrane,,-2.28
Q8N114,LLPhyScore,concatenated,Transmembrane,,-3.4285714285714284
Q8NC56,LLPhyScore,concatenated,Transmembrane,,-3.3095238095238093
Q8TEM1,LLPhyScore,concatenated,Transmembrane,,-2.1904761904761907
Q8WXG9,LLPhyScore,concatenated,Transmembrane,,-3.312925170068027
Q9BR39,LLPhyScore,concatenated,Transmembrane,,-3.333333333333333
Q9BRQ8,LLPhyScore,concatenated,Transmembrane,,-0.1428571428571428
Q9H3U5,LLPhyScore,concatenated,Transmembrane,,-2.588932806324111
Q9H461,LLPhyScore,concatenated,Transmembrane,,-3.36734693877551
Q9UJA2,LLPhyScore,concatenated,Transmembrane,,-2.8598130841121496
Q9UM73,LLPhyScore,concatenated,Transmembrane,,-1.8571428571428568
Q9Y624,LLPhyScore,concatenated,Transmembrane,,-3.333333333333333
O00254,LLPhyScore,concatenated,Extracellular/Lumenal,,-1.084033613445378
O14763,LLPhyScore,concatenated,Extracellular/Lumenal,,-0.1677419354838709
O43561,LLPhyScore,concatenated,Extracellular/Lumenal,,3.75
O60500,LLPhyScore,concatenated,Extracellular/Lumenal,,-0.8275193798449613
O75445,LLPhyScore,concatenated,Extracellular/Lumenal,,-0.5276391937736978
O75460,LLPhyScore,concatenated,Extracellular/Lumenal,,-0.6847058823529412
O75581,LLPhyScore,concatenated,Extracellular/Lumenal,,-0.9437453737971871
P00533,LLPhyScore,concatenated,Extracellular/Lumenal,,-0.4927536231884058
P01857,LLPhyScore,concatenated,Extracellular/Lumenal,,-0.2909090909090909
P04626,LLPhyScore,concatenated,Extracellular/Lumenal,,-0.8222222222222222
P05067,LLPhyScore,concatenated,Extracellular/Lumenal,,-0.4619883040935672
P05556,LLPhyScore,concatenated,Extracellular/Lumenal,,-0.1299435028248587
P07766,LLPhyScore,concatenated,Extracellular/Lumenal,,0.173076923076923
P07949,LLPhyScore,concatenated,Extracellular/Lumenal,,-0.7742998352553542
P08172,LLPhyScore,concatenated,Extracellular/Lumenal,,-1.3333333333333333
P08247,LLPhyScore,concatenated,Extracellular/Lumenal,,-0.3684210526315789
P08908,LLPhyScore,concatenated,Extracellular/Lumenal,,-0.3783783783783784
P10747,LLPhyScore,concatenated,Extracellular/Lumenal,,-0.6567164179104478
P11362,LLPhyScore,concatenated,Extracellular/Lumenal,,-0.4957746478873239
P13569,LLPhyScore,concatenated,Extracellular/Lumenal,,-1.6095238095238096
P15529,LLPhyScore,concatenated,Extracellular/Lumenal,,-0.2783171521035599
P15941,LLPhyScore,concatenated,Extracellular/Lumenal,,1.3488986784140968
P15954,LLPhyScore,concatenated,Extracellular/Lumenal,,1.0
P17948,LLPhyScore,concatenated,Extracellular/Lumenal,,-0.9043715846994536
P20963,LLPhyScore,concatenated,Extracellular/Lumenal,,-1.7777777777777777
P21802,LLPhyScore,concatenated,Extracellular/Lumenal,,-0.601123595505618
P29317,LLPhyScore,concatenated,Extracellular/Lumenal,,-0.5097276264591439
P31431,LLPhyScore,concatenated,Extracellular/Lumenal,,0.2283464566929134
P31645,LLPhyScore,concatenated,Extracellular/Lumenal,,-0.7621951219512195
P35968,LLPhyScore,concatenated,Extracellular/Lumenal,,-0.6751677852348993
P40967,LLPhyScore,concatenated,Extracellular/Lumenal,,-0.7222222222222222
P46531,LLPhyScore,concatenated,Extracellular/Lumenal,,0.2813046010483401
P49146,LLPhyScore,concatenated,Extracellular/Lumenal,,0.0459770114942528
P61073,LLPhyScore,concatenated,Extracellular/Lumenal,,-0.6153846153846154
P63027,LLPhyScore,concatenated,Extracellular/Lumenal,,0.0
Q04671,LLPhyScore,concatenated,Extracellular/Lumenal,,-1.2006802721088434
Q07065,LLPhyScore,concatenated,Extracellular/Lumenal,,-0.7957894736842105
Q08345,LLPhyScore,concatenated,Extracellular/Lumenal,,-0.3148614609571788
Q12879,LLPhyScore,concatenated,Extracellular/Lumenal,,-0.5740740740740741
Q14739,LLPhyScore,concatenated,Extracellular/Lumenal,,-0.4549763033175355
Q14BN4,LLPhyScore,concatenated,Extracellular/Lumenal,,-0.8
Q15303,LLPhyScore,concatenated,Extracellular/Lumenal,,-0.4057507987220447
Q16635,LLPhyScore,concatenated,Extracellular/Lumenal,,-1.2282157676348548
Q7Z3C6,LLPhyScore,concatenated,Extracellular/Lumenal,,-0.8301886792452831
Q7Z434,LLPhyScore,concatenated,Extracellular/Lumenal,,-1.0
Q86WV6,LLPhyScore,concatenated,Extracellular/Lumenal,,-1.35
Q8N114,LLPhyScore,concatenated,Extracellular/Lumenal,,-0.3376623376623376
Q8TEM1,LLPhyScore,concatenated,Extracellular/Lumenal,,-0.888327721661055
Q8WXG9,LLPhyScore,concatenated,Extracellular/Lumenal,,-0.8085608358611392
Q9H461,LLPhyScore,concatenated,Extracellular/Lumenal,,0.1863013698630137
Q9UM73,LLPhyScore,concatenated,Extracellular/Lumenal,,-0.2323529411764706
Q9Y624,LLPhyScore,concatenated,Extracellular/Lumenal,,-0.0710900473933649
O00254,LLPhyScore,whole,Whole,,-2.0802139037433154
O14763,LLPhyScore,whole,Whole,,-0.4886363636363636
O43561,LLPhyScore,whole,Whole,,-0.1030534351145038
O60500,LLPhyScore,whole,Whole,,-0.7292506043513296
O60733,LLPhyScore,whole,Whole,,-0.9441687344913152
O75445,LLPhyScore,whole,Whole,,-0.5495963091118801
O75460,LLPhyScore,whole,Whole,,-0.8700102354145343
O75581,LLPhyScore,whole,Whole,,-0.7786732796032239
P00533,LLPhyScore,whole,Whole,,-0.6545454545454545
P01857,LLPhyScore,whole,Whole,,-0.2909090909090909
P04626,LLPhyScore,whole,Whole,,-0.7737051792828685
P05067,LLPhyScore,whole,Whole,,-0.5428571428571428
P05556,LLPhyScore,whole,Whole,,-0.3383458646616541
P07766,LLPhyScore,whole,Whole,,-0.217391304347826
P07949,LLPhyScore,whole,Whole,,-0.8339317773788151
P08172,LLPhyScore,whole,Whole,,-1.201716738197425
P08247,LLPhyScore,whole,Whole,,-0.0575079872204472
P08908,LLPhyScore,whole,Whole,,-1.6018957345971565
P10747,LLPhyScore,whole,Whole,,-0.8590909090909091
P11362,LLPhyScore,whole,Whole,,-0.8418491484184915
P13569,LLPhyScore,whole,Whole,,-1.3682432432432432
P15529,LLPhyScore,whole,Whole,,-0.5943877551020408
P15941,LLPhyScore,whole,Whole,,1.152191235059761
P15954,LLPhyScore,whole,Whole,,-1.2698412698412698
P17948,LLPhyScore,whole,Whole,,-0.906576980568012
P20963,LLPhyScore,whole,Whole,,-0.7012195121951219
P21802,LLPhyScore,whole,Whole,,-0.833130328867235
P29317,LLPhyScore,whole,Whole,,-0.8360655737704918
P31431,LLPhyScore,whole,Whole,,-0.4090909090909091
P31645,LLPhyScore,whole,Whole,,-1.3333333333333333
P35968,LLPhyScore,whole,Whole,,-0.7595870206489675
P40967,LLPhyScore,whole,Whole,,-0.4977307110438729
P46531,LLPhyScore,whole,Whole,,0.1013698630136986
P49146,LLPhyScore,whole,Whole,,-1.7296587926509186
P61073,LLPhyScore,whole,Whole,,-1.7982954545454546
P63027,LLPhyScore,whole,Whole,,-1.2586206896551724
Q03135,LLPhyScore,whole,Whole,,-1.7640449438202248
Q04671,LLPhyScore,whole,Whole,,-1.704057279236277
Q07065,LLPhyScore,whole,Whole,,-0.53156146179402
Q08345,LLPhyScore,whole,Whole,,-0.6922234392113911
Q12879,LLPhyScore,whole,Whole,,-0.5040983606557377
Q13021,LLPhyScore,whole,Whole,,-2.673202614379085
Q14739,LLPhyScore,whole,Whole,,-1.4422764227642275
Q14BN4,LLPhyScore,whole,Whole,,-1.0072463768115942
Q15303,LLPhyScore,whole,Whole,,-0.5756880733944955
Q16635,LLPhyScore,whole,Whole,,-1.2786259541984732
Q7Z3C6,LLPhyScore,whole,Whole,,-1.201430274135876
Q7Z434,LLPhyScore,whole,Whole,,-0.0481481481481481
Q86WV6,LLPhyScore,whole,Whole,,-1.5488126649076517
Q8N114,LLPhyScore,whole,Whole,,-0.5666666666666667
Q8NC56,LLPhyScore,whole,Whole,,-1.320079522862823
Q8TEM1,LLPhyScore,whole,Whole,,-0.924748277689454
Q8WXG9,LLPhyScore,whole,Whole,,-0.8342848081192515
Q9BR39,LLPhyScore,whole,Whole,,0.160919540229885
Q9BRQ8,LLPhyScore,whole,Whole,,-0.8552278820375335
Q9H3U5,LLPhyScore,whole,Whole,,-1.5849462365591398
Q9H461,LLPhyScore,whole,Whole,,-0.6469740634005764
Q9UJA2,LLPhyScore,whole,Whole,,-1.7707641196013288
Q9UM73,LLPhyScore,whole,Whole,,-0.3580246913580246
Q9Y624,LLPhyScore,whole,Whole,,-0.4682274247491639
P15941,PSPsPredict,segment,Cytoplasmic,0.0,0.5772925
Q7Z434,PSPsPredict,segment,Cytoplasmic,0.0,0.21867576
Q9BR39,PSPsPredict,segment,Cytoplasmic,0.0,0.85105914
O43561,PSPsPredict,segment,Cytoplasmic,0.0,0.14469683
P31431,PSPsPredict,segment,Cytoplasmic,0.0,0.11207194
O75445,PSPsPredict,segment,Cytoplasmic,0.0,0.096761525
Q9UM73,PSPsPredict,segment,Cytoplasmic,0.0,0.87935144
Q9H461,PSPsPredict,segment,Cytoplasmic,0.0,0.023912046
Q9H461,PSPsPredict,segment,Cytoplasmic,1.0,0.05146165
Q9H461,PSPsPredict,segment,Cytoplasmic,2.0,0.060430117
Q9H461,PSPsPredict,segment,Cytoplasmic,3.0,0.5982632
O14763,PSPsPredict,segment,Cytoplasmic,0.0,0.11180703
P46531,PSPsPredict,segment,Cytoplasmic,0.0,0.9353715
Q8N114,PSPsPredict,segment,Cytoplasmic,0.0,0.6063592
Q07065,PSPsPredict,segment,Cytoplasmic,0.0,0.86741954
P08172,PSPsPredict,segment,Cytoplasmic,0.0,0.024573883
P08172,PSPsPredict,segment,Cytoplasmic,1.0,0.034075886
P08172,PSPsPredict,segment,Cytoplasmic,2.0,0.5566983
P08172,PSPsPredict,segment,Cytoplasmic,3.0,0.0752031
Q08345,PSPsPredict,segment,Cytoplasmic,0.0,0.74263847
O60500,PSPsPredict,segment,Cytoplasmic,0.0,0.11631561
P05067,PSPsPredict,segment,Cytoplasmic,0.0,0.079322875
Q8WXG9,PSPsPredict,segment,Cytoplasmic,0.0,0.029003503
Q8WXG9,PSPsPredict,segment,Cytoplasmic,1.0,0.045355696
Q8WXG9,PSPsPredict,segment,Cytoplasmic,2.0,0.03588185
Q8WXG9,PSPsPredict,segment,Cytoplasmic,3.0,0.29322538
P11362,PSPsPredict,segment,Cytoplasmic,0.0,0.969355
P40967,PSPsPredict,segment,Cytoplasmic,0.0,0.037276376
P07766,PSPsPredict,segment,Cytoplasmic,0.0,0.5358921
P20963,PSPsPredict,segment,Cytoplasmic,0.0,0.568967
P04626,PSPsPredict,segment,Cytoplasmic,0.0,0.7349851
O75460,PSPsPredict,segment,Cytoplasmic,0.0,0.6005608
P35968,PSPsPredict,segment,Cytoplasmic,0.0,0.57316643
Q12879,PSPsPredict,segment,Cytoplasmic,0.0,0.059144154
Q12879,PSPsPredict,segment,Cytoplasmic,1.0,0.043870583
Q12879,PSPsPredict,segment,Cytoplasmic,2.0,0.18109003
Q86WV6,PSPsPredict,segment,Cytoplasmic,0.0,0.06270036
Q86WV6,PSPsPredict,segment,Cytoplasmic,1.0,0.14745526
Q86WV6,PSPsPredict,segment,Cytoplasmic,2.0,0.08155058
P07949,PSPsPredict,segment,Cytoplasmic,0.0,0.9411933
P08908,PSPsPredict,segment,Cytoplasmic,0.0,0.024233086
P08908,PSPsPredict,segment,Cytoplasmic,1.0,0.05390165
P08908,PSPsPredict,segment,Cytoplasmic,2.0,0.23235606
P08908,PSPsPredict,segment,Cytoplasmic,3.0,0.03504554
Q7Z3C6,PSPsPredict,segment,Cytoplasmic,0.0,0.020284982
Q7Z3C6,PSPsPredict,segment,Cytoplasmic,1.0,0.06806936
Q7Z3C6,PSPsPredict,segment,Cytoplasmic,2.0,0.019438881
Q7Z3C6,PSPsPredict,segment,Cytoplasmic,3.0,0.04356538
Q7Z3C6,PSPsPredict,segment,Cytoplasmic,4.0,0.04529513
Q7Z3C6,PSPsPredict,segment,Cytoplasmic,5.0,0.017945878
Q7Z3C6,PSPsPredict,segment,Cytoplasmic,6.0,0.14109002
O75581,PSPsPredict,segment,Cytoplasmic,0.0,0.36232457
P63027,PSPsPredict,segment,Cytoplasmic,0.0,0.9160238
Q04671,PSPsPredict,segment,Cytoplasmic,0.0,0.06615987
Q04671,PSPsPredict,segment,Cytoplasmic,1.0,0.02085853
Q04671,PSPsPredict,segment,Cytoplasmic,2.0,0.027968016
Q04671,PSPsPredict,segment,Cytoplasmic,3.0,0.12916549
Q04671,PSPsPredict,segment,Cytoplasmic,4.0,0.020131482
Q04671,PSPsPredict,segment,Cytoplasmic,5.0,0.02240013
Q04671,PSPsPredict,segment,Cytoplasmic,6.0,0.041870628
Q14BN4,PSPsPredict,segment,Cytoplasmic,0.0,0.7805875
P15529,PSPsPredict,segment,Cytoplasmic,0.0,0.050280396
Q8TEM1,PSPsPredict,segment,Cytoplasmic,0.0,0.40446153
P00533,PSPsPredict,segment,Cytoplasmic,0.0,0.8767903
P21802,PSPsPredict,segment,Cytoplasmic,0.0,0.9739968
P08247,PSPsPredict,segment,Cytoplasmic,0.0,0.032777913
P08247,PSPsPredict,segment,Cytoplasmic,1.0,0.03090983
P08247,PSPsPredict,segment,Cytoplasmic,2.0,0.8884073
P29317,PSPsPredict,segment,Cytoplasmic,0.0,0.981518
P17948,PSPsPredict,segment,Cytoplasmic,0.0,0.65828997
P05556,PSPsPredict,segment,Cytoplasmic,0.0,0.10073704
P10747,PSPsPredict,segment,Cytoplasmic,0.0,0.43164137
P61073,PSPsPredict,segment,Cytoplasmic,0.0,0.044798374
P61073,PSPsPredict,segment,Cytoplasmic,1.0,0.22405638
P61073,PSPsPredict,segment,Cytoplasmic,2.0,0.05779886
P61073,PSPsPredict,segment,Cytoplasmic,3.0,0.05026549
Q15303,PSPsPredict,segment,Cytoplasmic,0.0,0.9258467
O00254,PSPsPredict,segment,Cytoplasmic,0.0,0.02399832
O00254,PSPsPredict,segment,Cytoplasmic,1.0,0.03564518
O00254,PSPsPredict,segment,Cytoplasmic,2.0,0.028712863
O00254,PSPsPredict,segment,Cytoplasmic,3.0,0.06339456
Q9Y624,PSPsPredict,segment,Cytoplasmic,0.0,0.07230883
P31645,PSPsPredict,segment,Cytoplasmic,0.0,0.122723304
P31645,PSPsPredict,segment,Cytoplasmic,1.0,0.019624587
P31645,PSPsPredict,segment,Cytoplasmic,2.0,0.01964095
P31645,PSPsPredict,segment,Cytoplasmic,3.0,0.029899621
P31645,PSPsPredict,segment,Cytoplasmic,4.0,0.033416748
P31645,PSPsPredict,segment,Cytoplasmic,5.0,0.04584394
P31645,PSPsPredict,segment,Cytoplasmic,6.0,0.034177314
P49146,PSPsPredict,segment,Cytoplasmic,0.0,0.024093358
P49146,PSPsPredict,segment,Cytoplasmic,1.0,0.02607692
P49146,PSPsPredict,segment,Cytoplasmic,2.0,0.11097245
P49146,PSPsPredict,segment,Cytoplasmic,3.0,0.050759193
P13569,PSPsPredict,segment,Cytoplasmic,0.0,0.022088438
P13569,PSPsPredict,segment,Cytoplasmic,1.0,0.02663904
P13569,PSPsPredict,segment,Cytoplasmic,2.0,0.026341336
P13569,PSPsPredict,segment,Cytoplasmic,3.0,0.060366172
P13569,PSPsPredict,segment,Cytoplasmic,4.0,0.024973013
P13569,PSPsPredict,segment,Cytoplasmic,5.0,0.028835846
P13569,PSPsPredict,segment,Cytoplasmic,6.0,0.07110642
Q03135,PSPsPredict,segment,Cytoplasmic,0.0,0.060804192
Q03135,PSPsPredict,segment,Cytoplasmic,1.0,0.029271325
P15941,PSPsPredict,segment,Transmembrane,0.0,0.023176124
Q7Z434,PSPsPredict,segment,Transmembrane,0.0,0.15061092
Q9BR39,PSPsPredict,segment,Transmembrane,0.0,0.023245709
O43561,PSPsPredict,segment,Transmembrane,0.0,0.06837486
P31431,PSPsPredict,segment,Transmembrane,0.0,0.07080604
O75445,PSPsPredict,segment,Transmembrane,0.0,0.024522448
Q9UM73,PSPsPredict,segment,Transmembrane,0.0,0.08968258
Q9H461,PSPsPredict,segment,Transmembrane,0.0,0.018811025
Q9H461,PSPsPredict,segment,Transmembrane,1.0,0.024687117
Q9H461,PSPsPredict,segment,Transmembrane,2.0,0.02941993
Q9H461,PSPsPredict,segment,Transmembrane,3.0,0.022220232
Q9H461,PSPsPredict,segment,Transmembrane,4.0,0.023163162
Q9H461,PSPsPredict,segment,Transmembrane,5.0,0.020599725
Q9H461,PSPsPredict,segment,Transmembrane,6.0,0.02532924
O14763,PSPsPredict,segment,Transmembrane,0.0,0.057516992
P46531,PSPsPredict,segment,Transmembrane,0.0,0.030909566
Q8N114,PSPsPredict,segment,Transmembrane,0.0,0.02145192
Q07065,PSPsPredict,segment,Transmembrane,0.0,0.035143774
P08172,PSPsPredict,segment,Transmembrane,0.0,0.039154645
P08172,PSPsPredict,segment,Transmembrane,1.0,0.029785495
P08172,PSPsPredict,segment,Transmembrane,2.0,0.023422679
P08172,PSPsPredict,segment,Transmembrane,3.0,0.019237343
P08172,PSPsPredict,segment,Transmembrane,4.0,0.05342966
P08172,PSPsPredict,segment,Transmembrane,5.0,0.07205462
P08172,PSPsPredict,segment,Transmembrane,6.0,0.044979777
Q08345,PSPsPredict,segment,Transmembrane,0.0,0.044663776
O60500,PSPsPredict,segment,Transmembrane,0.0,0.38619974
P05067,PSPsPredict,segment,Transmembrane,0.0,0.026335403
Q8WXG9,PSPsPredict,segment,Transmembrane,0.0,0.024434747
Q8WXG9,PSPsPredict,segment,Transmembrane,1.0,0.029291088
Q8WXG9,PSPsPredict,segment,Transmembrane,2.0,0.025776466
Q8WXG9,PSPsPredict,segment,Transmembrane,3.0,0.018545557
Q8WXG9,PSPsPredict,segment,Transmembrane,4.0,0.024747057
Q8WXG9,PSPsPredict,segment,Transmembrane,5.0,0.024881067
Q8WXG9,PSPsPredict,segment,Transmembrane,6.0,0.021038821
P11362,PSPsPredict,segment,Transmembrane,0.0,0.020594614
Q8NC56,PSPsPredict,segment,Transmembrane,0.0,0.02797829
Q8NC56,PSPsPredict,segment,Transmembrane,1.0,0.026112134
P40967,PSPsPredict,segment,Transmembrane,0.0,0.036208574
P07766,PSPsPredict,segment,Transmembrane,0.0,0.028449316
P20963,PSPsPredict,segment,Transmembrane,0.0,0.037867196
P04626,PSPsPredict,segment,Transmembrane,0.0,0.021580279
O75460,PSPsPredict,segment,Transmembrane,0.0,0.022073861
P35968,PSPsPredict,segment,Transmembrane,0.0,0.02221385
Q12879,PSPsPredict,segment,Transmembrane,0.0,0.03728404
Q12879,PSPsPredict,segment,Transmembrane,1.0,0.016539792
Q12879,PSPsPredict,segment,Transmembrane,2.0,0.04509006
Q86WV6,PSPsPredict,segment,Transmembrane,0.0,0.4391641
Q86WV6,PSPsPredict,segment,Transmembrane,1.0,0.025516842
Q86WV6,PSPsPredict,segment,Transmembrane,2.0,0.019128589
Q86WV6,PSPsPredict,segment,Transmembrane,3.0,0.046399046
P07949,PSPsPredict,segment,Transmembrane,0.0,0.023054693
P08908,PSPsPredict,segment,Transmembrane,0.0,0.039134715
P08908,PSPsPredict,segment,Transmembrane,1.0,0.043103386
P08908,PSPsPredict,segment,Transmembrane,2.0,0.030732792
P08908,PSPsPredict,segment,Transmembrane,3.0,0.021441072
P08908,PSPsPredict,segment,Transmembrane,4.0,0.15294613
P08908,PSPsPredict,segment,Transmembrane,5.0,0.043303747
P08908,PSPsPredict,segment,Transmembrane,6.0,0.06164071
Q7Z3C6,PSPsPredict,segment,Transmembrane,0.0,0.02461152
Q7Z3C6,PSPsPredict,segment,Transmembrane,1.0,0.023072151
Q7Z3C6,PSPsPredict,segment,Transmembrane,2.0,0.02657077
Q7Z3C6,PSPsPredict,segment,Transmembrane,3.0,0.02521325
O75581,PSPsPredict,segment,Transmembrane,0.0,0.022125613
P63027,PSPsPredict,segment,Transmembrane,0.0,0.022179294
O60733,PSPsPredict,segment,Transmembrane,0.0,0.018614544
O60733,PSPsPredict,segment,Transmembrane,1.0,0.019323984
Q04671,PSPsPredict,segment,Transmembrane,0.0,0.023258677
Q04671,PSPsPredict,segment,Transmembrane,1.0,0.029467998
Q04671,PSPsPredict,segment,Transmembrane,2.0,0.8761898
Q04671,PSPsPredict,segment,Transmembrane,3.0,0.031246467
Q04671,PSPsPredict,segment,Transmembrane,4.0,0.9813579
Q04671,PSPsPredict,segment,Transmembrane,5.0,0.02253303
Q04671,PSPsPredict,segment,Transmembrane,6.0,0.025967475
Q04671,PSPsPredict,segment,Transmembrane,7.0,0.059403013
Q04671,PSPsPredict,segment,Transmembrane,8.0,0.020810844
Q04671,PSPsPredict,segment,Transmembrane,9.0,0.019252159
Q04671,PSPsPredict,segment,Transmembrane,10.0,0.031273726
Q04671,PSPsPredict,segment,Transmembrane,11.0,0.022462387
Q14BN4,PSPsPredict,segment,Transmembrane,0.0,0.017437214
P15529,PSPsPredict,segment,Transmembrane,0.0,0.043909427
Q8TEM1,PSPsPredict,segment,Transmembrane,0.0,0.026149468
Q9UJA2,PSPsPredict,segment,Transmembrane,0.0,0.018122861
Q9UJA2,PSPsPredict,segment,Transmembrane,1.0,0.015382131
Q9UJA2,PSPsPredict,segment,Transmembrane,2.0,0.021352764
Q9UJA2,PSPsPredict,segment,Transmembrane,3.0,0.0202395
Q9UJA2,PSPsPredict,segment,Transmembrane,4.0,0.027347885
P00533,PSPsPredict,segment,Transmembrane,0.0,0.033006184
P21802,PSPsPredict,segment,Transmembrane,0.0,0.030198602
P08247,PSPsPredict,segment,Transmembrane,0.0,0.022927864
P08247,PSPsPredict,segment,Transmembrane,1.0,0.024027966
P08247,PSPsPredict,segment,Transmembrane,2.0,0.027547989
P08247,PSPsPredict,segment,Transmembrane,3.0,0.022243952
Q14739,PSPsPredict,segment,Transmembrane,0.0,0.026853275
Q14739,PSPsPredict,segment,Transmembrane,1.0,0.021521477
Q14739,PSPsPredict,segment,Transmembrane,2.0,0.018730223
Q14739,PSPsPredict,segment,Transmembrane,3.0,0.020189835
Q14739,PSPsPredict,segment,Transmembrane,4.0,0.02162084
Q14739,PSPsPredict,segment,Transmembrane,5.0,0.022298874
Q14739,PSPsPredict,segment,Transmembrane,6.0,0.02308922
Q14739,PSPsPredict,segment,Transmembrane,7.0,0.020363761
P29317,PSPsPredict,segment,Transmembrane,0.0,0.024068464
P17948,PSPsPredict,segment,Transmembrane,0.0,0.024357362
P05556,PSPsPredict,segment,Transmembrane,0.0,0.05422964
P10747,PSPsPredict,segment,Transmembrane,0.0,0.03044419
P61073,PSPsPredict,segment,Transmembrane,0.0,0.07246364
P61073,PSPsPredict,segment,Transmembrane,1.0,0.038898125
P61073,PSPsPredict,segment,Transmembrane,2.0,0.018524487
P61073,PSPsPredict,segment,Transmembrane,3.0,0.021007901
P61073,PSPsPredict,segment,Transmembrane,4.0,0.02399562
P61073,PSPsPredict,segment,Transmembrane,5.0,0.037462432
P61073,PSPsPredict,segment,Transmembrane,6.0,0.048399985
Q15303,PSPsPredict,segment,Transmembrane,0.0,0.1724178
O00254,PSPsPredict,segment,Transmembrane,0.0,0.0759776
O00254,PSPsPredict,segment,Transmembrane,1.0,0.04890675
O00254,PSPsPredict,segment,Transmembrane,2.0,0.022955969
O00254,PSPsPredict,segment,Transmembrane,3.0,0.021111906
O00254,PSPsPredict,segment,Transmembrane,4.0,0.02978516
O00254,PSPsPredict,segment,Transmembrane,5.0,0.050145455
O00254,PSPsPredict,segment,Transmembrane,6.0,0.033647563
Q9H3U5,PSPsPredict,segment,Transmembrane,0.0,0.092936866
Q9H3U5,PSPsPredict,segment,Transmembrane,1.0,0.019036103
Q9H3U5,PSPsPredict,segment,Transmembrane,2.0,0.019156767
Q9H3U5,PSPsPredict,segment,Transmembrane,3.0,0.020961825
Q9H3U5,PSPsPredict,segment,Transmembrane,4.0,0.023958122
Q9H3U5,PSPsPredict,segment,Transmembrane,5.0,0.02436284
Q9H3U5,PSPsPredict,segment,Transmembrane,6.0,0.01824513
Q9H3U5,PSPsPredict,segment,Transmembrane,7.0,0.024989532
Q9H3U5,PSPsPredict,segment,Transmembrane,8.0,0.022386942
Q9H3U5,PSPsPredict,segment,Transmembrane,9.0,0.028158354
Q9H3U5,PSPsPredict,segment,Transmembrane,10.0,0.061056294
Q9H3U5,PSPsPredict,segment,Transmembrane,11.0,0.0198302
Q9Y624,PSPsPredict,segment,Transmembrane,0.0,0.029067809
P31645,PSPsPredict,segment,Transmembrane,0.0,0.017685927
P31645,PSPsPredict,segment,Transmembrane,1.0,0.020828566
P31645,PSPsPredict,segment,Transmembrane,2.0,0.027654102
P31645,PSPsPredict,segment,Transmembrane,3.0,0.02072548
P31645,PSPsPredict,segment,Transmembrane,4.0,0.021080364
P31645,PSPsPredict,segment,Transmembrane,5.0,0.019354245
P31645,PSPsPredict,segment,Transmembrane,6.0,0.021130027
P31645,PSPsPredict,segment,Transmembrane,7.0,0.027450653
P31645,PSPsPredict,segment,Transmembrane,8.0,0.01905131
P31645,PSPsPredict,segment,Transmembrane,9.0,0.021152202
P31645,PSPsPredict,segment,Transmembrane,10.0,0.02010792
P31645,PSPsPredict,segment,Transmembrane,11.0,0.021335376
P49146,PSPsPredict,segment,Transmembrane,0.0,0.050922416
P49146,PSPsPredict,segment,Transmembrane,1.0,0.055116933
P49146,PSPsPredict,segment,Transmembrane,2.0,0.024340594
P49146,PSPsPredict,segment,Transmembrane,3.0,0.020147258
P49146,PSPsPredict,segment,Transmembrane,4.0,0.032519385
P49146,PSPsPredict,segment,Transmembrane,5.0,0.048976865
P49146,PSPsPredict,segment,Transmembrane,6.0,0.04396845
P15954,PSPsPredict,segment,Transmembrane,0.0,0.018109825
P13569,PSPsPredict,segment,Transmembrane,0.0,0.023312576
P13569,PSPsPredict,segment,Transmembrane,1.0,0.022045668
P13569,PSPsPredict,segment,Transmembrane,2.0,0.028977396
P13569,PSPsPredict,segment,Transmembrane,3.0,0.02302792
P13569,PSPsPredict,segment,Transmembrane,4.0,0.018799396
P13569,PSPsPredict,segment,Transmembrane,5.0,0.033594906
P13569,PSPsPredict,segment,Transmembrane,6.0,0.018491933
P13569,PSPsPredict,segment,Transmembrane,7.0,0.02615569
P13569,PSPsPredict,segment,Transmembrane,8.0,0.024912223
P13569,PSPsPredict,segment,Transmembrane,9.0,0.02450058
P13569,PSPsPredict,segment,Transmembrane,10.0,0.020920211
P13569,PSPsPredict,segment,Transmembrane,11.0,0.025674727
Q9BRQ8,PSPsPredict,segment,Transmembrane,0.0,0.0202927
Q13021,PSPsPredict,segment,Transmembrane,0.0,0.020633604
Q13021,PSPsPredict,segment,Transmembrane,1.0,0.028715601
Q13021,PSPsPredict,segment,Transmembrane,2.0,0.02592096
Q13021,PSPsPredict,segment,Transmembrane,3.0,0.021886418
P15941,PSPsPredict,segment,Extracellular/Lumenal,0.0,0.9039049
Q7Z434,PSPsPredict,segment,Extracellular/Lumenal,0.0,0.019694403
O43561,PSPsPredict,segment,Extracellular/Lumenal,0.0,0.019152831
P31431,PSPsPredict,segment,Extracellular/Lumenal,0.0,0.055619262
O75445,PSPsPredict,segment,Extracellular/Lumenal,0.0,0.37864983
Q9UM73,PSPsPredict,segment,Extracellular/Lumenal,0.0,0.09843944
Q9H461,PSPsPredict,segment,Extracellular/Lumenal,0.0,0.6685365
Q9H461,PSPsPredict,segment,Extracellular/Lumenal,1.0,0.34519562
Q9H461,PSPsPredict,segment,Extracellular/Lumenal,2.0,0.03262939
Q9H461,PSPsPredict,segment,Extracellular/Lumenal,3.0,0.08725082
O14763,PSPsPredict,segment,Extracellular/Lumenal,0.0,0.10572036
P46531,PSPsPredict,segment,Extracellular/Lumenal,0.0,0.97497374
Q8N114,PSPsPredict,segment,Extracellular/Lumenal,0.0,0.05497647
Q07065,PSPsPredict,segment,Extracellular/Lumenal,0.0,0.58593774
P08172,PSPsPredict,segment,Extracellular/Lumenal,0.0,0.0599382
P08172,PSPsPredict,segment,Extracellular/Lumenal,1.0,0.023418177
P08172,PSPsPredict,segment,Extracellular/Lumenal,2.0,0.020588461
P08172,PSPsPredict,segment,Extracellular/Lumenal,3.0,0.032902483
Q08345,PSPsPredict,segment,Extracellular/Lumenal,0.0,0.10671189
O60500,PSPsPredict,segment,Extracellular/Lumenal,0.0,0.5198924
P05067,PSPsPredict,segment,Extracellular/Lumenal,0.0,0.85776454
Q8WXG9,PSPsPredict,segment,Extracellular/Lumenal,0.0,0.13814
Q8WXG9,PSPsPredict,segment,Extracellular/Lumenal,1.0,0.03614228
Q8WXG9,PSPsPredict,segment,Extracellular/Lumenal,2.0,0.026848784
Q8WXG9,PSPsPredict,segment,Extracellular/Lumenal,3.0,0.021939838
P11362,PSPsPredict,segment,Extracellular/Lumenal,0.0,0.58875453
P40967,PSPsPredict,segment,Extracellular/Lumenal,0.0,0.047364876
P07766,PSPsPredict,segment,Extracellular/Lumenal,0.0,0.056207817
P20963,PSPsPredict,segment,Extracellular/Lumenal,0.0,0.022925466
P04626,PSPsPredict,segment,Extracellular/Lumenal,0.0,0.28113195
O75460,PSPsPredict,segment,Extracellular/Lumenal,0.0,0.09216953
P35968,PSPsPredict,segment,Extracellular/Lumenal,0.0,0.2921921
Q12879,PSPsPredict,segment,Extracellular/Lumenal,0.0,0.08003081
Q12879,PSPsPredict,segment,Extracellular/Lumenal,1.0,0.18281952
Q86WV6,PSPsPredict,segment,Extracellular/Lumenal,0.0,0.025406484
Q86WV6,PSPsPredict,segment,Extracellular/Lumenal,1.0,0.03776833
P07949,PSPsPredict,segment,Extracellular/Lumenal,0.0,0.081940465
P08908,PSPsPredict,segment,Extracellular/Lumenal,0.0,0.08812694
P08908,PSPsPredict,segment,Extracellular/Lumenal,1.0,0.023516005
P08908,PSPsPredict,segment,Extracellular/Lumenal,2.0,0.032631055
P08908,PSPsPredict,segment,Extracellular/Lumenal,3.0,0.024816226
P01857,PSPsPredict,segment,Extracellular/Lumenal,0.0,0.85078794
Q7Z3C6,PSPsPredict,segment,Extracellular/Lumenal,0.0,0.05115761
Q7Z3C6,PSPsPredict,segment,Extracellular/Lumenal,1.0,0.020228332
O75581,PSPsPredict,segment,Extracellular/Lumenal,0.0,0.95042294
P63027,PSPsPredict,segment,Extracellular/Lumenal,0.0,0.01921201
Q04671,PSPsPredict,segment,Extracellular/Lumenal,0.0,0.064236425
Q04671,PSPsPredict,segment,Extracellular/Lumenal,1.0,0.030001339
Q04671,PSPsPredict,segment,Extracellular/Lumenal,2.0,0.022650296
Q04671,PSPsPredict,segment,Extracellular/Lumenal,3.0,0.020595431
Q04671,PSPsPredict,segment,Extracellular/Lumenal,4.0,0.04352566
Q04671,PSPsPredict,segment,Extracellular/Lumenal,5.0,0.018430624
Q14BN4,PSPsPredict,segment,Extracellular/Lumenal,0.0,0.021562032
P15529,PSPsPredict,segment,Extracellular/Lumenal,0.0,0.76715535
Q8TEM1,PSPsPredict,segment,Extracellular/Lumenal,0.0,0.13916695
P00533,PSPsPredict,segment,Extracellular/Lumenal,0.0,0.81981504
P21802,PSPsPredict,segment,Extracellular/Lumenal,0.0,0.7658447
P08247,PSPsPredict,segment,Extracellular/Lumenal,0.0,0.03018213
P08247,PSPsPredict,segment,Extracellular/Lumenal,1.0,0.038068168
Q14739,PSPsPredict,segment,Extracellular/Lumenal,0.0,0.38720113
P29317,PSPsPredict,segment,Extracellular/Lumenal,0.0,0.4954924
P17948,PSPsPredict,segment,Extracellular/Lumenal,0.0,0.3466146
P05556,PSPsPredict,segment,Extracellular/Lumenal,0.0,0.85646206
P10747,PSPsPredict,segment,Extracellular/Lumenal,0.0,0.061386086
Q16635,PSPsPredict,segment,Extracellular/Lumenal,0.0,0.10446833
Q16635,PSPsPredict,segment,Extracellular/Lumenal,1.0,0.023392366
P61073,PSPsPredict,segment,Extracellular/Lumenal,0.0,0.045698218
P61073,PSPsPredict,segment,Extracellular/Lumenal,1.0,0.021881757
P61073,PSPsPredict,segment,Extracellular/Lumenal,2.0,0.027832268
P61073,PSPsPredict,segment,Extracellular/Lumenal,3.0,0.023317263
Q15303,PSPsPredict,segment,Extracellular/Lumenal,0.0,0.83229774
O00254,PSPsPredict,segment,Extracellular/Lumenal,0.0,0.080342986
O00254,PSPsPredict,segment,Extracellular/Lumenal,1.0,0.033429697
O00254,PSPsPredict,segment,Extracellular/Lumenal,2.0,0.033029538
O00254,PSPsPredict,segment,Extracellular/Lumenal,3.0,0.03277448
Q9Y624,PSPsPredict,segment,Extracellular/Lumenal,0.0,0.68907493
P31645,PSPsPredict,segment,Extracellular/Lumenal,0.0,0.022319918
P31645,PSPsPredict,segment,Extracellular/Lumenal,1.0,0.046113204
P31645,PSPsPredict,segment,Extracellular/Lumenal,2.0,0.032175343
P31645,PSPsPredict,segment,Extracellular/Lumenal,3.0,0.05374563
P31645,PSPsPredict,segment,Extracellular/Lumenal,4.0,0.0376417
P31645,PSPsPredict,segment,Extracellular/Lumenal,5.0,0.03383744
P49146,PSPsPredict,segment,Extracellular/Lumenal,0.0,0.042019457
P49146,PSPsPredict,segment,Extracellular/Lumenal,1.0,0.028548835
P49146,PSPsPredict,segment,Extracellular/Lumenal,2.0,0.025876218
P49146,PSPsPredict,segment,Extracellular/Lumenal,3.0,0.019297818
P15954,PSPsPredict,segment,Extracellular/Lumenal,0.0,0.029341824
P15954,PSPsPredict,segment,Extracellular/Lumenal,1.0,0.01958329
P13569,PSPsPredict,segment,Extracellular/Lumenal,0.0,0.03189011
P13569,PSPsPredict,segment,Extracellular/Lumenal,1.0,0.020303939
P13569,PSPsPredict,segment,Extracellular/Lumenal,2.0,0.02480259
P13569,PSPsPredict,segment,Extracellular/Lumenal,3.0,0.03404608
P13569,PSPsPredict,segment,Extracellular/Lumenal,4.0,0.019401258
P13569,PSPsPredict,segment,Extracellular/Lumenal,5.0,0.03360146
P15941,PSPsPredict,concatenated,Cytoplasmic,,0.5772925
Q7Z434,PSPsPredict,concatenated,Cytoplasmic,,0.21867576
Q9BR39,PSPsPredict,concatenated,Cytoplasmic,,0.85105914
O43561,PSPsPredict,concatenated,Cytoplasmic,,0.14469683
P31431,PSPsPredict,concatenated,Cytoplasmic,,0.11207194
O75445,PSPsPredict,concatenated,Cytoplasmic,,0.096761525
Q9UM73,PSPsPredict,concatenated,Cytoplasmic,,0.87935144
Q9H461,PSPsPredict,concatenated,Cytoplasmic,,0.22261664
O14763,PSPsPredict,concatenated,Cytoplasmic,,0.111807
P46531,PSPsPredict,concatenated,Cytoplasmic,,0.9353715
Q8N114,PSPsPredict,concatenated,Cytoplasmic,,0.6063593
Q07065,PSPsPredict,concatenated,Cytoplasmic,,0.86741966
P08172,PSPsPredict,concatenated,Cytoplasmic,,0.37720844
Q08345,PSPsPredict,concatenated,Cytoplasmic,,0.74263847
O60500,PSPsPredict,concatenated,Cytoplasmic,,0.116315596
P05067,PSPsPredict,concatenated,Cytoplasmic,,0.079322875
Q8WXG9,PSPsPredict,concatenated,Cytoplasmic,,0.30481297
P11362,PSPsPredict,concatenated,Cytoplasmic,,0.969355
P40967,PSPsPredict,concatenated,Cytoplasmic,,0.037276376
P07766,PSPsPredict,concatenated,Cytoplasmic,,0.5358921
P20963,PSPsPredict,concatenated,Cytoplasmic,,0.5689668
P04626,PSPsPredict,concatenated,Cytoplasmic,,0.73498505
O75460,PSPsPredict,concatenated,Cytoplasmic,,0.60056067
P35968,PSPsPredict,concatenated,Cytoplasmic,,0.57316655
Q12879,PSPsPredict,concatenated,Cytoplasmic,,0.19530642
Q86WV6,PSPsPredict,concatenated,Cytoplasmic,,0.082280554
P07949,PSPsPredict,concatenated,Cytoplasmic,,0.9411933
P08908,PSPsPredict,concatenated,Cytoplasmic,,0.30097714
Q7Z3C6,PSPsPredict,concatenated,Cytoplasmic,,0.09566549
O75581,PSPsPredict,concatenated,Cytoplasmic,,0.36232466
P63027,PSPsPredict,concatenated,Cytoplasmic,,0.9160239
Q04671,PSPsPredict,concatenated,Cytoplasmic,,0.064045236
Q14BN4,PSPsPredict,concatenated,Cytoplasmic,,0.78058743
P15529,PSPsPredict,concatenated,Cytoplasmic,,0.050280355
Q8TEM1,PSPsPredict,concatenated,Cytoplasmic,,0.40446135
P00533,PSPsPredict,concatenated,Cytoplasmic,,0.8767902
P21802,PSPsPredict,concatenated,Cytoplasmic,,0.9739968
P08247,PSPsPredict,concatenated,Cytoplasmic,,0.860217
P29317,PSPsPredict,concatenated,Cytoplasmic,,0.981518
P17948,PSPsPredict,concatenated,Cytoplasmic,,0.65829
P05556,PSPsPredict,concatenated,Cytoplasmic,,0.100737095
P10747,PSPsPredict,concatenated,Cytoplasmic,,0.43164152
P61073,PSPsPredict,concatenated,Cytoplasmic,,0.08856619
Q15303,PSPsPredict,concatenated,Cytoplasmic,,0.9258467
O00254,PSPsPredict,concatenated,Cytoplasmic,,0.16685168
Q9Y624,PSPsPredict,concatenated,Cytoplasmic,,0.07230882
P31645,PSPsPredict,concatenated,Cytoplasmic,,0.092549644
P49146,PSPsPredict,concatenated,Cytoplasmic,,0.25972903
P13569,PSPsPredict,concatenated,Cytoplasmic,,0.07066983
Q03135,PSPsPredict,concatenated,Cytoplasmic,,0.04015422
P15941,PSPsPredict,concatenated,Transmembrane,,0.023176124
Q7Z434,PSPsPredict,concatenated,Transmembrane,,0.15061092
Q9BR39,PSPsPredict,concatenated,Transmembrane,,0.023245709
O43561,PSPsPredict,concatenated,Transmembrane,,0.06837486
P31431,PSPsPredict,concatenated,Transmembrane,,0.07080604
O75445,PSPsPredict,concatenated,Transmembrane,,0.024522448
Q9UM73,PSPsPredict,concatenated,Transmembrane,,0.08968258
Q9H461,PSPsPredict,concatenated,Transmembrane,,0.07600335
O14763,PSPsPredict,concatenated,Transmembrane,,0.057516977
P46531,PSPsPredict,concatenated,Transmembrane,,0.030909566
Q8N114,PSPsPredict,concatenated,Transmembrane,,0.02145192
Q07065,PSPsPredict,concatenated,Transmembrane,,0.03514378
P08172,PSPsPredict,concatenated,Transmembrane,,0.09657824
Q08345,PSPsPredict,concatenated,Transmembrane,,0.044663776
O60500,PSPsPredict,concatenated,Transmembrane,,0.38619968
P05067,PSPsPredict,concatenated,Transmembrane,,0.026335403
Q8WXG9,PSPsPredict,concatenated,Transmembrane,,0.054619905
P11362,PSPsPredict,concatenated,Transmembrane,,0.020594614
Q8NC56,PSPsPredict,concatenated,Transmembrane,,0.046764087
P40967,PSPsPredict,concatenated,Transmembrane,,0.036208585
P07766,PSPsPredict,concatenated,Transmembrane,,0.028449323
P20963,PSPsPredict,concatenated,Transmembrane,,0.037867203
P04626,PSPsPredict,concatenated,Transmembrane,,0.021580279
O75460,PSPsPredict,concatenated,Transmembrane,,0.022073856
P35968,PSPsPredict,concatenated,Transmembrane,,0.022213845
Q12879,PSPsPredict,concatenated,Transmembrane,,0.037625052
Q86WV6,PSPsPredict,concatenated,Transmembrane,,0.044219688
P07949,PSPsPredict,concatenated,Transmembrane,,0.023054698
P08908,PSPsPredict,concatenated,Transmembrane,,0.06909156
Q7Z3C6,PSPsPredict,concatenated,Transmembrane,,0.061213885
O75581,PSPsPredict,concatenated,Transmembrane,,0.022125604
P63027,PSPsPredict,concatenated,Transmembrane,,0.0221793
O60733,PSPsPredict,concatenated,Transmembrane,,0.019896055
Q04671,PSPsPredict,concatenated,Transmembrane,,0.3677861
Q14BN4,PSPsPredict,concatenated,Transmembrane,,0.017437207
P15529,PSPsPredict,concatenated,Transmembrane,,0.043909393
Q8TEM1,PSPsPredict,concatenated,Transmembrane,,0.026149461
Q9UJA2,PSPsPredict,concatenated,Transmembrane,,0.027480463
P00533,PSPsPredict,concatenated,Transmembrane,,0.033006154
P21802,PSPsPredict,concatenated,Transmembrane,,0.030198587
P08247,PSPsPredict,concatenated,Transmembrane,,0.02527021
Q14739,PSPsPredict,concatenated,Transmembrane,,0.046941828
P29317,PSPsPredict,concatenated,Transmembrane,,0.024068464
P17948,PSPsPredict,concatenated,Transmembrane,,0.024357377
P05556,PSPsPredict,concatenated,Transmembrane,,0.05422964
P10747,PSPsPredict,concatenated,Transmembrane,,0.03044419
P61073,PSPsPredict,concatenated,Transmembrane,,0.05610588
Q15303,PSPsPredict,concatenated,Transmembrane,,0.17241772
O00254,PSPsPredict,concatenated,Transmembrane,,0.06389387
Q9H3U5,PSPsPredict,concatenated,Transmembrane,,0.07965345
Q9Y624,PSPsPredict,concatenated,Transmembrane,,0.029067831
P31645,PSPsPredict,concatenated,Transmembrane,,0.022337278
P49146,PSPsPredict,concatenated,Transmembrane,,0.050207555
P15954,PSPsPredict,concatenated,Transmembrane,,0.018109825
P13569,PSPsPredict,concatenated,Transmembrane,,0.07920357
Q9BRQ8,PSPsPredict,concatenated,Transmembrane,,0.020292707
Q13021,PSPsPredict,concatenated,Transmembrane,,0.020640148
P15941,PSPsPredict,concatenated,Extracellular/Lumenal,,0.9039049
Q7Z434,PSPsPredict,concatenated,Extracellular/Lumenal,,0.019694403
O43561,PSPsPredict,concatenated,Extracellular/Lumenal,,0.019152831
P31431,PSPsPredict,concatenated,Extracellular/Lumenal,,0.055619262
O75445,PSPsPredict,concatenated,Extracellular/Lumenal,,0.37864983
Q9UM73,PSPsPredict,concatenated,Extracellular/Lumenal,,0.09843944
Q9H461,PSPsPredict,concatenated,Extracellular/Lumenal,,0.6137372
O14763,PSPsPredict,concatenated,Extracellular/Lumenal,,0.10572031
P46531,PSPsPredict,concatenated,Extracellular/Lumenal,,0.9749737
Q8N114,PSPsPredict,concatenated,Extracellular/Lumenal,,0.054976456
Q07065,PSPsPredict,concatenated,Extracellular/Lumenal,,0.5859378
P08172,PSPsPredict,concatenated,Extracellular/Lumenal,,0.0420463
Q08345,PSPsPredict,concatenated,Extracellular/Lumenal,,0.10671184
O60500,PSPsPredict,concatenated,Extracellular/Lumenal,,0.5198924
P05067,PSPsPredict,concatenated,Extracellular/Lumenal,,0.85776454
Q8WXG9,PSPsPredict,concatenated,Extracellular/Lumenal,,0.13814001
P11362,PSPsPredict,concatenated,Extracellular/Lumenal,,0.58875465
P40967,PSPsPredict,concatenated,Extracellular/Lumenal,,0.047364876
P07766,PSPsPredict,concatenated,Extracellular/Lumenal,,0.056207802
P20963,PSPsPredict,concatenated,Extracellular/Lumenal,,0.022925457
P04626,PSPsPredict,concatenated,Extracellular/Lumenal,,0.2811318
O75460,PSPsPredict,concatenated,Extracellular/Lumenal,,0.09216951
P35968,PSPsPredict,concatenated,Extracellular/Lumenal,,0.292192
Q12879,PSPsPredict,concatenated,Extracellular/Lumenal,,0.11189796
Q86WV6,PSPsPredict,concatenated,Extracellular/Lumenal,,0.035401236
P07949,PSPsPredict,concatenated,Extracellular/Lumenal,,0.08194049
P08908,PSPsPredict,concatenated,Extracellular/Lumenal,,0.059334707
P01857,PSPsPredict,concatenated,Extracellular/Lumenal,,0.85078794
Q7Z3C6,PSPsPredict,concatenated,Extracellular/Lumenal,,0.040571727
O75581,PSPsPredict,concatenated,Extracellular/Lumenal,,0.95042294
P63027,PSPsPredict,concatenated,Extracellular/Lumenal,,0.01921201
Q04671,PSPsPredict,concatenated,Extracellular/Lumenal,,0.03172888
Q14BN4,PSPsPredict,concatenated,Extracellular/Lumenal,,0.021562027
P15529,PSPsPredict,concatenated,Extracellular/Lumenal,,0.76715523
Q8TEM1,PSPsPredict,concatenated,Extracellular/Lumenal,,0.13916695
P00533,PSPsPredict,concatenated,Extracellular/Lumenal,,0.81981504
P21802,PSPsPredict,concatenated,Extracellular/Lumenal,,0.7658446
P08247,PSPsPredict,concatenated,Extracellular/Lumenal,,0.05517189
Q14739,PSPsPredict,concatenated,Extracellular/Lumenal,,0.38720077
P29317,PSPsPredict,concatenated,Extracellular/Lumenal,,0.49549195
P17948,PSPsPredict,concatenated,Extracellular/Lumenal,,0.3466143
P05556,PSPsPredict,concatenated,Extracellular/Lumenal,,0.85646194
P10747,PSPsPredict,concatenated,Extracellular/Lumenal,,0.061386064
Q16635,PSPsPredict,concatenated,Extracellular/Lumenal,,0.02225625
P61073,PSPsPredict,concatenated,Extracellular/Lumenal,,0.06537513
Q15303,PSPsPredict,concatenated,Extracellular/Lumenal,,0.83229786
O00254,PSPsPredict,concatenated,Extracellular/Lumenal,,0.11180952
Q9Y624,PSPsPredict,concatenated,Extracellular/Lumenal,,0.689075
P31645,PSPsPredict,concatenated,Extracellular/Lumenal,,0.06797
P49146,PSPsPredict,concatenated,Extracellular/Lumenal,,0.10563841
P15954,PSPsPredict,concatenated,Extracellular/Lumenal,,0.12127127
P13569,PSPsPredict,concatenated,Extracellular/Lumenal,,0.060139343
P15941,PSPsPredict,whole,Whole,,0.88787663
Q7Z434,PSPsPredict,whole,Whole,,0.22593157
Q9BR39,PSPsPredict,whole,Whole,,0.8401745
O43561,PSPsPredict,whole,Whole,,0.13582149
P31431,PSPsPredict,whole,Whole,,0.068696655
O75445,PSPsPredict,whole,Whole,,0.28430972
Q9UM73,PSPsPredict,whole,Whole,,0.099303156
Q9H461,PSPsPredict,whole,Whole,,0.5734612
O14763,PSPsPredict,whole,Whole,,0.19124289
P46531,PSPsPredict,whole,Whole,,0.96779656
Q8N114,PSPsPredict,whole,Whole,,0.11355065
Q07065,PSPsPredict,whole,Whole,,0.71402234
P08172,PSPsPredict,whole,Whole,,0.1839648
Q08345,PSPsPredict,whole,Whole,,0.49852633
O60500,PSPsPredict,whole,Whole,,0.48673016
P05067,PSPsPredict,whole,Whole,,0.9075695
Q8WXG9,PSPsPredict,whole,Whole,,0.11129996
P11362,PSPsPredict,whole,Whole,,0.9250655
Q8NC56,PSPsPredict,whole,Whole,,0.20261855
P40967,PSPsPredict,whole,Whole,,0.12739854
P07766,PSPsPredict,whole,Whole,,0.08540745
P20963,PSPsPredict,whole,Whole,,0.28330112
P04626,PSPsPredict,whole,Whole,,0.6423938
O75460,PSPsPredict,whole,Whole,,0.2786886
P35968,PSPsPredict,whole,Whole,,0.3318139
Q12879,PSPsPredict,whole,Whole,,0.16951862
Q86WV6,PSPsPredict,whole,Whole,,0.06692143
P07949,PSPsPredict,whole,Whole,,0.22317226
P08908,PSPsPredict,whole,Whole,,0.27016664
P01857,PSPsPredict,whole,Whole,,0.850788
Q7Z3C6,PSPsPredict,whole,Whole,,0.071560405
O75581,PSPsPredict,whole,Whole,,0.9265166
P63027,PSPsPredict,whole,Whole,,0.9554291
O60733,PSPsPredict,whole,Whole,,0.077402525
Q04671,PSPsPredict,whole,Whole,,0.037658688
Q14BN4,PSPsPredict,whole,Whole,,0.801778
P15529,PSPsPredict,whole,Whole,,0.4117849
Q8TEM1,PSPsPredict,whole,Whole,,0.13466735
Q9UJA2,PSPsPredict,whole,Whole,,0.024671799
P00533,PSPsPredict,whole,Whole,,0.90025216
P21802,PSPsPredict,whole,Whole,,0.94804525
P08247,PSPsPredict,whole,Whole,,0.10000351
Q14739,PSPsPredict,whole,Whole,,0.123337016
P29317,PSPsPredict,whole,Whole,,0.9159892
P17948,PSPsPredict,whole,Whole,,0.35247022
P05556,PSPsPredict,whole,Whole,,0.86053747
P10747,PSPsPredict,whole,Whole,,0.0769251
Q16635,PSPsPredict,whole,Whole,,0.02180136
P61073,PSPsPredict,whole,Whole,,0.09447856
Q15303,PSPsPredict,whole,Whole,,0.93105394
O00254,PSPsPredict,whole,Whole,,0.06753297
Q9H3U5,PSPsPredict,whole,Whole,,0.02355725
Q9Y624,PSPsPredict,whole,Whole,,0.31647
P31645,PSPsPredict,whole,Whole,,0.075643994
P49146,PSPsPredict,whole,Whole,,0.08644462
P15954,PSPsPredict,whole,Whole,,0.019023936
P13569,PSPsPredict,whole,Whole,,0.08266905
Q9BRQ8,PSPsPredict,whole,Whole,,0.03584702
Q03135,PSPsPredict,whole,Whole,,0.03257356
Q13021,PSPsPredict,whole,Whole,,0.030617598
P15941,PSAP,whole,Whole,,0.0116666666666666
Q7Z434,PSAP,whole,Whole,,0.0175
Q9BR39,PSAP,whole,Whole,,0.0341666666666666
O43561,PSAP,whole,Whole,,0.0175
P31431,PSAP,whole,Whole,,0.0175
O75445,PSAP,whole,Whole,,0.035
Q9UM73,PSAP,whole,Whole,,0.03
Q9H461,PSAP,whole,Whole,,0.0275
O14763,PSAP,whole,Whole,,0.0125
P46531,PSAP,whole,Whole,,0.0291666666666666
Q8N114,PSAP,whole,Whole,,0.0208333333333333
Q07065,PSAP,whole,Whole,,0.0208333333333333
P08172,PSAP,whole,Whole,,0.0358333333333333
Q08345,PSAP,whole,Whole,,0.0216666666666666
O60500,PSAP,whole,Whole,,0.0225
P05067,PSAP,whole,Whole,,0.0333333333333333
Q8WXG9,PSAP,whole,Whole,,0.0316666666666666
P11362,PSAP,whole,Whole,,0.02
Q8NC56,PSAP,whole,Whole,,0.0416666666666666
P40967,PSAP,whole,Whole,,0.0133333333333333
P07766,PSAP,whole,Whole,,0.03
P20963,PSAP,whole,Whole,,0.0166666666666666
P04626,PSAP,whole,Whole,,0.025
O75460,PSAP,whole,Whole,,0.02
P35968,PSAP,whole,Whole,,0.0183333333333333
Q12879,PSAP,whole,Whole,,0.0316666666666666
Q86WV6,PSAP,whole,Whole,,0.0216666666666666
P07949,PSAP,whole,Whole,,0.0233333333333333
P08908,PSAP,whole,Whole,,0.0341666666666666
P01857,PSAP,whole,Whole,,0.0283333333333333
Q7Z3C6,PSAP,whole,Whole,,0.0183333333333333
O75581,PSAP,whole,Whole,,0.0316666666666666
P63027,PSAP,whole,Whole,,0.01
O60733,PSAP,whole,Whole,,0.0341666666666666
Q04671,PSAP,whole,Whole,,0.0108333333333333
Q14BN4,PSAP,whole,Whole,,0.005
P15529,PSAP,whole,Whole,,0.0216666666666666
Q8TEM1,PSAP,whole,Whole,,0.0125
Q9UJA2,PSAP,whole,Whole,,0.0075
P00533,PSAP,whole,Whole,,0.0241666666666666
P21802,PSAP,whole,Whole,,0.0366666666666666
P08247,PSAP,whole,Whole,,0.0258333333333333
Q14739,PSAP,whole,Whole,,0.0283333333333333
P29317,PSAP,whole,Whole,,0.0166666666666666
P17948,PSAP,whole,Whole,,0.035
P05556,PSAP,whole,Whole,,0.025
P10747,PSAP,whole,Whole,,0.0325
Q16635,PSAP,whole,Whole,,0.0275
P61073,PSAP,whole,Whole,,0.0183333333333333
Q15303,PSAP,whole,Whole,,0.0333333333333333
O00254,PSAP,whole,Whole,,0.0225
Q9H3U5,PSAP,whole,Whole,,0.0091666666666666
Q9Y624,PSAP,whole,Whole,,0.0175
P31645,PSAP,whole,Whole,,0.0141666666666666
P49146,PSAP,whole,Whole,,0.0141666666666666
P15954,PSAP,whole,Whole,,0.0133333333333333
P13569,PSAP,whole,Whole,,0.0208333333333333
Q9BRQ8,PSAP,whole,Whole,,0.02
Q03135,PSAP,whole,Whole,,0.0233333333333333
Q13021,PSAP,whole,Whole,,0.0058333333333333
P15941,PSAP,concatenated,Cytoplasmic,,0.0333333333333333
Q7Z434,PSAP,concatenated,Cytoplasmic,,0.0175
Q9BR39,PSAP,concatenated,Cytoplasmic,,0.0383333333333333
O43561,PSAP,concatenated,Cytoplasmic,,0.0216666666666666
P31431,PSAP,concatenated,Cytoplasmic,,0.0166666666666666
O75445,PSAP,concatenated,Cytoplasmic,,0.0308333333333333
Q9UM73,PSAP,concatenated,Cytoplasmic,,0.0325
Q9H461,PSAP,concatenated,Cytoplasmic,,0.0175
O14763,PSAP,concatenated,Cytoplasmic,,0.0266666666666666
P46531,PSAP,concatenated,Cytoplasmic,,0.0191666666666666
Q8N114,PSAP,concatenated,Cytoplasmic,,0.0108333333333333
Q07065,PSAP,concatenated,Cytoplasmic,,0.0208333333333333
P08172,PSAP,concatenated,Cytoplasmic,,0.03
Q08345,PSAP,concatenated,Cytoplasmic,,0.0241666666666666
O60500,PSAP,concatenated,Cytoplasmic,,0.0191666666666666
P05067,PSAP,concatenated,Cytoplasmic,,0.0166666666666666
Q8WXG9,PSAP,concatenated,Cytoplasmic,,0.025
P11362,PSAP,concatenated,Cytoplasmic,,0.0275
P40967,PSAP,concatenated,Cytoplasmic,,0.005
P07766,PSAP,concatenated,Cytoplasmic,,0.0458333333333333
P20963,PSAP,concatenated,Cytoplasmic,,0.0216666666666666
P04626,PSAP,concatenated,Cytoplasmic,,0.0258333333333333
O75460,PSAP,concatenated,Cytoplasmic,,0.0166666666666666
P35968,PSAP,concatenated,Cytoplasmic,,0.03
Q12879,PSAP,concatenated,Cytoplasmic,,0.0308333333333333
Q86WV6,PSAP,concatenated,Cytoplasmic,,0.0283333333333333
P07949,PSAP,concatenated,Cytoplasmic,,0.0325
P08908,PSAP,concatenated,Cytoplasmic,,0.0391666666666666
Q7Z3C6,PSAP,concatenated,Cytoplasmic,,0.0266666666666666
O75581,PSAP,concatenated,Cytoplasmic,,0.0225
P63027,PSAP,concatenated,Cytoplasmic,,0.015
Q04671,PSAP,concatenated,Cytoplasmic,,0.0216666666666666
Q14BN4,PSAP,concatenated,Cytoplasmic,,0.0091666666666666
P15529,PSAP,concatenated,Cytoplasmic,,0.0158333333333333
Q8TEM1,PSAP,concatenated,Cytoplasmic,,0.0008333333333333
P00533,PSAP,concatenated,Cytoplasmic,,0.0258333333333333
P21802,PSAP,concatenated,Cytoplasmic,,0.0283333333333333
P08247,PSAP,concatenated,Cytoplasmic,,0.0366666666666666
P29317,PSAP,concatenated,Cytoplasmic,,0.0275
P17948,PSAP,concatenated,Cytoplasmic,,0.0258333333333333
P05556,PSAP,concatenated,Cytoplasmic,,0.0358333333333333
P10747,PSAP,concatenated,Cytoplasmic,,0.0108333333333333
P61073,PSAP,concatenated,Cytoplasmic,,0.015
Q15303,PSAP,concatenated,Cytoplasmic,,0.0391666666666666
O00254,PSAP,concatenated,Cytoplasmic,,0.0275
Q9Y624,PSAP,concatenated,Cytoplasmic,,0.02
P31645,PSAP,concatenated,Cytoplasmic,,0.0375
P49146,PSAP,concatenated,Cytoplasmic,,0.0375
P13569,PSAP,concatenated,Cytoplasmic,,0.0208333333333333
Q03135,PSAP,concatenated,Cytoplasmic,,0.0408333333333333
P15941,PSAP,concatenated,Transmembrane,,0.0041666666666666
Q7Z434,PSAP,concatenated,Transmembrane,,0.0166666666666666
Q9BR39,PSAP,concatenated,Transmembrane,,0.0241666666666666
O43561,PSAP,concatenated,Transmembrane,,0.0016666666666666
P31431,PSAP,concatenated,Transmembrane,,0.005
O75445,PSAP,concatenated,Transmembrane,,0.0008333333333333
Q9UM73,PSAP,concatenated,Transmembrane,,0.0016666666666666
Q9H461,PSAP,concatenated,Transmembrane,,0.0108333333333333
O14763,PSAP,concatenated,Transmembrane,,0.0008333333333333
P46531,PSAP,concatenated,Transmembrane,,0.0041666666666666
Q8N114,PSAP,concatenated,Transmembrane,,0.0041666666666666
Q07065,PSAP,concatenated,Transmembrane,,0.0141666666666666
P08172,PSAP,concatenated,Transmembrane,,0.0233333333333333
Q08345,PSAP,concatenated,Transmembrane,,0.0066666666666666
O60500,PSAP,concatenated,Transmembrane,,0.02
P05067,PSAP,concatenated,Transmembrane,,0.0133333333333333
Q8WXG9,PSAP,concatenated,Transmembrane,,0.005
P11362,PSAP,concatenated,Transmembrane,,0.0016666666666666
Q8NC56,PSAP,concatenated,Transmembrane,,0.0041666666666666
P40967,PSAP,concatenated,Transmembrane,,0.0016666666666666
P07766,PSAP,concatenated,Transmembrane,,0.0166666666666666
P20963,PSAP,concatenated,Transmembrane,,0.0083333333333333
P04626,PSAP,concatenated,Transmembrane,,0.0208333333333333
O75460,PSAP,concatenated,Transmembrane,,0.0025
P35968,PSAP,concatenated,Transmembrane,,0.0
Q12879,PSAP,concatenated,Transmembrane,,0.025
Q86WV6,PSAP,concatenated,Transmembrane,,0.0075
P07949,PSAP,concatenated,Transmembrane,,0.0133333333333333
P08908,PSAP,concatenated,Transmembrane,,0.0208333333333333
Q7Z3C6,PSAP,concatenated,Transmembrane,,0.0283333333333333
O75581,PSAP,concatenated,Transmembrane,,0.0358333333333333
P63027,PSAP,concatenated,Transmembrane,,0.0008333333333333
O60733,PSAP,concatenated,Transmembrane,,0.0166666666666666
Q04671,PSAP,concatenated,Transmembrane,,0.0158333333333333
Q14BN4,PSAP,concatenated,Transmembrane,,0.0066666666666666
P15529,PSAP,concatenated,Transmembrane,,0.0175
Q8TEM1,PSAP,concatenated,Transmembrane,,0.0075
Q9UJA2,PSAP,concatenated,Transmembrane,,0.02
P00533,PSAP,concatenated,Transmembrane,,0.0216666666666666
P21802,PSAP,concatenated,Transmembrane,,0.0
P08247,PSAP,concatenated,Transmembrane,,0.0375
Q14739,PSAP,concatenated,Transmembrane,,0.0158333333333333
P29317,PSAP,concatenated,Transmembrane,,0.0233333333333333
P17948,PSAP,concatenated,Transmembrane,,0.0016666666666666
P05556,PSAP,concatenated,Transmembrane,,0.0208333333333333
P10747,PSAP,concatenated,Transmembrane,,0.0016666666666666
P61073,PSAP,concatenated,Transmembrane,,0.0258333333333333
Q15303,PSAP,concatenated,Transmembrane,,0.0041666666666666
O00254,PSAP,concatenated,Transmembrane,,0.0158333333333333
Q9H3U5,PSAP,concatenated,Transmembrane,,0.0166666666666666
Q9Y624,PSAP,concatenated,Transmembrane,,0.0
P31645,PSAP,concatenated,Transmembrane,,0.0141666666666666
P49146,PSAP,concatenated,Transmembrane,,0.0175
P15954,PSAP,concatenated,Transmembrane,,0.0091666666666666
P13569,PSAP,concatenated,Transmembrane,,0.0116666666666666
Q9BRQ8,PSAP,concatenated,Transmembrane,,0.0183333333333333
Q13021,PSAP,concatenated,Transmembrane,,0.0108333333333333
P15941,PSAP,concatenated,Extracellular/Lumenal,,0.0141666666666666
Q7Z434,PSAP,concatenated,Extracellular/Lumenal,,0.0016666666666666
O43561,PSAP,concatenated,Extracellular/Lumenal,,0.0008333333333333
P31431,PSAP,concatenated,Extracellular/Lumenal,,0.0066666666666666
O75445,PSAP,concatenated,Extracellular/Lumenal,,0.0125
Q9UM73,PSAP,concatenated,Extracellular/Lumenal,,0.0108333333333333
Q9H461,PSAP,concatenated,Extracellular/Lumenal,,0.0241666666666666
O14763,PSAP,concatenated,Extracellular/Lumenal,,0.0141666666666666
P46531,PSAP,concatenated,Extracellular/Lumenal,,0.0175
Q8N114,PSAP,concatenated,Extracellular/Lumenal,,0.01
Q07065,PSAP,concatenated,Extracellular/Lumenal,,0.0125
P08172,PSAP,concatenated,Extracellular/Lumenal,,0.0108333333333333
Q08345,PSAP,concatenated,Extracellular/Lumenal,,0.0091666666666666
O60500,PSAP,concatenated,Extracellular/Lumenal,,0.01
P05067,PSAP,concatenated,Extracellular/Lumenal,,0.0266666666666666
Q8WXG9,PSAP,concatenated,Extracellular/Lumenal,,0.0216666666666666
P11362,PSAP,concatenated,Extracellular/Lumenal,,0.015
P40967,PSAP,concatenated,Extracellular/Lumenal,,0.0041666666666666
P07766,PSAP,concatenated,Extracellular/Lumenal,,0.0175
P20963,PSAP,concatenated,Extracellular/Lumenal,,0.0083333333333333
P04626,PSAP,concatenated,Extracellular/Lumenal,,0.0166666666666666
O75460,PSAP,concatenated,Extracellular/Lumenal,,0.0183333333333333
P35968,PSAP,concatenated,Extracellular/Lumenal,,0.0166666666666666
Q12879,PSAP,concatenated,Extracellular/Lumenal,,0.0216666666666666
Q86WV6,PSAP,concatenated,Extracellular/Lumenal,,0.0083333333333333
P07949,PSAP,concatenated,Extracellular/Lumenal,,0.0175
P08908,PSAP,concatenated,Extracellular/Lumenal,,0.0175
P01857,PSAP,concatenated,Extracellular/Lumenal,,0.015
Q7Z3C6,PSAP,concatenated,Extracellular/Lumenal,,0.0116666666666666
O75581,PSAP,concatenated,Extracellular/Lumenal,,0.0175
P63027,PSAP,concatenated,Extracellular/Lumenal,,0.0008333333333333
Q04671,PSAP,concatenated,Extracellular/Lumenal,,0.0158333333333333
Q14BN4,PSAP,concatenated,Extracellular/Lumenal,,0.0016666666666666
P15529,PSAP,concatenated,Extracellular/Lumenal,,0.0091666666666666
Q8TEM1,PSAP,concatenated,Extracellular/Lumenal,,0.0108333333333333
P00533,PSAP,concatenated,Extracellular/Lumenal,,0.0183333333333333
P21802,PSAP,concatenated,Extracellular/Lumenal,,0.0216666666666666
P08247,PSAP,concatenated,Extracellular/Lumenal,,0.0141666666666666
Q14739,PSAP,concatenated,Extracellular/Lumenal,,0.0175
P29317,PSAP,concatenated,Extracellular/Lumenal,,0.0166666666666666
P17948,PSAP,concatenated,Extracellular/Lumenal,,0.0208333333333333
P05556,PSAP,concatenated,Extracellular/Lumenal,,0.0216666666666666
P10747,PSAP,concatenated,Extracellular/Lumenal,,0.015
Q16635,PSAP,concatenated,Extracellular/Lumenal,,0.0091666666666666
P61073,PSAP,concatenated,Extracellular/Lumenal,,0.0166666666666666
Q15303,PSAP,concatenated,Extracellular/Lumenal,,0.02
O00254,PSAP,concatenated,Extracellular/Lumenal,,0.0116666666666666
Q9Y624,PSAP,concatenated,Extracellular/Lumenal,,0.0141666666666666
P31645,PSAP,concatenated,Extracellular/Lumenal,,0.0083333333333333
P49146,PSAP,concatenated,Extracellular/Lumenal,,0.0166666666666666
P15954,PSAP,concatenated,Extracellular/Lumenal,,0.0316666666666666
P13569,PSAP,concatenated,Extracellular/Lumenal,,0.0116666666666666
P15941,PSAP,segment,Cytoplasmic,0.0,0.0041666666666666
Q7Z434,PSAP,segment,Cytoplasmic,0.0,0.0166666666666666
Q9BR39,PSAP,segment,Cytoplasmic,0.0,0.0383333333333333
O43561,PSAP,segment,Cytoplasmic,0.0,0.02
P31431,PSAP,segment,Cytoplasmic,0.0,0.0175
O75445,PSAP,segment,Cytoplasmic,0.0,0.0208333333333333
Q9UM73,PSAP,segment,Cytoplasmic,0.0,0.005
Q9H461,PSAP,segment,Cytoplasmic,0.0,0.0108333333333333
Q9H461,PSAP,segment,Cytoplasmic,1.0,0.0033333333333333
Q9H461,PSAP,segment,Cytoplasmic,2.0,0.015
Q9H461,PSAP,segment,Cytoplasmic,3.0,0.035
O14763,PSAP,segment,Cytoplasmic,0.0,0.0075
P46531,PSAP,segment,Cytoplasmic,0.0,0.01
Q8N114,PSAP,segment,Cytoplasmic,0.0,0.0083333333333333
Q07065,PSAP,segment,Cytoplasmic,0.0,0.02
P08172,PSAP,segment,Cytoplasmic,0.0,0.0425
P08172,PSAP,segment,Cytoplasmic,1.0,0.0041666666666666
P08172,PSAP,segment,Cytoplasmic,2.0,0.015
P08172,PSAP,segment,Cytoplasmic,3.0,0.0058333333333333
Q08345,PSAP,segment,Cytoplasmic,0.0,0.01
O60500,PSAP,segment,Cytoplasmic,0.0,0.0133333333333333
P05067,PSAP,segment,Cytoplasmic,0.0,0.0058333333333333
Q8WXG9,PSAP,segment,Cytoplasmic,0.0,0.0041666666666666
Q8WXG9,PSAP,segment,Cytoplasmic,1.0,0.015
Q8WXG9,PSAP,segment,Cytoplasmic,2.0,0.0216666666666666
Q8WXG9,PSAP,segment,Cytoplasmic,3.0,0.0108333333333333
P11362,PSAP,segment,Cytoplasmic,0.0,0.0216666666666666
P40967,PSAP,segment,Cytoplasmic,0.0,0.0058333333333333
P07766,PSAP,segment,Cytoplasmic,0.0,0.0225
P20963,PSAP,segment,Cytoplasmic,0.0,0.0041666666666666
P04626,PSAP,segment,Cytoplasmic,0.0,0.0116666666666666
O75460,PSAP,segment,Cytoplasmic,0.0,0.0125
P35968,PSAP,segment,Cytoplasmic,0.0,0.0108333333333333
Q12879,PSAP,segment,Cytoplasmic,0.0,0.0191666666666666
Q12879,PSAP,segment,Cytoplasmic,1.0,0.0141666666666666
Q12879,PSAP,segment,Cytoplasmic,2.0,0.0125
Q86WV6,PSAP,segment,Cytoplasmic,0.0,0.0016666666666666
Q86WV6,PSAP,segment,Cytoplasmic,1.0,0.0025
Q86WV6,PSAP,segment,Cytoplasmic,2.0,0.0091666666666666
P07949,PSAP,segment,Cytoplasmic,0.0,0.0108333333333333
P08908,PSAP,segment,Cytoplasmic,0.0,0.0083333333333333
P08908,PSAP,segment,Cytoplasmic,1.0,0.0158333333333333
P08908,PSAP,segment,Cytoplasmic,2.0,0.0141666666666666
P08908,PSAP,segment,Cytoplasmic,3.0,0.0241666666666666
Q7Z3C6,PSAP,segment,Cytoplasmic,0.0,0.0108333333333333
Q7Z3C6,PSAP,segment,Cytoplasmic,1.0,0.0041666666666666
Q7Z3C6,PSAP,segment,Cytoplasmic,2.0,0.0041666666666666
Q7Z3C6,PSAP,segment,Cytoplasmic,3.0,0.005
Q7Z3C6,PSAP,segment,Cytoplasmic,4.0,0.0066666666666666
Q7Z3C6,PSAP,segment,Cytoplasmic,5.0,0.0025
Q7Z3C6,PSAP,segment,Cytoplasmic,6.0,0.0141666666666666
O75581,PSAP,segment,Cytoplasmic,0.0,0.0041666666666666
P63027,PSAP,segment,Cytoplasmic,0.0,0.0091666666666666
Q04671,PSAP,segment,Cytoplasmic,0.0,0.0116666666666666
Q04671,PSAP,segment,Cytoplasmic,1.0,0.0033333333333333
Q04671,PSAP,segment,Cytoplasmic,2.0,0.0116666666666666
Q04671,PSAP,segment,Cytoplasmic,3.0,0.0041666666666666
Q04671,PSAP,segment,Cytoplasmic,4.0,0.0083333333333333
Q04671,PSAP,segment,Cytoplasmic,5.0,0.0208333333333333
Q04671,PSAP,segment,Cytoplasmic,6.0,0.015
Q14BN4,PSAP,segment,Cytoplasmic,0.0,0.0083333333333333
P15529,PSAP,segment,Cytoplasmic,0.0,0.0033333333333333
Q8TEM1,PSAP,segment,Cytoplasmic,0.0,0.0016666666666666
P00533,PSAP,segment,Cytoplasmic,0.0,0.0141666666666666
P21802,PSAP,segment,Cytoplasmic,0.0,0.0125
P08247,PSAP,segment,Cytoplasmic,0.0,0.0058333333333333
P08247,PSAP,segment,Cytoplasmic,1.0,0.0125
P08247,PSAP,segment,Cytoplasmic,2.0,0.035
P29317,PSAP,segment,Cytoplasmic,0.0,0.0158333333333333
P17948,PSAP,segment,Cytoplasmic,0.0,0.0091666666666666
P05556,PSAP,segment,Cytoplasmic,0.0,0.0075
P10747,PSAP,segment,Cytoplasmic,0.0,0.0083333333333333
P61073,PSAP,segment,Cytoplasmic,0.0,0.0066666666666666
P61073,PSAP,segment,Cytoplasmic,1.0,0.0125
P61073,PSAP,segment,Cytoplasmic,2.0,0.0091666666666666
P61073,PSAP,segment,Cytoplasmic,3.0,0.0116666666666666
Q15303,PSAP,segment,Cytoplasmic,0.0,0.0175
O00254,PSAP,segment,Cytoplasmic,0.0,0.0033333333333333
O00254,PSAP,segment,Cytoplasmic,1.0,0.005
O00254,PSAP,segment,Cytoplasmic,2.0,0.0033333333333333
O00254,PSAP,segment,Cytoplasmic,3.0,0.0058333333333333
Q9Y624,PSAP,segment,Cytoplasmic,0.0,0.025
P31645,PSAP,segment,Cytoplasmic,0.0,0.0108333333333333
P31645,PSAP,segment,Cytoplasmic,1.0,0.0083333333333333
P31645,PSAP,segment,Cytoplasmic,2.0,0.005
P31645,PSAP,segment,Cytoplasmic,3.0,0.0333333333333333
P31645,PSAP,segment,Cytoplasmic,4.0,0.005
P31645,PSAP,segment,Cytoplasmic,5.0,0.0133333333333333
P31645,PSAP,segment,Cytoplasmic,6.0,0.0066666666666666
P49146,PSAP,segment,Cytoplasmic,0.0,0.0033333333333333
P49146,PSAP,segment,Cytoplasmic,1.0,0.005
P49146,PSAP,segment,Cytoplasmic,2.0,0.0041666666666666
P49146,PSAP,segment,Cytoplasmic,3.0,0.0091666666666666
P13569,PSAP,segment,Cytoplasmic,0.0,0.0075
P13569,PSAP,segment,Cytoplasmic,1.0,0.005
P13569,PSAP,segment,Cytoplasmic,2.0,0.005
P13569,PSAP,segment,Cytoplasmic,3.0,0.01
P13569,PSAP,segment,Cytoplasmic,4.0,0.01
P13569,PSAP,segment,Cytoplasmic,5.0,0.005
P13569,PSAP,segment,Cytoplasmic,6.0,0.0116666666666666
Q03135,PSAP,segment,Cytoplasmic,0.0,0.0125
Q03135,PSAP,segment,Cytoplasmic,1.0,0.0041666666666666
P15941,PSAP,segment,Transmembrane,0.0,0.0041666666666666
Q7Z434,PSAP,segment,Transmembrane,0.0,0.0158333333333333
Q9BR39,PSAP,segment,Transmembrane,0.0,0.0041666666666666
O43561,PSAP,segment,Transmembrane,0.0,0.0016666666666666
P31431,PSAP,segment,Transmembrane,0.0,0.005
O75445,PSAP,segment,Transmembrane,0.0,0.0016666666666666
Q9UM73,PSAP,segment,Transmembrane,0.0,0.0016666666666666
Q9H461,PSAP,segment,Transmembrane,0.0,0.0066666666666666
Q9H461,PSAP,segment,Transmembrane,1.0,0.0025
Q9H461,PSAP,segment,Transmembrane,2.0,0.0041666666666666
Q9H461,PSAP,segment,Transmembrane,3.0,0.015
Q9H461,PSAP,segment,Transmembrane,4.0,0.0016666666666666
Q9H461,PSAP,segment,Transmembrane,5.0,0.0
Q9H461,PSAP,segment,Transmembrane,6.0,0.0091666666666666
O14763,PSAP,segment,Transmembrane,0.0,0.0016666666666666
P46531,PSAP,segment,Transmembrane,0.0,0.0008333333333333
Q8N114,PSAP,segment,Transmembrane,0.0,0.0058333333333333
Q07065,PSAP,segment,Transmembrane,0.0,0.0083333333333333
P08172,PSAP,segment,Transmembrane,0.0,0.0116666666666666
P08172,PSAP,segment,Transmembrane,1.0,0.0125
P08172,PSAP,segment,Transmembrane,2.0,0.0241666666666666
P08172,PSAP,segment,Transmembrane,3.0,0.0025
P08172,PSAP,segment,Transmembrane,4.0,0.0058333333333333
P08172,PSAP,segment,Transmembrane,5.0,0.0208333333333333
P08172,PSAP,segment,Transmembrane,6.0,0.0108333333333333
Q08345,PSAP,segment,Transmembrane,0.0,0.0075
O60500,PSAP,segment,Transmembrane,0.0,0.0208333333333333
P05067,PSAP,segment,Transmembrane,0.0,0.0133333333333333
Q8WXG9,PSAP,segment,Transmembrane,0.0,0.0091666666666666
Q8WXG9,PSAP,segment,Transmembrane,1.0,0.0075
Q8WXG9,PSAP,segment,Transmembrane,2.0,0.0116666666666666
Q8WXG9,PSAP,segment,Transmembrane,3.0,0.0016666666666666
Q8WXG9,PSAP,segment,Transmembrane,4.0,0.0025
Q8WXG9,PSAP,segment,Transmembrane,5.0,0.0066666666666666
Q8WXG9,PSAP,segment,Transmembrane,6.0,0.0066666666666666
P11362,PSAP,segment,Transmembrane,0.0,0.0016666666666666
Q8NC56,PSAP,segment,Transmembrane,0.0,0.005
Q8NC56,PSAP,segment,Transmembrane,1.0,0.0025
P40967,PSAP,segment,Transmembrane,0.0,0.0016666666666666
P07766,PSAP,segment,Transmembrane,0.0,0.0091666666666666
P20963,PSAP,segment,Transmembrane,0.0,0.01
P04626,PSAP,segment,Transmembrane,0.0,0.0216666666666666
O75460,PSAP,segment,Transmembrane,0.0,0.0033333333333333
P35968,PSAP,segment,Transmembrane,0.0,0.0008333333333333
Q12879,PSAP,segment,Transmembrane,0.0,0.0008333333333333
Q12879,PSAP,segment,Transmembrane,1.0,0.015
Q12879,PSAP,segment,Transmembrane,2.0,0.01
Q86WV6,PSAP,segment,Transmembrane,0.0,0.0083333333333333
Q86WV6,PSAP,segment,Transmembrane,1.0,0.0083333333333333
Q86WV6,PSAP,segment,Transmembrane,2.0,0.0058333333333333
Q86WV6,PSAP,segment,Transmembrane,3.0,0.0083333333333333
P07949,PSAP,segment,Transmembrane,0.0,0.0133333333333333
P08908,PSAP,segment,Transmembrane,0.0,0.0191666666666666
P08908,PSAP,segment,Transmembrane,1.0,0.0141666666666666
P08908,PSAP,segment,Transmembrane,2.0,0.0075
P08908,PSAP,segment,Transmembrane,3.0,0.0075
P08908,PSAP,segment,Transmembrane,4.0,0.0041666666666666
P08908,PSAP,segment,Transmembrane,5.0,0.0016666666666666
P08908,PSAP,segment,Transmembrane,6.0,0.015
Q7Z3C6,PSAP,segment,Transmembrane,0.0,0.0075
Q7Z3C6,PSAP,segment,Transmembrane,1.0,0.0258333333333333
Q7Z3C6,PSAP,segment,Transmembrane,2.0,0.0108333333333333
Q7Z3C6,PSAP,segment,Transmembrane,3.0,0.0041666666666666
O75581,PSAP,segment,Transmembrane,0.0,0.0208333333333333
P63027,PSAP,segment,Transmembrane,0.0,0.0
O60733,PSAP,segment,Transmembrane,0.0,0.0141666666666666
O60733,PSAP,segment,Transmembrane,1.0,0.0208333333333333
Q04671,PSAP,segment,Transmembrane,0.0,0.0025
Q04671,PSAP,segment,Transmembrane,1.0,0.0016666666666666
Q04671,PSAP,segment,Transmembrane,2.0,0.0133333333333333
Q04671,PSAP,segment,Transmembrane,3.0,0.0041666666666666
Q04671,PSAP,segment,Transmembrane,4.0,0.0016666666666666
Q04671,PSAP,segment,Transmembrane,5.0,0.0033333333333333
Q04671,PSAP,segment,Transmembrane,6.0,0.0041666666666666
Q04671,PSAP,segment,Transmembrane,7.0,0.01
Q04671,PSAP,segment,Transmembrane,8.0,0.0066666666666666
Q04671,PSAP,segment,Transmembrane,9.0,0.0066666666666666
Q04671,PSAP,segment,Transmembrane,10.0,0.0066666666666666
Q04671,PSAP,segment,Transmembrane,11.0,0.0016666666666666
Q14BN4,PSAP,segment,Transmembrane,0.0,0.0041666666666666
P15529,PSAP,segment,Transmembrane,0.0,0.0191666666666666
Q8TEM1,PSAP,segment,Transmembrane,0.0,0.005
Q9UJA2,PSAP,segment,Transmembrane,0.0,0.0133333333333333
Q9UJA2,PSAP,segment,Transmembrane,1.0,0.0158333333333333
Q9UJA2,PSAP,segment,Transmembrane,2.0,0.0125
Q9UJA2,PSAP,segment,Transmembrane,3.0,0.0216666666666666
Q9UJA2,PSAP,segment,Transmembrane,4.0,0.0033333333333333
P00533,PSAP,segment,Transmembrane,0.0,0.025
P21802,PSAP,segment,Transmembrane,0.0,0.0008333333333333
P08247,PSAP,segment,Transmembrane,0.0,0.0133333333333333
P08247,PSAP,segment,Transmembrane,1.0,0.0033333333333333
P08247,PSAP,segment,Transmembrane,2.0,0.0166666666666666
P08247,PSAP,segment,Transmembrane,3.0,0.0233333333333333
Q14739,PSAP,segment,Transmembrane,0.0,0.0183333333333333
Q14739,PSAP,segment,Transmembrane,1.0,0.0058333333333333
Q14739,PSAP,segment,Transmembrane,2.0,0.0141666666666666
Q14739,PSAP,segment,Transmembrane,3.0,0.0016666666666666
Q14739,PSAP,segment,Transmembrane,4.0,0.015
Q14739,PSAP,segment,Transmembrane,5.0,0.0291666666666666
Q14739,PSAP,segment,Transmembrane,6.0,0.0116666666666666
Q14739,PSAP,segment,Transmembrane,7.0,0.0075
P29317,PSAP,segment,Transmembrane,0.0,0.0233333333333333
P17948,PSAP,segment,Transmembrane,0.0,0.0016666666666666
P05556,PSAP,segment,Transmembrane,0.0,0.0258333333333333
P10747,PSAP,segment,Transmembrane,0.0,0.0008333333333333
P61073,PSAP,segment,Transmembrane,0.0,0.0033333333333333
P61073,PSAP,segment,Transmembrane,1.0,0.0141666666666666
P61073,PSAP,segment,Transmembrane,2.0,0.015
P61073,PSAP,segment,Transmembrane,3.0,0.0116666666666666
P61073,PSAP,segment,Transmembrane,4.0,0.0066666666666666
P61073,PSAP,segment,Transmembrane,5.0,0.0025
P61073,PSAP,segment,Transmembrane,6.0,0.0091666666666666
Q15303,PSAP,segment,Transmembrane,0.0,0.0058333333333333
O00254,PSAP,segment,Transmembrane,0.0,0.01
O00254,PSAP,segment,Transmembrane,1.0,0.02
O00254,PSAP,segment,Transmembrane,2.0,0.0091666666666666
O00254,PSAP,segment,Transmembrane,3.0,0.005
O00254,PSAP,segment,Transmembrane,4.0,0.0033333333333333
O00254,PSAP,segment,Transmembrane,5.0,0.0116666666666666
O00254,PSAP,segment,Transmembrane,6.0,0.0125
Q9H3U5,PSAP,segment,Transmembrane,0.0,0.0066666666666666
Q9H3U5,PSAP,segment,Transmembrane,1.0,0.0075
Q9H3U5,PSAP,segment,Transmembrane,2.0,0.0041666666666666
Q9H3U5,PSAP,segment,Transmembrane,3.0,0.0175
Q9H3U5,PSAP,segment,Transmembrane,4.0,0.02
Q9H3U5,PSAP,segment,Transmembrane,5.0,0.0041666666666666
Q9H3U5,PSAP,segment,Transmembrane,6.0,0.0025
Q9H3U5,PSAP,segment,Transmembrane,7.0,0.0183333333333333
Q9H3U5,PSAP,segment,Transmembrane,8.0,0.0041666666666666
Q9H3U5,PSAP,segment,Transmembrane,9.0,0.0033333333333333
Q9H3U5,PSAP,segment,Transmembrane,10.0,0.0066666666666666
Q9H3U5,PSAP,segment,Transmembrane,11.0,0.0075
Q9Y624,PSAP,segment,Transmembrane,0.0,0.0008333333333333
P31645,PSAP,segment,Transmembrane,0.0,0.0408333333333333
P31645,PSAP,segment,Transmembrane,1.0,0.0033333333333333
P31645,PSAP,segment,Transmembrane,2.0,0.0008333333333333
P31645,PSAP,segment,Transmembrane,3.0,0.0033333333333333
P31645,PSAP,segment,Transmembrane,4.0,0.0075
P31645,PSAP,segment,Transmembrane,5.0,0.0283333333333333
P31645,PSAP,segment,Transmembrane,6.0,0.0108333333333333
P31645,PSAP,segment,Transmembrane,7.0,0.0116666666666666
P31645,PSAP,segment,Transmembrane,8.0,0.0025
P31645,PSAP,segment,Transmembrane,9.0,0.0075
P31645,PSAP,segment,Transmembrane,10.0,0.0041666666666666
P31645,PSAP,segment,Transmembrane,11.0,0.005
P49146,PSAP,segment,Transmembrane,0.0,0.0191666666666666
P49146,PSAP,segment,Transmembrane,1.0,0.015
P49146,PSAP,segment,Transmembrane,2.0,0.0141666666666666
P49146,PSAP,segment,Transmembrane,3.0,0.0033333333333333
P49146,PSAP,segment,Transmembrane,4.0,0.0075
P49146,PSAP,segment,Transmembrane,5.0,0.0083333333333333
P49146,PSAP,segment,Transmembrane,6.0,0.01
P15954,PSAP,segment,Transmembrane,0.0,0.0066666666666666
P13569,PSAP,segment,Transmembrane,0.0,0.02
P13569,PSAP,segment,Transmembrane,1.0,0.0125
P13569,PSAP,segment,Transmembrane,2.0,0.0058333333333333
P13569,PSAP,segment,Transmembrane,3.0,0.005
P13569,PSAP,segment,Transmembrane,4.0,0.0241666666666666
P13569,PSAP,segment,Transmembrane,5.0,0.0075
P13569,PSAP,segment,Transmembrane,6.0,0.0016666666666666
P13569,PSAP,segment,Transmembrane,7.0,0.0158333333333333
P13569,PSAP,segment,Transmembrane,8.0,0.0058333333333333
P13569,PSAP,segment,Transmembrane,9.0,0.0025
P13569,PSAP,segment,Transmembrane,10.0,0.0066666666666666
P13569,PSAP,segment,Transmembrane,11.0,0.0183333333333333
Q9BRQ8,PSAP,segment,Transmembrane,0.0,0.0233333333333333
Q13021,PSAP,segment,Transmembrane,0.0,0.0033333333333333
Q13021,PSAP,segment,Transmembrane,1.0,0.0083333333333333
Q13021,PSAP,segment,Transmembrane,2.0,0.0141666666666666
Q13021,PSAP,segment,Transmembrane,3.0,0.0083333333333333
P15941,PSAP,segment,Extracellular/Lumenal,0.0,0.0083333333333333
Q7Z434,PSAP,segment,Extracellular/Lumenal,0.0,0.0016666666666666
O43561,PSAP,segment,Extracellular/Lumenal,0.0,0.0008333333333333
P31431,PSAP,segment,Extracellular/Lumenal,0.0,0.0033333333333333
O75445,PSAP,segment,Extracellular/Lumenal,0.0,0.0016666666666666
Q9UM73,PSAP,segment,Extracellular/Lumenal,0.0,0.0008333333333333
Q9H461,PSAP,segment,Extracellular/Lumenal,0.0,0.0083333333333333
Q9H461,PSAP,segment,Extracellular/Lumenal,1.0,0.0308333333333333
Q9H461,PSAP,segment,Extracellular/Lumenal,2.0,0.0033333333333333
Q9H461,PSAP,segment,Extracellular/Lumenal,3.0,0.0025
O14763,PSAP,segment,Extracellular/Lumenal,0.0,0.0066666666666666
P46531,PSAP,segment,Extracellular/Lumenal,0.0,0.0016666666666666
Q8N114,PSAP,segment,Extracellular/Lumenal,0.0,0.0033333333333333
Q07065,PSAP,segment,Extracellular/Lumenal,0.0,0.005
P08172,PSAP,segment,Extracellular/Lumenal,0.0,0.0025
P08172,PSAP,segment,Extracellular/Lumenal,1.0,0.0008333333333333
P08172,PSAP,segment,Extracellular/Lumenal,2.0,0.0008333333333333
P08172,PSAP,segment,Extracellular/Lumenal,3.0,0.01
Q08345,PSAP,segment,Extracellular/Lumenal,0.0,0.0025
O60500,PSAP,segment,Extracellular/Lumenal,0.0,0.005
P05067,PSAP,segment,Extracellular/Lumenal,0.0,0.0066666666666666
Q8WXG9,PSAP,segment,Extracellular/Lumenal,0.0,0.0083333333333333
Q8WXG9,PSAP,segment,Extracellular/Lumenal,1.0,0.0033333333333333
Q8WXG9,PSAP,segment,Extracellular/Lumenal,2.0,0.0
Q8WXG9,PSAP,segment,Extracellular/Lumenal,3.0,0.0025
P11362,PSAP,segment,Extracellular/Lumenal,0.0,0.0066666666666666
P40967,PSAP,segment,Extracellular/Lumenal,0.0,0.0008333333333333
P07766,PSAP,segment,Extracellular/Lumenal,0.0,0.0033333333333333
P20963,PSAP,segment,Extracellular/Lumenal,0.0,0.0075
P04626,PSAP,segment,Extracellular/Lumenal,0.0,0.0041666666666666
O75460,PSAP,segment,Extracellular/Lumenal,0.0,0.01
P35968,PSAP,segment,Extracellular/Lumenal,0.0,0.005
Q12879,PSAP,segment,Extracellular/Lumenal,0.0,0.0058333333333333
Q12879,PSAP,segment,Extracellular/Lumenal,1.0,0.0041666666666666
Q86WV6,PSAP,segment,Extracellular/Lumenal,0.0,0.0025
Q86WV6,PSAP,segment,Extracellular/Lumenal,1.0,0.0066666666666666
P07949,PSAP,segment,Extracellular/Lumenal,0.0,0.0025
P08908,PSAP,segment,Extracellular/Lumenal,0.0,0.0075
P08908,PSAP,segment,Extracellular/Lumenal,1.0,0.015
P08908,PSAP,segment,Extracellular/Lumenal,2.0,0.0066666666666666
P08908,PSAP,segment,Extracellular/Lumenal,3.0,0.0058333333333333
P01857,PSAP,segment,Extracellular/Lumenal,0.0,0.0008333333333333
Q7Z3C6,PSAP,segment,Extracellular/Lumenal,0.0,0.0025
Q7Z3C6,PSAP,segment,Extracellular/Lumenal,1.0,0.0083333333333333
O75581,PSAP,segment,Extracellular/Lumenal,0.0,0.005
P63027,PSAP,segment,Extracellular/Lumenal,0.0,0.0
Q04671,PSAP,segment,Extracellular/Lumenal,0.0,0.0091666666666666
Q04671,PSAP,segment,Extracellular/Lumenal,1.0,0.005
Q04671,PSAP,segment,Extracellular/Lumenal,2.0,0.0025
Q04671,PSAP,segment,Extracellular/Lumenal,3.0,0.0066666666666666
Q04671,PSAP,segment,Extracellular/Lumenal,4.0,0.0041666666666666
Q04671,PSAP,segment,Extracellular/Lumenal,5.0,0.0016666666666666
Q14BN4,PSAP,segment,Extracellular/Lumenal,0.0,0.0016666666666666
P15529,PSAP,segment,Extracellular/Lumenal,0.0,0.0025
Q8TEM1,PSAP,segment,Extracellular/Lumenal,0.0,0.0075
P00533,PSAP,segment,Extracellular/Lumenal,0.0,0.0066666666666666
P21802,PSAP,segment,Extracellular/Lumenal,0.0,0.0058333333333333
P08247,PSAP,segment,Extracellular/Lumenal,0.0,0.0033333333333333
P08247,PSAP,segment,Extracellular/Lumenal,1.0,0.0008333333333333
Q14739,PSAP,segment,Extracellular/Lumenal,0.0,0.0125
P29317,PSAP,segment,Extracellular/Lumenal,0.0,0.0025
P17948,PSAP,segment,Extracellular/Lumenal,0.0,0.0041666666666666
P05556,PSAP,segment,Extracellular/Lumenal,0.0,0.0008333333333333
P10747,PSAP,segment,Extracellular/Lumenal,0.0,0.005
Q16635,PSAP,segment,Extracellular/Lumenal,0.0,0.0016666666666666
Q16635,PSAP,segment,Extracellular/Lumenal,1.0,0.0016666666666666
P61073,PSAP,segment,Extracellular/Lumenal,0.0,0.0183333333333333
P61073,PSAP,segment,Extracellular/Lumenal,1.0,0.0158333333333333
P61073,PSAP,segment,Extracellular/Lumenal,2.0,0.0258333333333333
P61073,PSAP,segment,Extracellular/Lumenal,3.0,0.0041666666666666
Q15303,PSAP,segment,Extracellular/Lumenal,0.0,0.0041666666666666
O00254,PSAP,segment,Extracellular/Lumenal,0.0,0.0
O00254,PSAP,segment,Extracellular/Lumenal,1.0,0.0258333333333333
O00254,PSAP,segment,Extracellular/Lumenal,2.0,0.0041666666666666
O00254,PSAP,segment,Extracellular/Lumenal,3.0,0.0133333333333333
Q9Y624,PSAP,segment,Extracellular/Lumenal,0.0,0.0016666666666666
P31645,PSAP,segment,Extracellular/Lumenal,0.0,0.005
P31645,PSAP,segment,Extracellular/Lumenal,1.0,0.0
P31645,PSAP,segment,Extracellular/Lumenal,2.0,0.0016666666666666
P31645,PSAP,segment,Extracellular/Lumenal,3.0,0.0008333333333333
P31645,PSAP,segment,Extracellular/Lumenal,4.0,0.0025
P31645,PSAP,segment,Extracellular/Lumenal,5.0,0.0016666666666666
P49146,PSAP,segment,Extracellular/Lumenal,0.0,0.0041666666666666
P49146,PSAP,segment,Extracellular/Lumenal,1.0,0.0075
P49146,PSAP,segment,Extracellular/Lumenal,2.0,0.0008333333333333
P49146,PSAP,segment,Extracellular/Lumenal,3.0,0.0075
P15954,PSAP,segment,Extracellular/Lumenal,0.0,0.0166666666666666
P15954,PSAP,segment,Extracellular/Lumenal,1.0,0.005
P13569,PSAP,segment,Extracellular/Lumenal,0.0,0.0016666666666666
P13569,PSAP,segment,Extracellular/Lumenal,1.0,0.0025
P13569,PSAP,segment,Extracellular/Lumenal,2.0,0.0041666666666666
P13569,PSAP,segment,Extracellular/Lumenal,3.0,0.0033333333333333
P13569,PSAP,segment,Extracellular/Lumenal,4.0,0.0008333333333333
P13569,PSAP,segment,Extracellular/Lumenal,5.0,0.01
P15941,FuzDrop,whole,Whole,,0.9995
Q7Z434,FuzDrop,whole,Whole,,0.9938
Q9BR39,FuzDrop,whole,Whole,,0.9462
O43561,FuzDrop,whole,Whole,,0.9213
P31431,FuzDrop,whole,Whole,,0.8636
O75445,FuzDrop,whole,Whole,,0.0937
Q9UM73,FuzDrop,whole,Whole,,0.174
Q9H461,FuzDrop,whole,Whole,,0.4981
O14763,FuzDrop,whole,Whole,,0.3519
P46531,FuzDrop,whole,Whole,,0.1871
Q8N114,FuzDrop,whole,Whole,,0.2536
Q07065,FuzDrop,whole,Whole,,0.9971
P08172,FuzDrop,whole,Whole,,0.3514
Q08345,FuzDrop,whole,Whole,,0.1217
O60500,FuzDrop,whole,Whole,,0.1702
P05067,FuzDrop,whole,Whole,,0.199
Q8WXG9,FuzDrop,whole,Whole,,0.1589
P11362,FuzDrop,whole,Whole,,0.1878
Q8NC56,FuzDrop,whole,Whole,,0.5327
P40967,FuzDrop,whole,Whole,,0.1262
P07766,FuzDrop,whole,Whole,,0.3238
P20963,FuzDrop,whole,Whole,,0.969
P04626,FuzDrop,whole,Whole,,0.207
O75460,FuzDrop,whole,Whole,,0.1098
P35968,FuzDrop,whole,Whole,,0.3245
Q12879,FuzDrop,whole,Whole,,0.1475
Q86WV6,FuzDrop,whole,Whole,,0.3762
P07949,FuzDrop,whole,Whole,,0.1072
P08908,FuzDrop,whole,Whole,,0.158
P01857,FuzDrop,whole,Whole,,0.3456
Q7Z3C6,FuzDrop,whole,Whole,,0.1477
O75581,FuzDrop,whole,Whole,,0.15
P63027,FuzDrop,whole,Whole,,0.9953
O60733,FuzDrop,whole,Whole,,0.0997
Q04671,FuzDrop,whole,Whole,,0.168
Q14BN4,FuzDrop,whole,Whole,,0.6603
P15529,FuzDrop,whole,Whole,,0.1408
Q8TEM1,FuzDrop,whole,Whole,,0.1517
Q9UJA2,FuzDrop,whole,Whole,,0.1465
P00533,FuzDrop,whole,Whole,,0.1218
P21802,FuzDrop,whole,Whole,,0.1705
P08247,FuzDrop,whole,Whole,,0.2042
Q14739,FuzDrop,whole,Whole,,0.2283
P29317,FuzDrop,whole,Whole,,0.1086
P17948,FuzDrop,whole,Whole,,0.1352
P05556,FuzDrop,whole,Whole,,0.1748
P10747,FuzDrop,whole,Whole,,0.1284
Q16635,FuzDrop,whole,Whole,,0.1083
P61073,FuzDrop,whole,Whole,,0.1778
Q15303,FuzDrop,whole,Whole,,0.1056
O00254,FuzDrop,whole,Whole,,0.1037
Q9H3U5,FuzDrop,whole,Whole,,0.133
Q9Y624,FuzDrop,whole,Whole,,0.1585
P31645,FuzDrop,whole,Whole,,0.1242
P49146,FuzDrop,whole,Whole,,0.1302
P13569,FuzDrop,whole,Whole,,0.1293
Q9BRQ8,FuzDrop,whole,Whole,,0.1076
Q03135,FuzDrop,whole,Whole,,0.1871
Q13021,FuzDrop,whole,Whole,,0.2089
P15941,FuzDrop,concatenated,Cytoplasmic,,0.6441
Q7Z434,FuzDrop,concatenated,Cytoplasmic,,0.9947
Q9BR39,FuzDrop,concatenated,Cytoplasmic,,0.9499
O43561,FuzDrop,concatenated,Cytoplasmic,,0.9887
O75445,FuzDrop,concatenated,Cytoplasmic,,0.124
Q9UM73,FuzDrop,concatenated,Cytoplasmic,,0.2101
Q9H461,FuzDrop,concatenated,Cytoplasmic,,0.6125
O14763,FuzDrop,concatenated,Cytoplasmic,,0.258
P46531,FuzDrop,concatenated,Cytoplasmic,,0.4358
Q8N114,FuzDrop,concatenated,Cytoplasmic,,0.9228
Q07065,FuzDrop,concatenated,Cytoplasmic,,0.9926
P08172,FuzDrop,concatenated,Cytoplasmic,,0.5564
Q08345,FuzDrop,concatenated,Cytoplasmic,,0.1626
O60500,FuzDrop,concatenated,Cytoplasmic,,0.7994
P05067,FuzDrop,concatenated,Cytoplasmic,,0.2044
Q8WXG9,FuzDrop,concatenated,Cytoplasmic,,0.5022
P11362,FuzDrop,concatenated,Cytoplasmic,,0.1748
P20963,FuzDrop,concatenated,Cytoplasmic,,0.9859
P04626,FuzDrop,concatenated,Cytoplasmic,,0.2757
O75460,FuzDrop,concatenated,Cytoplasmic,,0.1101
P35968,FuzDrop,concatenated,Cytoplasmic,,0.3997
Q12879,FuzDrop,concatenated,Cytoplasmic,,0.4962
Q86WV6,FuzDrop,concatenated,Cytoplasmic,,0.4091
P07949,FuzDrop,concatenated,Cytoplasmic,,0.1202
P08908,FuzDrop,concatenated,Cytoplasmic,,0.1939
Q7Z3C6,FuzDrop,concatenated,Cytoplasmic,,0.1688
O75581,FuzDrop,concatenated,Cytoplasmic,,0.7289
P63027,FuzDrop,concatenated,Cytoplasmic,,0.994
Q04671,FuzDrop,concatenated,Cytoplasmic,,0.2706
Q14BN4,FuzDrop,concatenated,Cytoplasmic,,0.6004
Q8TEM1,FuzDrop,concatenated,Cytoplasmic,,0.9895
P00533,FuzDrop,concatenated,Cytoplasmic,,0.139
P21802,FuzDrop,concatenated,Cytoplasmic,,0.1759
P08247,FuzDrop,concatenated,Cytoplasmic,,0.9639
P29317,FuzDrop,concatenated,Cytoplasmic,,0.1001
P17948,FuzDrop,concatenated,Cytoplasmic,,0.1705
P61073,FuzDrop,concatenated,Cytoplasmic,,0.2594
Q15303,FuzDrop,concatenated,Cytoplasmic,,0.2437
O00254,FuzDrop,concatenated,Cytoplasmic,,0.1343
P31645,FuzDrop,concatenated,Cytoplasmic,,0.2867
P49146,FuzDrop,concatenated,Cytoplasmic,,0.1504
P13569,FuzDrop,concatenated,Cytoplasmic,,0.1299
Q03135,FuzDrop,concatenated,Cytoplasmic,,0.2113
Q9H461,FuzDrop,concatenated,Transmembrane,,0.1476
P08172,FuzDrop,concatenated,Transmembrane,,0.1928
Q8WXG9,FuzDrop,concatenated,Transmembrane,,0.1367
Q12879,FuzDrop,concatenated,Transmembrane,,0.1513
Q86WV6,FuzDrop,concatenated,Transmembrane,,0.1595
P08908,FuzDrop,concatenated,Transmembrane,,0.1587
Q7Z3C6,FuzDrop,concatenated,Transmembrane,,0.1339
Q04671,FuzDrop,concatenated,Transmembrane,,0.1585
Q9UJA2,FuzDrop,concatenated,Transmembrane,,0.1496
P08247,FuzDrop,concatenated,Transmembrane,,0.166
Q14739,FuzDrop,concatenated,Transmembrane,,0.117
P61073,FuzDrop,concatenated,Transmembrane,,0.1216
O00254,FuzDrop,concatenated,Transmembrane,,0.123
Q9H3U5,FuzDrop,concatenated,Transmembrane,,0.1146
P31645,FuzDrop,concatenated,Transmembrane,,0.1146
P49146,FuzDrop,concatenated,Transmembrane,,0.1134
P13569,FuzDrop,concatenated,Transmembrane,,0.1206
Q13021,FuzDrop,concatenated,Transmembrane,,0.2033
P15941,FuzDrop,concatenated,Extracellular/Lumenal,,0.9987
O43561,FuzDrop,concatenated,Extracellular/Lumenal,,0.232
P31431,FuzDrop,concatenated,Extracellular/Lumenal,,0.9798
O75445,FuzDrop,concatenated,Extracellular/Lumenal,,0.0935
Q9UM73,FuzDrop,concatenated,Extracellular/Lumenal,,0.1005
Q9H461,FuzDrop,concatenated,Extracellular/Lumenal,,0.1583
O14763,FuzDrop,concatenated,Extracellular/Lumenal,,0.1709
P46531,FuzDrop,concatenated,Extracellular/Lumenal,,0.1047
Q8N114,FuzDrop,concatenated,Extracellular/Lumenal,,0.1363
Q07065,FuzDrop,concatenated,Extracellular/Lumenal,,0.9913
P08172,FuzDrop,concatenated,Extracellular/Lumenal,,0.1245
Q08345,FuzDrop,concatenated,Extracellular/Lumenal,,0.1104
O60500,FuzDrop,concatenated,Extracellular/Lumenal,,0.1018
P05067,FuzDrop,concatenated,Extracellular/Lumenal,,0.1887
Q8WXG9,FuzDrop,concatenated,Extracellular/Lumenal,,0.0931
P11362,FuzDrop,concatenated,Extracellular/Lumenal,,0.1735
P40967,FuzDrop,concatenated,Extracellular/Lumenal,,0.1148
P07766,FuzDrop,concatenated,Extracellular/Lumenal,,0.2007
P04626,FuzDrop,concatenated,Extracellular/Lumenal,,0.0948
O75460,FuzDrop,concatenated,Extracellular/Lumenal,,0.1057
P35968,FuzDrop,concatenated,Extracellular/Lumenal,,0.0929
Q12879,FuzDrop,concatenated,Extracellular/Lumenal,,0.0921
P07949,FuzDrop,concatenated,Extracellular/Lumenal,,0.1
P08908,FuzDrop,concatenated,Extracellular/Lumenal,,0.2259
P01857,FuzDrop,concatenated,Extracellular/Lumenal,,0.3486
Q7Z3C6,FuzDrop,concatenated,Extracellular/Lumenal,,0.1035
O75581,FuzDrop,concatenated,Extracellular/Lumenal,,0.0908
P63027,FuzDrop,concatenated,Extracellular/Lumenal,,0.188
Q04671,FuzDrop,concatenated,Extracellular/Lumenal,,0.0962
P15529,FuzDrop,concatenated,Extracellular/Lumenal,,0.1167
Q8TEM1,FuzDrop,concatenated,Extracellular/Lumenal,,0.0936
P00533,FuzDrop,concatenated,Extracellular/Lumenal,,0.0954
P21802,FuzDrop,concatenated,Extracellular/Lumenal,,0.1013
P08247,FuzDrop,concatenated,Extracellular/Lumenal,,0.1034
Q14739,FuzDrop,concatenated,Extracellular/Lumenal,,0.7897
P29317,FuzDrop,concatenated,Extracellular/Lumenal,,0.1302
P17948,FuzDrop,concatenated,Extracellular/Lumenal,,0.0955
P05556,FuzDrop,concatenated,Extracellular/Lumenal,,0.1072
P10747,FuzDrop,concatenated,Extracellular/Lumenal,,0.1073
P61073,FuzDrop,concatenated,Extracellular/Lumenal,,0.124
Q15303,FuzDrop,concatenated,Extracellular/Lumenal,,0.0956
O00254,FuzDrop,concatenated,Extracellular/Lumenal,,0.0921
Q9Y624,FuzDrop,concatenated,Extracellular/Lumenal,,0.1102
P31645,FuzDrop,concatenated,Extracellular/Lumenal,,0.0894
P49146,FuzDrop,concatenated,Extracellular/Lumenal,,0.5788
P13569,FuzDrop,concatenated,Extracellular/Lumenal,,0.1005
P15941,FuzDrop,segment,Extracellular/Lumenal,0.0,0.9987
P15941,FuzDrop,segment,Cytoplasmic,0.0,0.6441
Q7Z434,FuzDrop,segment,Cytoplasmic,0.0,0.9947
Q9BR39,FuzDrop,segment,Cytoplasmic,0.0,0.9499
O43561,FuzDrop,segment,Extracellular/Lumenal,0.0,0.0248
O43561,FuzDrop,segment,Cytoplasmic,0.0,0.9887
P31431,FuzDrop,segment,Extracellular/Lumenal,0.0,0.9798
O75445,FuzDrop,segment,Extracellular/Lumenal,0.0,0.0935
O75445,FuzDrop,segment,Cytoplasmic,0.0,0.124
Q9UM73,FuzDrop,segment,Extracellular/Lumenal,0.0,0.1005
Q9UM73,FuzDrop,segment,Cytoplasmic,0.0,0.2101
Q9H461,FuzDrop,segment,Extracellular/Lumenal,0.0,0.1908
Q9H461,FuzDrop,segment,Extracellular/Lumenal,1.0,0.1558
Q9H461,FuzDrop,segment,Cytoplasmic,3.0,0.9931
O14763,FuzDrop,segment,Extracellular/Lumenal,0.0,0.1709
O14763,FuzDrop,segment,Cytoplasmic,0.0,0.258
P46531,FuzDrop,segment,Extracellular/Lumenal,0.0,0.1047
P46531,FuzDrop,segment,Cytoplasmic,0.0,0.4358
Q8N114,FuzDrop,segment,Extracellular/Lumenal,0.0,0.1363
Q8N114,FuzDrop,segment,Cytoplasmic,0.0,0.9228
Q07065,FuzDrop,segment,Cytoplasmic,0.0,0.9926
Q07065,FuzDrop,segment,Extracellular/Lumenal,0.0,0.9913
P08172,FuzDrop,segment,Cytoplasmic,2.0,0.5899
Q08345,FuzDrop,segment,Extracellular/Lumenal,0.0,0.1104
Q08345,FuzDrop,segment,Cytoplasmic,0.0,0.1626
O60500,FuzDrop,segment,Extracellular/Lumenal,0.0,0.1018
O60500,FuzDrop,segment,Cytoplasmic,0.0,0.7994
P05067,FuzDrop,segment,Extracellular/Lumenal,0.0,0.1887
P05067,FuzDrop,segment,Cytoplasmic,0.0,0.2044
Q8WXG9,FuzDrop,segment,Extracellular/Lumenal,0.0,0.0932
Q8WXG9,FuzDrop,segment,Cytoplasmic,3.0,0.781
P11362,FuzDrop,segment,Extracellular/Lumenal,0.0,0.1735
P11362,FuzDrop,segment,Cytoplasmic,0.0,0.1748
P40967,FuzDrop,segment,Extracellular/Lumenal,0.0,0.1148
P07766,FuzDrop,segment,Extracellular/Lumenal,0.0,0.2007
P20963,FuzDrop,segment,Cytoplasmic,0.0,0.9859
P04626,FuzDrop,segment,Extracellular/Lumenal,0.0,0.0948
P04626,FuzDrop,segment,Cytoplasmic,0.0,0.2757
O75460,FuzDrop,segment,Extracellular/Lumenal,0.0,0.1057
O75460,FuzDrop,segment,Cytoplasmic,0.0,0.1101
P35968,FuzDrop,segment,Extracellular/Lumenal,0.0,0.0929
P35968,FuzDrop,segment,Cytoplasmic,0.0,0.3997
Q12879,FuzDrop,segment,Extracellular/Lumenal,0.0,0.0948
Q12879,FuzDrop,segment,Extracellular/Lumenal,1.0,0.0889
Q12879,FuzDrop,segment,Cytoplasmic,2.0,0.5098
Q86WV6,FuzDrop,segment,Cytoplasmic,2.0,0.3976
P07949,FuzDrop,segment,Extracellular/Lumenal,0.0,0.1
P07949,FuzDrop,segment,Cytoplasmic,0.0,0.1202
P08908,FuzDrop,segment,Cytoplasmic,2.0,0.2049
P01857,FuzDrop,segment,Extracellular/Lumenal,0.0,0.3486
Q7Z3C6,FuzDrop,segment,Cytoplasmic,0.0,0.3836
Q7Z3C6,FuzDrop,segment,Cytoplasmic,1.0,0.0938
Q7Z3C6,FuzDrop,segment,Cytoplasmic,5.0,0.0743
Q7Z3C6,FuzDrop,segment,Cytoplasmic,6.0,0.4117
O75581,FuzDrop,segment,Extracellular/Lumenal,0.0,0.0908
O75581,FuzDrop,segment,Cytoplasmic,0.0,0.7289
P63027,FuzDrop,segment,Cytoplasmic,0.0,0.994
P63027,FuzDrop,segment,Extracellular/Lumenal,0.0,0.188
Q04671,FuzDrop,segment,Cytoplasmic,0.0,0.6558
Q04671,FuzDrop,segment,Extracellular/Lumenal,0.0,0.1028
Q04671,FuzDrop,segment,Extracellular/Lumenal,2.0,0.0888
Q04671,FuzDrop,segment,Cytoplasmic,3.0,0.0939
Q04671,FuzDrop,segment,Cytoplasmic,6.0,0.1397
Q14BN4,FuzDrop,segment,Cytoplasmic,0.0,0.6004
P15529,FuzDrop,segment,Extracellular/Lumenal,0.0,0.1167
Q8TEM1,FuzDrop,segment,Extracellular/Lumenal,0.0,0.0936
Q8TEM1,FuzDrop,segment,Cytoplasmic,0.0,0.9895
P00533,FuzDrop,segment,Extracellular/Lumenal,0.0,0.0954
P00533,FuzDrop,segment,Cytoplasmic,0.0,0.139
P21802,FuzDrop,segment,Extracellular/Lumenal,0.0,0.1013
P21802,FuzDrop,segment,Cytoplasmic,0.0,0.1759
P08247,FuzDrop,segment,Extracellular/Lumenal,0.0,0.1054
P08247,FuzDrop,segment,Cytoplasmic,2.0,0.9933
Q14739,FuzDrop,segment,Extracellular/Lumenal,0.0,0.7897
P29317,FuzDrop,segment,Extracellular/Lumenal,0.0,0.1302
P29317,FuzDrop,segment,Cytoplasmic,0.0,0.1001
P17948,FuzDrop,segment,Extracellular/Lumenal,0.0,0.0955
P17948,FuzDrop,segment,Cytoplasmic,0.0,0.1705
P05556,FuzDrop,segment,Extracellular/Lumenal,0.0,0.1072
P10747,FuzDrop,segment,Extracellular/Lumenal,0.0,0.1073
Q16635,FuzDrop,segment,Extracellular/Lumenal,1.0,0.1008
P61073,FuzDrop,segment,Cytoplasmic,3.0,0.9884
Q15303,FuzDrop,segment,Extracellular/Lumenal,0.0,0.0956
Q15303,FuzDrop,segment,Cytoplasmic,0.0,0.2437
O00254,FuzDrop,segment,Extracellular/Lumenal,0.0,0.1232
Q9Y624,FuzDrop,segment,Extracellular/Lumenal,0.0,0.1102
P31645,FuzDrop,segment,Cytoplasmic,0.0,0.8668
P31645,FuzDrop,segment,Extracellular/Lumenal,0.0,0.0248
P31645,FuzDrop,segment,Extracellular/Lumenal,1.0,0.0953
P49146,FuzDrop,segment,Cytoplasmic,3.0,0.2878
P15954,FuzDrop,segment,Extracellular/Lumenal,1.0,0.0248
P13569,FuzDrop,segment,Cytoplasmic,0.0,0.4843
P13569,FuzDrop,segment,Cytoplasmic,1.0,0.1301
P13569,FuzDrop,segment,Cytoplasmic,2.0,0.0951
P13569,FuzDrop,segment,Cytoplasmic,3.0,0.1028
P13569,FuzDrop,segment,Cytoplasmic,4.0,0.0965
P13569,FuzDrop,segment,Extracellular/Lumenal,4.0,0.073
P13569,FuzDrop,segment,Cytoplasmic,5.0,0.1125
P13569,FuzDrop,segment,Cytoplasmic,6.0,0.1029
Q03135,FuzDrop,segment,Cytoplasmic,0.0,0.2778
Q03135,FuzDrop,segment,Cytoplasmic,1.0,0.1328
P15941,DeePhase,whole,Whole,,0.8098321704265643
Q7Z434,DeePhase,whole,Whole,,0.8157379853939009
Q9BR39,DeePhase,whole,Whole,,0.9085145678132642
O43561,DeePhase,whole,Whole,,0.6475741385548002
P31431,DeePhase,whole,Whole,,0.3751220971985444
O75445,DeePhase,whole,Whole,,0.6112309185243979
Q9UM73,DeePhase,whole,Whole,,0.85925445689782
Q9H461,DeePhase,whole,Whole,,0.6823047967816465
O14763,DeePhase,whole,Whole,,0.6988238830210836
P46531,DeePhase,whole,Whole,,0.8347137030915559
Q8N114,DeePhase,whole,Whole,,0.5456722251473847
Q07065,DeePhase,whole,Whole,,0.824053519508696
P08172,DeePhase,whole,Whole,,0.4707865788405745
Q08345,DeePhase,whole,Whole,,0.7904547668784648
O60500,DeePhase,whole,Whole,,0.8102068868890275
P05067,DeePhase,whole,Whole,,0.7517669594641843
Q8WXG9,DeePhase,whole,Whole,,0.5152989499266505
P11362,DeePhase,whole,Whole,,0.7475201863033696
Q8NC56,DeePhase,whole,Whole,,0.7480487431855307
P40967,DeePhase,whole,Whole,,0.6474275875058453
P07766,DeePhase,whole,Whole,,0.3840600106586072
P20963,DeePhase,whole,Whole,,0.31857331715825
P04626,DeePhase,whole,Whole,,0.7916032112568478
O75460,DeePhase,whole,Whole,,0.8076256814335443
P35968,DeePhase,whole,Whole,,0.7475981455724243
Q12879,DeePhase,whole,Whole,,0.7444131631049393
Q86WV6,DeePhase,whole,Whole,,0.4465406365410429
P07949,DeePhase,whole,Whole,,0.4284791594927323
P08908,DeePhase,whole,Whole,,0.5755573841337309
P01857,DeePhase,whole,Whole,,0.3871847853274284
Q7Z3C6,DeePhase,whole,Whole,,0.570137646524983
O75581,DeePhase,whole,Whole,,0.6863973018752079
P63027,DeePhase,whole,Whole,,0.410769406799761
O60733,DeePhase,whole,Whole,,0.4812713663054601
Q04671,DeePhase,whole,Whole,,0.5728288917641494
Q14BN4,DeePhase,whole,Whole,,0.7615433156494418
P15529,DeePhase,whole,Whole,,0.4297136769581865
Q8TEM1,DeePhase,whole,Whole,,0.5098228666860232
Q9UJA2,DeePhase,whole,Whole,,0.3495007206973131
P00533,DeePhase,whole,Whole,,0.708737096472045
P21802,DeePhase,whole,Whole,,0.6792178467362027
P08247,DeePhase,whole,Whole,,0.5961894697111274
Q14739,DeePhase,whole,Whole,,0.4318260637083343
P29317,DeePhase,whole,Whole,,0.5090752430571824
P17948,DeePhase,whole,Whole,,0.5983249120777914
P05556,DeePhase,whole,Whole,,0.5887369735934134
P10747,DeePhase,whole,Whole,,0.2813151568820208
Q16635,DeePhase,whole,Whole,,0.186118419781549
P61073,DeePhase,whole,Whole,,0.3375601145195614
Q15303,DeePhase,whole,Whole,,0.7417623343955715
O00254,DeePhase,whole,Whole,,0.4546829937627076
Q9H3U5,DeePhase,whole,Whole,,0.4962737032969332
Q9Y624,DeePhase,whole,Whole,,0.2792030519407533
P31645,DeePhase,whole,Whole,,0.4511420928032439
P49146,DeePhase,whole,Whole,,0.2850098495429285
P15954,DeePhase,whole,Whole,,0.1451981439729742
P13569,DeePhase,whole,Whole,,0.319666687562136
Q9BRQ8,DeePhase,whole,Whole,,0.160960749617091
Q03135,DeePhase,whole,Whole,,0.099441732848538
Q13021,DeePhase,whole,Whole,,0.356358347216439
P15941,DeePhase,concatenated,Cytoplasmic,,0.3955669847208679
Q7Z434,DeePhase,concatenated,Cytoplasmic,,0.8330745379708189
Q9BR39,DeePhase,concatenated,Cytoplasmic,,0.8945590709689284
O43561,DeePhase,concatenated,Cytoplasmic,,0.668891758549701
P31431,DeePhase,concatenated,Cytoplasmic,,0.3757598703438677
O75445,DeePhase,concatenated,Cytoplasmic,,0.3652975443557631
Q9UM73,DeePhase,concatenated,Cytoplasmic,,0.7942028954083203
Q9H461,DeePhase,concatenated,Cytoplasmic,,0.5400515430609639
O14763,DeePhase,concatenated,Cytoplasmic,,0.4058664002017613
P46531,DeePhase,concatenated,Cytoplasmic,,0.9096430344347542
Q8N114,DeePhase,concatenated,Cytoplasmic,,0.6448823330900546
Q07065,DeePhase,concatenated,Cytoplasmic,,0.6449927775108675
P08172,DeePhase,concatenated,Cytoplasmic,,0.6051416023208434
Q08345,DeePhase,concatenated,Cytoplasmic,,0.6803259123755538
O60500,DeePhase,concatenated,Cytoplasmic,,0.49501948792644
P05067,DeePhase,concatenated,Cytoplasmic,,0.3563983992628537
Q8WXG9,DeePhase,concatenated,Cytoplasmic,,0.48055189338494
P11362,DeePhase,concatenated,Cytoplasmic,,0.3738548160746867
P40967,DeePhase,concatenated,Cytoplasmic,,0.2438890616560962
P07766,DeePhase,concatenated,Cytoplasmic,,0.4141107652120344
P20963,DeePhase,concatenated,Cytoplasmic,,0.3724182603090155
P04626,DeePhase,concatenated,Cytoplasmic,,0.7821972512774278
O75460,DeePhase,concatenated,Cytoplasmic,,0.736585092439449
P35968,DeePhase,concatenated,Cytoplasmic,,0.7090396731281602
Q12879,DeePhase,concatenated,Cytoplasmic,,0.7580414618027969
Q86WV6,DeePhase,concatenated,Cytoplasmic,,0.4070494022057258
P07949,DeePhase,concatenated,Cytoplasmic,,0.3360263810013507
P08908,DeePhase,concatenated,Cytoplasmic,,0.4262157393532491
Q7Z3C6,DeePhase,concatenated,Cytoplasmic,,0.7922406558617741
O75581,DeePhase,concatenated,Cytoplasmic,,0.7239592645671089
P63027,DeePhase,concatenated,Cytoplasmic,,0.4324441630410182
Q04671,DeePhase,concatenated,Cytoplasmic,,0.5971122463692973
Q14BN4,DeePhase,concatenated,Cytoplasmic,,0.7439250601212538
P15529,DeePhase,concatenated,Cytoplasmic,,0.4015803161524126
Q8TEM1,DeePhase,concatenated,Cytoplasmic,,0.4735837386590408
P00533,DeePhase,concatenated,Cytoplasmic,,0.7436360421932625
P21802,DeePhase,concatenated,Cytoplasmic,,0.6025417216814728
P08247,DeePhase,concatenated,Cytoplasmic,,0.6933155469645624
P29317,DeePhase,concatenated,Cytoplasmic,,0.2815307031117362
P17948,DeePhase,concatenated,Cytoplasmic,,0.4209576044728785
P05556,DeePhase,concatenated,Cytoplasmic,,0.1925813749188188
P10747,DeePhase,concatenated,Cytoplasmic,,0.4648561912856745
P61073,DeePhase,concatenated,Cytoplasmic,,0.2165526411857782
Q15303,DeePhase,concatenated,Cytoplasmic,,0.7707305070670378
O00254,DeePhase,concatenated,Cytoplasmic,,0.2178004162690341
Q9Y624,DeePhase,concatenated,Cytoplasmic,,0.3131516541941709
P31645,DeePhase,concatenated,Cytoplasmic,,0.3510724395542263
P49146,DeePhase,concatenated,Cytoplasmic,,0.125507010784975
P13569,DeePhase,concatenated,Cytoplasmic,,0.4880795021601903
Q03135,DeePhase,concatenated,Cytoplasmic,,0.0939413384601818
P15941,DeePhase,concatenated,Transmembrane,,0.525997358332251
Q7Z434,DeePhase,concatenated,Transmembrane,,0.5106724733026158
Q9BR39,DeePhase,concatenated,Transmembrane,,0.4015497575656473
O43561,DeePhase,concatenated,Transmembrane,,0.5347628505405719
P31431,DeePhase,concatenated,Transmembrane,,0.4623102339986007
O75445,DeePhase,concatenated,Transmembrane,,0.5340124596043605
Q9UM73,DeePhase,concatenated,Transmembrane,,0.5290813647025467
Q9H461,DeePhase,concatenated,Transmembrane,,0.4786849488626341
O14763,DeePhase,concatenated,Transmembrane,,0.5121076395642211
P46531,DeePhase,concatenated,Transmembrane,,0.5899659477689763
Q8N114,DeePhase,concatenated,Transmembrane,,0.40408955383503
Q07065,DeePhase,concatenated,Transmembrane,,0.5916048218273569
P08172,DeePhase,concatenated,Transmembrane,,0.409509509560385
Q08345,DeePhase,concatenated,Transmembrane,,0.5254617299743511
O60500,DeePhase,concatenated,Transmembrane,,0.5222525215442053
P05067,DeePhase,concatenated,Transmembrane,,0.5552364669194518
Q8WXG9,DeePhase,concatenated,Transmembrane,,0.468526538878098
P11362,DeePhase,concatenated,Transmembrane,,0.4643145933550472
Q8NC56,DeePhase,concatenated,Transmembrane,,0.5476210174927328
P40967,DeePhase,concatenated,Transmembrane,,0.5313215514215253
P07766,DeePhase,concatenated,Transmembrane,,0.4402226753634938
P20963,DeePhase,concatenated,Transmembrane,,0.472206197565668
P04626,DeePhase,concatenated,Transmembrane,,0.5288874802798802
O75460,DeePhase,concatenated,Transmembrane,,0.4712362967743385
P35968,DeePhase,concatenated,Transmembrane,,0.475116716136708
Q12879,DeePhase,concatenated,Transmembrane,,0.4383021725636657
Q86WV6,DeePhase,concatenated,Transmembrane,,0.3398735282193716
P07949,DeePhase,concatenated,Transmembrane,,0.4609549458168894
P08908,DeePhase,concatenated,Transmembrane,,0.472778515787335
Q7Z3C6,DeePhase,concatenated,Transmembrane,,0.3951067659752671
O75581,DeePhase,concatenated,Transmembrane,,0.5691391174929641
P63027,DeePhase,concatenated,Transmembrane,,0.5547250680027838
O60733,DeePhase,concatenated,Transmembrane,,0.4359028963202399
Q04671,DeePhase,concatenated,Transmembrane,,0.6111934021203556
Q14BN4,DeePhase,concatenated,Transmembrane,,0.5379356885578265
P15529,DeePhase,concatenated,Transmembrane,,0.5180209818568984
Q8TEM1,DeePhase,concatenated,Transmembrane,,0.484592792430862
Q9UJA2,DeePhase,concatenated,Transmembrane,,0.3371929683808012
P00533,DeePhase,concatenated,Transmembrane,,0.536199443986308
P21802,DeePhase,concatenated,Transmembrane,,0.4022632249878636
P08247,DeePhase,concatenated,Transmembrane,,0.454362255006821
Q14739,DeePhase,concatenated,Transmembrane,,0.4267726828409528
P29317,DeePhase,concatenated,Transmembrane,,0.5346749605232195
P17948,DeePhase,concatenated,Transmembrane,,0.5506112223448828
P05556,DeePhase,concatenated,Transmembrane,,0.5222356352042711
P10747,DeePhase,concatenated,Transmembrane,,0.4730025455903851
P61073,DeePhase,concatenated,Transmembrane,,0.3942540281387774
Q15303,DeePhase,concatenated,Transmembrane,,0.4728661786117479
O00254,DeePhase,concatenated,Transmembrane,,0.4512135670249378
Q9H3U5,DeePhase,concatenated,Transmembrane,,0.4680417963376303
Q9Y624,DeePhase,concatenated,Transmembrane,,0.5571413615320857
P31645,DeePhase,concatenated,Transmembrane,,0.4867277869947671
P49146,DeePhase,concatenated,Transmembrane,,0.3913577942561121
P15954,DeePhase,concatenated,Transmembrane,,0.3247205691560227
P13569,DeePhase,concatenated,Transmembrane,,0.5181608113187434
Q9BRQ8,DeePhase,concatenated,Transmembrane,,0.5666690720630303
Q13021,DeePhase,concatenated,Transmembrane,,0.4112033947004316
P15941,DeePhase,concatenated,Extracellular/Lumenal,,0.8226779566841024
P31431,DeePhase,concatenated,Extracellular/Lumenal,,0.4014079159511514
O75445,DeePhase,concatenated,Extracellular/Lumenal,,0.6192947590770546
Q9UM73,DeePhase,concatenated,Extracellular/Lumenal,,0.7515490793648962
Q9H461,DeePhase,concatenated,Extracellular/Lumenal,,0.7896940342028782
O14763,DeePhase,concatenated,Extracellular/Lumenal,,0.3350194565800528
P46531,DeePhase,concatenated,Extracellular/Lumenal,,0.465471671438559
Q8N114,DeePhase,concatenated,Extracellular/Lumenal,,0.1671774872145282
Q07065,DeePhase,concatenated,Extracellular/Lumenal,,0.68048123625187
P08172,DeePhase,concatenated,Extracellular/Lumenal,,0.3244701406451759
Q08345,DeePhase,concatenated,Extracellular/Lumenal,,0.6212699861731961
O60500,DeePhase,concatenated,Extracellular/Lumenal,,0.7281165451903482
P05067,DeePhase,concatenated,Extracellular/Lumenal,,0.7344462138568033
Q8WXG9,DeePhase,concatenated,Extracellular/Lumenal,,0.3322271297226232
P11362,DeePhase,concatenated,Extracellular/Lumenal,,0.6714096776654154
P40967,DeePhase,concatenated,Extracellular/Lumenal,,0.2586691198938909
P07766,DeePhase,concatenated,Extracellular/Lumenal,,0.1240112911383712
P04626,DeePhase,concatenated,Extracellular/Lumenal,,0.371540899707839
O75460,DeePhase,concatenated,Extracellular/Lumenal,,0.5441549576535176
P35968,DeePhase,concatenated,Extracellular/Lumenal,,0.433320467243543
Q12879,DeePhase,concatenated,Extracellular/Lumenal,,0.3088448748638799
Q86WV6,DeePhase,concatenated,Extracellular/Lumenal,,0.4113832846949939
P07949,DeePhase,concatenated,Extracellular/Lumenal,,0.3891213420903651
P08908,DeePhase,concatenated,Extracellular/Lumenal,,0.3627117392143161
P01857,DeePhase,concatenated,Extracellular/Lumenal,,0.3871847853274284
Q7Z3C6,DeePhase,concatenated,Extracellular/Lumenal,,0.1738177955554495
O75581,DeePhase,concatenated,Extracellular/Lumenal,,0.5408543358093589
Q04671,DeePhase,concatenated,Extracellular/Lumenal,,0.1396679040976113
P15529,DeePhase,concatenated,Extracellular/Lumenal,,0.6511131984232761
Q8TEM1,DeePhase,concatenated,Extracellular/Lumenal,,0.4535371524144104
P00533,DeePhase,concatenated,Extracellular/Lumenal,,0.3910713978721543
P21802,DeePhase,concatenated,Extracellular/Lumenal,,0.5698252106351545
P08247,DeePhase,concatenated,Extracellular/Lumenal,,0.1145149592431627
Q14739,DeePhase,concatenated,Extracellular/Lumenal,,0.6145968140295306
P29317,DeePhase,concatenated,Extracellular/Lumenal,,0.4888416758968784
P17948,DeePhase,concatenated,Extracellular/Lumenal,,0.4187150975400128
P05556,DeePhase,concatenated,Extracellular/Lumenal,,0.6231271349866099
P10747,DeePhase,concatenated,Extracellular/Lumenal,,0.213633939998678
Q16635,DeePhase,concatenated,Extracellular/Lumenal,,0.1604462911345545
P61073,DeePhase,concatenated,Extracellular/Lumenal,,0.1760516209417069
Q15303,DeePhase,concatenated,Extracellular/Lumenal,,0.458293112797872
O00254,DeePhase,concatenated,Extracellular/Lumenal,,0.1950837291750926
Q9Y624,DeePhase,concatenated,Extracellular/Lumenal,,0.2145073678417988
P31645,DeePhase,concatenated,Extracellular/Lumenal,,0.1850157446835826
P49146,DeePhase,concatenated,Extracellular/Lumenal,,0.3007443901561228
P15954,DeePhase,concatenated,Extracellular/Lumenal,,0.3625697507204373
P13569,DeePhase,concatenated,Extracellular/Lumenal,,0.1214320821361263
P15941,DeePhase,segment,Cytoplasmic,0.0,0.3955669847208679
Q7Z434,DeePhase,segment,Cytoplasmic,0.0,0.8330745379708189
Q9BR39,DeePhase,segment,Cytoplasmic,0.0,0.8945590709689284
O43561,DeePhase,segment,Cytoplasmic,0.0,0.668891758549701
P31431,DeePhase,segment,Cytoplasmic,0.0,0.3757598703438677
O75445,DeePhase,segment,Cytoplasmic,0.0,0.3652975443557631
Q9UM73,DeePhase,segment,Cytoplasmic,0.0,0.7942028954083203
Q9H461,DeePhase,segment,Cytoplasmic,0.0,0.4026419266061951
Q9H461,DeePhase,segment,Cytoplasmic,1.0,0.4154311593100585
Q9H461,DeePhase,segment,Cytoplasmic,2.0,0.2907623394153665
Q9H461,DeePhase,segment,Cytoplasmic,3.0,0.6874391983837145
O14763,DeePhase,segment,Cytoplasmic,0.0,0.4058664002017613
P46531,DeePhase,segment,Cytoplasmic,0.0,0.9096430344347542
Q8N114,DeePhase,segment,Cytoplasmic,0.0,0.6448823330900546
Q07065,DeePhase,segment,Cytoplasmic,0.0,0.6449927775108675
P08172,DeePhase,segment,Cytoplasmic,0.0,0.3829701503859682
P08172,DeePhase,segment,Cytoplasmic,1.0,0.409298844558334
P08172,DeePhase,segment,Cytoplasmic,2.0,0.5922468975807553
P08172,DeePhase,segment,Cytoplasmic,3.0,0.386361976734367
Q08345,DeePhase,segment,Cytoplasmic,0.0,0.6803259123755538
O60500,DeePhase,segment,Cytoplasmic,0.0,0.49501948792644
P05067,DeePhase,segment,Cytoplasmic,0.0,0.3563983992628537
Q8WXG9,DeePhase,segment,Cytoplasmic,0.0,0.4491761739456106
Q8WXG9,DeePhase,segment,Cytoplasmic,1.0,0.4462256778046418
Q8WXG9,DeePhase,segment,Cytoplasmic,2.0,0.3073676917730155
Q8WXG9,DeePhase,segment,Cytoplasmic,3.0,0.4649558489219538
P11362,DeePhase,segment,Cytoplasmic,0.0,0.3738548160746867
P40967,DeePhase,segment,Cytoplasmic,0.0,0.2438890616560962
P07766,DeePhase,segment,Cytoplasmic,0.0,0.4141107652120344
P20963,DeePhase,segment,Cytoplasmic,0.0,0.3724182603090155
P04626,DeePhase,segment,Cytoplasmic,0.0,0.7821972512774278
O75460,DeePhase,segment,Cytoplasmic,0.0,0.736585092439449
P35968,DeePhase,segment,Cytoplasmic,0.0,0.7090396731281602
Q12879,DeePhase,segment,Cytoplasmic,0.0,0.3475282988549334
Q12879,DeePhase,segment,Cytoplasmic,1.0,0.427487184925897
Q12879,DeePhase,segment,Cytoplasmic,2.0,0.7353459222921367
Q86WV6,DeePhase,segment,Cytoplasmic,0.0,0.4310521560746526
Q86WV6,DeePhase,segment,Cytoplasmic,1.0,0.4516487095692064
Q86WV6,DeePhase,segment,Cytoplasmic,2.0,0.3423721664836453
P07949,DeePhase,segment,Cytoplasmic,0.0,0.3360263810013507
P08908,DeePhase,segment,Cytoplasmic,0.0,0.3983668460790632
P08908,DeePhase,segment,Cytoplasmic,1.0,0.4067066775785727
P08908,DeePhase,segment,Cytoplasmic,2.0,0.3963885954690226
P08908,DeePhase,segment,Cytoplasmic,3.0,0.4413391443914805
Q7Z3C6,DeePhase,segment,Cytoplasmic,0.0,0.1414719884012034
Q7Z3C6,DeePhase,segment,Cytoplasmic,1.0,0.1285529198817415
Q7Z3C6,DeePhase,segment,Cytoplasmic,2.0,0.47253795830792
Q7Z3C6,DeePhase,segment,Cytoplasmic,3.0,0.2396295469614972
Q7Z3C6,DeePhase,segment,Cytoplasmic,4.0,0.1935974614019142
Q7Z3C6,DeePhase,segment,Cytoplasmic,6.0,0.6687431915056163
O75581,DeePhase,segment,Cytoplasmic,0.0,0.7239592645671089
P63027,DeePhase,segment,Cytoplasmic,0.0,0.4324441630410182
Q04671,DeePhase,segment,Cytoplasmic,0.0,0.5048460863928991
Q04671,DeePhase,segment,Cytoplasmic,2.0,0.3451904768577202
Q04671,DeePhase,segment,Cytoplasmic,3.0,0.113236578381167
Q04671,DeePhase,segment,Cytoplasmic,4.0,0.4369053748569622
Q04671,DeePhase,segment,Cytoplasmic,5.0,0.360439401918136
Q14BN4,DeePhase,segment,Cytoplasmic,0.0,0.7439250601212538
P15529,DeePhase,segment,Cytoplasmic,0.0,0.4015803161524126
Q8TEM1,DeePhase,segment,Cytoplasmic,0.0,0.4735837386590408
P00533,DeePhase,segment,Cytoplasmic,0.0,0.7436360421932625
P21802,DeePhase,segment,Cytoplasmic,0.0,0.6025417216814728
P08247,DeePhase,segment,Cytoplasmic,0.0,0.3440375025225662
P08247,DeePhase,segment,Cytoplasmic,2.0,0.6904251767049835
P29317,DeePhase,segment,Cytoplasmic,0.0,0.2815307031117362
P17948,DeePhase,segment,Cytoplasmic,0.0,0.4209576044728785
P05556,DeePhase,segment,Cytoplasmic,0.0,0.1925813749188188
P10747,DeePhase,segment,Cytoplasmic,0.0,0.4648561912856745
P61073,DeePhase,segment,Cytoplasmic,0.0,0.4424030365593127
P61073,DeePhase,segment,Cytoplasmic,1.0,0.288948289501356
P61073,DeePhase,segment,Cytoplasmic,2.0,0.403343628969569
P61073,DeePhase,segment,Cytoplasmic,3.0,0.4779593688298048
Q15303,DeePhase,segment,Cytoplasmic,0.0,0.7707305070670378
O00254,DeePhase,segment,Cytoplasmic,1.0,0.37171938385779
O00254,DeePhase,segment,Cytoplasmic,2.0,0.437229018640885
O00254,DeePhase,segment,Cytoplasmic,3.0,0.4206915040170959
Q9Y624,DeePhase,segment,Cytoplasmic,0.0,0.3131516541941709
P31645,DeePhase,segment,Cytoplasmic,0.0,0.4502243544534938
P31645,DeePhase,segment,Cytoplasmic,1.0,0.3102536450699626
P31645,DeePhase,segment,Cytoplasmic,3.0,0.4700596863742601
P31645,DeePhase,segment,Cytoplasmic,4.0,0.3350614987567495
P31645,DeePhase,segment,Cytoplasmic,5.0,0.3117290270525917
P31645,DeePhase,segment,Cytoplasmic,6.0,0.2931891576997149
P49146,DeePhase,segment,Cytoplasmic,0.0,0.3715927375562723
P49146,DeePhase,segment,Cytoplasmic,1.0,0.3994651482341748
P49146,DeePhase,segment,Cytoplasmic,2.0,0.4606319082078099
P49146,DeePhase,segment,Cytoplasmic,3.0,0.1472478804042693
P13569,DeePhase,segment,Cytoplasmic,0.0,0.0947369950193992
P13569,DeePhase,segment,Cytoplasmic,1.0,0.1610513622073678
P13569,DeePhase,segment,Cytoplasmic,2.0,0.1479975792688852
P13569,DeePhase,segment,Cytoplasmic,3.0,0.339880651644873
P13569,DeePhase,segment,Cytoplasmic,4.0,0.2622184256085997
P13569,DeePhase,segment,Cytoplasmic,5.0,0.1933941891487889
P13569,DeePhase,segment,Cytoplasmic,6.0,0.1936152320160996
Q03135,DeePhase,segment,Cytoplasmic,0.0,0.0810558041963841
Q03135,DeePhase,segment,Cytoplasmic,1.0,0.177623027039944
P15941,DeePhase,segment,Transmembrane,0.0,0.525997358332251
Q7Z434,DeePhase,segment,Transmembrane,0.0,0.5106724733026158
Q9BR39,DeePhase,segment,Transmembrane,0.0,0.4015497575656473
O43561,DeePhase,segment,Transmembrane,0.0,0.5347628505405719
P31431,DeePhase,segment,Transmembrane,0.0,0.4623102339986007
O75445,DeePhase,segment,Transmembrane,0.0,0.5340124596043605
Q9UM73,DeePhase,segment,Transmembrane,0.0,0.5290813647025467
Q9H461,DeePhase,segment,Transmembrane,0.0,0.4704402684200034
Q9H461,DeePhase,segment,Transmembrane,1.0,0.4860157031930949
Q9H461,DeePhase,segment,Transmembrane,2.0,0.473629373047794
Q9H461,DeePhase,segment,Transmembrane,3.0,0.4463714044297271
Q9H461,DeePhase,segment,Transmembrane,4.0,0.4750568328846686
Q9H461,DeePhase,segment,Transmembrane,5.0,0.4763843410207026
Q9H461,DeePhase,segment,Transmembrane,6.0,0.4712891211115332
O14763,DeePhase,segment,Transmembrane,0.0,0.5121076395642211
P46531,DeePhase,segment,Transmembrane,0.0,0.5899659477689763
Q8N114,DeePhase,segment,Transmembrane,0.0,0.40408955383503
Q07065,DeePhase,segment,Transmembrane,0.0,0.5916048218273569
P08172,DeePhase,segment,Transmembrane,0.0,0.3976331771238108
P08172,DeePhase,segment,Transmembrane,1.0,0.4306582599409673
P08172,DeePhase,segment,Transmembrane,2.0,0.4147274190264273
P08172,DeePhase,segment,Transmembrane,3.0,0.4707799210609797
P08172,DeePhase,segment,Transmembrane,4.0,0.4596457298879698
P08172,DeePhase,segment,Transmembrane,5.0,0.5176353984539286
P08172,DeePhase,segment,Transmembrane,6.0,0.4428512946605204
Q08345,DeePhase,segment,Transmembrane,0.0,0.5254617299743511
O60500,DeePhase,segment,Transmembrane,0.0,0.5222525215442053
P05067,DeePhase,segment,Transmembrane,0.0,0.5552364669194518
Q8WXG9,DeePhase,segment,Transmembrane,0.0,0.479699659271022
Q8WXG9,DeePhase,segment,Transmembrane,1.0,0.4174843931320491
Q8WXG9,DeePhase,segment,Transmembrane,2.0,0.4682326776902794
Q8WXG9,DeePhase,segment,Transmembrane,3.0,0.4762413050089463
Q8WXG9,DeePhase,segment,Transmembrane,4.0,0.4874150534939716
Q8WXG9,DeePhase,segment,Transmembrane,5.0,0.4724807046918662
Q8WXG9,DeePhase,segment,Transmembrane,6.0,0.4789605338840138
P11362,DeePhase,segment,Transmembrane,0.0,0.4643145933550472
Q8NC56,DeePhase,segment,Transmembrane,0.0,0.5868824341421781
Q8NC56,DeePhase,segment,Transmembrane,1.0,0.479137681665323
P40967,DeePhase,segment,Transmembrane,0.0,0.5313215514215253
P07766,DeePhase,segment,Transmembrane,0.0,0.4402226753634938
P20963,DeePhase,segment,Transmembrane,0.0,0.472206197565668
P04626,DeePhase,segment,Transmembrane,0.0,0.5288874802798802
O75460,DeePhase,segment,Transmembrane,0.0,0.4712362967743385
P35968,DeePhase,segment,Transmembrane,0.0,0.475116716136708
Q12879,DeePhase,segment,Transmembrane,0.0,0.4747141925898572
Q12879,DeePhase,segment,Transmembrane,1.0,0.4721331235684551
Q12879,DeePhase,segment,Transmembrane,2.0,0.4429960228093678
Q86WV6,DeePhase,segment,Transmembrane,0.0,0.4023171294635986
Q86WV6,DeePhase,segment,Transmembrane,1.0,0.5363625153132221
Q86WV6,DeePhase,segment,Transmembrane,2.0,0.4348023241919859
Q86WV6,DeePhase,segment,Transmembrane,3.0,0.4484213731483755
P07949,DeePhase,segment,Transmembrane,0.0,0.4609549458168894
P08908,DeePhase,segment,Transmembrane,0.0,0.3991952129371706
P08908,DeePhase,segment,Transmembrane,1.0,0.39527440998839
P08908,DeePhase,segment,Transmembrane,2.0,0.4089535273031943
P08908,DeePhase,segment,Transmembrane,3.0,0.3960324234560043
P08908,DeePhase,segment,Transmembrane,4.0,0.4719767146723703
P08908,DeePhase,segment,Transmembrane,5.0,0.4701903176735555
P08908,DeePhase,segment,Transmembrane,6.0,0.4533812745614086
Q7Z3C6,DeePhase,segment,Transmembrane,0.0,0.5729183693387956
Q7Z3C6,DeePhase,segment,Transmembrane,1.0,0.3928893275703824
Q7Z3C6,DeePhase,segment,Transmembrane,2.0,0.4437870771844216
Q7Z3C6,DeePhase,segment,Transmembrane,3.0,0.5527875873732668
O75581,DeePhase,segment,Transmembrane,0.0,0.5691391174929641
P63027,DeePhase,segment,Transmembrane,0.0,0.5547250680027838
O60733,DeePhase,segment,Transmembrane,0.0,0.4390566518809876
O60733,DeePhase,segment,Transmembrane,1.0,0.4131099616561198
Q04671,DeePhase,segment,Transmembrane,0.0,0.4775700118017524
Q04671,DeePhase,segment,Transmembrane,1.0,0.4550204953299817
Q04671,DeePhase,segment,Transmembrane,2.0,0.5303229366017905
Q04671,DeePhase,segment,Transmembrane,3.0,0.4812905110168874
Q04671,DeePhase,segment,Transmembrane,4.0,0.3949307095039327
Q04671,DeePhase,segment,Transmembrane,5.0,0.5597513998428254
Q04671,DeePhase,segment,Transmembrane,6.0,0.4846841591846542
Q04671,DeePhase,segment,Transmembrane,7.0,0.5651665301012825
Q04671,DeePhase,segment,Transmembrane,8.0,0.5628771932635175
Q04671,DeePhase,segment,Transmembrane,9.0,0.5059966453015128
Q04671,DeePhase,segment,Transmembrane,10.0,0.4671911690140294
Q04671,DeePhase,segment,Transmembrane,11.0,0.4054469176916099
Q14BN4,DeePhase,segment,Transmembrane,0.0,0.5379356885578265
P15529,DeePhase,segment,Transmembrane,0.0,0.5180209818568984
Q8TEM1,DeePhase,segment,Transmembrane,0.0,0.484592792430862
Q9UJA2,DeePhase,segment,Transmembrane,0.0,0.3919903480387224
Q9UJA2,DeePhase,segment,Transmembrane,1.0,0.4549752341587152
Q9UJA2,DeePhase,segment,Transmembrane,2.0,0.4565259722493023
Q9UJA2,DeePhase,segment,Transmembrane,3.0,0.4658328105417746
Q9UJA2,DeePhase,segment,Transmembrane,4.0,0.6287217346082153
P00533,DeePhase,segment,Transmembrane,0.0,0.536199443986308
P21802,DeePhase,segment,Transmembrane,0.0,0.4022632249878636
P08247,DeePhase,segment,Transmembrane,0.0,0.4341198950229072
P08247,DeePhase,segment,Transmembrane,1.0,0.4802871124840084
P08247,DeePhase,segment,Transmembrane,2.0,0.4755803601952275
P08247,DeePhase,segment,Transmembrane,3.0,0.4678490314242142
Q14739,DeePhase,segment,Transmembrane,0.0,0.4999784091777592
Q14739,DeePhase,segment,Transmembrane,1.0,0.4701686155870503
Q14739,DeePhase,segment,Transmembrane,2.0,0.4684273578929913
Q14739,DeePhase,segment,Transmembrane,3.0,0.4673182708399726
Q14739,DeePhase,segment,Transmembrane,4.0,0.3937629802268775
Q14739,DeePhase,segment,Transmembrane,5.0,0.4814353311347915
Q14739,DeePhase,segment,Transmembrane,6.0,0.4090394124153676
Q14739,DeePhase,segment,Transmembrane,7.0,0.4625201943925012
P29317,DeePhase,segment,Transmembrane,0.0,0.5346749605232195
P17948,DeePhase,segment,Transmembrane,0.0,0.5506112223448828
P05556,DeePhase,segment,Transmembrane,0.0,0.5222356352042711
P10747,DeePhase,segment,Transmembrane,0.0,0.4730025455903851
P61073,DeePhase,segment,Transmembrane,0.0,0.4687875289500978
P61073,DeePhase,segment,Transmembrane,1.0,0.4676584528671764
P61073,DeePhase,segment,Transmembrane,2.0,0.4676383761613104
P61073,DeePhase,segment,Transmembrane,3.0,0.4702680581752098
P61073,DeePhase,segment,Transmembrane,4.0,0.4040351244667867
P61073,DeePhase,segment,Transmembrane,5.0,0.4748895457925166
P61073,DeePhase,segment,Transmembrane,6.0,0.4284994875217651
Q15303,DeePhase,segment,Transmembrane,0.0,0.4728661786117479
O00254,DeePhase,segment,Transmembrane,0.0,0.4433098386088421
O00254,DeePhase,segment,Transmembrane,1.0,0.4691077616905739
O00254,DeePhase,segment,Transmembrane,2.0,0.4371721461971529
O00254,DeePhase,segment,Transmembrane,3.0,0.4297489358062737
O00254,DeePhase,segment,Transmembrane,4.0,0.4750953428176049
O00254,DeePhase,segment,Transmembrane,5.0,0.4567313903979927
O00254,DeePhase,segment,Transmembrane,6.0,0.4723170987646146
Q9H3U5,DeePhase,segment,Transmembrane,0.0,0.4918946246513839
Q9H3U5,DeePhase,segment,Transmembrane,1.0,0.4748249534994013
Q9H3U5,DeePhase,segment,Transmembrane,2.0,0.484424201100665
Q9H3U5,DeePhase,segment,Transmembrane,3.0,0.4650007626854014
Q9H3U5,DeePhase,segment,Transmembrane,4.0,0.3937834854155468
Q9H3U5,DeePhase,segment,Transmembrane,5.0,0.5455404961377641
Q9H3U5,DeePhase,segment,Transmembrane,6.0,0.4809944974685911
Q9H3U5,DeePhase,segment,Transmembrane,7.0,0.399960843355408
Q9H3U5,DeePhase,segment,Transmembrane,8.0,0.4041701679641369
Q9H3U5,DeePhase,segment,Transmembrane,9.0,0.4790940653891802
Q9H3U5,DeePhase,segment,Transmembrane,10.0,0.4020625062165514
Q9H3U5,DeePhase,segment,Transmembrane,11.0,0.5548796076172422
Q9Y624,DeePhase,segment,Transmembrane,0.0,0.5571413615320857
P31645,DeePhase,segment,Transmembrane,0.0,0.3724554557161064
P31645,DeePhase,segment,Transmembrane,1.0,0.4790390001598619
P31645,DeePhase,segment,Transmembrane,2.0,0.4573907350868881
P31645,DeePhase,segment,Transmembrane,3.0,0.471941588084079
P31645,DeePhase,segment,Transmembrane,4.0,0.4636874608189089
P31645,DeePhase,segment,Transmembrane,5.0,0.4793992540882265
P31645,DeePhase,segment,Transmembrane,6.0,0.4649838982518959
P31645,DeePhase,segment,Transmembrane,7.0,0.4780895449184056
P31645,DeePhase,segment,Transmembrane,8.0,0.4836986045973669
P31645,DeePhase,segment,Transmembrane,9.0,0.4669655266825048
P31645,DeePhase,segment,Transmembrane,10.0,0.4882425860902243
P31645,DeePhase,segment,Transmembrane,11.0,0.4742948035960955
P49146,DeePhase,segment,Transmembrane,0.0,0.4070135086050461
P49146,DeePhase,segment,Transmembrane,1.0,0.4433591636338972
P49146,DeePhase,segment,Transmembrane,2.0,0.3760320927550277
P49146,DeePhase,segment,Transmembrane,3.0,0.4637097466525169
P49146,DeePhase,segment,Transmembrane,4.0,0.5689065386063844
P49146,DeePhase,segment,Transmembrane,5.0,0.4522027117363412
P49146,DeePhase,segment,Transmembrane,6.0,0.3608212352166845
P15954,DeePhase,segment,Transmembrane,0.0,0.3247205691560227
P13569,DeePhase,segment,Transmembrane,0.0,0.3827089045418035
P13569,DeePhase,segment,Transmembrane,1.0,0.4043362680736668
P13569,DeePhase,segment,Transmembrane,2.0,0.4713295269847198
P13569,DeePhase,segment,Transmembrane,3.0,0.4737891613233256
P13569,DeePhase,segment,Transmembrane,4.0,0.5995555319598688
P13569,DeePhase,segment,Transmembrane,5.0,0.3767398573521769
P13569,DeePhase,segment,Transmembrane,6.0,0.4543506319307374
P13569,DeePhase,segment,Transmembrane,7.0,0.4305882267961656
P13569,DeePhase,segment,Transmembrane,8.0,0.5321335785734698
P13569,DeePhase,segment,Transmembrane,9.0,0.4836622497706857
P13569,DeePhase,segment,Transmembrane,10.0,0.4418993171738598
P13569,DeePhase,segment,Transmembrane,11.0,0.3982748184598347
Q9BRQ8,DeePhase,segment,Transmembrane,0.0,0.5666690720630303
Q13021,DeePhase,segment,Transmembrane,0.0,0.4652850693509183
Q13021,DeePhase,segment,Transmembrane,1.0,0.4737684794815955
Q13021,DeePhase,segment,Transmembrane,2.0,0.401430607366367
Q13021,DeePhase,segment,Transmembrane,3.0,0.4835241152398631
P15941,DeePhase,segment,Extracellular/Lumenal,0.0,0.8226779566841024
P31431,DeePhase,segment,Extracellular/Lumenal,0.0,0.4014079159511514
O75445,DeePhase,segment,Extracellular/Lumenal,0.0,0.6192947590770546
Q9UM73,DeePhase,segment,Extracellular/Lumenal,0.0,0.7515490793648962
Q9H461,DeePhase,segment,Extracellular/Lumenal,0.0,0.6780611086289923
Q9H461,DeePhase,segment,Extracellular/Lumenal,1.0,0.4963898924803148
Q9H461,DeePhase,segment,Extracellular/Lumenal,2.0,0.3441867197364011
Q9H461,DeePhase,segment,Extracellular/Lumenal,3.0,0.3132744878144116
O14763,DeePhase,segment,Extracellular/Lumenal,0.0,0.3350194565800528
P46531,DeePhase,segment,Extracellular/Lumenal,0.0,0.465471671438559
Q8N114,DeePhase,segment,Extracellular/Lumenal,0.0,0.1671774872145282
Q07065,DeePhase,segment,Extracellular/Lumenal,0.0,0.68048123625187
P08172,DeePhase,segment,Extracellular/Lumenal,0.0,0.5641616909192568
P08172,DeePhase,segment,Extracellular/Lumenal,2.0,0.4427484928180132
Q08345,DeePhase,segment,Extracellular/Lumenal,0.0,0.6212699861731961
O60500,DeePhase,segment,Extracellular/Lumenal,0.0,0.7281165451903482
P05067,DeePhase,segment,Extracellular/Lumenal,0.0,0.7344462138568033
Q8WXG9,DeePhase,segment,Extracellular/Lumenal,0.0,0.3292210678497136
Q8WXG9,DeePhase,segment,Extracellular/Lumenal,1.0,0.3967601261340254
Q8WXG9,DeePhase,segment,Extracellular/Lumenal,2.0,0.3286594036664543
P11362,DeePhase,segment,Extracellular/Lumenal,0.0,0.6714096776654154
P40967,DeePhase,segment,Extracellular/Lumenal,0.0,0.2586691198938909
P07766,DeePhase,segment,Extracellular/Lumenal,0.0,0.1240112911383712
P04626,DeePhase,segment,Extracellular/Lumenal,0.0,0.371540899707839
O75460,DeePhase,segment,Extracellular/Lumenal,0.0,0.5441549576535176
P35968,DeePhase,segment,Extracellular/Lumenal,0.0,0.433320467243543
Q12879,DeePhase,segment,Extracellular/Lumenal,0.0,0.254320174752012
Q12879,DeePhase,segment,Extracellular/Lumenal,1.0,0.1467870109328042
Q86WV6,DeePhase,segment,Extracellular/Lumenal,0.0,0.4241070527243472
Q86WV6,DeePhase,segment,Extracellular/Lumenal,1.0,0.44418801558753
P07949,DeePhase,segment,Extracellular/Lumenal,0.0,0.3891213420903651
P08908,DeePhase,segment,Extracellular/Lumenal,0.0,0.4685983139770673
P08908,DeePhase,segment,Extracellular/Lumenal,2.0,0.3940724823622619
P01857,DeePhase,segment,Extracellular/Lumenal,0.0,0.3871847853274284
Q7Z3C6,DeePhase,segment,Extracellular/Lumenal,0.0,0.2123924830326571
O75581,DeePhase,segment,Extracellular/Lumenal,0.0,0.5408543358093589
Q04671,DeePhase,segment,Extracellular/Lumenal,0.0,0.1562125114364216
Q04671,DeePhase,segment,Extracellular/Lumenal,1.0,0.3345918546997285
Q04671,DeePhase,segment,Extracellular/Lumenal,2.0,0.135738039814413
Q04671,DeePhase,segment,Extracellular/Lumenal,3.0,0.4624912911397073
Q04671,DeePhase,segment,Extracellular/Lumenal,4.0,0.2650547169085405
Q04671,DeePhase,segment,Extracellular/Lumenal,5.0,0.3382652647506998
P15529,DeePhase,segment,Extracellular/Lumenal,0.0,0.6511131984232761
Q8TEM1,DeePhase,segment,Extracellular/Lumenal,0.0,0.4535371524144104
P00533,DeePhase,segment,Extracellular/Lumenal,0.0,0.3910713978721543
P21802,DeePhase,segment,Extracellular/Lumenal,0.0,0.5698252106351545
P08247,DeePhase,segment,Extracellular/Lumenal,0.0,0.2417181267059232
P08247,DeePhase,segment,Extracellular/Lumenal,1.0,0.5057345802988062
Q14739,DeePhase,segment,Extracellular/Lumenal,0.0,0.6145968140295306
P29317,DeePhase,segment,Extracellular/Lumenal,0.0,0.4888416758968784
P17948,DeePhase,segment,Extracellular/Lumenal,0.0,0.4187150975400128
P05556,DeePhase,segment,Extracellular/Lumenal,0.0,0.6231271349866099
P10747,DeePhase,segment,Extracellular/Lumenal,0.0,0.213633939998678
Q16635,DeePhase,segment,Extracellular/Lumenal,0.0,0.4269373860634512
Q16635,DeePhase,segment,Extracellular/Lumenal,1.0,0.1706491104980282
P61073,DeePhase,segment,Extracellular/Lumenal,0.0,0.3032541785368294
P61073,DeePhase,segment,Extracellular/Lumenal,1.0,0.4737135896539016
P61073,DeePhase,segment,Extracellular/Lumenal,2.0,0.3767964172129052
P61073,DeePhase,segment,Extracellular/Lumenal,3.0,0.2958469144575905
Q15303,DeePhase,segment,Extracellular/Lumenal,0.0,0.458293112797872
O00254,DeePhase,segment,Extracellular/Lumenal,0.0,0.2402736289059802
O00254,DeePhase,segment,Extracellular/Lumenal,1.0,0.3419981874079484
O00254,DeePhase,segment,Extracellular/Lumenal,2.0,0.2713222014656633
O00254,DeePhase,segment,Extracellular/Lumenal,3.0,0.4445244508145022
Q9Y624,DeePhase,segment,Extracellular/Lumenal,0.0,0.2145073678417988
P31645,DeePhase,segment,Extracellular/Lumenal,1.0,0.1699089358521704
P31645,DeePhase,segment,Extracellular/Lumenal,2.0,0.3613601876615552
P31645,DeePhase,segment,Extracellular/Lumenal,3.0,0.2363230987702733
P31645,DeePhase,segment,Extracellular/Lumenal,4.0,0.4007611705826413
P31645,DeePhase,segment,Extracellular/Lumenal,5.0,0.4815437380743644
P49146,DeePhase,segment,Extracellular/Lumenal,0.0,0.487534203837666
P49146,DeePhase,segment,Extracellular/Lumenal,2.0,0.3178410544882267
P15954,DeePhase,segment,Extracellular/Lumenal,0.0,0.4230292290455665
P13569,DeePhase,segment,Extracellular/Lumenal,0.0,0.3324659021029646
P13569,DeePhase,segment,Extracellular/Lumenal,2.0,0.4151629995350598
P13569,DeePhase,segment,Extracellular/Lumenal,3.0,0.3546062040117665
P13569,DeePhase,segment,Extracellular/Lumenal,5.0,0.4451860207827125
P15941,PSPHunter,whole,Whole,,0.6354200000000001
Q7Z434,PSPHunter,whole,Whole,,0.5576200000000001
Q9BR39,PSPHunter,whole,Whole,,0.76884
O43561,PSPHunter,whole,Whole,,0.7408999999999999
P31431,PSPHunter,whole,Whole,,0.14326
O75445,PSPHunter,whole,Whole,,0.6567999999999999
Q9UM73,PSPHunter,whole,Whole,,0.7052600000000001
Q9H461,PSPHunter,whole,Whole,,0.6854400000000004
O14763,PSPHunter,whole,Whole,,0.38876
P46531,PSPHunter,whole,Whole,,0.6381800000000001
Q8N114,PSPHunter,whole,Whole,,0.37168
Q07065,PSPHunter,whole,Whole,,0.6443200000000003
P08172,PSPHunter,whole,Whole,,0.26248
Q08345,PSPHunter,whole,Whole,,0.4590000000000003
O60500,PSPHunter,whole,Whole,,0.84248
P05067,PSPHunter,whole,Whole,,0.8819800000000002
Q8WXG9,PSPHunter,whole,Whole,,0.6098799999999998
P11362,PSPHunter,whole,Whole,,0.4544400000000003
Q8NC56,PSPHunter,whole,Whole,,0.2807200000000001
P40967,PSPHunter,whole,Whole,,0.60766
P07766,PSPHunter,whole,Whole,,0.2212999999999999
P20963,PSPHunter,whole,Whole,,0.2564199999999999
P04626,PSPHunter,whole,Whole,,0.3854000000000002
O75460,PSPHunter,whole,Whole,,0.31934
P35968,PSPHunter,whole,Whole,,0.6701800000000003
Q12879,PSPHunter,whole,Whole,,0.5699999999999998
Q86WV6,PSPHunter,whole,Whole,,0.0792199999999999
P07949,PSPHunter,whole,Whole,,0.30844
P08908,PSPHunter,whole,Whole,,0.70366
P01857,PSPHunter,whole,Whole,,0.4037000000000001
Q7Z3C6,PSPHunter,whole,Whole,,0.18828
O75581,PSPHunter,whole,Whole,,0.67746
P63027,PSPHunter,whole,Whole,,0.0925
O60733,PSPHunter,whole,Whole,,0.58638
Q04671,PSPHunter,whole,Whole,,0.26386
Q14BN4,PSPHunter,whole,Whole,,0.6666399999999999
P15529,PSPHunter,whole,Whole,,0.4885799999999999
Q8TEM1,PSPHunter,whole,Whole,,0.6747799999999999
Q9UJA2,PSPHunter,whole,Whole,,0.1179599999999999
P00533,PSPHunter,whole,Whole,,0.45444
P21802,PSPHunter,whole,Whole,,0.7090000000000001
P08247,PSPHunter,whole,Whole,,0.42274
Q14739,PSPHunter,whole,Whole,,0.2142
P29317,PSPHunter,whole,Whole,,0.7064400000000001
P17948,PSPHunter,whole,Whole,,0.5163
P05556,PSPHunter,whole,Whole,,0.56464
P10747,PSPHunter,whole,Whole,,0.0523599999999999
Q16635,PSPHunter,whole,Whole,,0.0570199999999999
P61073,PSPHunter,whole,Whole,,0.0372799999999999
Q15303,PSPHunter,whole,Whole,,0.6312600000000002
O00254,PSPHunter,whole,Whole,,0.1121199999999999
Q9H3U5,PSPHunter,whole,Whole,,0.1280199999999999
Q9Y624,PSPHunter,whole,Whole,,0.2269600000000001
P31645,PSPHunter,whole,Whole,,0.2824400000000001
P49146,PSPHunter,whole,Whole,,0.0594599999999999
P15954,PSPHunter,whole,Whole,,0.0370799999999999
P13569,PSPHunter,whole,Whole,,0.5884799999999999
Q9BRQ8,PSPHunter,whole,Whole,,0.4578599999999999
Q03135,PSPHunter,whole,Whole,,0.2317400000000001
Q13021,PSPHunter,whole,Whole,,0.0374799999999999
P15941,PSPHunter,concatenated,Cytoplasmic,,0.1060599999999999
Q7Z434,PSPHunter,concatenated,Cytoplasmic,,0.6038799999999996
Q9BR39,PSPHunter,concatenated,Cytoplasmic,,0.8023800000000001
O43561,PSPHunter,concatenated,Cytoplasmic,,0.6701200000000002
P31431,PSPHunter,concatenated,Cytoplasmic,,0.12922
O75445,PSPHunter,concatenated,Cytoplasmic,,0.19498
Q9UM73,PSPHunter,concatenated,Cytoplasmic,,0.62154
Q9H461,PSPHunter,concatenated,Cytoplasmic,,0.6292
O14763,PSPHunter,concatenated,Cytoplasmic,,0.21488
P46531,PSPHunter,concatenated,Cytoplasmic,,0.74052
Q8N114,PSPHunter,concatenated,Cytoplasmic,,0.4423800000000001
Q07065,PSPHunter,concatenated,Cytoplasmic,,0.6849000000000001
P08172,PSPHunter,concatenated,Cytoplasmic,,0.5652999999999999
Q08345,PSPHunter,concatenated,Cytoplasmic,,0.42284
O60500,PSPHunter,concatenated,Cytoplasmic,,0.3697599999999998
P05067,PSPHunter,concatenated,Cytoplasmic,,0.1412399999999999
Q8WXG9,PSPHunter,concatenated,Cytoplasmic,,0.3419800000000002
P11362,PSPHunter,concatenated,Cytoplasmic,,0.3333400000000001
P40967,PSPHunter,concatenated,Cytoplasmic,,0.0374799999999999
P07766,PSPHunter,concatenated,Cytoplasmic,,0.2983999999999999
P20963,PSPHunter,concatenated,Cytoplasmic,,0.4468599999999998
P04626,PSPHunter,concatenated,Cytoplasmic,,0.68092
O75460,PSPHunter,concatenated,Cytoplasmic,,0.3497999999999999
P35968,PSPHunter,concatenated,Cytoplasmic,,0.53286
Q12879,PSPHunter,concatenated,Cytoplasmic,,0.59986
Q86WV6,PSPHunter,concatenated,Cytoplasmic,,0.15442
P07949,PSPHunter,concatenated,Cytoplasmic,,0.4654200000000002
P08908,PSPHunter,concatenated,Cytoplasmic,,0.2815800000000001
Q7Z3C6,PSPHunter,concatenated,Cytoplasmic,,0.32622
O75581,PSPHunter,concatenated,Cytoplasmic,,0.6141800000000003
P63027,PSPHunter,concatenated,Cytoplasmic,,0.21972
Q04671,PSPHunter,concatenated,Cytoplasmic,,0.2339400000000001
Q14BN4,PSPHunter,concatenated,Cytoplasmic,,0.6517999999999996
P15529,PSPHunter,concatenated,Cytoplasmic,,0.0566399999999999
Q8TEM1,PSPHunter,concatenated,Cytoplasmic,,0.10366
P00533,PSPHunter,concatenated,Cytoplasmic,,0.4117000000000004
P21802,PSPHunter,concatenated,Cytoplasmic,,0.40778
P08247,PSPHunter,concatenated,Cytoplasmic,,0.7430399999999999
P29317,PSPHunter,concatenated,Cytoplasmic,,0.54326
P17948,PSPHunter,concatenated,Cytoplasmic,,0.4895599999999999
P05556,PSPHunter,concatenated,Cytoplasmic,,0.12988
P10747,PSPHunter,concatenated,Cytoplasmic,,0.13662
P61073,PSPHunter,concatenated,Cytoplasmic,,0.1198199999999999
Q15303,PSPHunter,concatenated,Cytoplasmic,,0.7189200000000002
O00254,PSPHunter,concatenated,Cytoplasmic,,0.0768799999999999
Q9Y624,PSPHunter,concatenated,Cytoplasmic,,0.0770999999999999
P31645,PSPHunter,concatenated,Cytoplasmic,,0.2076
P49146,PSPHunter,concatenated,Cytoplasmic,,0.20518
P13569,PSPHunter,concatenated,Cytoplasmic,,0.6496400000000001
Q03135,PSPHunter,concatenated,Cytoplasmic,,0.2805799999999999
P15941,PSPHunter,concatenated,Transmembrane,,0.00384
Q7Z434,PSPHunter,concatenated,Transmembrane,,0.00418
Q9BR39,PSPHunter,concatenated,Transmembrane,,0.00538
O43561,PSPHunter,concatenated,Transmembrane,,0.00312
P31431,PSPHunter,concatenated,Transmembrane,,0.0022
O75445,PSPHunter,concatenated,Transmembrane,,0.00384
Q9UM73,PSPHunter,concatenated,Transmembrane,,0.00422
Q9H461,PSPHunter,concatenated,Transmembrane,,0.0245
O14763,PSPHunter,concatenated,Transmembrane,,0.00502
P46531,PSPHunter,concatenated,Transmembrane,,0.00838
Q8N114,PSPHunter,concatenated,Transmembrane,,0.0048
Q07065,PSPHunter,concatenated,Transmembrane,,0.00466
P08172,PSPHunter,concatenated,Transmembrane,,0.0669199999999999
Q08345,PSPHunter,concatenated,Transmembrane,,0.00502
O60500,PSPHunter,concatenated,Transmembrane,,0.00598
P05067,PSPHunter,concatenated,Transmembrane,,0.00978
Q8WXG9,PSPHunter,concatenated,Transmembrane,,0.0112
P11362,PSPHunter,concatenated,Transmembrane,,0.00524
Q8NC56,PSPHunter,concatenated,Transmembrane,,0.00582
P40967,PSPHunter,concatenated,Transmembrane,,0.00436
P07766,PSPHunter,concatenated,Transmembrane,,0.0067
P20963,PSPHunter,concatenated,Transmembrane,,0.00518
P04626,PSPHunter,concatenated,Transmembrane,,0.00526
O75460,PSPHunter,concatenated,Transmembrane,,0.01658
P35968,PSPHunter,concatenated,Transmembrane,,0.00362
Q12879,PSPHunter,concatenated,Transmembrane,,0.00328
Q86WV6,PSPHunter,concatenated,Transmembrane,,0.00942
P07949,PSPHunter,concatenated,Transmembrane,,0.00582
P08908,PSPHunter,concatenated,Transmembrane,,0.0319599999999999
Q7Z3C6,PSPHunter,concatenated,Transmembrane,,0.01204
O75581,PSPHunter,concatenated,Transmembrane,,0.01318
P63027,PSPHunter,concatenated,Transmembrane,,0.0125
O60733,PSPHunter,concatenated,Transmembrane,,0.01092
Q04671,PSPHunter,concatenated,Transmembrane,,0.0891399999999999
Q14BN4,PSPHunter,concatenated,Transmembrane,,0.00426
P15529,PSPHunter,concatenated,Transmembrane,,0.01004
Q8TEM1,PSPHunter,concatenated,Transmembrane,,0.01316
Q9UJA2,PSPHunter,concatenated,Transmembrane,,0.01672
P00533,PSPHunter,concatenated,Transmembrane,,0.0031
P21802,PSPHunter,concatenated,Transmembrane,,0.00476
P08247,PSPHunter,concatenated,Transmembrane,,0.0352799999999999
Q14739,PSPHunter,concatenated,Transmembrane,,0.01422
P29317,PSPHunter,concatenated,Transmembrane,,0.00358
P17948,PSPHunter,concatenated,Transmembrane,,0.0057
P05556,PSPHunter,concatenated,Transmembrane,,0.00228
P10747,PSPHunter,concatenated,Transmembrane,,0.00388
P61073,PSPHunter,concatenated,Transmembrane,,0.01532
Q15303,PSPHunter,concatenated,Transmembrane,,0.00594
O00254,PSPHunter,concatenated,Transmembrane,,0.0377199999999999
Q9H3U5,PSPHunter,concatenated,Transmembrane,,0.06848
Q9Y624,PSPHunter,concatenated,Transmembrane,,0.00228
P31645,PSPHunter,concatenated,Transmembrane,,0.0974599999999999
P49146,PSPHunter,concatenated,Transmembrane,,0.0227999999999999
P15954,PSPHunter,concatenated,Transmembrane,,0.00518
P13569,PSPHunter,concatenated,Transmembrane,,0.0600999999999999
Q9BRQ8,PSPHunter,concatenated,Transmembrane,,0.01626
Q13021,PSPHunter,concatenated,Transmembrane,,0.01474
P15941,PSPHunter,concatenated,Extracellular/Lumenal,,0.6361999999999999
Q7Z434,PSPHunter,concatenated,Extracellular/Lumenal,,0.0363799999999999
O43561,PSPHunter,concatenated,Extracellular/Lumenal,,0.0308999999999999
P31431,PSPHunter,concatenated,Extracellular/Lumenal,,0.2838200000000001
O75445,PSPHunter,concatenated,Extracellular/Lumenal,,0.6726599999999999
Q9UM73,PSPHunter,concatenated,Extracellular/Lumenal,,0.6909199999999998
Q9H461,PSPHunter,concatenated,Extracellular/Lumenal,,0.7484799999999998
O14763,PSPHunter,concatenated,Extracellular/Lumenal,,0.2743200000000001
P46531,PSPHunter,concatenated,Extracellular/Lumenal,,0.6479400000000003
Q8N114,PSPHunter,concatenated,Extracellular/Lumenal,,0.0525399999999999
Q07065,PSPHunter,concatenated,Extracellular/Lumenal,,0.5583400000000002
P08172,PSPHunter,concatenated,Extracellular/Lumenal,,0.0364199999999999
Q08345,PSPHunter,concatenated,Extracellular/Lumenal,,0.4154000000000002
O60500,PSPHunter,concatenated,Extracellular/Lumenal,,0.6962799999999999
P05067,PSPHunter,concatenated,Extracellular/Lumenal,,0.7758000000000002
Q8WXG9,PSPHunter,concatenated,Extracellular/Lumenal,,0.6176799999999998
P11362,PSPHunter,concatenated,Extracellular/Lumenal,,0.51494
P40967,PSPHunter,concatenated,Extracellular/Lumenal,,0.0301799999999999
P07766,PSPHunter,concatenated,Extracellular/Lumenal,,0.0876599999999999
P20963,PSPHunter,concatenated,Extracellular/Lumenal,,0.01774
P04626,PSPHunter,concatenated,Extracellular/Lumenal,,0.2804999999999999
O75460,PSPHunter,concatenated,Extracellular/Lumenal,,0.2987599999999999
P35968,PSPHunter,concatenated,Extracellular/Lumenal,,0.6087799999999998
Q12879,PSPHunter,concatenated,Extracellular/Lumenal,,0.54308
Q86WV6,PSPHunter,concatenated,Extracellular/Lumenal,,0.0198
P07949,PSPHunter,concatenated,Extracellular/Lumenal,,0.2728799999999999
P08908,PSPHunter,concatenated,Extracellular/Lumenal,,0.0741799999999999
P01857,PSPHunter,concatenated,Extracellular/Lumenal,,0.4037000000000001
Q7Z3C6,PSPHunter,concatenated,Extracellular/Lumenal,,0.0683599999999999
O75581,PSPHunter,concatenated,Extracellular/Lumenal,,0.6572600000000002
P63027,PSPHunter,concatenated,Extracellular/Lumenal,,0.0276599999999999
Q04671,PSPHunter,concatenated,Extracellular/Lumenal,,0.1641
Q14BN4,PSPHunter,concatenated,Extracellular/Lumenal,,0.0252
P15529,PSPHunter,concatenated,Extracellular/Lumenal,,0.56372
Q8TEM1,PSPHunter,concatenated,Extracellular/Lumenal,,0.6716599999999998
P00533,PSPHunter,concatenated,Extracellular/Lumenal,,0.38326
P21802,PSPHunter,concatenated,Extracellular/Lumenal,,0.5658799999999998
P08247,PSPHunter,concatenated,Extracellular/Lumenal,,0.0899599999999999
Q14739,PSPHunter,concatenated,Extracellular/Lumenal,,0.56774
P29317,PSPHunter,concatenated,Extracellular/Lumenal,,0.4856
P17948,PSPHunter,concatenated,Extracellular/Lumenal,,0.4919599999999999
P05556,PSPHunter,concatenated,Extracellular/Lumenal,,0.5635000000000002
P10747,PSPHunter,concatenated,Extracellular/Lumenal,,0.12544
Q16635,PSPHunter,concatenated,Extracellular/Lumenal,,0.0916399999999999
P61073,PSPHunter,concatenated,Extracellular/Lumenal,,0.10576
Q15303,PSPHunter,concatenated,Extracellular/Lumenal,,0.40448
O00254,PSPHunter,concatenated,Extracellular/Lumenal,,0.14512
Q9Y624,PSPHunter,concatenated,Extracellular/Lumenal,,0.46004
P31645,PSPHunter,concatenated,Extracellular/Lumenal,,0.0349199999999999
P49146,PSPHunter,concatenated,Extracellular/Lumenal,,0.1157
P15954,PSPHunter,concatenated,Extracellular/Lumenal,,0.0427999999999999
P13569,PSPHunter,concatenated,Extracellular/Lumenal,,0.0315999999999999
P15941,PSPHunter,segment,Cytoplasmic,0.0,0.1060599999999999
Q7Z434,PSPHunter,segment,Cytoplasmic,0.0,0.6038799999999996
Q9BR39,PSPHunter,segment,Cytoplasmic,0.0,0.8023800000000001
O43561,PSPHunter,segment,Cytoplasmic,0.0,0.6701200000000002
P31431,PSPHunter,segment,Cytoplasmic,0.0,0.12922
O75445,PSPHunter,segment,Cytoplasmic,0.0,0.19498
Q9UM73,PSPHunter,segment,Cytoplasmic,0.0,0.62154
Q9H461,PSPHunter,segment,Cytoplasmic,0.0,0.0496999999999999
Q9H461,PSPHunter,segment,Cytoplasmic,1.0,0.01036
Q9H461,PSPHunter,segment,Cytoplasmic,2.0,0.0717999999999999
Q9H461,PSPHunter,segment,Cytoplasmic,3.0,0.59814
O14763,PSPHunter,segment,Cytoplasmic,0.0,0.21488
P46531,PSPHunter,segment,Cytoplasmic,0.0,0.74052
Q8N114,PSPHunter,segment,Cytoplasmic,0.0,0.4423800000000001
Q07065,PSPHunter,segment,Cytoplasmic,0.0,0.6849000000000001
P08172,PSPHunter,segment,Cytoplasmic,0.0,0.0384599999999999
P08172,PSPHunter,segment,Cytoplasmic,1.0,0.0383399999999999
P08172,PSPHunter,segment,Cytoplasmic,2.0,0.5085599999999998
P08172,PSPHunter,segment,Cytoplasmic,3.0,0.02006
Q08345,PSPHunter,segment,Cytoplasmic,0.0,0.42284
O60500,PSPHunter,segment,Cytoplasmic,0.0,0.3697599999999998
P05067,PSPHunter,segment,Cytoplasmic,0.0,0.1412399999999999
Q8WXG9,PSPHunter,segment,Cytoplasmic,0.0,0.0280599999999999
Q8WXG9,PSPHunter,segment,Cytoplasmic,1.0,0.0428199999999999
Q8WXG9,PSPHunter,segment,Cytoplasmic,2.0,0.0827999999999999
Q8WXG9,PSPHunter,segment,Cytoplasmic,3.0,0.2659
P11362,PSPHunter,segment,Cytoplasmic,0.0,0.3333400000000001
P40967,PSPHunter,segment,Cytoplasmic,0.0,0.0374799999999999
P07766,PSPHunter,segment,Cytoplasmic,0.0,0.2983999999999999
P20963,PSPHunter,segment,Cytoplasmic,0.0,0.4468599999999998
P04626,PSPHunter,segment,Cytoplasmic,0.0,0.68092
O75460,PSPHunter,segment,Cytoplasmic,0.0,0.3497999999999999
P35968,PSPHunter,segment,Cytoplasmic,0.0,0.53286
Q12879,PSPHunter,segment,Cytoplasmic,0.0,0.0579399999999999
Q12879,PSPHunter,segment,Cytoplasmic,1.0,0.0323799999999999
Q12879,PSPHunter,segment,Cytoplasmic,2.0,0.5767199999999999
Q86WV6,PSPHunter,segment,Cytoplasmic,0.0,0.0400199999999999
Q86WV6,PSPHunter,segment,Cytoplasmic,1.0,0.0507999999999999
Q86WV6,PSPHunter,segment,Cytoplasmic,2.0,0.1365199999999999
P07949,PSPHunter,segment,Cytoplasmic,0.0,0.4654200000000002
P08908,PSPHunter,segment,Cytoplasmic,0.0,0.02052
P08908,PSPHunter,segment,Cytoplasmic,1.0,0.0528399999999999
P08908,PSPHunter,segment,Cytoplasmic,2.0,0.18704
P08908,PSPHunter,segment,Cytoplasmic,3.0,0.0488999999999999
Q7Z3C6,PSPHunter,segment,Cytoplasmic,0.0,0.07746
Q7Z3C6,PSPHunter,segment,Cytoplasmic,1.0,0.0592199999999999
Q7Z3C6,PSPHunter,segment,Cytoplasmic,2.0,0.0109
Q7Z3C6,PSPHunter,segment,Cytoplasmic,3.0,0.0822599999999999
Q7Z3C6,PSPHunter,segment,Cytoplasmic,4.0,0.0459599999999999
Q7Z3C6,PSPHunter,segment,Cytoplasmic,5.0,0.02898
Q7Z3C6,PSPHunter,segment,Cytoplasmic,6.0,0.4113199999999999
O75581,PSPHunter,segment,Cytoplasmic,0.0,0.6141800000000003
P63027,PSPHunter,segment,Cytoplasmic,0.0,0.21972
Q04671,PSPHunter,segment,Cytoplasmic,0.0,0.1465199999999999
Q04671,PSPHunter,segment,Cytoplasmic,1.0,0.02456
Q04671,PSPHunter,segment,Cytoplasmic,2.0,0.0440799999999999
Q04671,PSPHunter,segment,Cytoplasmic,3.0,0.10262
Q04671,PSPHunter,segment,Cytoplasmic,4.0,0.0667599999999999
Q04671,PSPHunter,segment,Cytoplasmic,5.0,0.0267599999999999
Q04671,PSPHunter,segment,Cytoplasmic,6.0,0.0259399999999999
Q14BN4,PSPHunter,segment,Cytoplasmic,0.0,0.6517999999999996
P15529,PSPHunter,segment,Cytoplasmic,0.0,0.0566399999999999
Q8TEM1,PSPHunter,segment,Cytoplasmic,0.0,0.10366
P00533,PSPHunter,segment,Cytoplasmic,0.0,0.4117000000000004
P21802,PSPHunter,segment,Cytoplasmic,0.0,0.40778
P08247,PSPHunter,segment,Cytoplasmic,0.0,0.01438
P08247,PSPHunter,segment,Cytoplasmic,1.0,0.0429599999999999
P08247,PSPHunter,segment,Cytoplasmic,2.0,0.7129000000000002
P29317,PSPHunter,segment,Cytoplasmic,0.0,0.54326
P17948,PSPHunter,segment,Cytoplasmic,0.0,0.4895599999999999
P05556,PSPHunter,segment,Cytoplasmic,0.0,0.12988
P10747,PSPHunter,segment,Cytoplasmic,0.0,0.13662
P61073,PSPHunter,segment,Cytoplasmic,0.0,0.0517599999999999
P61073,PSPHunter,segment,Cytoplasmic,1.0,0.0141
P61073,PSPHunter,segment,Cytoplasmic,2.0,0.0321599999999999
P61073,PSPHunter,segment,Cytoplasmic,3.0,0.0669199999999999
Q15303,PSPHunter,segment,Cytoplasmic,0.0,0.7189200000000002
O00254,PSPHunter,segment,Cytoplasmic,0.0,0.0177
O00254,PSPHunter,segment,Cytoplasmic,1.0,0.02848
O00254,PSPHunter,segment,Cytoplasmic,2.0,0.0263
O00254,PSPHunter,segment,Cytoplasmic,3.0,0.0406399999999999
Q9Y624,PSPHunter,segment,Cytoplasmic,0.0,0.0770999999999999
P31645,PSPHunter,segment,Cytoplasmic,0.0,0.11298
P31645,PSPHunter,segment,Cytoplasmic,1.0,0.01328
P31645,PSPHunter,segment,Cytoplasmic,2.0,0.01354
P31645,PSPHunter,segment,Cytoplasmic,3.0,0.0325799999999999
P31645,PSPHunter,segment,Cytoplasmic,4.0,0.0348599999999999
P31645,PSPHunter,segment,Cytoplasmic,5.0,0.01608
P31645,PSPHunter,segment,Cytoplasmic,6.0,0.0782999999999999
P49146,PSPHunter,segment,Cytoplasmic,0.0,0.0263399999999999
P49146,PSPHunter,segment,Cytoplasmic,1.0,0.0395199999999999
P49146,PSPHunter,segment,Cytoplasmic,2.0,0.0514999999999999
P49146,PSPHunter,segment,Cytoplasmic,3.0,0.0702799999999999
P13569,PSPHunter,segment,Cytoplasmic,0.0,0.09946
P13569,PSPHunter,segment,Cytoplasmic,1.0,0.0267199999999999
P13569,PSPHunter,segment,Cytoplasmic,2.0,0.14992
P13569,PSPHunter,segment,Cytoplasmic,3.0,0.50098
P13569,PSPHunter,segment,Cytoplasmic,4.0,0.01872
P13569,PSPHunter,segment,Cytoplasmic,5.0,0.0828
P13569,PSPHunter,segment,Cytoplasmic,6.0,0.41806
Q03135,PSPHunter,segment,Cytoplasmic,0.0,0.21252
Q03135,PSPHunter,segment,Cytoplasmic,1.0,0.0717799999999999
P15941,PSPHunter,segment,Transmembrane,0.0,0.00384
Q7Z434,PSPHunter,segment,Transmembrane,0.0,0.00418
Q9BR39,PSPHunter,segment,Transmembrane,0.0,0.00538
O43561,PSPHunter,segment,Transmembrane,0.0,0.00312
P31431,PSPHunter,segment,Transmembrane,0.0,0.0022
O75445,PSPHunter,segment,Transmembrane,0.0,0.00384
Q9UM73,PSPHunter,segment,Transmembrane,0.0,0.00422
Q9H461,PSPHunter,segment,Transmembrane,0.0,0.02124
Q9H461,PSPHunter,segment,Transmembrane,1.0,0.01948
Q9H461,PSPHunter,segment,Transmembrane,2.0,0.01414
Q9H461,PSPHunter,segment,Transmembrane,3.0,0.0068
Q9H461,PSPHunter,segment,Transmembrane,4.0,0.00556
Q9H461,PSPHunter,segment,Transmembrane,5.0,0.00438
Q9H461,PSPHunter,segment,Transmembrane,6.0,0.00846
O14763,PSPHunter,segment,Transmembrane,0.0,0.00502
P46531,PSPHunter,segment,Transmembrane,0.0,0.00838
Q8N114,PSPHunter,segment,Transmembrane,0.0,0.0048
Q07065,PSPHunter,segment,Transmembrane,0.0,0.00466
P08172,PSPHunter,segment,Transmembrane,0.0,0.00688
P08172,PSPHunter,segment,Transmembrane,1.0,0.00618
P08172,PSPHunter,segment,Transmembrane,2.0,0.00652
P08172,PSPHunter,segment,Transmembrane,3.0,0.01016
P08172,PSPHunter,segment,Transmembrane,4.0,0.01006
P08172,PSPHunter,segment,Transmembrane,5.0,0.00784
P08172,PSPHunter,segment,Transmembrane,6.0,0.0388199999999999
Q08345,PSPHunter,segment,Transmembrane,0.0,0.00502
O60500,PSPHunter,segment,Transmembrane,0.0,0.00598
P05067,PSPHunter,segment,Transmembrane,0.0,0.00978
Q8WXG9,PSPHunter,segment,Transmembrane,0.0,0.01
Q8WXG9,PSPHunter,segment,Transmembrane,1.0,0.00638
Q8WXG9,PSPHunter,segment,Transmembrane,2.0,0.0316599999999999
Q8WXG9,PSPHunter,segment,Transmembrane,3.0,0.00798
Q8WXG9,PSPHunter,segment,Transmembrane,4.0,0.00406
Q8WXG9,PSPHunter,segment,Transmembrane,5.0,0.00912
Q8WXG9,PSPHunter,segment,Transmembrane,6.0,0.0279999999999999
P11362,PSPHunter,segment,Transmembrane,0.0,0.00524
Q8NC56,PSPHunter,segment,Transmembrane,0.0,0.00528
Q8NC56,PSPHunter,segment,Transmembrane,1.0,0.0093
P40967,PSPHunter,segment,Transmembrane,0.0,0.00436
P07766,PSPHunter,segment,Transmembrane,0.0,0.0067
P20963,PSPHunter,segment,Transmembrane,0.0,0.00518
P04626,PSPHunter,segment,Transmembrane,0.0,0.00526
O75460,PSPHunter,segment,Transmembrane,0.0,0.01658
P35968,PSPHunter,segment,Transmembrane,0.0,0.00362
Q12879,PSPHunter,segment,Transmembrane,0.0,0.00568
Q12879,PSPHunter,segment,Transmembrane,1.0,0.01712
Q12879,PSPHunter,segment,Transmembrane,2.0,0.0065
Q86WV6,PSPHunter,segment,Transmembrane,0.0,0.0057
Q86WV6,PSPHunter,segment,Transmembrane,1.0,0.007
Q86WV6,PSPHunter,segment,Transmembrane,2.0,0.01098
Q86WV6,PSPHunter,segment,Transmembrane,3.0,0.00526
P07949,PSPHunter,segment,Transmembrane,0.0,0.00582
P08908,PSPHunter,segment,Transmembrane,0.0,0.00584
P08908,PSPHunter,segment,Transmembrane,1.0,0.00482
P08908,PSPHunter,segment,Transmembrane,2.0,0.0039
P08908,PSPHunter,segment,Transmembrane,3.0,0.00446
P08908,PSPHunter,segment,Transmembrane,4.0,0.00818
P08908,PSPHunter,segment,Transmembrane,5.0,0.00578
P08908,PSPHunter,segment,Transmembrane,6.0,0.0367199999999999
Q7Z3C6,PSPHunter,segment,Transmembrane,0.0,0.02068
Q7Z3C6,PSPHunter,segment,Transmembrane,1.0,0.01374
Q7Z3C6,PSPHunter,segment,Transmembrane,2.0,0.00322
Q7Z3C6,PSPHunter,segment,Transmembrane,3.0,0.01024
O75581,PSPHunter,segment,Transmembrane,0.0,0.01318
P63027,PSPHunter,segment,Transmembrane,0.0,0.0125
O60733,PSPHunter,segment,Transmembrane,0.0,0.0065
O60733,PSPHunter,segment,Transmembrane,1.0,0.00742
Q04671,PSPHunter,segment,Transmembrane,0.0,0.0072
Q04671,PSPHunter,segment,Transmembrane,1.0,0.00492
Q04671,PSPHunter,segment,Transmembrane,2.0,0.00426
Q04671,PSPHunter,segment,Transmembrane,3.0,0.005
Q04671,PSPHunter,segment,Transmembrane,4.0,0.00296
Q04671,PSPHunter,segment,Transmembrane,5.0,0.00952
Q04671,PSPHunter,segment,Transmembrane,6.0,0.01436
Q04671,PSPHunter,segment,Transmembrane,7.0,0.00918
Q04671,PSPHunter,segment,Transmembrane,8.0,0.004
Q04671,PSPHunter,segment,Transmembrane,9.0,0.0046
Q04671,PSPHunter,segment,Transmembrane,10.0,0.01292
Q04671,PSPHunter,segment,Transmembrane,11.0,0.00594
Q14BN4,PSPHunter,segment,Transmembrane,0.0,0.00426
P15529,PSPHunter,segment,Transmembrane,0.0,0.01004
Q8TEM1,PSPHunter,segment,Transmembrane,0.0,0.01316
Q9UJA2,PSPHunter,segment,Transmembrane,0.0,0.00708
Q9UJA2,PSPHunter,segment,Transmembrane,1.0,0.01056
Q9UJA2,PSPHunter,segment,Transmembrane,2.0,0.00686
Q9UJA2,PSPHunter,segment,Transmembrane,3.0,0.0041
Q9UJA2,PSPHunter,segment,Transmembrane,4.0,0.02108
P00533,PSPHunter,segment,Transmembrane,0.0,0.0031
P21802,PSPHunter,segment,Transmembrane,0.0,0.00476
P08247,PSPHunter,segment,Transmembrane,0.0,0.0237199999999999
P08247,PSPHunter,segment,Transmembrane,1.0,0.00666
P08247,PSPHunter,segment,Transmembrane,2.0,0.0234
P08247,PSPHunter,segment,Transmembrane,3.0,0.02798
Q14739,PSPHunter,segment,Transmembrane,0.0,0.01004
Q14739,PSPHunter,segment,Transmembrane,1.0,0.0290199999999999
Q14739,PSPHunter,segment,Transmembrane,2.0,0.0085
Q14739,PSPHunter,segment,Transmembrane,3.0,0.00472
Q14739,PSPHunter,segment,Transmembrane,4.0,0.0097
Q14739,PSPHunter,segment,Transmembrane,5.0,0.0279199999999999
Q14739,PSPHunter,segment,Transmembrane,6.0,0.00758
Q14739,PSPHunter,segment,Transmembrane,7.0,0.0262
P29317,PSPHunter,segment,Transmembrane,0.0,0.00358
P17948,PSPHunter,segment,Transmembrane,0.0,0.0057
P05556,PSPHunter,segment,Transmembrane,0.0,0.00228
P10747,PSPHunter,segment,Transmembrane,0.0,0.00388
P61073,PSPHunter,segment,Transmembrane,0.0,0.00954
P61073,PSPHunter,segment,Transmembrane,1.0,0.01558
P61073,PSPHunter,segment,Transmembrane,2.0,0.01706
P61073,PSPHunter,segment,Transmembrane,3.0,0.01208
P61073,PSPHunter,segment,Transmembrane,4.0,0.00682
P61073,PSPHunter,segment,Transmembrane,5.0,0.0242
P61073,PSPHunter,segment,Transmembrane,6.0,0.00598
Q15303,PSPHunter,segment,Transmembrane,0.0,0.00594
O00254,PSPHunter,segment,Transmembrane,0.0,0.00498
O00254,PSPHunter,segment,Transmembrane,1.0,0.02646
O00254,PSPHunter,segment,Transmembrane,2.0,0.00968
O00254,PSPHunter,segment,Transmembrane,3.0,0.02366
O00254,PSPHunter,segment,Transmembrane,4.0,0.02074
O00254,PSPHunter,segment,Transmembrane,5.0,0.00768
O00254,PSPHunter,segment,Transmembrane,6.0,0.01734
Q9H3U5,PSPHunter,segment,Transmembrane,0.0,0.01034
Q9H3U5,PSPHunter,segment,Transmembrane,1.0,0.0218
Q9H3U5,PSPHunter,segment,Transmembrane,2.0,0.00838
Q9H3U5,PSPHunter,segment,Transmembrane,3.0,0.0320399999999999
Q9H3U5,PSPHunter,segment,Transmembrane,4.0,0.00926
Q9H3U5,PSPHunter,segment,Transmembrane,5.0,0.0032
Q9H3U5,PSPHunter,segment,Transmembrane,6.0,0.01878
Q9H3U5,PSPHunter,segment,Transmembrane,7.0,0.0321599999999999
Q9H3U5,PSPHunter,segment,Transmembrane,8.0,0.00414
Q9H3U5,PSPHunter,segment,Transmembrane,9.0,0.00382
Q9H3U5,PSPHunter,segment,Transmembrane,10.0,0.0091
Q9H3U5,PSPHunter,segment,Transmembrane,11.0,0.00964
Q9Y624,PSPHunter,segment,Transmembrane,0.0,0.00228
P31645,PSPHunter,segment,Transmembrane,0.0,0.0298799999999999
P31645,PSPHunter,segment,Transmembrane,1.0,0.01118
P31645,PSPHunter,segment,Transmembrane,2.0,0.0228199999999999
P31645,PSPHunter,segment,Transmembrane,3.0,0.00856
P31645,PSPHunter,segment,Transmembrane,4.0,0.01
P31645,PSPHunter,segment,Transmembrane,5.0,0.00632
P31645,PSPHunter,segment,Transmembrane,6.0,0.0208
P31645,PSPHunter,segment,Transmembrane,7.0,0.00674
P31645,PSPHunter,segment,Transmembrane,8.0,0.00642
P31645,PSPHunter,segment,Transmembrane,9.0,0.00644
P31645,PSPHunter,segment,Transmembrane,10.0,0.00812
P31645,PSPHunter,segment,Transmembrane,11.0,0.01726
P49146,PSPHunter,segment,Transmembrane,0.0,0.01024
P49146,PSPHunter,segment,Transmembrane,1.0,0.00568
P49146,PSPHunter,segment,Transmembrane,2.0,0.008
P49146,PSPHunter,segment,Transmembrane,3.0,0.00286
P49146,PSPHunter,segment,Transmembrane,4.0,0.01058
P49146,PSPHunter,segment,Transmembrane,5.0,0.00768
P49146,PSPHunter,segment,Transmembrane,6.0,0.0301399999999999
P15954,PSPHunter,segment,Transmembrane,0.0,0.00518
P13569,PSPHunter,segment,Transmembrane,0.0,0.02598
P13569,PSPHunter,segment,Transmembrane,1.0,0.00776
P13569,PSPHunter,segment,Transmembrane,2.0,0.0044
P13569,PSPHunter,segment,Transmembrane,3.0,0.00524
P13569,PSPHunter,segment,Transmembrane,4.0,0.0372199999999999
P13569,PSPHunter,segment,Transmembrane,5.0,0.01318
P13569,PSPHunter,segment,Transmembrane,6.0,0.0036
P13569,PSPHunter,segment,Transmembrane,7.0,0.01014
P13569,PSPHunter,segment,Transmembrane,8.0,0.00674
P13569,PSPHunter,segment,Transmembrane,9.0,0.01154
P13569,PSPHunter,segment,Transmembrane,10.0,0.0294799999999999
P13569,PSPHunter,segment,Transmembrane,11.0,0.01058
Q9BRQ8,PSPHunter,segment,Transmembrane,0.0,0.01626
Q13021,PSPHunter,segment,Transmembrane,0.0,0.00866
Q13021,PSPHunter,segment,Transmembrane,1.0,0.01522
Q13021,PSPHunter,segment,Transmembrane,2.0,0.00954
Q13021,PSPHunter,segment,Transmembrane,3.0,0.00922
P15941,PSPHunter,segment,Extracellular/Lumenal,0.0,0.6361999999999999
Q7Z434,PSPHunter,segment,Extracellular/Lumenal,0.0,0.0363799999999999
O43561,PSPHunter,segment,Extracellular/Lumenal,0.0,0.0308999999999999
P31431,PSPHunter,segment,Extracellular/Lumenal,0.0,0.2838200000000001
O75445,PSPHunter,segment,Extracellular/Lumenal,0.0,0.6726599999999999
Q9UM73,PSPHunter,segment,Extracellular/Lumenal,0.0,0.6909199999999998
Q9H461,PSPHunter,segment,Extracellular/Lumenal,0.0,0.5507200000000002
Q9H461,PSPHunter,segment,Extracellular/Lumenal,1.0,0.2901800000000001
Q9H461,PSPHunter,segment,Extracellular/Lumenal,2.0,0.0689399999999999
Q9H461,PSPHunter,segment,Extracellular/Lumenal,3.0,0.0810199999999999
O14763,PSPHunter,segment,Extracellular/Lumenal,0.0,0.2743200000000001
P46531,PSPHunter,segment,Extracellular/Lumenal,0.0,0.6479400000000003
Q8N114,PSPHunter,segment,Extracellular/Lumenal,0.0,0.0525399999999999
Q07065,PSPHunter,segment,Extracellular/Lumenal,0.0,0.5583400000000002
P08172,PSPHunter,segment,Extracellular/Lumenal,0.0,0.0396799999999999
P08172,PSPHunter,segment,Extracellular/Lumenal,1.0,0.02312
P08172,PSPHunter,segment,Extracellular/Lumenal,2.0,0.0401599999999999
P08172,PSPHunter,segment,Extracellular/Lumenal,3.0,0.02258
Q08345,PSPHunter,segment,Extracellular/Lumenal,0.0,0.4154000000000002
O60500,PSPHunter,segment,Extracellular/Lumenal,0.0,0.6962799999999999
P05067,PSPHunter,segment,Extracellular/Lumenal,0.0,0.7758000000000002
Q8WXG9,PSPHunter,segment,Extracellular/Lumenal,0.0,0.61704
Q8WXG9,PSPHunter,segment,Extracellular/Lumenal,1.0,0.01344
Q8WXG9,PSPHunter,segment,Extracellular/Lumenal,2.0,0.0506399999999999
Q8WXG9,PSPHunter,segment,Extracellular/Lumenal,3.0,0.0413399999999999
P11362,PSPHunter,segment,Extracellular/Lumenal,0.0,0.51494
P40967,PSPHunter,segment,Extracellular/Lumenal,0.0,0.0301799999999999
P07766,PSPHunter,segment,Extracellular/Lumenal,0.0,0.0876599999999999
P20963,PSPHunter,segment,Extracellular/Lumenal,0.0,0.01774
P04626,PSPHunter,segment,Extracellular/Lumenal,0.0,0.2804999999999999
O75460,PSPHunter,segment,Extracellular/Lumenal,0.0,0.2987599999999999
P35968,PSPHunter,segment,Extracellular/Lumenal,0.0,0.6087799999999998
Q12879,PSPHunter,segment,Extracellular/Lumenal,0.0,0.4105600000000002
Q12879,PSPHunter,segment,Extracellular/Lumenal,1.0,0.2046
Q86WV6,PSPHunter,segment,Extracellular/Lumenal,0.0,0.01878
Q86WV6,PSPHunter,segment,Extracellular/Lumenal,1.0,0.0317599999999999
P07949,PSPHunter,segment,Extracellular/Lumenal,0.0,0.2728799999999999
P08908,PSPHunter,segment,Extracellular/Lumenal,0.0,0.0793599999999999
P08908,PSPHunter,segment,Extracellular/Lumenal,1.0,0.01548
P08908,PSPHunter,segment,Extracellular/Lumenal,2.0,0.0414399999999999
P08908,PSPHunter,segment,Extracellular/Lumenal,3.0,0.01798
P01857,PSPHunter,segment,Extracellular/Lumenal,0.0,0.4037000000000001
Q7Z3C6,PSPHunter,segment,Extracellular/Lumenal,0.0,0.0645999999999999
Q7Z3C6,PSPHunter,segment,Extracellular/Lumenal,1.0,0.01792
O75581,PSPHunter,segment,Extracellular/Lumenal,0.0,0.6572600000000002
P63027,PSPHunter,segment,Extracellular/Lumenal,0.0,0.0276599999999999
Q04671,PSPHunter,segment,Extracellular/Lumenal,0.0,0.0318399999999999
Q04671,PSPHunter,segment,Extracellular/Lumenal,1.0,0.02502
Q04671,PSPHunter,segment,Extracellular/Lumenal,2.0,0.02232
Q04671,PSPHunter,segment,Extracellular/Lumenal,3.0,0.0301199999999999
Q04671,PSPHunter,segment,Extracellular/Lumenal,4.0,0.02352
Q04671,PSPHunter,segment,Extracellular/Lumenal,5.0,0.0308999999999999
Q14BN4,PSPHunter,segment,Extracellular/Lumenal,0.0,0.0252
P15529,PSPHunter,segment,Extracellular/Lumenal,0.0,0.56372
Q8TEM1,PSPHunter,segment,Extracellular/Lumenal,0.0,0.6716599999999998
P00533,PSPHunter,segment,Extracellular/Lumenal,0.0,0.38326
P21802,PSPHunter,segment,Extracellular/Lumenal,0.0,0.5658799999999998
P08247,PSPHunter,segment,Extracellular/Lumenal,0.0,0.06488
P08247,PSPHunter,segment,Extracellular/Lumenal,1.0,0.0350599999999999
Q14739,PSPHunter,segment,Extracellular/Lumenal,0.0,0.56774
P29317,PSPHunter,segment,Extracellular/Lumenal,0.0,0.4856
P17948,PSPHunter,segment,Extracellular/Lumenal,0.0,0.4919599999999999
P05556,PSPHunter,segment,Extracellular/Lumenal,0.0,0.5635000000000002
P10747,PSPHunter,segment,Extracellular/Lumenal,0.0,0.12544
Q16635,PSPHunter,segment,Extracellular/Lumenal,0.0,0.0315399999999999
Q16635,PSPHunter,segment,Extracellular/Lumenal,1.0,0.1040399999999999
P61073,PSPHunter,segment,Extracellular/Lumenal,0.0,0.0764399999999999
P61073,PSPHunter,segment,Extracellular/Lumenal,1.0,0.0273799999999999
P61073,PSPHunter,segment,Extracellular/Lumenal,2.0,0.0253999999999999
P61073,PSPHunter,segment,Extracellular/Lumenal,3.0,0.02606
Q15303,PSPHunter,segment,Extracellular/Lumenal,0.0,0.40448
O00254,PSPHunter,segment,Extracellular/Lumenal,0.0,0.0523599999999999
O00254,PSPHunter,segment,Extracellular/Lumenal,1.0,0.0389999999999999
O00254,PSPHunter,segment,Extracellular/Lumenal,2.0,0.0424199999999999
O00254,PSPHunter,segment,Extracellular/Lumenal,3.0,0.0238599999999999
Q9Y624,PSPHunter,segment,Extracellular/Lumenal,0.0,0.46004
P31645,PSPHunter,segment,Extracellular/Lumenal,0.0,0.0341199999999999
P31645,PSPHunter,segment,Extracellular/Lumenal,1.0,0.0558399999999999
P31645,PSPHunter,segment,Extracellular/Lumenal,2.0,0.0399999999999999
P31645,PSPHunter,segment,Extracellular/Lumenal,3.0,0.01464
P31645,PSPHunter,segment,Extracellular/Lumenal,4.0,0.0312799999999999
P31645,PSPHunter,segment,Extracellular/Lumenal,5.0,0.0507399999999999
P49146,PSPHunter,segment,Extracellular/Lumenal,0.0,0.0626999999999999
P49146,PSPHunter,segment,Extracellular/Lumenal,1.0,0.02812
P49146,PSPHunter,segment,Extracellular/Lumenal,2.0,0.0396599999999999
P49146,PSPHunter,segment,Extracellular/Lumenal,3.0,0.0456599999999999
P15954,PSPHunter,segment,Extracellular/Lumenal,0.0,0.0433399999999999
P15954,PSPHunter,segment,Extracellular/Lumenal,1.0,0.0306799999999999
P13569,PSPHunter,segment,Extracellular/Lumenal,0.0,0.0293999999999999
P13569,PSPHunter,segment,Extracellular/Lumenal,1.0,0.01864
P13569,PSPHunter,segment,Extracellular/Lumenal,2.0,0.00692
P13569,PSPHunter,segment,Extracellular/Lumenal,3.0,0.0419799999999999
P13569,PSPHunter,segment,Extracellular/Lumenal,4.0,0.0276599999999999
P13569,PSPHunter,segment,Extracellular/Lumenal,5.0,0.02334
O00254,PSPire,whole_db,Whole,,0.0067556067
O14763,PSPire,whole_db,Whole,,0.005453388
O43561,PSPire,whole_db,Whole,,0.8835028
O60500,PSPire,whole_db,Whole,,0.19236472
O60733,PSPire,whole_db,Whole,,0.095477454
O75445,PSPire,whole_db,Whole,,0.1819633
O75460,PSPire,whole_db,Whole,,0.13928577
O75581,PSPire,whole_db,Whole,,0.56313956
P00533,PSPire,whole_db,Whole,,0.9948772
P01857,PSPire,whole_db,Whole,,0.37336266
P04626,PSPire,whole_db,Whole,,0.97369987
P05067,PSPire,whole_db,Whole,,0.8443614
P05556,PSPire,whole_db,Whole,,0.3943021
P07766,PSPire,whole_db,Whole,,0.061977915
P07949,PSPire,whole_db,Whole,,0.91190875
P08172,PSPire,whole_db,Whole,,0.05264176
P08247,PSPire,whole_db,Whole,,0.09619441
P08908,PSPire,whole_db,Whole,,0.8727934
P10747,PSPire,whole_db,Whole,,0.08280896
P11362,PSPire,whole_db,Whole,,0.47035217
P13569,PSPire,whole_db,Whole,,0.021911938
P15529,PSPire,whole_db,Whole,,0.0045261797
P15941,PSPire,whole_db,Whole,,0.14811698
P15954,PSPire,whole_db,Whole,,0.49630556
P17948,PSPire,whole_db,Whole,,0.9283825
P20963,PSPire,whole_db,Whole,,0.7059225
P21802,PSPire,whole_db,Whole,,0.9132317
P31431,PSPire,whole_db,Whole,,0.02247028
P31645,PSPire,whole_db,Whole,,0.011828845
P35968,PSPire,whole_db,Whole,,0.8592192
P40967,PSPire,whole_db,Whole,,0.89362746
P46531,PSPire,whole_db,Whole,,0.03198308
P49146,PSPire,whole_db,Whole,,0.0028923738
P29317,PSPire,whole_db,Whole,,0.83137894
P61073,PSPire,whole_db,Whole,,0.24888709
P63027,PSPire,whole_db,Whole,,0.091656424
Q03135,PSPire,whole_db,Whole,,0.9744093
Q04671,PSPire,whole_db,Whole,,0.00041875648
Q07065,PSPire,whole_db,Whole,,0.75943923
Q08345,PSPire,whole_db,Whole,,0.092777506
Q12879,PSPire,whole_db,Whole,,0.21759966
Q13021,PSPire,whole_db,Whole,,0.036293495
Q14739,PSPire,whole_db,Whole,,0.5698512
Q14BN4,PSPire,whole_db,Whole,,0.58318293
Q15303,PSPire,whole_db,Whole,,0.9430021
Q16635,PSPire,whole_db,Whole,,0.009672598
Q7Z3C6,PSPire,whole_db,Whole,,0.0078108557
Q7Z434,PSPire,whole_db,Whole,,0.97495615
Q9UM73,PSPire,whole_db,Whole,,0.72956294
Q9Y624,PSPire,whole_db,Whole,,0.1137257
Q86WV6,PSPire,whole_db,Whole,,0.7079318
Q8N114,PSPire,whole_db,Whole,,0.0060578524
Q8NC56,PSPire,whole_db,Whole,,0.9496786
Q8TEM1,PSPire,whole_db,Whole,,0.08759173
Q8WXG9,PSPire,whole_db,Whole,,0.022319196
Q9BR39,PSPire,whole_db,Whole,,0.5504534
Q9BRQ8,PSPire,whole_db,Whole,,0.102038205
Q9H3U5,PSPire,whole_db,Whole,,0.01865598
Q9H461,PSPire,whole_db,Whole,,0.0016049944
Q9UJA2,PSPire,whole_db,Whole,,0.0030629006
Q07065,PICNIC,whole_db,Whole,,0.8507573909
P17948,PICNIC,whole_db,Whole,,0.7882259247000001
P05067,PICNIC,whole_db,Whole,,0.769808888
Q9BR39,PICNIC,whole_db,Whole,,0.7654327439
P21802,PICNIC,whole_db,Whole,,0.7650979889
O75460,PICNIC,whole_db,Whole,,0.7630394757000001
P35968,PICNIC,whole_db,Whole,,0.7550936052
P00533,PICNIC,whole_db,Whole,,0.7243557948
Q9BRQ8,PICNIC,whole_db,Whole,,0.6706123549
P11362,PICNIC,whole_db,Whole,,0.6645710642
Q15303,PICNIC,whole_db,Whole,,0.6498495255
P05556,PICNIC,whole_db,Whole,,0.6429573146
Q14BN4,PICNIC,whole_db,Whole,,0.6384488869
P29317,PICNIC,whole_db,Whole,,0.6092959723
P15941,PICNIC,whole_db,Whole,,0.5785296345000001
O60733,PICNIC,whole_db,Whole,,0.5664662817
Q8WXG9,PICNIC,whole_db,Whole,,0.5305456419
P01857,PICNIC,whole_db,Whole,,0.5233330433
Q12879,PICNIC,whole_db,Whole,,0.5079130691
Q8TEM1,PICNIC,whole_db,Whole,,0.4330318644
O14763,PICNIC,whole_db,Whole,,0.4304014178
P08908,PICNIC,whole_db,Whole,,0.4170778534
P04626,PICNIC,whole_db,Whole,,0.392907963
P31431,PICNIC,whole_db,Whole,,0.388778526
O43561,PICNIC,whole_db,Whole,,0.3832165678
O75581,PICNIC,whole_db,Whole,,0.3626361058
Q9UM73,PICNIC,whole_db,Whole,,0.3597359203
Q7Z434,PICNIC,whole_db,Whole,,0.3417054212
Q14739,PICNIC,whole_db,Whole,,0.3307056098
P63027,PICNIC,whole_db,Whole,,0.3293824143
Q16635,PICNIC,whole_db,Whole,,0.3143809595
P20963,PICNIC,whole_db,Whole,,0.3123967122
P07949,PICNIC,whole_db,Whole,,0.2879960374
Q08345,PICNIC,whole_db,Whole,,0.2617370626
P13569,PICNIC,whole_db,Whole,,0.2546825181
O60500,PICNIC,whole_db,Whole,,0.2428889741
P15529,PICNIC,whole_db,Whole,,0.2376365743
Q8NC56,PICNIC,whole_db,Whole,,0.2363709607
P08172,PICNIC,whole_db,Whole,,0.2188307225
P08247,PICNIC,whole_db,Whole,,0.1996463957
P40967,PICNIC,whole_db,Whole,,0.196225374
P15954,PICNIC,whole_db,Whole,,0.1903205977
Q03135,PICNIC,whole_db,Whole,,0.1765001169
O75445,PICNIC,whole_db,Whole,,0.1711297
P07766,PICNIC,whole_db,Whole,,0.164514824
P46531,PICNIC,whole_db,Whole,,0.1535407927
Q9UJA2,PICNIC,whole_db,Whole,,0.1170661771
Q9Y624,PICNIC,whole_db,Whole,,0.1165015876
P10747,PICNIC,whole_db,Whole,,0.08681307
Q9H461,PICNIC,whole_db,Whole,,0.0801331697
P31645,PICNIC,whole_db,Whole,,0.0786668072
Q04671,PICNIC,whole_db,Whole,,0.0756650948
Q13021,PICNIC,whole_db,Whole,,0.0720814804
Q7Z3C6,PICNIC,whole_db,Whole,,0.069750691
P49146,PICNIC,whole_db,Whole,,0.0676945485
Q86WV6,PICNIC,whole_db,Whole,,0.0673172323
P61073,PICNIC,whole_db,Whole,,0.0584381525
Q9H3U5,PICNIC,whole_db,Whole,,0.0456853351
Q8N114,PICNIC,whole_db,Whole,,0.0353312183
O00254,PICNIC,whole_db,Whole,,0.033985114
P15941,PICNIC,whole,Whole,,0.5699725741531457
Q7Z434,PICNIC,whole,Whole,,0.2976808313788269
Q9BR39,PICNIC,whole,Whole,,0.6599645298868737
O43561,PICNIC,whole,Whole,,0.3170324141150475
P31431,PICNIC,whole,Whole,,0.3875136661357701
Q9UM73,PICNIC,whole,Whole,,0.2763619808985551
Q9H461,PICNIC,whole,Whole,,0.0975482376651264
O14763,PICNIC,whole,Whole,,0.426905113886431
P46531,PICNIC,whole,Whole,,0.1910681729767492
Q8N114,PICNIC,whole,Whole,,0.0520085044324193
Q07065,PICNIC,whole,Whole,,0.85754957898285
P08172,PICNIC,whole,Whole,,0.33468567764333
Q08345,PICNIC,whole,Whole,,0.2877465672711256
O60500,PICNIC,whole,Whole,,0.2629934792383674
P05067,PICNIC,whole,Whole,,0.6568621327688775
P11362,PICNIC,whole,Whole,,0.5761059603524897
Q8NC56,PICNIC,whole,Whole,,0.2959187403682568
P40967,PICNIC,whole,Whole,,0.137946237997937
P07766,PICNIC,whole,Whole,,0.1636389925949374
P20963,PICNIC,whole,Whole,,0.2932132873586511
P04626,PICNIC,whole,Whole,,0.3586220451885553
O75460,PICNIC,whole,Whole,,0.6364096021451136
P35968,PICNIC,whole,Whole,,0.7324977102651713
Q12879,PICNIC,whole,Whole,,0.4927521871509653
Q86WV6,PICNIC,whole,Whole,,0.1170671807571621
P07949,PICNIC,whole,Whole,,0.2750428051588404
P08908,PICNIC,whole,Whole,,0.4188372315767896
P01857,PICNIC,whole,Whole,,0.1840193050918785
Q7Z3C6,PICNIC,whole,Whole,,0.1041170472185167
O75581,PICNIC,whole,Whole,,0.318821856165972
P63027,PICNIC,whole,Whole,,0.4865726658293614
O60733,PICNIC,whole,Whole,,0.5165252052732439
Q04671,PICNIC,whole,Whole,,0.1246042365043986
Q14BN4,PICNIC,whole,Whole,,0.6440511385289385
P15529,PICNIC,whole,Whole,,0.2796585094678004
Q8TEM1,PICNIC,whole,Whole,,0.4604277506735684
Q9UJA2,PICNIC,whole,Whole,,0.1874279497604771
P00533,PICNIC,whole,Whole,,0.7245431454596394
P21802,PICNIC,whole,Whole,,0.668081936662227
P08247,PICNIC,whole,Whole,,0.1995608943005355
Q14739,PICNIC,whole,Whole,,0.4798892909996897
P29317,PICNIC,whole,Whole,,0.5450533357161069
P17948,PICNIC,whole,Whole,,0.8148531393913825
P05556,PICNIC,whole,Whole,,0.7334847807455908
P10747,PICNIC,whole,Whole,,0.0819594495180245
Q16635,PICNIC,whole,Whole,,0.2610684027899729
P61073,PICNIC,whole,Whole,,0.1073486746366894
Q15303,PICNIC,whole,Whole,,0.6581179570974862
O00254,PICNIC,whole,Whole,,0.0239364853581858
Q9H3U5,PICNIC,whole,Whole,,0.1011380835253147
Q9Y624,PICNIC,whole,Whole,,0.1905737309718689
P31645,PICNIC,whole,Whole,,0.1671593188885379
P49146,PICNIC,whole,Whole,,0.1282486616646262
P15954,PICNIC,whole,Whole,,0.1996259138918108
P13569,PICNIC,whole,Whole,,0.4333149546915915
Q9BRQ8,PICNIC,whole,Whole,,0.6718848683171814
Q03135,PICNIC,whole,Whole,,0.3682902426289949
Q13021,PICNIC,whole,Whole,,0.1459496314676904
O00254,PICNIC,pdb_region,Cytoplasmic,,0.2574903861471803
O00254,PICNIC,pdb_region,Transmembrane,,0.055593362288932
O00254,PICNIC,pdb_region,Extracellular/Lumenal,,0.1304196438105142
O14763,PICNIC,pdb_region,Cytoplasmic,,0.3907079250677032
O14763,PICNIC,pdb_region,Transmembrane,,0.354422216350199
O14763,PICNIC,pdb_region,Extracellular/Lumenal,,0.1905152642028001
P04626,PICNIC,pdb_region,Cytoplasmic,,0.7808297534712756
P04626,PICNIC,pdb_region,Transmembrane,,0.2202919945159137
P04626,PICNIC,pdb_region,Extracellular/Lumenal,,0.2408741987441448
P08172,PICNIC,pdb_region,Cytoplasmic,,0.7990289876751828
P08172,PICNIC,pdb_region,Transmembrane,,0.069733312532584
P08172,PICNIC,pdb_region,Extracellular/Lumenal,,0.3321794204075432
P31645,PICNIC,pdb_region,Cytoplasmic,,0.5596385497151113
P31645,PICNIC,pdb_region,Transmembrane,,0.0638470455267901
P31645,PICNIC,pdb_region,Extracellular/Lumenal,,0.206507593746429
Q07065,PICNIC,pdb_region,Cytoplasmic,,0.7911327663236672
Q07065,PICNIC,pdb_region,Transmembrane,,0.1545170500716061
Q07065,PICNIC,pdb_region,Extracellular/Lumenal,,0.8455894876018455
Q13021,PICNIC,pdb_region,Transmembrane,,0.11835281905094
Q14739,PICNIC,pdb_region,Cytoplasmic,,0.8735264192229035
Q14739,PICNIC,pdb_region,Transmembrane,,0.0672030243264992
Q8TEM1,PICNIC,pdb_region,Cytoplasmic,,0.4483823316548981
Q8TEM1,PICNIC,pdb_region,Transmembrane,,0.2218145779065797
Q9H3U5,PICNIC,pdb_region,Transmembrane,,0.0358703773696757
P08908,PICNIC,pdb_region,Cytoplasmic,,0.8842731376919765
P08908,PICNIC,pdb_region,Transmembrane,,0.0967834800804101
P08908,PICNIC,pdb_region,Extracellular/Lumenal,,0.3529633792066087
P15954,PICNIC,pdb_region,Transmembrane,,0.1501589079890298
P20963,PICNIC,pdb_region,Cytoplasmic,,0.6662152107380857
P20963,PICNIC,pdb_region,Transmembrane,,0.1491822258979562
P61073,PICNIC,pdb_region,Cytoplasmic,,0.4747943944326775
P61073,PICNIC,pdb_region,Transmembrane,,0.0584775624984082
P61073,PICNIC,pdb_region,Extracellular/Lumenal,,0.3440340073321851
Q12879,PICNIC,pdb_region,Cytoplasmic,,0.3732597880977422
Q12879,PICNIC,pdb_region,Transmembrane,,0.1372739794279309
Q12879,PICNIC,pdb_region,Extracellular/Lumenal,,0.6951853170033271
Q86WV6,PICNIC,pdb_region,Cytoplasmic,,0.2313627230748757
Q86WV6,PICNIC,pdb_region,Transmembrane,,0.0666510395172991
Q86WV6,PICNIC,pdb_region,Extracellular/Lumenal,,0.7049111848915428
Q8NC56,PICNIC,pdb_region,Transmembrane,,0.0662072688590473
Q9BR39,PICNIC,pdb_region,Cytoplasmic,,0.7419722444731855
Q9BR39,PICNIC,pdb_region,Transmembrane,,0.1287184715763509
Q9BRQ8,PICNIC,pdb_region,Transmembrane,,0.5304615528414267
Q9UJA2,PICNIC,pdb_region,Transmembrane,,0.220023386676611
O60733,PICNIC,pdb_region,Transmembrane,,0.1411974831805178
O75581,PICNIC,pdb_region,Cytoplasmic,,0.4433390823036292
O75581,PICNIC,pdb_region,Transmembrane,,0.5398298912336206
O75581,PICNIC,pdb_region,Extracellular/Lumenal,,0.5119097526177155
P63027,PICNIC,pdb_region,Cytoplasmic,,0.6121385155589822
P63027,PICNIC,pdb_region,Transmembrane,,0.3177540634816038
Q15303,PICNIC,pdb_region,Cytoplasmic,,0.8550381559647338
Q15303,PICNIC,pdb_region,Transmembrane,,0.1592532019367138
Q15303,PICNIC,pdb_region,Extracellular/Lumenal,,0.480727997614286
Q9H461,PICNIC,pdb_region,Cytoplasmic,,0.1340629948221476
Q9H461,PICNIC,pdb_region,Transmembrane,,0.0812082680818908
Q9H461,PICNIC,pdb_region,Extracellular/Lumenal,,0.320496399719209
P07766,PICNIC,pdb_region,Cytoplasmic,,0.831665910748056
P07766,PICNIC,pdb_region,Transmembrane,,0.1119859243192283
P07766,PICNIC,pdb_region,Extracellular/Lumenal,,0.4753232286957998
P07949,PICNIC,pdb_region,Cytoplasmic,,0.6484449350632986
P07949,PICNIC,pdb_region,Transmembrane,,0.1818935819367738
P07949,PICNIC,pdb_region,Extracellular/Lumenal,,0.1490504988440877
P29317,PICNIC,pdb_region,Cytoplasmic,,0.8706414106073668
P29317,PICNIC,pdb_region,Transmembrane,,0.1820979316848612
P29317,PICNIC,pdb_region,Extracellular/Lumenal,,0.2869170615502222
P31431,PICNIC,pdb_region,Cytoplasmic,,0.7282816538897721
P31431,PICNIC,pdb_region,Transmembrane,,0.2494276551054557
P31431,PICNIC,pdb_region,Extracellular/Lumenal,,0.464633012175944
P35968,PICNIC,pdb_region,Cytoplasmic,,0.824279706861947
P35968,PICNIC,pdb_region,Transmembrane,,0.1061142327069294
P35968,PICNIC,pdb_region,Extracellular/Lumenal,,0.4369078967923072
Q03135,PICNIC,pdb_region,Cytoplasmic,,0.4907137966596557
Q7Z3C6,PICNIC,pdb_region,Cytoplasmic,,0.1015856302999342
Q7Z3C6,PICNIC,pdb_region,Transmembrane,,0.1981097142495027
Q7Z3C6,PICNIC,pdb_region,Extracellular/Lumenal,,0.3926073518658821
Q9Y624,PICNIC,pdb_region,Cytoplasmic,,0.6635760234931204
Q9Y624,PICNIC,pdb_region,Transmembrane,,0.1762981896908655
Q9Y624,PICNIC,pdb_region,Extracellular/Lumenal,,0.6221972675322845
O43561,PICNIC,pdb_region,Cytoplasmic,,0.4116550227236472
O43561,PICNIC,pdb_region,Transmembrane,,0.1229976951993802
O60500,PICNIC,pdb_region,Cytoplasmic,,0.2940702699624142
O60500,PICNIC,pdb_region,Transmembrane,,0.2904247845002243
O60500,PICNIC,pdb_region,Extracellular/Lumenal,,0.3249462719167124
P46531,PICNIC,pdb_region,Cytoplasmic,,0.6925294405654248
P46531,PICNIC,pdb_region,Transmembrane,,0.0777515812716592
P46531,PICNIC,pdb_region,Extracellular/Lumenal,,0.2501688338293142
P49146,PICNIC,pdb_region,Cytoplasmic,,0.5071766144473804
P49146,PICNIC,pdb_region,Transmembrane,,0.0719645506335693
P49146,PICNIC,pdb_region,Extracellular/Lumenal,,0.5355411086824429
Q9UM73,PICNIC,pdb_region,Cytoplasmic,,0.6760814894007943
Q9UM73,PICNIC,pdb_region,Transmembrane,,0.2237207470827999
Q9UM73,PICNIC,pdb_region,Extracellular/Lumenal,,0.2475114010167095
Q08345,PICNIC,pdb_region,Cytoplasmic,,0.3651774679870013
Q08345,PICNIC,pdb_region,Transmembrane,,0.1329117651313263
Q08345,PICNIC,pdb_region,Extracellular/Lumenal,,0.3417257580730109
O75460,PICNIC,pdb_region,Cytoplasmic,,0.7817896866585816
O75460,PICNIC,pdb_region,Transmembrane,,0.094175743069984
O75460,PICNIC,pdb_region,Extracellular/Lumenal,,0.3981807132542267
P00533,PICNIC,pdb_region,Cytoplasmic,,0.814073027987102
P00533,PICNIC,pdb_region,Transmembrane,,0.1365610564519112
P00533,PICNIC,pdb_region,Extracellular/Lumenal,,0.6325943310577309
P08247,PICNIC,pdb_region,Cytoplasmic,,0.6998067563418324
P08247,PICNIC,pdb_region,Transmembrane,,0.0973953627623886
P13569,PICNIC,pdb_region,Cytoplasmic,,0.6933233108267658
P13569,PICNIC,pdb_region,Transmembrane,,0.0747877730660554
P13569,PICNIC,pdb_region,Extracellular/Lumenal,,0.0966132583727757
P17948,PICNIC,pdb_region,Cytoplasmic,,0.8135353903058284
P17948,PICNIC,pdb_region,Transmembrane,,0.0390872827257756
P17948,PICNIC,pdb_region,Extracellular/Lumenal,,0.8093932077744135
P40967,PICNIC,pdb_region,Cytoplasmic,,0.1517896930303005
P40967,PICNIC,pdb_region,Transmembrane,,0.1048209219104127
P40967,PICNIC,pdb_region,Extracellular/Lumenal,,0.2020205863064121
Q04671,PICNIC,pdb_region,Cytoplasmic,,0.1799029533111536
Q04671,PICNIC,pdb_region,Transmembrane,,0.0695834998395834
Q04671,PICNIC,pdb_region,Extracellular/Lumenal,,0.2396736097989462
P01857,PICNIC,pdb_region,Cytoplasmic,,0.3034021643660488
P01857,PICNIC,pdb_region,Transmembrane,,0.1753619322104155
P01857,PICNIC,pdb_region,Extracellular/Lumenal,,0.35069063896803
Q14BN4,PICNIC,pdb_region,Cytoplasmic,,0.6305998905821837
Q14BN4,PICNIC,pdb_region,Transmembrane,,0.1496479327736612
P10747,PICNIC,pdb_region,Cytoplasmic,,0.3867483023072016
P10747,PICNIC,pdb_region,Transmembrane,,0.1273939819807759
P10747,PICNIC,pdb_region,Extracellular/Lumenal,,0.3306079204197728
P15941,PICNIC,pdb_region,Cytoplasmic,,0.5205990670450372
P15941,PICNIC,pdb_region,Transmembrane,,0.1060894465365108
P15941,PICNIC,pdb_region,Extracellular/Lumenal,,0.6755132118137289
Q8N114,PICNIC,pdb_region,Cytoplasmic,,0.1602821364149104
Q8N114,PICNIC,pdb_region,Transmembrane,,0.2525829753409531
Q8N114,PICNIC,pdb_region,Extracellular/Lumenal,,0.2210236207650006
P11362,PICNIC,pdb_region,Cytoplasmic,,0.8286683840962497
P11362,PICNIC,pdb_region,Transmembrane,,0.2299648483360026
P11362,PICNIC,pdb_region,Extracellular/Lumenal,,0.5980636168251698
Q7Z434,PICNIC,pdb_region,Cytoplasmic,,0.3463758810803603
Q7Z434,PICNIC,pdb_region,Transmembrane,,0.1007216676279185
P05556,PICNIC,pdb_region,Cytoplasmic,,0.7425137148982526
P05556,PICNIC,pdb_region,Transmembrane,,0.203117964369817
P05556,PICNIC,pdb_region,Extracellular/Lumenal,,0.7382608942807223
P05067,PICNIC,pdb_region,Cytoplasmic,,0.5977664181215524
P05067,PICNIC,pdb_region,Transmembrane,,0.3190834708206735
P05067,PICNIC,pdb_region,Extracellular/Lumenal,,0.7935190669840052
P21802,PICNIC,pdb_region,Cytoplasmic,,0.8565155291524862
P21802,PICNIC,pdb_region,Transmembrane,,0.2302290947942772
P21802,PICNIC,pdb_region,Extracellular/Lumenal,,0.6500950117594888
P15529,PICNIC,pdb_region,Cytoplasmic,,0.6283890321182278
P15529,PICNIC,pdb_region,Transmembrane,,0.3090058917732572
P15529,PICNIC,pdb_region,Extracellular/Lumenal,,0.6462263328966088
