UniProt_ID,tool,approach,region,seg_idx,score
P15941,catGRANULE,segment,Cytoplasmic,0,-2.3337
P15941,PLAAC,segment,Cytoplasmic,0,0.012
P15941,PScore,segment,Cytoplasmic,0,1.1403
P15941,ESpritz,segment,Cytoplasmic,0,0.2598
P15941,SEG,segment,Cytoplasmic,0,0.027
P15941,catGRANULE,segment,Transmembrane,0,-9.6694
P15941,PLAAC,segment,Transmembrane,0,0.0
P15941,PScore,segment,Transmembrane,0,-1.9388
P15941,ESpritz,segment,Transmembrane,0,0.067
P15941,SEG,segment,Transmembrane,0,0.913
P15941,catGRANULE,segment,Extracellular/Lumenal,0,-5.7764
P15941,PLAAC,segment,Extracellular/Lumenal,0,0.0014
P15941,PScore,segment,Extracellular/Lumenal,0,2.4466
P15941,ESpritz,segment,Extracellular/Lumenal,0,0.4992
P15941,SEG,segment,Extracellular/Lumenal,0,0.0282
Q7Z434,catGRANULE,segment,Cytoplasmic,0,-4.5712
Q7Z434,PLAAC,segment,Cytoplasmic,0,0.0009
Q7Z434,PScore,segment,Cytoplasmic,0,1.4034
Q7Z434,ESpritz,segment,Cytoplasmic,0,0.4241
Q7Z434,SEG,segment,Cytoplasmic,0,0.1426
Q7Z434,PLAAC,segment,Transmembrane,0,0.0001
Q7Z434,PScore,segment,Transmembrane,0,-0.015
Q7Z434,ESpritz,segment,Transmembrane,0,0.3158
Q7Z434,SEG,segment,Transmembrane,0,0.8095
Q7Z434,PLAAC,segment,Extracellular/Lumenal,0,0.0005
Q7Z434,PScore,segment,Extracellular/Lumenal,0,-0.045
Q7Z434,ESpritz,segment,Extracellular/Lumenal,0,0.3004
Q7Z434,SEG,segment,Extracellular/Lumenal,0,0.0
Q9BR39,catGRANULE,segment,Cytoplasmic,0,-0.1563
Q9BR39,PLAAC,segment,Cytoplasmic,0,0.0096
Q9BR39,PScore,segment,Cytoplasmic,0,1.158
Q9BR39,ESpritz,segment,Cytoplasmic,0,0.3906
Q9BR39,SEG,segment,Cytoplasmic,0,0.27
Q9BR39,PLAAC,segment,Transmembrane,0,0.0001
Q9BR39,PScore,segment,Transmembrane,0,-0.012
Q9BR39,ESpritz,segment,Transmembrane,0,0.3076
Q9BR39,SEG,segment,Transmembrane,0,0.0
O43561,catGRANULE,segment,Cytoplasmic,0,-4.1147
O43561,PLAAC,segment,Cytoplasmic,0,0.0007
O43561,PScore,segment,Cytoplasmic,0,1.1059
O43561,ESpritz,segment,Cytoplasmic,0,0.4563
O43561,SEG,segment,Cytoplasmic,0,0.2553
O43561,catGRANULE,segment,Transmembrane,0,-10.3468
O43561,PLAAC,segment,Transmembrane,0,0.0
O43561,PScore,segment,Transmembrane,0,-2.0965
O43561,ESpritz,segment,Transmembrane,0,0.2525
O43561,SEG,segment,Transmembrane,0,0.9565
O43561,catGRANULE,segment,Extracellular/Lumenal,0,-11.9399
O43561,PLAAC,segment,Extracellular/Lumenal,0,0.0005
O43561,PScore,segment,Extracellular/Lumenal,0,-2.23
O43561,ESpritz,segment,Extracellular/Lumenal,0,0.2755
O43561,SEG,segment,Extracellular/Lumenal,0,0.0
P31431,PLAAC,segment,Cytoplasmic,0,0.0006
P31431,PScore,segment,Cytoplasmic,0,0.684
P31431,ESpritz,segment,Cytoplasmic,0,0.387
P31431,SEG,segment,Cytoplasmic,0,0.0
P31431,catGRANULE,segment,Transmembrane,0,-1.7916
P31431,PLAAC,segment,Transmembrane,0,0.0001
P31431,PScore,segment,Transmembrane,0,-0.6625
P31431,ESpritz,segment,Transmembrane,0,0.2287
P31431,SEG,segment,Transmembrane,0,0.0
P31431,catGRANULE,segment,Extracellular/Lumenal,0,-1.8
P31431,PLAAC,segment,Extracellular/Lumenal,0,0.0005
P31431,PScore,segment,Extracellular/Lumenal,0,0.8245
P31431,ESpritz,segment,Extracellular/Lumenal,0,0.3895
P31431,SEG,segment,Extracellular/Lumenal,0,0.1496
O75445,catGRANULE,segment,Cytoplasmic,0,-4.7615
O75445,PLAAC,segment,Cytoplasmic,0,0.005
O75445,PScore,segment,Cytoplasmic,0,0.5265
O75445,ESpritz,segment,Cytoplasmic,0,0.099
O75445,SEG,segment,Cytoplasmic,0,0.0
O75445,catGRANULE,segment,Transmembrane,0,-7.2938
O75445,PLAAC,segment,Transmembrane,0,0.0001
O75445,PScore,segment,Transmembrane,0,-1.8885
O75445,ESpritz,segment,Transmembrane,0,0.0437
O75445,SEG,segment,Transmembrane,0,0.9524
O75445,catGRANULE,segment,Extracellular/Lumenal,0,-4.786
O75445,PLAAC,segment,Extracellular/Lumenal,0,0.0033
O75445,PScore,segment,Extracellular/Lumenal,0,0.6753
O75445,ESpritz,segment,Extracellular/Lumenal,0,0.0482
O75445,SEG,segment,Extracellular/Lumenal,0,0.0068
Q9UM73,catGRANULE,segment,Cytoplasmic,0,-4.0927
Q9UM73,PLAAC,segment,Cytoplasmic,0,0.0122
Q9UM73,PScore,segment,Cytoplasmic,0,0.5246
Q9UM73,ESpritz,segment,Cytoplasmic,0,0.1977
Q9UM73,SEG,segment,Cytoplasmic,0,0.0588
Q9UM73,catGRANULE,segment,Transmembrane,0,-8.7315
Q9UM73,PLAAC,segment,Transmembrane,0,0.0001
Q9UM73,PScore,segment,Transmembrane,0,-1.6827
Q9UM73,ESpritz,segment,Transmembrane,0,0.0433
Q9UM73,SEG,segment,Transmembrane,0,0.7143
Q9UM73,catGRANULE,segment,Extracellular/Lumenal,0,-1.6241
Q9UM73,PLAAC,segment,Extracellular/Lumenal,0,0.026
Q9UM73,PScore,segment,Extracellular/Lumenal,0,0.9611
Q9UM73,ESpritz,segment,Extracellular/Lumenal,0,0.0734
Q9UM73,SEG,segment,Extracellular/Lumenal,0,0.1078
Q9H461,catGRANULE,segment,Cytoplasmic,0,1.6192
Q9H461,catGRANULE,segment,Cytoplasmic,1,-4.3105
Q9H461,catGRANULE,segment,Cytoplasmic,2,-9.8119
Q9H461,catGRANULE,segment,Cytoplasmic,3,28.0134
Q9H461,PLAAC,segment,Cytoplasmic,0,0.0
Q9H461,PLAAC,segment,Cytoplasmic,1,0.0011
Q9H461,PLAAC,segment,Cytoplasmic,2,0.0002
Q9H461,PLAAC,segment,Cytoplasmic,3,0.332
Q9H461,PScore,segment,Cytoplasmic,0,2.5211
Q9H461,PScore,segment,Cytoplasmic,1,-0.395
Q9H461,PScore,segment,Cytoplasmic,2,-0.4084
Q9H461,PScore,segment,Cytoplasmic,3,3.1342
Q9H461,ESpritz,segment,Cytoplasmic,0,0.0941
Q9H461,ESpritz,segment,Cytoplasmic,1,0.0468
Q9H461,ESpritz,segment,Cytoplasmic,2,0.0409
Q9H461,ESpritz,segment,Cytoplasmic,3,0.4306
Q9H461,SEG,segment,Cytoplasmic,0,0.0
Q9H461,SEG,segment,Cytoplasmic,1,0.0
Q9H461,SEG,segment,Cytoplasmic,2,0.0
Q9H461,SEG,segment,Cytoplasmic,3,0.427
Q9H461,catGRANULE,segment,Transmembrane,0,-10.1165
Q9H461,catGRANULE,segment,Transmembrane,1,14.3713
Q9H461,catGRANULE,segment,Transmembrane,2,-8.6158
Q9H461,catGRANULE,segment,Transmembrane,3,-4.4987
Q9H461,catGRANULE,segment,Transmembrane,4,-6.4262
Q9H461,catGRANULE,segment,Transmembrane,5,-11.4391
Q9H461,catGRANULE,segment,Transmembrane,6,5.968
Q9H461,PLAAC,segment,Transmembrane,0,0.0
Q9H461,PLAAC,segment,Transmembrane,1,0.0001
Q9H461,PLAAC,segment,Transmembrane,2,0.0002
Q9H461,PLAAC,segment,Transmembrane,3,0.0004
Q9H461,PLAAC,segment,Transmembrane,4,0.0001
Q9H461,PLAAC,segment,Transmembrane,5,0.0001
Q9H461,PLAAC,segment,Transmembrane,6,0.0001
Q9H461,PScore,segment,Transmembrane,0,0.9373
Q9H461,PScore,segment,Transmembrane,1,1.0833
Q9H461,PScore,segment,Transmembrane,2,1.9085
Q9H461,PScore,segment,Transmembrane,3,-0.4042
Q9H461,PScore,segment,Transmembrane,4,-0.0373
Q9H461,PScore,segment,Transmembrane,5,-1.0658
Q9H461,PScore,segment,Transmembrane,6,2.7226
Q9H461,ESpritz,segment,Transmembrane,0,0.1199
Q9H461,ESpritz,segment,Transmembrane,1,0.086
Q9H461,ESpritz,segment,Transmembrane,2,0.051
Q9H461,ESpritz,segment,Transmembrane,3,0.0451
Q9H461,ESpritz,segment,Transmembrane,4,0.0398
Q9H461,ESpritz,segment,Transmembrane,5,0.0437
Q9H461,ESpritz,segment,Transmembrane,6,0.0847
Q9H461,SEG,segment,Transmembrane,0,0.0
Q9H461,SEG,segment,Transmembrane,1,0.0
Q9H461,SEG,segment,Transmembrane,2,0.0
Q9H461,SEG,segment,Transmembrane,3,0.0
Q9H461,SEG,segment,Transmembrane,4,0.0
Q9H461,SEG,segment,Transmembrane,5,0.0
Q9H461,SEG,segment,Transmembrane,6,0.0
Q9H461,catGRANULE,segment,Extracellular/Lumenal,0,-2.4888
Q9H461,catGRANULE,segment,Extracellular/Lumenal,1,1.7818
Q9H461,catGRANULE,segment,Extracellular/Lumenal,2,-3.8174
Q9H461,catGRANULE,segment,Extracellular/Lumenal,3,-8.4772
Q9H461,PLAAC,segment,Extracellular/Lumenal,0,0.0274
Q9H461,PLAAC,segment,Extracellular/Lumenal,1,0.0641
Q9H461,PLAAC,segment,Extracellular/Lumenal,2,0.0012
Q9H461,PLAAC,segment,Extracellular/Lumenal,3,0.0004
Q9H461,PScore,segment,Extracellular/Lumenal,0,1.7149
Q9H461,PScore,segment,Extracellular/Lumenal,1,0.7498
Q9H461,PScore,segment,Extracellular/Lumenal,2,-0.6096
Q9H461,PScore,segment,Extracellular/Lumenal,3,-0.0675
Q9H461,ESpritz,segment,Extracellular/Lumenal,0,0.1806
Q9H461,ESpritz,segment,Extracellular/Lumenal,1,0.1128
Q9H461,ESpritz,segment,Extracellular/Lumenal,2,0.0424
Q9H461,ESpritz,segment,Extracellular/Lumenal,3,0.0574
Q9H461,SEG,segment,Extracellular/Lumenal,0,0.2984
Q9H461,SEG,segment,Extracellular/Lumenal,1,0.4921
Q9H461,SEG,segment,Extracellular/Lumenal,2,0.0
Q9H461,SEG,segment,Extracellular/Lumenal,3,0.0
O14763,catGRANULE,segment,Cytoplasmic,0,-5.015
O14763,PLAAC,segment,Cytoplasmic,0,0.0005
O14763,PScore,segment,Cytoplasmic,0,0.1398
O14763,ESpritz,segment,Cytoplasmic,0,0.2324
O14763,SEG,segment,Cytoplasmic,0,0.0861
O14763,catGRANULE,segment,Transmembrane,0,-0.4049
O14763,PLAAC,segment,Transmembrane,0,0.0001
O14763,PScore,segment,Transmembrane,0,-0.2967
O14763,ESpritz,segment,Transmembrane,0,0.1051
O14763,SEG,segment,Transmembrane,0,0.8571
O14763,catGRANULE,segment,Extracellular/Lumenal,0,-6.1099
O14763,PLAAC,segment,Extracellular/Lumenal,0,0.0029
O14763,PScore,segment,Extracellular/Lumenal,0,1.0791
O14763,ESpritz,segment,Extracellular/Lumenal,0,0.1599
O14763,SEG,segment,Extracellular/Lumenal,0,0.0903
P46531,catGRANULE,segment,Cytoplasmic,0,-3.7054
P46531,PLAAC,segment,Cytoplasmic,0,0.0846
P46531,PScore,segment,Cytoplasmic,0,0.4134
P46531,ESpritz,segment,Cytoplasmic,0,0.2638
P46531,SEG,segment,Cytoplasmic,0,0.1815
P46531,catGRANULE,segment,Transmembrane,0,1.4189
P46531,PLAAC,segment,Transmembrane,0,0.0002
P46531,PScore,segment,Transmembrane,0,0.4019
P46531,ESpritz,segment,Transmembrane,0,0.1228
P46531,SEG,segment,Transmembrane,0,0.8571
P46531,catGRANULE,segment,Extracellular/Lumenal,0,-3.4431
P46531,PLAAC,segment,Extracellular/Lumenal,0,0.0011
P46531,PScore,segment,Extracellular/Lumenal,0,1.9098
P46531,ESpritz,segment,Extracellular/Lumenal,0,0.0483
P46531,SEG,segment,Extracellular/Lumenal,0,0.0215
Q8N114,catGRANULE,segment,Cytoplasmic,0,-8.9514
Q8N114,PLAAC,segment,Cytoplasmic,0,0.5921
Q8N114,PScore,segment,Cytoplasmic,0,2.8109
Q8N114,ESpritz,segment,Cytoplasmic,0,0.3374
Q8N114,SEG,segment,Cytoplasmic,0,0.7456
Q8N114,catGRANULE,segment,Transmembrane,0,-16.8586
Q8N114,PLAAC,segment,Transmembrane,0,0.0005
Q8N114,PScore,segment,Transmembrane,0,-0.0636
Q8N114,ESpritz,segment,Transmembrane,0,0.0789
Q8N114,SEG,segment,Transmembrane,0,0.1905
Q8N114,catGRANULE,segment,Extracellular/Lumenal,0,-8.601
Q8N114,PLAAC,segment,Extracellular/Lumenal,0,0.0007
Q8N114,PScore,segment,Extracellular/Lumenal,0,0.5075
Q8N114,ESpritz,segment,Extracellular/Lumenal,0,0.1155
Q8N114,SEG,segment,Extracellular/Lumenal,0,0.0
Q07065,catGRANULE,segment,Cytoplasmic,0,1.0514
Q07065,PLAAC,segment,Cytoplasmic,0,0.4301
Q07065,PScore,segment,Cytoplasmic,0,2.4874
Q07065,ESpritz,segment,Cytoplasmic,0,0.5864
Q07065,SEG,segment,Cytoplasmic,0,0.6698
Q07065,catGRANULE,segment,Transmembrane,0,-2.9964
Q07065,PLAAC,segment,Transmembrane,0,0.0003
Q07065,PScore,segment,Transmembrane,0,-0.0986
Q07065,ESpritz,segment,Transmembrane,0,0.3483
Q07065,SEG,segment,Transmembrane,0,0.7619
Q07065,catGRANULE,segment,Extracellular/Lumenal,0,-4.487
Q07065,PLAAC,segment,Extracellular/Lumenal,0,0.0003
Q07065,PScore,segment,Extracellular/Lumenal,0,-0.8063
Q07065,ESpritz,segment,Extracellular/Lumenal,0,0.3983
Q07065,SEG,segment,Extracellular/Lumenal,0,0.0947
P08172,catGRANULE,segment,Cytoplasmic,0,-8.9439
P08172,catGRANULE,segment,Cytoplasmic,1,-11.1406
P08172,catGRANULE,segment,Cytoplasmic,2,-2.6259
P08172,catGRANULE,segment,Cytoplasmic,3,
P08172,PLAAC,segment,Cytoplasmic,0,0.0024
P08172,PLAAC,segment,Cytoplasmic,1,0.0001
P08172,PLAAC,segment,Cytoplasmic,2,0.0078
P08172,PLAAC,segment,Cytoplasmic,3,0.0007
P08172,PScore,segment,Cytoplasmic,0,-1.5062
P08172,PScore,segment,Cytoplasmic,1,-1.2322
P08172,PScore,segment,Cytoplasmic,2,0.123
P08172,PScore,segment,Cytoplasmic,3,0.909
P08172,ESpritz,segment,Cytoplasmic,0,0.0854
P08172,ESpritz,segment,Cytoplasmic,1,0.0433
P08172,ESpritz,segment,Cytoplasmic,2,0.3108
P08172,ESpritz,segment,Cytoplasmic,3,0.1639
P08172,SEG,segment,Cytoplasmic,0,0.0
P08172,SEG,segment,Cytoplasmic,1,0.0
P08172,SEG,segment,Cytoplasmic,2,0.0111
P08172,SEG,segment,Cytoplasmic,3,0.0
P08172,catGRANULE,segment,Transmembrane,0,-7.7006
P08172,catGRANULE,segment,Transmembrane,1,-10.1298
P08172,catGRANULE,segment,Transmembrane,2,-12.6618
P08172,catGRANULE,segment,Transmembrane,3,-10.1086
P08172,catGRANULE,segment,Transmembrane,4,-5.0784
P08172,catGRANULE,segment,Transmembrane,5,-13.6901
P08172,catGRANULE,segment,Transmembrane,6,
P08172,PLAAC,segment,Transmembrane,0,0.0002
P08172,PLAAC,segment,Transmembrane,1,0.0005
P08172,PLAAC,segment,Transmembrane,2,0.0004
P08172,PLAAC,segment,Transmembrane,3,0.0001
P08172,PLAAC,segment,Transmembrane,4,0.0003
P08172,PLAAC,segment,Transmembrane,5,0.0003
P08172,PLAAC,segment,Transmembrane,6,0.0004
P08172,PScore,segment,Transmembrane,0,-1.7077
P08172,PScore,segment,Transmembrane,1,-0.2216
P08172,PScore,segment,Transmembrane,2,-0.3161
P08172,PScore,segment,Transmembrane,3,-1.1108
P08172,PScore,segment,Transmembrane,4,-0.554
P08172,PScore,segment,Transmembrane,5,0.1721
P08172,PScore,segment,Transmembrane,6,0.8159
P08172,ESpritz,segment,Transmembrane,0,0.1185
P08172,ESpritz,segment,Transmembrane,1,0.0712
P08172,ESpritz,segment,Transmembrane,2,0.0468
P08172,ESpritz,segment,Transmembrane,3,0.0488
P08172,ESpritz,segment,Transmembrane,4,0.0972
P08172,ESpritz,segment,Transmembrane,5,0.1879
P08172,ESpritz,segment,Transmembrane,6,0.1102
P08172,SEG,segment,Transmembrane,0,0.0
P08172,SEG,segment,Transmembrane,1,0.0
P08172,SEG,segment,Transmembrane,2,0.0
P08172,SEG,segment,Transmembrane,3,0.0
P08172,SEG,segment,Transmembrane,4,0.0
P08172,SEG,segment,Transmembrane,5,0.56
P08172,SEG,segment,Transmembrane,6,0.0
P08172,catGRANULE,segment,Extracellular/Lumenal,0,-7.3812
P08172,catGRANULE,segment,Extracellular/Lumenal,1,-10.7466
P08172,catGRANULE,segment,Extracellular/Lumenal,2,-8.2815
P08172,catGRANULE,segment,Extracellular/Lumenal,3,-10.8419
P08172,PLAAC,segment,Extracellular/Lumenal,0,0.4907
P08172,PLAAC,segment,Extracellular/Lumenal,1,0.0001
P08172,PLAAC,segment,Extracellular/Lumenal,2,0.0004
P08172,PLAAC,segment,Extracellular/Lumenal,3,0.0002
P08172,PScore,segment,Extracellular/Lumenal,0,-1.437
P08172,PScore,segment,Extracellular/Lumenal,1,-0.9311
P08172,PScore,segment,Extracellular/Lumenal,2,0.8805
P08172,PScore,segment,Extracellular/Lumenal,3,1.1796
P08172,ESpritz,segment,Extracellular/Lumenal,0,0.2397
P08172,ESpritz,segment,Extracellular/Lumenal,1,0.0588
P08172,ESpritz,segment,Extracellular/Lumenal,2,0.06
P08172,ESpritz,segment,Extracellular/Lumenal,3,0.1244
P08172,SEG,segment,Extracellular/Lumenal,0,0.75
P08172,SEG,segment,Extracellular/Lumenal,1,0.0
P08172,SEG,segment,Extracellular/Lumenal,2,0.0
P08172,SEG,segment,Extracellular/Lumenal,3,0.0
Q08345,catGRANULE,segment,Cytoplasmic,0,-4.3178
Q08345,PLAAC,segment,Cytoplasmic,0,0.0015
Q08345,PScore,segment,Cytoplasmic,0,0.3405
Q08345,ESpritz,segment,Cytoplasmic,0,0.1369
Q08345,SEG,segment,Cytoplasmic,0,0.1558
Q08345,catGRANULE,segment,Transmembrane,0,-10.4979
Q08345,PLAAC,segment,Transmembrane,0,0.0
Q08345,PScore,segment,Transmembrane,0,-2.5029
Q08345,ESpritz,segment,Transmembrane,0,0.0871
Q08345,SEG,segment,Transmembrane,0,1.0
Q08345,catGRANULE,segment,Extracellular/Lumenal,0,-1.7916
Q08345,PLAAC,segment,Extracellular/Lumenal,0,0.0009
Q08345,PScore,segment,Extracellular/Lumenal,0,1.075
Q08345,ESpritz,segment,Extracellular/Lumenal,0,0.0943
Q08345,SEG,segment,Extracellular/Lumenal,0,0.1083
O60500,catGRANULE,segment,Cytoplasmic,0,-3.3209
O60500,PLAAC,segment,Cytoplasmic,0,0.0003
O60500,PScore,segment,Cytoplasmic,0,0.7497
O60500,ESpritz,segment,Cytoplasmic,0,0.3807
O60500,SEG,segment,Cytoplasmic,0,0.0
O60500,catGRANULE,segment,Transmembrane,0,-0.9532
O60500,PLAAC,segment,Transmembrane,0,0.0004
O60500,PScore,segment,Transmembrane,0,-0.0141
O60500,ESpritz,segment,Transmembrane,0,0.2269
O60500,SEG,segment,Transmembrane,0,1.0
O60500,catGRANULE,segment,Extracellular/Lumenal,0,-4.6792
O60500,PLAAC,segment,Extracellular/Lumenal,0,0.0004
O60500,PScore,segment,Extracellular/Lumenal,0,0.3547
O60500,ESpritz,segment,Extracellular/Lumenal,0,0.0686
O60500,SEG,segment,Extracellular/Lumenal,0,0.062
P05067,PLAAC,segment,Cytoplasmic,0,0.0749
P05067,PScore,segment,Cytoplasmic,0,-0.9555
P05067,ESpritz,segment,Cytoplasmic,0,0.2165
P05067,SEG,segment,Cytoplasmic,0,0.0208
P05067,catGRANULE,segment,Transmembrane,0,-5.6086
P05067,PLAAC,segment,Transmembrane,0,0.0001
P05067,PScore,segment,Transmembrane,0,-0.929
P05067,ESpritz,segment,Transmembrane,0,0.0884
P05067,SEG,segment,Transmembrane,0,0.8095
P05067,catGRANULE,segment,Extracellular/Lumenal,0,-5.5137
P05067,PLAAC,segment,Extracellular/Lumenal,0,0.0008
P05067,PScore,segment,Extracellular/Lumenal,0,-0.0432
P05067,ESpritz,segment,Extracellular/Lumenal,0,0.1562
P05067,SEG,segment,Extracellular/Lumenal,0,0.1301
Q8WXG9,catGRANULE,segment,Cytoplasmic,0,-15.2399
Q8WXG9,catGRANULE,segment,Cytoplasmic,1,-7.099
Q8WXG9,catGRANULE,segment,Cytoplasmic,2,-8.9344
Q8WXG9,catGRANULE,segment,Cytoplasmic,3,1.518
Q8WXG9,PLAAC,segment,Cytoplasmic,0,0.0003
Q8WXG9,PLAAC,segment,Cytoplasmic,1,0.0001
Q8WXG9,PLAAC,segment,Cytoplasmic,2,0.0003
Q8WXG9,PLAAC,segment,Cytoplasmic,3,0.0583
Q8WXG9,PScore,segment,Cytoplasmic,0,-0.7609
Q8WXG9,PScore,segment,Cytoplasmic,1,-0.3857
Q8WXG9,PScore,segment,Cytoplasmic,2,-0.782
Q8WXG9,PScore,segment,Cytoplasmic,3,1.0219
Q8WXG9,ESpritz,segment,Cytoplasmic,0,0.0388
Q8WXG9,ESpritz,segment,Cytoplasmic,1,0.0387
Q8WXG9,ESpritz,segment,Cytoplasmic,2,0.0425
Q8WXG9,ESpritz,segment,Cytoplasmic,3,0.3303
Q8WXG9,SEG,segment,Cytoplasmic,0,0.0
Q8WXG9,SEG,segment,Cytoplasmic,1,0.0
Q8WXG9,SEG,segment,Cytoplasmic,2,0.0
Q8WXG9,SEG,segment,Cytoplasmic,3,0.0
Q8WXG9,catGRANULE,segment,Transmembrane,0,-14.101
Q8WXG9,catGRANULE,segment,Transmembrane,1,-14.7886
Q8WXG9,catGRANULE,segment,Transmembrane,2,-9.6554
Q8WXG9,catGRANULE,segment,Transmembrane,3,-9.5269
Q8WXG9,catGRANULE,segment,Transmembrane,4,-9.8649
Q8WXG9,catGRANULE,segment,Transmembrane,5,-10.388
Q8WXG9,catGRANULE,segment,Transmembrane,6,-4.569
Q8WXG9,PLAAC,segment,Transmembrane,0,0.0001
Q8WXG9,PLAAC,segment,Transmembrane,1,0.0006
Q8WXG9,PLAAC,segment,Transmembrane,2,0.0003
Q8WXG9,PLAAC,segment,Transmembrane,3,0.0
Q8WXG9,PLAAC,segment,Transmembrane,4,0.0001
Q8WXG9,PLAAC,segment,Transmembrane,5,0.0001
Q8WXG9,PLAAC,segment,Transmembrane,6,0.0005
Q8WXG9,PScore,segment,Transmembrane,0,0.2935
Q8WXG9,PScore,segment,Transmembrane,1,-2.3027
Q8WXG9,PScore,segment,Transmembrane,2,0.3754
Q8WXG9,PScore,segment,Transmembrane,3,-1.4732
Q8WXG9,PScore,segment,Transmembrane,4,-0.0542
Q8WXG9,PScore,segment,Transmembrane,5,-1.3398
Q8WXG9,PScore,segment,Transmembrane,6,-0.0829
Q8WXG9,ESpritz,segment,Transmembrane,0,0.0388
Q8WXG9,ESpritz,segment,Transmembrane,1,0.0389
Q8WXG9,ESpritz,segment,Transmembrane,2,0.0385
Q8WXG9,ESpritz,segment,Transmembrane,3,0.0383
Q8WXG9,ESpritz,segment,Transmembrane,4,0.0392
Q8WXG9,ESpritz,segment,Transmembrane,5,0.0476
Q8WXG9,ESpritz,segment,Transmembrane,6,0.0684
Q8WXG9,SEG,segment,Transmembrane,0,0.0
Q8WXG9,SEG,segment,Transmembrane,1,0.0
Q8WXG9,SEG,segment,Transmembrane,2,0.0
Q8WXG9,SEG,segment,Transmembrane,3,0.381
Q8WXG9,SEG,segment,Transmembrane,4,0.3333
Q8WXG9,SEG,segment,Transmembrane,5,0.0
Q8WXG9,SEG,segment,Transmembrane,6,0.0
Q8WXG9,catGRANULE,segment,Extracellular/Lumenal,0,-3.8835
Q8WXG9,catGRANULE,segment,Extracellular/Lumenal,1,-12.8922
Q8WXG9,catGRANULE,segment,Extracellular/Lumenal,2,-11.0392
Q8WXG9,catGRANULE,segment,Extracellular/Lumenal,3,-9.0129
Q8WXG9,PLAAC,segment,Extracellular/Lumenal,0,0.0006
Q8WXG9,PLAAC,segment,Extracellular/Lumenal,1,0.0005
Q8WXG9,PLAAC,segment,Extracellular/Lumenal,2,0.0031
Q8WXG9,PLAAC,segment,Extracellular/Lumenal,3,0.0003
Q8WXG9,PScore,segment,Extracellular/Lumenal,0,0.1022
Q8WXG9,PScore,segment,Extracellular/Lumenal,1,-0.9604
Q8WXG9,PScore,segment,Extracellular/Lumenal,2,-1.089
Q8WXG9,PScore,segment,Extracellular/Lumenal,3,-0.8844
Q8WXG9,ESpritz,segment,Extracellular/Lumenal,0,0.0443
Q8WXG9,ESpritz,segment,Extracellular/Lumenal,1,0.0393
Q8WXG9,ESpritz,segment,Extracellular/Lumenal,2,0.0384
Q8WXG9,ESpritz,segment,Extracellular/Lumenal,3,0.0537
Q8WXG9,SEG,segment,Extracellular/Lumenal,0,0.018
Q8WXG9,SEG,segment,Extracellular/Lumenal,1,0.0
Q8WXG9,SEG,segment,Extracellular/Lumenal,2,0.0357
Q8WXG9,SEG,segment,Extracellular/Lumenal,3,0.0
P11362,catGRANULE,segment,Cytoplasmic,0,-5.0897
P11362,PLAAC,segment,Cytoplasmic,0,0.0005
P11362,PScore,segment,Cytoplasmic,0,0.0741
P11362,ESpritz,segment,Cytoplasmic,0,0.1282
P11362,SEG,segment,Cytoplasmic,0,0.0353
P11362,catGRANULE,segment,Transmembrane,0,-5.4243
P11362,PLAAC,segment,Transmembrane,0,0.0001
P11362,PScore,segment,Transmembrane,0,-0.4118
P11362,ESpritz,segment,Transmembrane,0,0.0445
P11362,SEG,segment,Transmembrane,0,0.0
P11362,catGRANULE,segment,Extracellular/Lumenal,0,-4.3772
P11362,PLAAC,segment,Extracellular/Lumenal,0,0.0004
P11362,PScore,segment,Extracellular/Lumenal,0,0.4348
P11362,ESpritz,segment,Extracellular/Lumenal,0,0.1656
P11362,SEG,segment,Extracellular/Lumenal,0,0.0761
Q8NC56,catGRANULE,segment,Transmembrane,0,-7.5201
Q8NC56,catGRANULE,segment,Transmembrane,1,-8.7357
Q8NC56,PLAAC,segment,Transmembrane,0,0.0
Q8NC56,PLAAC,segment,Transmembrane,1,0.0
Q8NC56,PScore,segment,Transmembrane,0,-1.2511
Q8NC56,PScore,segment,Transmembrane,1,-1.4552
Q8NC56,ESpritz,segment,Transmembrane,0,0.1569
Q8NC56,ESpritz,segment,Transmembrane,1,0.0505
Q8NC56,SEG,segment,Transmembrane,0,0.8571
Q8NC56,SEG,segment,Transmembrane,1,0.0
P40967,PLAAC,segment,Cytoplasmic,0,0.0045
P40967,PScore,segment,Cytoplasmic,0,1.6145
P40967,ESpritz,segment,Cytoplasmic,0,0.1634
P40967,SEG,segment,Cytoplasmic,0,0.0
P40967,catGRANULE,segment,Transmembrane,0,-11.1157
P40967,PLAAC,segment,Transmembrane,0,0.0001
P40967,PScore,segment,Transmembrane,0,-0.9839
P40967,ESpritz,segment,Transmembrane,0,0.0664
P40967,SEG,segment,Transmembrane,0,0.8571
P40967,catGRANULE,segment,Extracellular/Lumenal,0,-6.7486
P40967,PLAAC,segment,Extracellular/Lumenal,0,0.0005
P40967,PScore,segment,Extracellular/Lumenal,0,0.3145
P40967,ESpritz,segment,Extracellular/Lumenal,0,0.0622
P40967,SEG,segment,Extracellular/Lumenal,0,0.0
P07766,catGRANULE,segment,Cytoplasmic,0,6.7436
P07766,PLAAC,segment,Cytoplasmic,0,0.0059
P07766,PScore,segment,Cytoplasmic,0,0.919
P07766,ESpritz,segment,Cytoplasmic,0,0.5528
P07766,SEG,segment,Cytoplasmic,0,0.2182
P07766,catGRANULE,segment,Transmembrane,0,3.8376
P07766,PLAAC,segment,Transmembrane,0,0.0001
P07766,PScore,segment,Transmembrane,0,-0.0142
P07766,ESpritz,segment,Transmembrane,0,0.1717
P07766,SEG,segment,Transmembrane,0,0.0
P07766,catGRANULE,segment,Extracellular/Lumenal,0,-2.7536
P07766,PLAAC,segment,Extracellular/Lumenal,0,0.0004
P07766,PScore,segment,Extracellular/Lumenal,0,0.7128
P07766,ESpritz,segment,Extracellular/Lumenal,0,0.1798
P07766,SEG,segment,Extracellular/Lumenal,0,0.0
P20963,catGRANULE,segment,Cytoplasmic,0,5.915
P20963,PLAAC,segment,Cytoplasmic,0,0.053
P20963,PScore,segment,Cytoplasmic,0,-0.1788
P20963,ESpritz,segment,Cytoplasmic,0,0.5369
P20963,SEG,segment,Cytoplasmic,0,0.0
P20963,catGRANULE,segment,Transmembrane,0,-0.8481
P20963,PLAAC,segment,Transmembrane,0,0.0001
P20963,PScore,segment,Transmembrane,0,0.4507
P20963,ESpritz,segment,Transmembrane,0,0.2331
P20963,SEG,segment,Transmembrane,0,0.0
P20963,catGRANULE,segment,Extracellular/Lumenal,0,-4.371
P20963,PLAAC,segment,Extracellular/Lumenal,0,0.0002
P20963,PScore,segment,Extracellular/Lumenal,0,-0.2284
P20963,ESpritz,segment,Extracellular/Lumenal,0,0.2198
P20963,SEG,segment,Extracellular/Lumenal,0,0.0
P04626,catGRANULE,segment,Cytoplasmic,0,-3.6331
P04626,PLAAC,segment,Cytoplasmic,0,0.0023
P04626,PScore,segment,Cytoplasmic,0,0.7229
P04626,ESpritz,segment,Cytoplasmic,0,0.2335
P04626,SEG,segment,Cytoplasmic,0,0.0672
P04626,catGRANULE,segment,Transmembrane,0,-6.5002
P04626,PLAAC,segment,Transmembrane,0,0.0
P04626,PScore,segment,Transmembrane,0,-1.2011
P04626,ESpritz,segment,Transmembrane,0,0.0421
P04626,SEG,segment,Transmembrane,0,0.7826
P04626,catGRANULE,segment,Extracellular/Lumenal,0,-6.227
P04626,PLAAC,segment,Extracellular/Lumenal,0,0.0006
P04626,PScore,segment,Extracellular/Lumenal,0,0.4798
P04626,ESpritz,segment,Extracellular/Lumenal,0,0.0487
P04626,SEG,segment,Extracellular/Lumenal,0,0.0238
O75460,catGRANULE,segment,Cytoplasmic,0,-4.1865
O75460,PLAAC,segment,Cytoplasmic,0,0.0221
O75460,PScore,segment,Cytoplasmic,0,0.0394
O75460,ESpritz,segment,Cytoplasmic,0,0.1111
O75460,SEG,segment,Cytoplasmic,0,0.152
O75460,catGRANULE,segment,Transmembrane,0,-8.5229
O75460,PLAAC,segment,Transmembrane,0,0.0108
O75460,PScore,segment,Transmembrane,0,-1.7486
O75460,ESpritz,segment,Transmembrane,0,0.1611
O75460,SEG,segment,Transmembrane,0,0.0
O75460,catGRANULE,segment,Extracellular/Lumenal,0,-5.2376
O75460,PLAAC,segment,Extracellular/Lumenal,0,0.0003
O75460,PScore,segment,Extracellular/Lumenal,0,0.1103
O75460,ESpritz,segment,Extracellular/Lumenal,0,0.0805
O75460,SEG,segment,Extracellular/Lumenal,0,0.0
P35968,catGRANULE,segment,Cytoplasmic,0,-3.9125
P35968,PLAAC,segment,Cytoplasmic,0,0.0038
P35968,PScore,segment,Cytoplasmic,0,0.0828
P35968,ESpritz,segment,Cytoplasmic,0,0.1863
P35968,SEG,segment,Cytoplasmic,0,0.042
P35968,catGRANULE,segment,Transmembrane,0,-6.564
P35968,PLAAC,segment,Transmembrane,0,0.0
P35968,PScore,segment,Transmembrane,0,-0.5778
P35968,ESpritz,segment,Transmembrane,0,0.0412
P35968,SEG,segment,Transmembrane,0,0.0
P35968,catGRANULE,segment,Extracellular/Lumenal,0,-4.7206
P35968,PLAAC,segment,Extracellular/Lumenal,0,0.0007
P35968,PScore,segment,Extracellular/Lumenal,0,0.1291
P35968,ESpritz,segment,Extracellular/Lumenal,0,0.0497
P35968,SEG,segment,Extracellular/Lumenal,0,0.0215
Q12879,catGRANULE,segment,Cytoplasmic,0,-2.0467
Q12879,catGRANULE,segment,Cytoplasmic,1,-8.1037
Q12879,catGRANULE,segment,Cytoplasmic,2,-2.2946
Q12879,PLAAC,segment,Cytoplasmic,0,0.0017
Q12879,PLAAC,segment,Cytoplasmic,1,0.0067
Q12879,PLAAC,segment,Cytoplasmic,2,0.0058
Q12879,PScore,segment,Cytoplasmic,0,-0.3682
Q12879,PScore,segment,Cytoplasmic,1,-0.1752
Q12879,PScore,segment,Cytoplasmic,2,0.3926
Q12879,ESpritz,segment,Cytoplasmic,0,0.0415
Q12879,ESpritz,segment,Cytoplasmic,1,0.0415
Q12879,ESpritz,segment,Cytoplasmic,2,0.2761
Q12879,SEG,segment,Cytoplasmic,0,0.0
Q12879,SEG,segment,Cytoplasmic,1,0.0
Q12879,SEG,segment,Cytoplasmic,2,0.0461
Q12879,catGRANULE,segment,Transmembrane,0,-1.9551
Q12879,catGRANULE,segment,Transmembrane,1,-6.0232
Q12879,catGRANULE,segment,Transmembrane,2,-7.9347
Q12879,PLAAC,segment,Transmembrane,0,0.0001
Q12879,PLAAC,segment,Transmembrane,1,0.0003
Q12879,PLAAC,segment,Transmembrane,2,0.0005
Q12879,PScore,segment,Transmembrane,0,-0.4909
Q12879,PScore,segment,Transmembrane,1,-0.7891
Q12879,PScore,segment,Transmembrane,2,-0.5117
Q12879,ESpritz,segment,Transmembrane,0,0.0398
Q12879,ESpritz,segment,Transmembrane,1,0.0406
Q12879,ESpritz,segment,Transmembrane,2,0.0431
Q12879,SEG,segment,Transmembrane,0,0.0
Q12879,SEG,segment,Transmembrane,1,0.0
Q12879,SEG,segment,Transmembrane,2,0.0
Q12879,catGRANULE,segment,Extracellular/Lumenal,0,-5.6203
Q12879,catGRANULE,segment,Extracellular/Lumenal,1,-2.2402
Q12879,PLAAC,segment,Extracellular/Lumenal,0,0.0007
Q12879,PLAAC,segment,Extracellular/Lumenal,1,0.02
Q12879,PScore,segment,Extracellular/Lumenal,0,-0.1239
Q12879,PScore,segment,Extracellular/Lumenal,1,0.1204
Q12879,ESpritz,segment,Extracellular/Lumenal,0,0.0521
Q12879,ESpritz,segment,Extracellular/Lumenal,1,0.0423
Q12879,SEG,segment,Extracellular/Lumenal,0,0.0
Q12879,SEG,segment,Extracellular/Lumenal,1,0.0
Q86WV6,catGRANULE,segment,Cytoplasmic,0,-8.1478
Q86WV6,catGRANULE,segment,Cytoplasmic,1,-7.717
Q86WV6,catGRANULE,segment,Cytoplasmic,2,-5.6581
Q86WV6,PLAAC,segment,Cytoplasmic,0,0.0034
Q86WV6,PLAAC,segment,Cytoplasmic,1,0.0002
Q86WV6,PLAAC,segment,Cytoplasmic,2,0.0042
Q86WV6,PScore,segment,Cytoplasmic,0,0.026
Q86WV6,PScore,segment,Cytoplasmic,1,-0.2515
Q86WV6,PScore,segment,Cytoplasmic,2,-0.3559
Q86WV6,ESpritz,segment,Cytoplasmic,0,0.2353
Q86WV6,ESpritz,segment,Cytoplasmic,1,0.068
Q86WV6,ESpritz,segment,Cytoplasmic,2,0.1978
Q86WV6,SEG,segment,Cytoplasmic,0,0.0
Q86WV6,SEG,segment,Cytoplasmic,1,0.0
Q86WV6,SEG,segment,Cytoplasmic,2,0.0
Q86WV6,catGRANULE,segment,Transmembrane,0,-7.9554
Q86WV6,catGRANULE,segment,Transmembrane,1,-6.3466
Q86WV6,catGRANULE,segment,Transmembrane,2,-6.5737
Q86WV6,catGRANULE,segment,Transmembrane,3,-3.4182
Q86WV6,PLAAC,segment,Transmembrane,0,0.0002
Q86WV6,PLAAC,segment,Transmembrane,1,0.0001
Q86WV6,PLAAC,segment,Transmembrane,2,0.0004
Q86WV6,PLAAC,segment,Transmembrane,3,0.0003
Q86WV6,PScore,segment,Transmembrane,0,-0.3536
Q86WV6,PScore,segment,Transmembrane,1,0.1048
Q86WV6,PScore,segment,Transmembrane,2,0.6919
Q86WV6,PScore,segment,Transmembrane,3,-0.4566
Q86WV6,ESpritz,segment,Transmembrane,0,0.1556
Q86WV6,ESpritz,segment,Transmembrane,1,0.0893
Q86WV6,ESpritz,segment,Transmembrane,2,0.0522
Q86WV6,ESpritz,segment,Transmembrane,3,0.0402
Q86WV6,SEG,segment,Transmembrane,0,0.0
Q86WV6,SEG,segment,Transmembrane,1,0.84
Q86WV6,SEG,segment,Transmembrane,2,0.6
Q86WV6,SEG,segment,Transmembrane,3,0.0
Q86WV6,catGRANULE,segment,Extracellular/Lumenal,0,-6.79
Q86WV6,catGRANULE,segment,Extracellular/Lumenal,1,-4.0346
Q86WV6,PLAAC,segment,Extracellular/Lumenal,0,0.0001
Q86WV6,PLAAC,segment,Extracellular/Lumenal,1,0.0018
Q86WV6,PScore,segment,Extracellular/Lumenal,0,-0.9667
Q86WV6,PScore,segment,Extracellular/Lumenal,1,0.5321
Q86WV6,ESpritz,segment,Extracellular/Lumenal,0,0.1204
Q86WV6,ESpritz,segment,Extracellular/Lumenal,1,0.042
Q86WV6,SEG,segment,Extracellular/Lumenal,0,0.0
Q86WV6,SEG,segment,Extracellular/Lumenal,1,0.3
P07949,catGRANULE,segment,Cytoplasmic,0,-3.1131
P07949,PLAAC,segment,Cytoplasmic,0,0.001
P07949,PScore,segment,Cytoplasmic,0,0.4388
P07949,ESpritz,segment,Cytoplasmic,0,0.1256
P07949,SEG,segment,Cytoplasmic,0,0.0219
P07949,catGRANULE,segment,Transmembrane,0,-10.4928
P07949,PLAAC,segment,Transmembrane,0,0.0
P07949,PScore,segment,Transmembrane,0,-0.1238
P07949,ESpritz,segment,Transmembrane,0,0.0622
P07949,SEG,segment,Transmembrane,0,0.0
P07949,catGRANULE,segment,Extracellular/Lumenal,0,-5.8819
P07949,PLAAC,segment,Extracellular/Lumenal,0,0.0008
P07949,PScore,segment,Extracellular/Lumenal,0,0.5717
P07949,ESpritz,segment,Extracellular/Lumenal,0,0.0518
P07949,SEG,segment,Extracellular/Lumenal,0,0.0264
P08908,catGRANULE,segment,Cytoplasmic,0,-11.4561
P08908,catGRANULE,segment,Cytoplasmic,1,-8.7551
P08908,catGRANULE,segment,Cytoplasmic,2,-1.7739
P08908,catGRANULE,segment,Cytoplasmic,3,
P08908,PLAAC,segment,Cytoplasmic,0,0.0019
P08908,PLAAC,segment,Cytoplasmic,1,0.0001
P08908,PLAAC,segment,Cytoplasmic,2,0.0004
P08908,PLAAC,segment,Cytoplasmic,3,0.0013
P08908,PScore,segment,Cytoplasmic,0,-1.8769
P08908,PScore,segment,Cytoplasmic,1,-0.4388
P08908,PScore,segment,Cytoplasmic,2,0.4607
P08908,PScore,segment,Cytoplasmic,3,0.814
P08908,ESpritz,segment,Cytoplasmic,0,0.0869
P08908,ESpritz,segment,Cytoplasmic,1,0.0444
P08908,ESpritz,segment,Cytoplasmic,2,0.1802
P08908,ESpritz,segment,Cytoplasmic,3,0.17
P08908,SEG,segment,Cytoplasmic,0,0.0
P08908,SEG,segment,Cytoplasmic,1,0.0
P08908,SEG,segment,Cytoplasmic,2,0.0846
P08908,SEG,segment,Cytoplasmic,3,0.0
P08908,catGRANULE,segment,Transmembrane,0,-11.3671
P08908,catGRANULE,segment,Transmembrane,1,-15.183
P08908,catGRANULE,segment,Transmembrane,2,-12.9265
P08908,catGRANULE,segment,Transmembrane,3,-7.189
P08908,catGRANULE,segment,Transmembrane,4,-1.7457
P08908,catGRANULE,segment,Transmembrane,5,-9.1659
P08908,catGRANULE,segment,Transmembrane,6,
P08908,PLAAC,segment,Transmembrane,0,0.0001
P08908,PLAAC,segment,Transmembrane,1,0.0003
P08908,PLAAC,segment,Transmembrane,2,0.0
P08908,PLAAC,segment,Transmembrane,3,0.0001
P08908,PLAAC,segment,Transmembrane,4,0.0003
P08908,PLAAC,segment,Transmembrane,5,0.0001
P08908,PLAAC,segment,Transmembrane,6,0.0014
P08908,PScore,segment,Transmembrane,0,-1.0264
P08908,PScore,segment,Transmembrane,1,-1.1441
P08908,PScore,segment,Transmembrane,2,-0.8913
P08908,PScore,segment,Transmembrane,3,0.5058
P08908,PScore,segment,Transmembrane,4,0.9273
P08908,PScore,segment,Transmembrane,5,0.268
P08908,PScore,segment,Transmembrane,6,0.7488
P08908,ESpritz,segment,Transmembrane,0,0.1174
P08908,ESpritz,segment,Transmembrane,1,0.0689
P08908,ESpritz,segment,Transmembrane,2,0.0433
P08908,ESpritz,segment,Transmembrane,3,0.0505
P08908,ESpritz,segment,Transmembrane,4,0.0727
P08908,ESpritz,segment,Transmembrane,5,0.1189
P08908,ESpritz,segment,Transmembrane,6,0.1012
P08908,SEG,segment,Transmembrane,0,0.0
P08908,SEG,segment,Transmembrane,1,0.0
P08908,SEG,segment,Transmembrane,2,0.0
P08908,SEG,segment,Transmembrane,3,0.0
P08908,SEG,segment,Transmembrane,4,0.0
P08908,SEG,segment,Transmembrane,5,0.0
P08908,SEG,segment,Transmembrane,6,0.0
P08908,catGRANULE,segment,Extracellular/Lumenal,0,-7.0031
P08908,catGRANULE,segment,Extracellular/Lumenal,1,-13.5084
P08908,catGRANULE,segment,Extracellular/Lumenal,2,-5.2182
P08908,catGRANULE,segment,Extracellular/Lumenal,3,-5.7642
P08908,PLAAC,segment,Extracellular/Lumenal,0,0.0425
P08908,PLAAC,segment,Extracellular/Lumenal,1,0.0002
P08908,PLAAC,segment,Extracellular/Lumenal,2,0.0001
P08908,PLAAC,segment,Extracellular/Lumenal,3,0.0001
P08908,PScore,segment,Extracellular/Lumenal,0,1.5818
P08908,PScore,segment,Extracellular/Lumenal,1,-1.5732
P08908,PScore,segment,Extracellular/Lumenal,2,1.3764
P08908,PScore,segment,Extracellular/Lumenal,3,0.7857
P08908,ESpritz,segment,Extracellular/Lumenal,0,0.2894
P08908,ESpritz,segment,Extracellular/Lumenal,1,0.0531
P08908,ESpritz,segment,Extracellular/Lumenal,2,0.0689
P08908,ESpritz,segment,Extracellular/Lumenal,3,0.0957
P08908,SEG,segment,Extracellular/Lumenal,0,0.0
P08908,SEG,segment,Extracellular/Lumenal,1,0.0
P08908,SEG,segment,Extracellular/Lumenal,2,0.0
P08908,SEG,segment,Extracellular/Lumenal,3,0.0
P01857,catGRANULE,segment,Extracellular/Lumenal,0,-4.8286
P01857,PLAAC,segment,Extracellular/Lumenal,0,0.0009
P01857,PScore,segment,Extracellular/Lumenal,0,0.7076
P01857,ESpritz,segment,Extracellular/Lumenal,0,0.2396
P01857,SEG,segment,Extracellular/Lumenal,0,0.0455
Q7Z3C6,catGRANULE,segment,Cytoplasmic,0,-6.2601
Q7Z3C6,catGRANULE,segment,Cytoplasmic,1,-5.7102
Q7Z3C6,catGRANULE,segment,Cytoplasmic,2,-3.9407
Q7Z3C6,catGRANULE,segment,Cytoplasmic,3,-7.0359
Q7Z3C6,catGRANULE,segment,Cytoplasmic,4,-10.463
Q7Z3C6,catGRANULE,segment,Cytoplasmic,5,-8.6699
Q7Z3C6,catGRANULE,segment,Cytoplasmic,6,-3.0511
Q7Z3C6,PLAAC,segment,Cytoplasmic,0,0.0009
Q7Z3C6,PLAAC,segment,Cytoplasmic,1,0.0004
Q7Z3C6,PLAAC,segment,Cytoplasmic,2,0.0001
Q7Z3C6,PLAAC,segment,Cytoplasmic,3,0.0004
Q7Z3C6,PLAAC,segment,Cytoplasmic,4,0.0015
Q7Z3C6,PLAAC,segment,Cytoplasmic,5,0.0001
Q7Z3C6,PLAAC,segment,Cytoplasmic,6,0.0013
Q7Z3C6,PScore,segment,Cytoplasmic,0,-1.094
Q7Z3C6,PScore,segment,Cytoplasmic,1,-0.6403
Q7Z3C6,PScore,segment,Cytoplasmic,2,-0.3463
Q7Z3C6,PScore,segment,Cytoplasmic,3,-0.1627
Q7Z3C6,PScore,segment,Cytoplasmic,4,-1.1148
Q7Z3C6,PScore,segment,Cytoplasmic,5,-2.0263
Q7Z3C6,PScore,segment,Cytoplasmic,6,0.8391
Q7Z3C6,ESpritz,segment,Cytoplasmic,0,0.2799
Q7Z3C6,ESpritz,segment,Cytoplasmic,1,0.039
Q7Z3C6,ESpritz,segment,Cytoplasmic,2,0.0388
Q7Z3C6,ESpritz,segment,Cytoplasmic,3,0.0395
Q7Z3C6,ESpritz,segment,Cytoplasmic,4,0.0411
Q7Z3C6,ESpritz,segment,Cytoplasmic,5,0.0433
Q7Z3C6,ESpritz,segment,Cytoplasmic,6,0.2832
Q7Z3C6,SEG,segment,Cytoplasmic,0,0.0
Q7Z3C6,SEG,segment,Cytoplasmic,1,0.0882
Q7Z3C6,SEG,segment,Cytoplasmic,2,0.0
Q7Z3C6,SEG,segment,Cytoplasmic,3,0.0
Q7Z3C6,SEG,segment,Cytoplasmic,4,0.0
Q7Z3C6,SEG,segment,Cytoplasmic,5,0.0
Q7Z3C6,SEG,segment,Cytoplasmic,6,0.0778
Q7Z3C6,catGRANULE,segment,Transmembrane,0,-11.4503
Q7Z3C6,catGRANULE,segment,Transmembrane,1,-13.5347
Q7Z3C6,catGRANULE,segment,Transmembrane,2,-12.5449
Q7Z3C6,catGRANULE,segment,Transmembrane,3,-10.1462
Q7Z3C6,PLAAC,segment,Transmembrane,0,0.0001
Q7Z3C6,PLAAC,segment,Transmembrane,1,0.0001
Q7Z3C6,PLAAC,segment,Transmembrane,2,0.0002
Q7Z3C6,PLAAC,segment,Transmembrane,3,0.0
Q7Z3C6,PScore,segment,Transmembrane,0,-1.3714
Q7Z3C6,PScore,segment,Transmembrane,1,-0.4086
Q7Z3C6,PScore,segment,Transmembrane,2,-1.1188
Q7Z3C6,PScore,segment,Transmembrane,3,-0.2607
Q7Z3C6,ESpritz,segment,Transmembrane,0,0.0856
Q7Z3C6,ESpritz,segment,Transmembrane,1,0.04
Q7Z3C6,ESpritz,segment,Transmembrane,2,0.0389
Q7Z3C6,ESpritz,segment,Transmembrane,3,0.0389
Q7Z3C6,SEG,segment,Transmembrane,0,0.5217
Q7Z3C6,SEG,segment,Transmembrane,1,0.0
Q7Z3C6,SEG,segment,Transmembrane,2,0.0
Q7Z3C6,SEG,segment,Transmembrane,3,0.7778
Q7Z3C6,catGRANULE,segment,Extracellular/Lumenal,0,-9.964
Q7Z3C6,catGRANULE,segment,Extracellular/Lumenal,1,-13.5497
Q7Z3C6,PLAAC,segment,Extracellular/Lumenal,0,0.0002
Q7Z3C6,PLAAC,segment,Extracellular/Lumenal,1,0.0
Q7Z3C6,PScore,segment,Extracellular/Lumenal,0,-0.9283
Q7Z3C6,PScore,segment,Extracellular/Lumenal,1,-1.1837
Q7Z3C6,ESpritz,segment,Extracellular/Lumenal,0,0.0555
Q7Z3C6,ESpritz,segment,Extracellular/Lumenal,1,0.0388
Q7Z3C6,SEG,segment,Extracellular/Lumenal,0,0.0
Q7Z3C6,SEG,segment,Extracellular/Lumenal,1,0.6667
O75581,catGRANULE,segment,Cytoplasmic,0,-4.8162
O75581,PLAAC,segment,Cytoplasmic,0,0.0041
O75581,PScore,segment,Cytoplasmic,0,1.6791
O75581,ESpritz,segment,Cytoplasmic,0,0.3729
O75581,SEG,segment,Cytoplasmic,0,0.3136
O75581,catGRANULE,segment,Transmembrane,0,-3.5122
O75581,PLAAC,segment,Transmembrane,0,0.0005
O75581,PScore,segment,Transmembrane,0,0.7804
O75581,ESpritz,segment,Transmembrane,0,0.0776
O75581,SEG,segment,Transmembrane,0,0.7826
O75581,catGRANULE,segment,Extracellular/Lumenal,0,-4.3292
O75581,PLAAC,segment,Extracellular/Lumenal,0,0.0016
O75581,PScore,segment,Extracellular/Lumenal,0,0.1146
O75581,ESpritz,segment,Extracellular/Lumenal,0,0.0463
O75581,SEG,segment,Extracellular/Lumenal,0,0.0089
P63027,catGRANULE,segment,Cytoplasmic,0,-5.6682
P63027,PLAAC,segment,Cytoplasmic,0,0.0186
P63027,ESpritz,segment,Cytoplasmic,0,0.7393
P63027,SEG,segment,Cytoplasmic,0,0.2366
P63027,PLAAC,segment,Transmembrane,0,0.0002
P63027,ESpritz,segment,Transmembrane,0,0.295
P63027,SEG,segment,Transmembrane,0,0.8
P63027,PLAAC,segment,Extracellular/Lumenal,0,0.0026
P63027,ESpritz,segment,Extracellular/Lumenal,0,0.2372
P63027,SEG,segment,Extracellular/Lumenal,0,0.0
O60733,catGRANULE,segment,Transmembrane,0,-3.4092
O60733,catGRANULE,segment,Transmembrane,1,-1.7636
O60733,PLAAC,segment,Transmembrane,0,0.0001
O60733,PLAAC,segment,Transmembrane,1,0.0002
O60733,PScore,segment,Transmembrane,0,-1.0082
O60733,PScore,segment,Transmembrane,1,0.8046
O60733,ESpritz,segment,Transmembrane,0,0.045
O60733,ESpritz,segment,Transmembrane,1,0.0486
O60733,SEG,segment,Transmembrane,0,0.0
O60733,SEG,segment,Transmembrane,1,0.0
Q04671,catGRANULE,segment,Cytoplasmic,0,-4.6866
Q04671,catGRANULE,segment,Cytoplasmic,1,-12.1501
Q04671,catGRANULE,segment,Cytoplasmic,2,-14.8399
Q04671,catGRANULE,segment,Cytoplasmic,3,-6.6846
Q04671,catGRANULE,segment,Cytoplasmic,4,-13.8571
Q04671,catGRANULE,segment,Cytoplasmic,5,-2.9243
Q04671,catGRANULE,segment,Cytoplasmic,6,
Q04671,PLAAC,segment,Cytoplasmic,0,0.0007
Q04671,PLAAC,segment,Cytoplasmic,1,0.0001
Q04671,PLAAC,segment,Cytoplasmic,2,0.0001
Q04671,PLAAC,segment,Cytoplasmic,3,0.0001
Q04671,PLAAC,segment,Cytoplasmic,4,0.0
Q04671,PLAAC,segment,Cytoplasmic,5,0.0001
Q04671,PLAAC,segment,Cytoplasmic,6,0.0026
Q04671,PScore,segment,Cytoplasmic,0,0.3012
Q04671,PScore,segment,Cytoplasmic,1,-1.7492
Q04671,PScore,segment,Cytoplasmic,2,-0.5785
Q04671,PScore,segment,Cytoplasmic,3,-1.0335
Q04671,PScore,segment,Cytoplasmic,4,-1.0772
Q04671,PScore,segment,Cytoplasmic,5,0.213
Q04671,PScore,segment,Cytoplasmic,6,2.159
Q04671,ESpritz,segment,Cytoplasmic,0,0.3661
Q04671,ESpritz,segment,Cytoplasmic,1,0.0393
Q04671,ESpritz,segment,Cytoplasmic,2,0.0385
Q04671,ESpritz,segment,Cytoplasmic,3,0.0409
Q04671,ESpritz,segment,Cytoplasmic,4,0.0388
Q04671,ESpritz,segment,Cytoplasmic,5,0.0485
Q04671,ESpritz,segment,Cytoplasmic,6,0.1822
Q04671,SEG,segment,Cytoplasmic,0,0.0726
Q04671,SEG,segment,Cytoplasmic,1,0.0
Q04671,SEG,segment,Cytoplasmic,2,0.0
Q04671,SEG,segment,Cytoplasmic,3,0.1333
Q04671,SEG,segment,Cytoplasmic,4,0.0667
Q04671,SEG,segment,Cytoplasmic,5,0.087
Q04671,SEG,segment,Cytoplasmic,6,0.0
Q04671,catGRANULE,segment,Transmembrane,0,-7.8256
Q04671,catGRANULE,segment,Transmembrane,1,-11.7286
Q04671,catGRANULE,segment,Transmembrane,2,-10.1941
Q04671,catGRANULE,segment,Transmembrane,3,-12.0115
Q04671,catGRANULE,segment,Transmembrane,4,-12.4048
Q04671,catGRANULE,segment,Transmembrane,5,-9.5498
Q04671,catGRANULE,segment,Transmembrane,6,-9.0318
Q04671,catGRANULE,segment,Transmembrane,7,-13.989
Q04671,catGRANULE,segment,Transmembrane,8,-13.9571
Q04671,catGRANULE,segment,Transmembrane,9,-10.4791
Q04671,catGRANULE,segment,Transmembrane,10,0.0389
Q04671,catGRANULE,segment,Transmembrane,11,
Q04671,PLAAC,segment,Transmembrane,0,0.0001
Q04671,PLAAC,segment,Transmembrane,1,0.0001
Q04671,PLAAC,segment,Transmembrane,2,0.0001
Q04671,PLAAC,segment,Transmembrane,3,0.0001
Q04671,PLAAC,segment,Transmembrane,4,0.0001
Q04671,PLAAC,segment,Transmembrane,5,0.0
Q04671,PLAAC,segment,Transmembrane,6,0.0
Q04671,PLAAC,segment,Transmembrane,7,0.0
Q04671,PLAAC,segment,Transmembrane,8,0.0
Q04671,PLAAC,segment,Transmembrane,9,0.0001
Q04671,PLAAC,segment,Transmembrane,10,0.0004
Q04671,PLAAC,segment,Transmembrane,11,0.0001
Q04671,PScore,segment,Transmembrane,0,-0.2864
Q04671,PScore,segment,Transmembrane,1,-0.7309
Q04671,PScore,segment,Transmembrane,2,-0.7911
Q04671,PScore,segment,Transmembrane,3,1.588
Q04671,PScore,segment,Transmembrane,4,-1.2818
Q04671,PScore,segment,Transmembrane,5,-0.1709
Q04671,PScore,segment,Transmembrane,6,-0.6352
Q04671,PScore,segment,Transmembrane,7,-0.0559
Q04671,PScore,segment,Transmembrane,8,-0.5392
Q04671,PScore,segment,Transmembrane,9,-1.0072
Q04671,PScore,segment,Transmembrane,10,0.4441
Q04671,PScore,segment,Transmembrane,11,2.159
Q04671,ESpritz,segment,Transmembrane,0,0.0818
Q04671,ESpritz,segment,Transmembrane,1,0.0394
Q04671,ESpritz,segment,Transmembrane,2,0.0392
Q04671,ESpritz,segment,Transmembrane,3,0.0386
Q04671,ESpritz,segment,Transmembrane,4,0.0383
Q04671,ESpritz,segment,Transmembrane,5,0.0393
Q04671,ESpritz,segment,Transmembrane,6,0.0392
Q04671,ESpritz,segment,Transmembrane,7,0.0388
Q04671,ESpritz,segment,Transmembrane,8,0.0387
Q04671,ESpritz,segment,Transmembrane,9,0.0404
Q04671,ESpritz,segment,Transmembrane,10,0.0534
Q04671,ESpritz,segment,Transmembrane,11,0.1296
Q04671,SEG,segment,Transmembrane,0,0.0
Q04671,SEG,segment,Transmembrane,1,0.0
Q04671,SEG,segment,Transmembrane,2,0.8824
Q04671,SEG,segment,Transmembrane,3,0.0
Q04671,SEG,segment,Transmembrane,4,0.0
Q04671,SEG,segment,Transmembrane,5,0.8235
Q04671,SEG,segment,Transmembrane,6,0.0
Q04671,SEG,segment,Transmembrane,7,0.8824
Q04671,SEG,segment,Transmembrane,8,1.0
Q04671,SEG,segment,Transmembrane,9,1.0
Q04671,SEG,segment,Transmembrane,10,0.0
Q04671,SEG,segment,Transmembrane,11,0.0
Q04671,catGRANULE,segment,Extracellular/Lumenal,0,-8.7673
Q04671,catGRANULE,segment,Extracellular/Lumenal,1,-10.0331
Q04671,catGRANULE,segment,Extracellular/Lumenal,2,-6.4808
Q04671,catGRANULE,segment,Extracellular/Lumenal,3,-11.5241
Q04671,catGRANULE,segment,Extracellular/Lumenal,4,-13.5997
Q04671,catGRANULE,segment,Extracellular/Lumenal,5,-4.4435
Q04671,PLAAC,segment,Extracellular/Lumenal,0,0.0008
Q04671,PLAAC,segment,Extracellular/Lumenal,1,0.0001
Q04671,PLAAC,segment,Extracellular/Lumenal,2,0.0003
Q04671,PLAAC,segment,Extracellular/Lumenal,3,0.0003
Q04671,PLAAC,segment,Extracellular/Lumenal,4,0.0001
Q04671,PLAAC,segment,Extracellular/Lumenal,5,0.0009
Q04671,PScore,segment,Extracellular/Lumenal,0,0.1548
Q04671,PScore,segment,Extracellular/Lumenal,1,-1.2247
Q04671,PScore,segment,Extracellular/Lumenal,2,0.2155
Q04671,PScore,segment,Extracellular/Lumenal,3,-0.1178
Q04671,PScore,segment,Extracellular/Lumenal,4,-2.3463
Q04671,PScore,segment,Extracellular/Lumenal,5,1.2363
Q04671,ESpritz,segment,Extracellular/Lumenal,0,0.0516
Q04671,ESpritz,segment,Extracellular/Lumenal,1,0.0391
Q04671,ESpritz,segment,Extracellular/Lumenal,2,0.0392
Q04671,ESpritz,segment,Extracellular/Lumenal,3,0.039
Q04671,ESpritz,segment,Extracellular/Lumenal,4,0.0389
Q04671,ESpritz,segment,Extracellular/Lumenal,5,0.0744
Q04671,SEG,segment,Extracellular/Lumenal,0,0.0
Q04671,SEG,segment,Extracellular/Lumenal,1,0.0
Q04671,SEG,segment,Extracellular/Lumenal,2,0.0
Q04671,SEG,segment,Extracellular/Lumenal,3,0.0
Q04671,SEG,segment,Extracellular/Lumenal,4,0.0
Q04671,SEG,segment,Extracellular/Lumenal,5,0.0
Q14BN4,catGRANULE,segment,Cytoplasmic,0,-5.7457
Q14BN4,PLAAC,segment,Cytoplasmic,0,0.0007
Q14BN4,PScore,segment,Cytoplasmic,0,-0.6481
Q14BN4,ESpritz,segment,Cytoplasmic,0,0.3051
Q14BN4,SEG,segment,Cytoplasmic,0,0.0399
Q14BN4,PLAAC,segment,Transmembrane,0,0.0003
Q14BN4,PScore,segment,Transmembrane,0,-1.0584
Q14BN4,ESpritz,segment,Transmembrane,0,0.3429
Q14BN4,SEG,segment,Transmembrane,0,0.6667
Q14BN4,PLAAC,segment,Extracellular/Lumenal,0,0.0037
Q14BN4,PScore,segment,Extracellular/Lumenal,0,-1.061
Q14BN4,ESpritz,segment,Extracellular/Lumenal,0,0.3801
Q14BN4,SEG,segment,Extracellular/Lumenal,0,0.0
P15529,PLAAC,segment,Cytoplasmic,0,0.0002
P15529,PScore,segment,Cytoplasmic,0,0.0188
P15529,ESpritz,segment,Cytoplasmic,0,0.2981
P15529,SEG,segment,Cytoplasmic,0,0.0
P15529,PLAAC,segment,Transmembrane,0,0.0
P15529,PScore,segment,Transmembrane,0,0.0247
P15529,ESpritz,segment,Transmembrane,0,0.1525
P15529,SEG,segment,Transmembrane,0,0.913
P15529,catGRANULE,segment,Extracellular/Lumenal,0,-4.8482
P15529,PLAAC,segment,Extracellular/Lumenal,0,0.0013
P15529,PScore,segment,Extracellular/Lumenal,0,0.9753
P15529,ESpritz,segment,Extracellular/Lumenal,0,0.1242
P15529,SEG,segment,Extracellular/Lumenal,0,0.11
Q8TEM1,catGRANULE,segment,Cytoplasmic,0,-9.5827
Q8TEM1,PLAAC,segment,Cytoplasmic,0,0.0041
Q8TEM1,PScore,segment,Cytoplasmic,0,0.0513
Q8TEM1,ESpritz,segment,Cytoplasmic,0,0.4162
Q8TEM1,SEG,segment,Cytoplasmic,0,0.0
Q8TEM1,catGRANULE,segment,Transmembrane,0,-12.0694
Q8TEM1,PLAAC,segment,Transmembrane,0,0.0002
Q8TEM1,PScore,segment,Transmembrane,0,0.2685
Q8TEM1,ESpritz,segment,Transmembrane,0,0.0872
Q8TEM1,SEG,segment,Transmembrane,0,0.0
Q8TEM1,catGRANULE,segment,Extracellular/Lumenal,0,-5.8856
Q8TEM1,PLAAC,segment,Extracellular/Lumenal,0,0.0015
Q8TEM1,PScore,segment,Extracellular/Lumenal,0,-0.0828
Q8TEM1,ESpritz,segment,Extracellular/Lumenal,0,0.0474
Q8TEM1,SEG,segment,Extracellular/Lumenal,0,0.0191
Q9UJA2,catGRANULE,segment,Transmembrane,0,-3.6785
Q9UJA2,catGRANULE,segment,Transmembrane,1,-7.6411
Q9UJA2,catGRANULE,segment,Transmembrane,2,-12.4281
Q9UJA2,catGRANULE,segment,Transmembrane,3,-11.5785
Q9UJA2,catGRANULE,segment,Transmembrane,4,
Q9UJA2,PLAAC,segment,Transmembrane,0,0.0004
Q9UJA2,PLAAC,segment,Transmembrane,1,0.0001
Q9UJA2,PLAAC,segment,Transmembrane,2,0.0001
Q9UJA2,PLAAC,segment,Transmembrane,3,0.0004
Q9UJA2,PLAAC,segment,Transmembrane,4,0.0025
Q9UJA2,PScore,segment,Transmembrane,0,0.8815
Q9UJA2,PScore,segment,Transmembrane,1,-0.27
Q9UJA2,PScore,segment,Transmembrane,2,0.0227
Q9UJA2,PScore,segment,Transmembrane,3,-0.6339
Q9UJA2,PScore,segment,Transmembrane,4,0.5009
Q9UJA2,ESpritz,segment,Transmembrane,0,0.0524
Q9UJA2,ESpritz,segment,Transmembrane,1,0.0435
Q9UJA2,ESpritz,segment,Transmembrane,2,0.0461
Q9UJA2,ESpritz,segment,Transmembrane,3,0.0765
Q9UJA2,ESpritz,segment,Transmembrane,4,0.133
Q9UJA2,SEG,segment,Transmembrane,0,0.0
Q9UJA2,SEG,segment,Transmembrane,1,0.0
Q9UJA2,SEG,segment,Transmembrane,2,0.0
Q9UJA2,SEG,segment,Transmembrane,3,0.0
Q9UJA2,SEG,segment,Transmembrane,4,0.6667
P00533,catGRANULE,segment,Cytoplasmic,0,-5.3635
P00533,PLAAC,segment,Cytoplasmic,0,0.01
P00533,PScore,segment,Cytoplasmic,0,0.1156
P00533,ESpritz,segment,Cytoplasmic,0,0.1488
P00533,SEG,segment,Cytoplasmic,0,0.0996
P00533,catGRANULE,segment,Transmembrane,0,-6.3761
P00533,PLAAC,segment,Transmembrane,0,0.0001
P00533,PScore,segment,Transmembrane,0,-1.3347
P00533,ESpritz,segment,Transmembrane,0,0.0419
P00533,SEG,segment,Transmembrane,0,0.6957
P00533,catGRANULE,segment,Extracellular/Lumenal,0,-3.727
P00533,PLAAC,segment,Extracellular/Lumenal,0,0.0007
P00533,PScore,segment,Extracellular/Lumenal,0,0.5935
P00533,ESpritz,segment,Extracellular/Lumenal,0,0.0498
P00533,SEG,segment,Extracellular/Lumenal,0,0.0016
P21802,catGRANULE,segment,Cytoplasmic,0,-5.58
P21802,PLAAC,segment,Cytoplasmic,0,0.0007
P21802,PScore,segment,Cytoplasmic,0,0.0998
P21802,ESpritz,segment,Cytoplasmic,0,0.1314
P21802,SEG,segment,Cytoplasmic,0,0.0591
P21802,catGRANULE,segment,Transmembrane,0,-9.88
P21802,PLAAC,segment,Transmembrane,0,0.0
P21802,PScore,segment,Transmembrane,0,-0.468
P21802,ESpritz,segment,Transmembrane,0,0.0547
P21802,SEG,segment,Transmembrane,0,0.0
P21802,catGRANULE,segment,Extracellular/Lumenal,0,-3.1724
P21802,PLAAC,segment,Extracellular/Lumenal,0,0.0006
P21802,PScore,segment,Extracellular/Lumenal,0,0.2407
P21802,ESpritz,segment,Extracellular/Lumenal,0,0.0817
P21802,SEG,segment,Extracellular/Lumenal,0,0.0787
P08247,catGRANULE,segment,Cytoplasmic,0,-4.6686
P08247,catGRANULE,segment,Cytoplasmic,1,-7.7396
P08247,catGRANULE,segment,Cytoplasmic,2,17.4889
P08247,PLAAC,segment,Cytoplasmic,0,0.0008
P08247,PLAAC,segment,Cytoplasmic,1,0.0015
P08247,PLAAC,segment,Cytoplasmic,2,0.7075
P08247,PScore,segment,Cytoplasmic,0,-0.2853
P08247,PScore,segment,Cytoplasmic,1,0.4857
P08247,PScore,segment,Cytoplasmic,2,4.6032
P08247,ESpritz,segment,Cytoplasmic,0,0.1513
P08247,ESpritz,segment,Cytoplasmic,1,0.0434
P08247,ESpritz,segment,Cytoplasmic,2,0.5133
P08247,SEG,segment,Cytoplasmic,0,0.0
P08247,SEG,segment,Cytoplasmic,1,0.0
P08247,SEG,segment,Cytoplasmic,2,0.7111
P08247,catGRANULE,segment,Transmembrane,0,-6.5122
P08247,catGRANULE,segment,Transmembrane,1,-6.8659
P08247,catGRANULE,segment,Transmembrane,2,-7.1803
P08247,catGRANULE,segment,Transmembrane,3,3.5169
P08247,PLAAC,segment,Transmembrane,0,0.0002
P08247,PLAAC,segment,Transmembrane,1,0.0005
P08247,PLAAC,segment,Transmembrane,2,0.0002
P08247,PLAAC,segment,Transmembrane,3,0.0002
P08247,PScore,segment,Transmembrane,0,0.189
P08247,PScore,segment,Transmembrane,1,0.7626
P08247,PScore,segment,Transmembrane,2,-1.0556
P08247,PScore,segment,Transmembrane,3,0.6417
P08247,ESpritz,segment,Transmembrane,0,0.1093
P08247,ESpritz,segment,Transmembrane,1,0.041
P08247,ESpritz,segment,Transmembrane,2,0.0476
P08247,ESpritz,segment,Transmembrane,3,0.1283
P08247,SEG,segment,Transmembrane,0,0.0
P08247,SEG,segment,Transmembrane,1,0.375
P08247,SEG,segment,Transmembrane,2,0.0
P08247,SEG,segment,Transmembrane,3,0.0
P08247,catGRANULE,segment,Extracellular/Lumenal,0,-5.5177
P08247,catGRANULE,segment,Extracellular/Lumenal,1,-3.7312
P08247,PLAAC,segment,Extracellular/Lumenal,0,0.0001
P08247,PLAAC,segment,Extracellular/Lumenal,1,0.0003
P08247,PScore,segment,Extracellular/Lumenal,0,0.7926
P08247,PScore,segment,Extracellular/Lumenal,1,0.0689
P08247,ESpritz,segment,Extracellular/Lumenal,0,0.0728
P08247,ESpritz,segment,Extracellular/Lumenal,1,0.0713
P08247,SEG,segment,Extracellular/Lumenal,0,0.1053
P08247,SEG,segment,Extracellular/Lumenal,1,0.0
Q14739,catGRANULE,segment,Transmembrane,0,-11.5797
Q14739,catGRANULE,segment,Transmembrane,1,-2.3009
Q14739,catGRANULE,segment,Transmembrane,2,-9.2512
Q14739,catGRANULE,segment,Transmembrane,3,-4.2374
Q14739,catGRANULE,segment,Transmembrane,4,-11.7669
Q14739,catGRANULE,segment,Transmembrane,5,-7.381
Q14739,catGRANULE,segment,Transmembrane,6,-0.9042
Q14739,catGRANULE,segment,Transmembrane,7,-7.4403
Q14739,PLAAC,segment,Transmembrane,0,0.0001
Q14739,PLAAC,segment,Transmembrane,1,0.0001
Q14739,PLAAC,segment,Transmembrane,2,0.0003
Q14739,PLAAC,segment,Transmembrane,3,0.0002
Q14739,PLAAC,segment,Transmembrane,4,0.0001
Q14739,PLAAC,segment,Transmembrane,5,0.0001
Q14739,PLAAC,segment,Transmembrane,6,0.0003
Q14739,PLAAC,segment,Transmembrane,7,0.0002
Q14739,PScore,segment,Transmembrane,0,0.4512
Q14739,PScore,segment,Transmembrane,1,-1.0606
Q14739,PScore,segment,Transmembrane,2,0.4083
Q14739,PScore,segment,Transmembrane,3,-0.1588
Q14739,PScore,segment,Transmembrane,4,-0.9757
Q14739,PScore,segment,Transmembrane,5,0.4228
Q14739,PScore,segment,Transmembrane,6,-0.973
Q14739,PScore,segment,Transmembrane,7,0.5422
Q14739,ESpritz,segment,Transmembrane,0,0.0799
Q14739,ESpritz,segment,Transmembrane,1,0.0472
Q14739,ESpritz,segment,Transmembrane,2,0.0401
Q14739,ESpritz,segment,Transmembrane,3,0.0393
Q14739,ESpritz,segment,Transmembrane,4,0.0389
Q14739,ESpritz,segment,Transmembrane,5,0.0393
Q14739,ESpritz,segment,Transmembrane,6,0.0404
Q14739,ESpritz,segment,Transmembrane,7,0.0722
Q14739,SEG,segment,Transmembrane,0,0.3333
Q14739,SEG,segment,Transmembrane,1,0.0
Q14739,SEG,segment,Transmembrane,2,0.0
Q14739,SEG,segment,Transmembrane,3,0.0
Q14739,SEG,segment,Transmembrane,4,0.0
Q14739,SEG,segment,Transmembrane,5,0.0
Q14739,SEG,segment,Transmembrane,6,0.0
Q14739,SEG,segment,Transmembrane,7,0.0
Q14739,catGRANULE,segment,Extracellular/Lumenal,0,-2.5341
Q14739,PLAAC,segment,Extracellular/Lumenal,0,0.0007
Q14739,PScore,segment,Extracellular/Lumenal,0,0.5058
Q14739,ESpritz,segment,Extracellular/Lumenal,0,0.3846
Q14739,SEG,segment,Extracellular/Lumenal,0,0.1848
P29317,catGRANULE,segment,Cytoplasmic,0,-4.2857
P29317,PLAAC,segment,Cytoplasmic,0,0.0005
P29317,PScore,segment,Cytoplasmic,0,-0.154
P29317,ESpritz,segment,Cytoplasmic,0,0.064
P29317,SEG,segment,Cytoplasmic,0,0.0
P29317,catGRANULE,segment,Transmembrane,0,-2.6287
P29317,PLAAC,segment,Transmembrane,0,0.0001
P29317,PScore,segment,Transmembrane,0,-1.1708
P29317,ESpritz,segment,Transmembrane,0,0.073
P29317,SEG,segment,Transmembrane,0,0.8571
P29317,catGRANULE,segment,Extracellular/Lumenal,0,-4.4278
P29317,PLAAC,segment,Extracellular/Lumenal,0,0.0007
P29317,PScore,segment,Extracellular/Lumenal,0,0.6738
P29317,ESpritz,segment,Extracellular/Lumenal,0,0.0986
P29317,SEG,segment,Extracellular/Lumenal,0,0.0078
P17948,catGRANULE,segment,Cytoplasmic,0,-3.3625
P17948,PLAAC,segment,Cytoplasmic,0,0.0005
P17948,PScore,segment,Cytoplasmic,0,0.1091
P17948,ESpritz,segment,Cytoplasmic,0,0.1339
P17948,SEG,segment,Cytoplasmic,0,0.0269
P17948,catGRANULE,segment,Transmembrane,0,-11.304
P17948,PLAAC,segment,Transmembrane,0,0.0
P17948,PScore,segment,Transmembrane,0,-0.9923
P17948,ESpritz,segment,Transmembrane,0,0.0439
P17948,SEG,segment,Transmembrane,0,0.5455
P17948,catGRANULE,segment,Extracellular/Lumenal,0,-5.4147
P17948,PLAAC,segment,Extracellular/Lumenal,0,0.0007
P17948,PScore,segment,Extracellular/Lumenal,0,0.0626
P17948,ESpritz,segment,Extracellular/Lumenal,0,0.0504
P17948,SEG,segment,Extracellular/Lumenal,0,0.0055
P05556,PLAAC,segment,Cytoplasmic,0,0.0002
P05556,PScore,segment,Cytoplasmic,0,0.1532
P05556,ESpritz,segment,Cytoplasmic,0,0.3744
P05556,SEG,segment,Cytoplasmic,0,0.1277
P05556,catGRANULE,segment,Transmembrane,0,-5.2948
P05556,PLAAC,segment,Transmembrane,0,0.0
P05556,PScore,segment,Transmembrane,0,-1.1871
P05556,ESpritz,segment,Transmembrane,0,0.0866
P05556,SEG,segment,Transmembrane,0,1.0
P05556,catGRANULE,segment,Extracellular/Lumenal,0,-2.6287
P05556,PLAAC,segment,Extracellular/Lumenal,0,0.0009
P05556,PScore,segment,Extracellular/Lumenal,0,0.9004
P05556,ESpritz,segment,Extracellular/Lumenal,0,0.0864
P05556,SEG,segment,Extracellular/Lumenal,0,0.0
P10747,PLAAC,segment,Cytoplasmic,0,0.0053
P10747,PScore,segment,Cytoplasmic,0,1.1782
P10747,ESpritz,segment,Cytoplasmic,0,0.3861
P10747,SEG,segment,Cytoplasmic,0,0.0
P10747,catGRANULE,segment,Transmembrane,0,-8.0373
P10747,PLAAC,segment,Transmembrane,0,0.0
P10747,PScore,segment,Transmembrane,0,-0.2997
P10747,ESpritz,segment,Transmembrane,0,0.0846
P10747,SEG,segment,Transmembrane,0,0.0
P10747,catGRANULE,segment,Extracellular/Lumenal,0,-3.3297
P10747,PLAAC,segment,Extracellular/Lumenal,0,0.0063
P10747,PScore,segment,Extracellular/Lumenal,0,0.543
P10747,ESpritz,segment,Extracellular/Lumenal,0,0.0758
P10747,SEG,segment,Extracellular/Lumenal,0,0.0
Q16635,catGRANULE,segment,Extracellular/Lumenal,0,-9.8143
Q16635,catGRANULE,segment,Extracellular/Lumenal,1,-2.5446
Q16635,PLAAC,segment,Extracellular/Lumenal,0,0.0007
Q16635,PLAAC,segment,Extracellular/Lumenal,1,0.0004
Q16635,PScore,segment,Extracellular/Lumenal,0,1.162
Q16635,PScore,segment,Extracellular/Lumenal,1,0.0231
Q16635,ESpritz,segment,Extracellular/Lumenal,0,0.186
Q16635,ESpritz,segment,Extracellular/Lumenal,1,0.0785
Q16635,SEG,segment,Extracellular/Lumenal,0,0.0
Q16635,SEG,segment,Extracellular/Lumenal,1,0.0
P61073,catGRANULE,segment,Cytoplasmic,0,-9.5617
P61073,catGRANULE,segment,Cytoplasmic,1,-9.0274
P61073,catGRANULE,segment,Cytoplasmic,2,-8.6734
P61073,catGRANULE,segment,Cytoplasmic,3,
P61073,PLAAC,segment,Cytoplasmic,0,0.0003
P61073,PLAAC,segment,Cytoplasmic,1,0.0009
P61073,PLAAC,segment,Cytoplasmic,2,0.0001
P61073,PLAAC,segment,Cytoplasmic,3,0.0009
P61073,PScore,segment,Cytoplasmic,0,-1.7197
P61073,PScore,segment,Cytoplasmic,1,-1.9173
P61073,PScore,segment,Cytoplasmic,2,-1.6857
P61073,PScore,segment,Cytoplasmic,3,-0.6486
P61073,ESpritz,segment,Cytoplasmic,0,0.0854
P61073,ESpritz,segment,Cytoplasmic,1,0.0401
P61073,ESpritz,segment,Cytoplasmic,2,0.0437
P61073,ESpritz,segment,Cytoplasmic,3,0.4295
P61073,SEG,segment,Cytoplasmic,0,0.0
P61073,SEG,segment,Cytoplasmic,1,0.0
P61073,SEG,segment,Cytoplasmic,2,0.0
P61073,SEG,segment,Cytoplasmic,3,0.32
P61073,catGRANULE,segment,Transmembrane,0,-6.3273
P61073,catGRANULE,segment,Transmembrane,1,-10.4119
P61073,catGRANULE,segment,Transmembrane,2,-10.2607
P61073,catGRANULE,segment,Transmembrane,3,-9.2543
P61073,catGRANULE,segment,Transmembrane,4,-9.0342
P61073,catGRANULE,segment,Transmembrane,5,-10.1892
P61073,catGRANULE,segment,Transmembrane,6,-2.0685
P61073,PLAAC,segment,Transmembrane,0,0.0003
P61073,PLAAC,segment,Transmembrane,1,0.0
P61073,PLAAC,segment,Transmembrane,2,0.0002
P61073,PLAAC,segment,Transmembrane,3,0.0001
P61073,PLAAC,segment,Transmembrane,4,0.0003
P61073,PLAAC,segment,Transmembrane,5,0.0001
P61073,PLAAC,segment,Transmembrane,6,0.0001
P61073,PScore,segment,Transmembrane,0,-0.9076
P61073,PScore,segment,Transmembrane,1,-0.1266
P61073,PScore,segment,Transmembrane,2,-0.7256
P61073,PScore,segment,Transmembrane,3,-0.6846
P61073,PScore,segment,Transmembrane,4,-0.3801
P61073,PScore,segment,Transmembrane,5,-1.7256
P61073,PScore,segment,Transmembrane,6,-0.1331
P61073,ESpritz,segment,Transmembrane,0,0.1186
P61073,ESpritz,segment,Transmembrane,1,0.0645
P61073,ESpritz,segment,Transmembrane,2,0.0411
P61073,ESpritz,segment,Transmembrane,3,0.0389
P61073,ESpritz,segment,Transmembrane,4,0.0395
P61073,ESpritz,segment,Transmembrane,5,0.0521
P61073,ESpritz,segment,Transmembrane,6,0.0869
P61073,SEG,segment,Transmembrane,0,0.0
P61073,SEG,segment,Transmembrane,1,0.0
P61073,SEG,segment,Transmembrane,2,0.0
P61073,SEG,segment,Transmembrane,3,0.0
P61073,SEG,segment,Transmembrane,4,0.0
P61073,SEG,segment,Transmembrane,5,0.0
P61073,SEG,segment,Transmembrane,6,0.0
P61073,catGRANULE,segment,Extracellular/Lumenal,0,-2.0715
P61073,catGRANULE,segment,Extracellular/Lumenal,1,-9.286
P61073,catGRANULE,segment,Extracellular/Lumenal,2,-7.8088
P61073,catGRANULE,segment,Extracellular/Lumenal,3,-8.8136
P61073,PLAAC,segment,Extracellular/Lumenal,0,0.0007
P61073,PLAAC,segment,Extracellular/Lumenal,1,0.0005
P61073,PLAAC,segment,Extracellular/Lumenal,2,0.0002
P61073,PLAAC,segment,Extracellular/Lumenal,3,0.0001
P61073,PScore,segment,Extracellular/Lumenal,0,0.5156
P61073,PScore,segment,Extracellular/Lumenal,1,-0.3399
P61073,PScore,segment,Extracellular/Lumenal,2,0.8768
P61073,PScore,segment,Extracellular/Lumenal,3,-0.961
P61073,ESpritz,segment,Extracellular/Lumenal,0,0.2571
P61073,ESpritz,segment,Extracellular/Lumenal,1,0.0483
P61073,ESpritz,segment,Extracellular/Lumenal,2,0.039
P61073,ESpritz,segment,Extracellular/Lumenal,3,0.0619
P61073,SEG,segment,Extracellular/Lumenal,0,0.0
P61073,SEG,segment,Extracellular/Lumenal,1,0.0
P61073,SEG,segment,Extracellular/Lumenal,2,0.0
P61073,SEG,segment,Extracellular/Lumenal,3,0.0
Q15303,catGRANULE,segment,Cytoplasmic,0,-4.4934
Q15303,PLAAC,segment,Cytoplasmic,0,0.0017
Q15303,PScore,segment,Cytoplasmic,0,0.1781
Q15303,ESpritz,segment,Cytoplasmic,0,0.2098
Q15303,SEG,segment,Cytoplasmic,0,0.0269
Q15303,catGRANULE,segment,Transmembrane,0,-5.4817
Q15303,PLAAC,segment,Transmembrane,0,0.0001
Q15303,PScore,segment,Transmembrane,0,-0.0095
Q15303,ESpritz,segment,Transmembrane,0,0.0414
Q15303,SEG,segment,Transmembrane,0,0.0
Q15303,catGRANULE,segment,Extracellular/Lumenal,0,-3.715
Q15303,PLAAC,segment,Extracellular/Lumenal,0,0.0005
Q15303,PScore,segment,Extracellular/Lumenal,0,0.7733
Q15303,ESpritz,segment,Extracellular/Lumenal,0,0.0513
Q15303,SEG,segment,Extracellular/Lumenal,0,0.0
O00254,catGRANULE,segment,Cytoplasmic,0,-8.8329
O00254,catGRANULE,segment,Cytoplasmic,1,-11.3822
O00254,catGRANULE,segment,Cytoplasmic,2,-10.2801
O00254,catGRANULE,segment,Cytoplasmic,3,
O00254,PLAAC,segment,Cytoplasmic,0,0.0001
O00254,PLAAC,segment,Cytoplasmic,1,0.0002
O00254,PLAAC,segment,Cytoplasmic,2,0.0002
O00254,PLAAC,segment,Cytoplasmic,3,0.0009
O00254,PScore,segment,Cytoplasmic,0,0.6035
O00254,PScore,segment,Cytoplasmic,1,-0.8862
O00254,PScore,segment,Cytoplasmic,2,-1.6096
O00254,PScore,segment,Cytoplasmic,3,-0.272
O00254,ESpritz,segment,Cytoplasmic,0,0.0397
O00254,ESpritz,segment,Cytoplasmic,1,0.0383
O00254,ESpritz,segment,Cytoplasmic,2,0.0479
O00254,ESpritz,segment,Cytoplasmic,3,0.217
O00254,SEG,segment,Cytoplasmic,0,0.0
O00254,SEG,segment,Cytoplasmic,1,0.0
O00254,SEG,segment,Cytoplasmic,2,0.0
O00254,SEG,segment,Cytoplasmic,3,0.0
O00254,catGRANULE,segment,Transmembrane,0,-11.7405
O00254,catGRANULE,segment,Transmembrane,1,-8.083
O00254,catGRANULE,segment,Transmembrane,2,-11.4231
O00254,catGRANULE,segment,Transmembrane,3,-11.809
O00254,catGRANULE,segment,Transmembrane,4,-13.9701
O00254,catGRANULE,segment,Transmembrane,5,-8.5347
O00254,catGRANULE,segment,Transmembrane,6,
O00254,PLAAC,segment,Transmembrane,0,0.0002
O00254,PLAAC,segment,Transmembrane,1,0.0001
O00254,PLAAC,segment,Transmembrane,2,0.0008
O00254,PLAAC,segment,Transmembrane,3,0.0001
O00254,PLAAC,segment,Transmembrane,4,0.0002
O00254,PLAAC,segment,Transmembrane,5,0.0003
O00254,PLAAC,segment,Transmembrane,6,0.0006
O00254,PScore,segment,Transmembrane,0,-0.2588
O00254,PScore,segment,Transmembrane,1,0.1653
O00254,PScore,segment,Transmembrane,2,-0.5878
O00254,PScore,segment,Transmembrane,3,-0.1183
O00254,PScore,segment,Transmembrane,4,-0.0226
O00254,PScore,segment,Transmembrane,5,-1.1495
O00254,PScore,segment,Transmembrane,6,-0.2292
O00254,ESpritz,segment,Transmembrane,0,0.0458
O00254,ESpritz,segment,Transmembrane,1,0.0394
O00254,ESpritz,segment,Transmembrane,2,0.0385
O00254,ESpritz,segment,Transmembrane,3,0.0381
O00254,ESpritz,segment,Transmembrane,4,0.0427
O00254,ESpritz,segment,Transmembrane,5,0.0535
O00254,ESpritz,segment,Transmembrane,6,0.1087
O00254,SEG,segment,Transmembrane,0,0.0
O00254,SEG,segment,Transmembrane,1,0.0
O00254,SEG,segment,Transmembrane,2,0.0
O00254,SEG,segment,Transmembrane,3,0.0
O00254,SEG,segment,Transmembrane,4,0.0
O00254,SEG,segment,Transmembrane,5,0.0
O00254,SEG,segment,Transmembrane,6,0.0
O00254,catGRANULE,segment,Extracellular/Lumenal,0,-9.5551
O00254,catGRANULE,segment,Extracellular/Lumenal,1,-8.7791
O00254,catGRANULE,segment,Extracellular/Lumenal,2,-11.7534
O00254,catGRANULE,segment,Extracellular/Lumenal,3,-7.0521
O00254,PLAAC,segment,Extracellular/Lumenal,0,0.0004
O00254,PLAAC,segment,Extracellular/Lumenal,1,0.0027
O00254,PLAAC,segment,Extracellular/Lumenal,2,0.0004
O00254,PLAAC,segment,Extracellular/Lumenal,3,0.0367
O00254,PScore,segment,Extracellular/Lumenal,0,0.0956
O00254,PScore,segment,Extracellular/Lumenal,1,0.0786
O00254,PScore,segment,Extracellular/Lumenal,2,-0.2548
O00254,PScore,segment,Extracellular/Lumenal,3,-0.5792
O00254,ESpritz,segment,Extracellular/Lumenal,0,0.1038
O00254,ESpritz,segment,Extracellular/Lumenal,1,0.039
O00254,ESpritz,segment,Extracellular/Lumenal,2,0.0386
O00254,ESpritz,segment,Extracellular/Lumenal,3,0.0692
O00254,SEG,segment,Extracellular/Lumenal,0,0.0
O00254,SEG,segment,Extracellular/Lumenal,1,0.0
O00254,SEG,segment,Extracellular/Lumenal,2,0.0
O00254,SEG,segment,Extracellular/Lumenal,3,0.0
Q9H3U5,catGRANULE,segment,Transmembrane,0,-8.1917
Q9H3U5,catGRANULE,segment,Transmembrane,1,-1.5679
Q9H3U5,catGRANULE,segment,Transmembrane,2,0.7074
Q9H3U5,catGRANULE,segment,Transmembrane,3,-0.77
Q9H3U5,catGRANULE,segment,Transmembrane,4,-5.2227
Q9H3U5,catGRANULE,segment,Transmembrane,5,-8.3915
Q9H3U5,catGRANULE,segment,Transmembrane,6,-4.9528
Q9H3U5,catGRANULE,segment,Transmembrane,7,-12.9031
Q9H3U5,catGRANULE,segment,Transmembrane,8,-15.7874
Q9H3U5,catGRANULE,segment,Transmembrane,9,-7.3433
Q9H3U5,catGRANULE,segment,Transmembrane,10,-6.509
Q9H3U5,catGRANULE,segment,Transmembrane,11,
Q9H3U5,PLAAC,segment,Transmembrane,0,0.0003
Q9H3U5,PLAAC,segment,Transmembrane,1,0.0001
Q9H3U5,PLAAC,segment,Transmembrane,2,0.0002
Q9H3U5,PLAAC,segment,Transmembrane,3,0.0002
Q9H3U5,PLAAC,segment,Transmembrane,4,0.0014
Q9H3U5,PLAAC,segment,Transmembrane,5,0.0001
Q9H3U5,PLAAC,segment,Transmembrane,6,0.0001
Q9H3U5,PLAAC,segment,Transmembrane,7,0.0009
Q9H3U5,PLAAC,segment,Transmembrane,8,0.0001
Q9H3U5,PLAAC,segment,Transmembrane,9,0.0001
Q9H3U5,PLAAC,segment,Transmembrane,10,0.0057
Q9H3U5,PLAAC,segment,Transmembrane,11,0.0001
Q9H3U5,PScore,segment,Transmembrane,0,-0.0325
Q9H3U5,PScore,segment,Transmembrane,1,0.6519
Q9H3U5,PScore,segment,Transmembrane,2,-0.2466
Q9H3U5,PScore,segment,Transmembrane,3,0.1679
Q9H3U5,PScore,segment,Transmembrane,4,1.0932
Q9H3U5,PScore,segment,Transmembrane,5,-2.8982
Q9H3U5,PScore,segment,Transmembrane,6,0.7902
Q9H3U5,PScore,segment,Transmembrane,7,-0.1725
Q9H3U5,PScore,segment,Transmembrane,8,-1.0658
Q9H3U5,PScore,segment,Transmembrane,9,-0.4868
Q9H3U5,PScore,segment,Transmembrane,10,-0.335
Q9H3U5,PScore,segment,Transmembrane,11,-0.401
Q9H3U5,ESpritz,segment,Transmembrane,0,0.157
Q9H3U5,ESpritz,segment,Transmembrane,1,0.07
Q9H3U5,ESpritz,segment,Transmembrane,2,0.0432
Q9H3U5,ESpritz,segment,Transmembrane,3,0.0399
Q9H3U5,ESpritz,segment,Transmembrane,4,0.0387
Q9H3U5,ESpritz,segment,Transmembrane,5,0.0389
Q9H3U5,ESpritz,segment,Transmembrane,6,0.0387
Q9H3U5,ESpritz,segment,Transmembrane,7,0.039
Q9H3U5,ESpritz,segment,Transmembrane,8,0.0392
Q9H3U5,ESpritz,segment,Transmembrane,9,0.0475
Q9H3U5,ESpritz,segment,Transmembrane,10,0.0567
Q9H3U5,ESpritz,segment,Transmembrane,11,0.0984
Q9H3U5,SEG,segment,Transmembrane,0,0.2857
Q9H3U5,SEG,segment,Transmembrane,1,0.0
Q9H3U5,SEG,segment,Transmembrane,2,0.0
Q9H3U5,SEG,segment,Transmembrane,3,0.0
Q9H3U5,SEG,segment,Transmembrane,4,0.0
Q9H3U5,SEG,segment,Transmembrane,5,0.6667
Q9H3U5,SEG,segment,Transmembrane,6,0.0
Q9H3U5,SEG,segment,Transmembrane,7,0.0
Q9H3U5,SEG,segment,Transmembrane,8,0.0
Q9H3U5,SEG,segment,Transmembrane,9,0.0
Q9H3U5,SEG,segment,Transmembrane,10,0.0
Q9H3U5,SEG,segment,Transmembrane,11,0.5238
Q9Y624,PLAAC,segment,Cytoplasmic,0,0.0006
Q9Y624,PScore,segment,Cytoplasmic,0,0.0076
Q9Y624,ESpritz,segment,Cytoplasmic,0,0.359
Q9Y624,SEG,segment,Cytoplasmic,0,0.0
Q9Y624,catGRANULE,segment,Transmembrane,0,-1.0433
Q9Y624,PLAAC,segment,Transmembrane,0,0.0
Q9Y624,PScore,segment,Transmembrane,0,-0.5326
Q9Y624,ESpritz,segment,Transmembrane,0,0.0992
Q9Y624,SEG,segment,Transmembrane,0,0.7619
Q9Y624,catGRANULE,segment,Extracellular/Lumenal,0,-3.6883
Q9Y624,PLAAC,segment,Extracellular/Lumenal,0,0.0011
Q9Y624,PScore,segment,Extracellular/Lumenal,0,1.0477
Q9Y624,ESpritz,segment,Extracellular/Lumenal,0,0.0797
Q9Y624,SEG,segment,Extracellular/Lumenal,0,0.0142
P31645,catGRANULE,segment,Cytoplasmic,0,-0.4521
P31645,catGRANULE,segment,Cytoplasmic,1,-9.4565
P31645,catGRANULE,segment,Cytoplasmic,2,-5.1195
P31645,catGRANULE,segment,Cytoplasmic,3,-6.1144
P31645,catGRANULE,segment,Cytoplasmic,4,-7.575
P31645,catGRANULE,segment,Cytoplasmic,5,-11.9056
P31645,catGRANULE,segment,Cytoplasmic,6,
P31645,PLAAC,segment,Cytoplasmic,0,0.0026
P31645,PLAAC,segment,Cytoplasmic,1,0.001
P31645,PLAAC,segment,Cytoplasmic,2,0.0001
P31645,PLAAC,segment,Cytoplasmic,3,0.0203
P31645,PLAAC,segment,Cytoplasmic,4,0.0
P31645,PLAAC,segment,Cytoplasmic,5,0.0001
P31645,PLAAC,segment,Cytoplasmic,6,0.0003
P31645,PScore,segment,Cytoplasmic,0,0.678
P31645,PScore,segment,Cytoplasmic,1,-0.621
P31645,PScore,segment,Cytoplasmic,2,-0.2785
P31645,PScore,segment,Cytoplasmic,3,-0.1138
P31645,PScore,segment,Cytoplasmic,4,-1.4837
P31645,PScore,segment,Cytoplasmic,5,-0.229
P31645,PScore,segment,Cytoplasmic,6,-0.1816
P31645,ESpritz,segment,Cytoplasmic,0,0.4029
P31645,ESpritz,segment,Cytoplasmic,1,0.0468
P31645,ESpritz,segment,Cytoplasmic,2,0.0387
P31645,ESpritz,segment,Cytoplasmic,3,0.0389
P31645,ESpritz,segment,Cytoplasmic,4,0.0389
P31645,ESpritz,segment,Cytoplasmic,5,0.0442
P31645,ESpritz,segment,Cytoplasmic,6,0.1839
P31645,SEG,segment,Cytoplasmic,0,0.0
P31645,SEG,segment,Cytoplasmic,1,0.0
P31645,SEG,segment,Cytoplasmic,2,0.0
P31645,SEG,segment,Cytoplasmic,3,0.0
P31645,SEG,segment,Cytoplasmic,4,0.0
P31645,SEG,segment,Cytoplasmic,5,0.0
P31645,SEG,segment,Cytoplasmic,6,0.0
P31645,catGRANULE,segment,Transmembrane,0,-1.4707
P31645,catGRANULE,segment,Transmembrane,1,-5.4211
P31645,catGRANULE,segment,Transmembrane,2,-9.2817
P31645,catGRANULE,segment,Transmembrane,3,-6.6304
P31645,catGRANULE,segment,Transmembrane,4,-5.2984
P31645,catGRANULE,segment,Transmembrane,5,-4.3668
P31645,catGRANULE,segment,Transmembrane,6,-7.8983
P31645,catGRANULE,segment,Transmembrane,7,-7.3572
P31645,catGRANULE,segment,Transmembrane,8,-7.7048
P31645,catGRANULE,segment,Transmembrane,9,-10.886
P31645,catGRANULE,segment,Transmembrane,10,-11.7116
P31645,catGRANULE,segment,Transmembrane,11,-8.9452
P31645,PLAAC,segment,Transmembrane,0,0.0023
P31645,PLAAC,segment,Transmembrane,1,0.001
P31645,PLAAC,segment,Transmembrane,2,0.0009
P31645,PLAAC,segment,Transmembrane,3,0.0001
P31645,PLAAC,segment,Transmembrane,4,0.0001
P31645,PLAAC,segment,Transmembrane,5,0.0009
P31645,PLAAC,segment,Transmembrane,6,0.0005
P31645,PLAAC,segment,Transmembrane,7,0.0001
P31645,PLAAC,segment,Transmembrane,8,0.0001
P31645,PLAAC,segment,Transmembrane,9,0.0001
P31645,PLAAC,segment,Transmembrane,10,0.0002
P31645,PLAAC,segment,Transmembrane,11,0.0002
P31645,PScore,segment,Transmembrane,0,0.93
P31645,PScore,segment,Transmembrane,1,0.62
P31645,PScore,segment,Transmembrane,2,0.7958
P31645,PScore,segment,Transmembrane,3,-1.5572
P31645,PScore,segment,Transmembrane,4,-0.3567
P31645,PScore,segment,Transmembrane,5,0.2841
P31645,PScore,segment,Transmembrane,6,0.4771
P31645,PScore,segment,Transmembrane,7,-0.485
P31645,PScore,segment,Transmembrane,8,0.1099
P31645,PScore,segment,Transmembrane,9,-0.805
P31645,PScore,segment,Transmembrane,10,-0.367
P31645,PScore,segment,Transmembrane,11,0.1453
P31645,ESpritz,segment,Transmembrane,0,0.1038
P31645,ESpritz,segment,Transmembrane,1,0.0544
P31645,ESpritz,segment,Transmembrane,2,0.0414
P31645,ESpritz,segment,Transmembrane,3,0.0385
P31645,ESpritz,segment,Transmembrane,4,0.0387
P31645,ESpritz,segment,Transmembrane,5,0.0388
P31645,ESpritz,segment,Transmembrane,6,0.0389
P31645,ESpritz,segment,Transmembrane,7,0.0388
P31645,ESpritz,segment,Transmembrane,8,0.0387
P31645,ESpritz,segment,Transmembrane,9,0.0393
P31645,ESpritz,segment,Transmembrane,10,0.0498
P31645,ESpritz,segment,Transmembrane,11,0.0762
P31645,SEG,segment,Transmembrane,0,0.0
P31645,SEG,segment,Transmembrane,1,0.0
P31645,SEG,segment,Transmembrane,2,0.0
P31645,SEG,segment,Transmembrane,3,0.0
P31645,SEG,segment,Transmembrane,4,0.0
P31645,SEG,segment,Transmembrane,5,0.0
P31645,SEG,segment,Transmembrane,6,0.0
P31645,SEG,segment,Transmembrane,7,0.0
P31645,SEG,segment,Transmembrane,8,0.0
P31645,SEG,segment,Transmembrane,9,0.0
P31645,SEG,segment,Transmembrane,10,0.0
P31645,SEG,segment,Transmembrane,11,0.0
P31645,catGRANULE,segment,Extracellular/Lumenal,0,-2.0045
P31645,catGRANULE,segment,Extracellular/Lumenal,1,-6.3855
P31645,catGRANULE,segment,Extracellular/Lumenal,2,-2.6654
P31645,catGRANULE,segment,Extracellular/Lumenal,3,-9.6537
P31645,catGRANULE,segment,Extracellular/Lumenal,4,-7.8111
P31645,catGRANULE,segment,Extracellular/Lumenal,5,-8.8252
P31645,PLAAC,segment,Extracellular/Lumenal,0,0.0135
P31645,PLAAC,segment,Extracellular/Lumenal,1,0.0006
P31645,PLAAC,segment,Extracellular/Lumenal,2,0.0001
P31645,PLAAC,segment,Extracellular/Lumenal,3,0.0004
P31645,PLAAC,segment,Extracellular/Lumenal,4,0.0002
P31645,PLAAC,segment,Extracellular/Lumenal,5,0.0068
P31645,PScore,segment,Extracellular/Lumenal,0,1.628
P31645,PScore,segment,Extracellular/Lumenal,1,0.39
P31645,PScore,segment,Extracellular/Lumenal,2,-0.5734
P31645,PScore,segment,Extracellular/Lumenal,3,-0.6407
P31645,PScore,segment,Extracellular/Lumenal,4,-0.6972
P31645,PScore,segment,Extracellular/Lumenal,5,0.0546
P31645,ESpritz,segment,Extracellular/Lumenal,0,0.0618
P31645,ESpritz,segment,Extracellular/Lumenal,1,0.0394
P31645,ESpritz,segment,Extracellular/Lumenal,2,0.039
P31645,ESpritz,segment,Extracellular/Lumenal,3,0.0401
P31645,ESpritz,segment,Extracellular/Lumenal,4,0.0388
P31645,ESpritz,segment,Extracellular/Lumenal,5,0.0558
P31645,SEG,segment,Extracellular/Lumenal,0,0.0
P31645,SEG,segment,Extracellular/Lumenal,1,0.0
P31645,SEG,segment,Extracellular/Lumenal,2,0.0
P31645,SEG,segment,Extracellular/Lumenal,3,0.0
P31645,SEG,segment,Extracellular/Lumenal,4,0.0
P31645,SEG,segment,Extracellular/Lumenal,5,0.0
P49146,catGRANULE,segment,Cytoplasmic,0,-11.2239
P49146,catGRANULE,segment,Cytoplasmic,1,-9.5917
P49146,catGRANULE,segment,Cytoplasmic,2,-10.3249
P49146,catGRANULE,segment,Cytoplasmic,3,-2.8114
P49146,PLAAC,segment,Cytoplasmic,0,0.0001
P49146,PLAAC,segment,Cytoplasmic,1,0.0
P49146,PLAAC,segment,Cytoplasmic,2,0.0024
P49146,PLAAC,segment,Cytoplasmic,3,0.0016
P49146,PScore,segment,Cytoplasmic,0,-0.7735
P49146,PScore,segment,Cytoplasmic,1,-1.0735
P49146,PScore,segment,Cytoplasmic,2,-0.2507
P49146,PScore,segment,Cytoplasmic,3,-1.4002
P49146,ESpritz,segment,Cytoplasmic,0,0.0875
P49146,ESpritz,segment,Cytoplasmic,1,0.0396
P49146,ESpritz,segment,Cytoplasmic,2,0.0418
P49146,ESpritz,segment,Cytoplasmic,3,0.2207
P49146,SEG,segment,Cytoplasmic,0,0.0
P49146,SEG,segment,Cytoplasmic,1,0.0
P49146,SEG,segment,Cytoplasmic,2,0.0
P49146,SEG,segment,Cytoplasmic,3,0.0
P49146,catGRANULE,segment,Transmembrane,0,-9.7617
P49146,catGRANULE,segment,Transmembrane,1,-11.6883
P49146,catGRANULE,segment,Transmembrane,2,-9.8417
P49146,catGRANULE,segment,Transmembrane,3,-8.8633
P49146,catGRANULE,segment,Transmembrane,4,-6.4361
P49146,catGRANULE,segment,Transmembrane,5,-11.2845
P49146,catGRANULE,segment,Transmembrane,6,-6.6111
P49146,PLAAC,segment,Transmembrane,0,0.0001
P49146,PLAAC,segment,Transmembrane,1,0.0001
P49146,PLAAC,segment,Transmembrane,2,0.0005
P49146,PLAAC,segment,Transmembrane,3,0.0001
P49146,PLAAC,segment,Transmembrane,4,0.0002
P49146,PLAAC,segment,Transmembrane,5,0.0001
P49146,PLAAC,segment,Transmembrane,6,0.0007
P49146,PScore,segment,Transmembrane,0,-1.1713
P49146,PScore,segment,Transmembrane,1,-0.1368
P49146,PScore,segment,Transmembrane,2,-0.5836
P49146,PScore,segment,Transmembrane,3,-1.5743
P49146,PScore,segment,Transmembrane,4,-0.012
P49146,PScore,segment,Transmembrane,5,-1.69
P49146,PScore,segment,Transmembrane,6,-0.2269
P49146,ESpritz,segment,Transmembrane,0,0.14
P49146,ESpritz,segment,Transmembrane,1,0.065
P49146,ESpritz,segment,Transmembrane,2,0.0433
P49146,ESpritz,segment,Transmembrane,3,0.039
P49146,ESpritz,segment,Transmembrane,4,0.0397
P49146,ESpritz,segment,Transmembrane,5,0.048
P49146,ESpritz,segment,Transmembrane,6,0.062
P49146,SEG,segment,Transmembrane,0,0.0
P49146,SEG,segment,Transmembrane,1,0.0
P49146,SEG,segment,Transmembrane,2,0.0
P49146,SEG,segment,Transmembrane,3,0.0
P49146,SEG,segment,Transmembrane,4,0.5926
P49146,SEG,segment,Transmembrane,5,0.0
P49146,SEG,segment,Transmembrane,6,0.0
P49146,catGRANULE,segment,Extracellular/Lumenal,0,-8.1755
P49146,catGRANULE,segment,Extracellular/Lumenal,1,-10.0218
P49146,catGRANULE,segment,Extracellular/Lumenal,2,-6.2889
P49146,catGRANULE,segment,Extracellular/Lumenal,3,-9.0344
P49146,PLAAC,segment,Extracellular/Lumenal,0,0.0015
P49146,PLAAC,segment,Extracellular/Lumenal,1,0.0001
P49146,PLAAC,segment,Extracellular/Lumenal,2,0.0
P49146,PLAAC,segment,Extracellular/Lumenal,3,0.0001
P49146,PScore,segment,Extracellular/Lumenal,0,0.084
P49146,PScore,segment,Extracellular/Lumenal,1,-0.9368
P49146,PScore,segment,Extracellular/Lumenal,2,0.0011
P49146,PScore,segment,Extracellular/Lumenal,3,-0.2753
P49146,ESpritz,segment,Extracellular/Lumenal,0,0.4462
P49146,ESpritz,segment,Extracellular/Lumenal,1,0.0481
P49146,ESpritz,segment,Extracellular/Lumenal,2,0.04
P49146,ESpritz,segment,Extracellular/Lumenal,3,0.0546
P49146,SEG,segment,Extracellular/Lumenal,0,0.0
P49146,SEG,segment,Extracellular/Lumenal,1,0.0
P49146,SEG,segment,Extracellular/Lumenal,2,0.0
P49146,SEG,segment,Extracellular/Lumenal,3,0.0
P15954,PLAAC,segment,Transmembrane,0,0.0002
P15954,ESpritz,segment,Transmembrane,0,0.5707
P15954,SEG,segment,Transmembrane,0,0.0
P15954,catGRANULE,segment,Extracellular/Lumenal,0,
P15954,catGRANULE,segment,Extracellular/Lumenal,1,
P15954,PLAAC,segment,Extracellular/Lumenal,0,0.0002
P15954,PLAAC,segment,Extracellular/Lumenal,1,0.0005
P15954,ESpritz,segment,Extracellular/Lumenal,0,0.6116
P15954,ESpritz,segment,Extracellular/Lumenal,1,0.6079
P15954,SEG,segment,Extracellular/Lumenal,0,0.0
P15954,SEG,segment,Extracellular/Lumenal,1,0.0
P13569,catGRANULE,segment,Cytoplasmic,0,-5.0926
P13569,catGRANULE,segment,Cytoplasmic,1,-6.9306
P13569,catGRANULE,segment,Cytoplasmic,2,-7.7986
P13569,catGRANULE,segment,Cytoplasmic,3,-3.6862
P13569,catGRANULE,segment,Cytoplasmic,4,-10.3654
P13569,catGRANULE,segment,Cytoplasmic,5,-8.846
P13569,catGRANULE,segment,Cytoplasmic,6,-3.717
P13569,PLAAC,segment,Cytoplasmic,0,0.001
P13569,PLAAC,segment,Cytoplasmic,1,0.0006
P13569,PLAAC,segment,Cytoplasmic,2,0.0002
P13569,PLAAC,segment,Cytoplasmic,3,0.0034
P13569,PLAAC,segment,Cytoplasmic,4,0.0003
P13569,PLAAC,segment,Cytoplasmic,5,0.0006
P13569,PLAAC,segment,Cytoplasmic,6,0.0003
P13569,PScore,segment,Cytoplasmic,0,-1.1222
P13569,PScore,segment,Cytoplasmic,1,-0.7618
P13569,PScore,segment,Cytoplasmic,2,-1.1468
P13569,PScore,segment,Cytoplasmic,3,-0.1901
P13569,PScore,segment,Cytoplasmic,4,-0.934
P13569,PScore,segment,Cytoplasmic,5,-0.3837
P13569,PScore,segment,Cytoplasmic,6,-0.1114
P13569,ESpritz,segment,Cytoplasmic,0,0.2791
P13569,ESpritz,segment,Cytoplasmic,1,0.0407
P13569,ESpritz,segment,Cytoplasmic,2,0.0396
P13569,ESpritz,segment,Cytoplasmic,3,0.0826
P13569,ESpritz,segment,Cytoplasmic,4,0.0391
P13569,ESpritz,segment,Cytoplasmic,5,0.0398
P13569,ESpritz,segment,Cytoplasmic,6,0.1253
P13569,SEG,segment,Cytoplasmic,0,0.0
P13569,SEG,segment,Cytoplasmic,1,0.0
P13569,SEG,segment,Cytoplasmic,2,0.0
P13569,SEG,segment,Cytoplasmic,3,0.0
P13569,SEG,segment,Cytoplasmic,4,0.0
P13569,SEG,segment,Cytoplasmic,5,0.0
P13569,SEG,segment,Cytoplasmic,6,0.0
P13569,catGRANULE,segment,Transmembrane,0,-5.5176
P13569,catGRANULE,segment,Transmembrane,1,-6.6246
P13569,catGRANULE,segment,Transmembrane,2,-6.6839
P13569,catGRANULE,segment,Transmembrane,3,-6.1235
P13569,catGRANULE,segment,Transmembrane,4,-10.4359
P13569,catGRANULE,segment,Transmembrane,5,-8.0157
P13569,catGRANULE,segment,Transmembrane,6,-6.7903
P13569,catGRANULE,segment,Transmembrane,7,-6.9658
P13569,catGRANULE,segment,Transmembrane,8,-12.1703
P13569,catGRANULE,segment,Transmembrane,9,-7.6511
P13569,catGRANULE,segment,Transmembrane,10,-7.8875
P13569,catGRANULE,segment,Transmembrane,11,-4.8986
P13569,PLAAC,segment,Transmembrane,0,0.0001
P13569,PLAAC,segment,Transmembrane,1,0.0001
P13569,PLAAC,segment,Transmembrane,2,0.0001
P13569,PLAAC,segment,Transmembrane,3,0.0004
P13569,PLAAC,segment,Transmembrane,4,0.0009
P13569,PLAAC,segment,Transmembrane,5,0.0002
P13569,PLAAC,segment,Transmembrane,6,0.0
P13569,PLAAC,segment,Transmembrane,7,0.0002
P13569,PLAAC,segment,Transmembrane,8,0.0001
P13569,PLAAC,segment,Transmembrane,9,0.0004
P13569,PLAAC,segment,Transmembrane,10,0.0001
P13569,PLAAC,segment,Transmembrane,11,0.0005
P13569,PScore,segment,Transmembrane,0,0.3253
P13569,PScore,segment,Transmembrane,1,0.0791
P13569,PScore,segment,Transmembrane,2,-0.5149
P13569,PScore,segment,Transmembrane,3,-0.7558
P13569,PScore,segment,Transmembrane,4,0.0795
P13569,PScore,segment,Transmembrane,5,-0.8715
P13569,PScore,segment,Transmembrane,6,-0.9534
P13569,PScore,segment,Transmembrane,7,0.7349
P13569,PScore,segment,Transmembrane,8,-0.6528
P13569,PScore,segment,Transmembrane,9,-0.6681
P13569,PScore,segment,Transmembrane,10,0.3063
P13569,PScore,segment,Transmembrane,11,-1.0654
P13569,ESpritz,segment,Transmembrane,0,0.0844
P13569,ESpritz,segment,Transmembrane,1,0.0447
P13569,ESpritz,segment,Transmembrane,2,0.0388
P13569,ESpritz,segment,Transmembrane,3,0.0388
P13569,ESpritz,segment,Transmembrane,4,0.0394
P13569,ESpritz,segment,Transmembrane,5,0.0401
P13569,ESpritz,segment,Transmembrane,6,0.0463
P13569,ESpritz,segment,Transmembrane,7,0.0403
P13569,ESpritz,segment,Transmembrane,8,0.0386
P13569,ESpritz,segment,Transmembrane,9,0.0389
P13569,ESpritz,segment,Transmembrane,10,0.0403
P13569,ESpritz,segment,Transmembrane,11,0.0434
P13569,SEG,segment,Transmembrane,0,0.0
P13569,SEG,segment,Transmembrane,1,0.0
P13569,SEG,segment,Transmembrane,2,0.0
P13569,SEG,segment,Transmembrane,3,0.0
P13569,SEG,segment,Transmembrane,4,0.7143
P13569,SEG,segment,Transmembrane,5,0.0
P13569,SEG,segment,Transmembrane,6,0.0
P13569,SEG,segment,Transmembrane,7,0.0
P13569,SEG,segment,Transmembrane,8,0.8095
P13569,SEG,segment,Transmembrane,9,0.0
P13569,SEG,segment,Transmembrane,10,0.5238
P13569,SEG,segment,Transmembrane,11,0.0
P13569,catGRANULE,segment,Extracellular/Lumenal,0,-7.1633
P13569,catGRANULE,segment,Extracellular/Lumenal,1,-4.8584
P13569,catGRANULE,segment,Extracellular/Lumenal,2,-9.5673
P13569,catGRANULE,segment,Extracellular/Lumenal,3,-6.3866
P13569,catGRANULE,segment,Extracellular/Lumenal,4,-10.5103
P13569,catGRANULE,segment,Extracellular/Lumenal,5,-6.2802
P13569,PLAAC,segment,Extracellular/Lumenal,0,0.0001
P13569,PLAAC,segment,Extracellular/Lumenal,1,0.0003
P13569,PLAAC,segment,Extracellular/Lumenal,2,0.0001
P13569,PLAAC,segment,Extracellular/Lumenal,3,0.0086
P13569,PLAAC,segment,Extracellular/Lumenal,4,0.0006
P13569,PLAAC,segment,Extracellular/Lumenal,5,0.0001
P13569,PScore,segment,Extracellular/Lumenal,0,-1.138
P13569,PScore,segment,Extracellular/Lumenal,1,-0.933
P13569,PScore,segment,Extracellular/Lumenal,2,0.2716
P13569,PScore,segment,Extracellular/Lumenal,3,0.2767
P13569,PScore,segment,Extracellular/Lumenal,4,-0.625
P13569,PScore,segment,Extracellular/Lumenal,5,-0.3911
P13569,ESpritz,segment,Extracellular/Lumenal,0,0.0569
P13569,ESpritz,segment,Extracellular/Lumenal,1,0.0388
P13569,ESpritz,segment,Extracellular/Lumenal,2,0.0396
P13569,ESpritz,segment,Extracellular/Lumenal,3,0.0445
P13569,ESpritz,segment,Extracellular/Lumenal,4,0.0386
P13569,ESpritz,segment,Extracellular/Lumenal,5,0.0419
P13569,SEG,segment,Extracellular/Lumenal,0,0.0
P13569,SEG,segment,Extracellular/Lumenal,1,0.0
P13569,SEG,segment,Extracellular/Lumenal,2,0.15
P13569,SEG,segment,Extracellular/Lumenal,3,0.0
P13569,SEG,segment,Extracellular/Lumenal,4,0.5
P13569,SEG,segment,Extracellular/Lumenal,5,0.2143
Q9BRQ8,catGRANULE,segment,Transmembrane,0,-3.2352
Q9BRQ8,PLAAC,segment,Transmembrane,0,0.0015
Q9BRQ8,PScore,segment,Transmembrane,0,-0.5481
Q9BRQ8,ESpritz,segment,Transmembrane,0,0.184
Q9BRQ8,SEG,segment,Transmembrane,0,0.6667
Q03135,catGRANULE,segment,Cytoplasmic,0,-5.8409
Q03135,catGRANULE,segment,Cytoplasmic,1,-10.5728
Q03135,PLAAC,segment,Cytoplasmic,0,0.0009
Q03135,PLAAC,segment,Cytoplasmic,1,0.0001
Q03135,PScore,segment,Cytoplasmic,0,-0.4228
Q03135,PScore,segment,Cytoplasmic,1,-0.7999
Q03135,ESpritz,segment,Cytoplasmic,0,0.2281
Q03135,ESpritz,segment,Cytoplasmic,1,0.1149
Q03135,SEG,segment,Cytoplasmic,0,0.0
Q03135,SEG,segment,Cytoplasmic,1,0.0
Q13021,catGRANULE,segment,Transmembrane,0,-12.4787
Q13021,catGRANULE,segment,Transmembrane,1,-7.7262
Q13021,catGRANULE,segment,Transmembrane,2,-12.172
Q13021,catGRANULE,segment,Transmembrane,3,
Q13021,PLAAC,segment,Transmembrane,0,0.0001
Q13021,PLAAC,segment,Transmembrane,1,0.0001
Q13021,PLAAC,segment,Transmembrane,2,0.0003
Q13021,PLAAC,segment,Transmembrane,3,0.0009
Q13021,PScore,segment,Transmembrane,0,-0.7122
Q13021,PScore,segment,Transmembrane,1,-0.7215
Q13021,PScore,segment,Transmembrane,2,-1.1177
Q13021,PScore,segment,Transmembrane,3,0.076
Q13021,ESpritz,segment,Transmembrane,0,0.1607
Q13021,ESpritz,segment,Transmembrane,1,0.1582
Q13021,ESpritz,segment,Transmembrane,2,0.0938
Q13021,ESpritz,segment,Transmembrane,3,0.132
Q13021,SEG,segment,Transmembrane,0,0.0
Q13021,SEG,segment,Transmembrane,1,0.0
Q13021,SEG,segment,Transmembrane,2,0.0
Q13021,SEG,segment,Transmembrane,3,0.3333
P15941,catGRANULE,concatenated,Cytoplasmic,,-2.3336791666666667
P15941,PLAAC,concatenated,Cytoplasmic,,0.0119864864864864
P15941,PScore,concatenated,Cytoplasmic,,1.140309859154929
P15941,ESpritz,concatenated,Cytoplasmic,,0.2598337837837837
P15941,SEG,concatenated,Cytoplasmic,,0.027027027027027
P15941,catGRANULE,concatenated,Transmembrane,,-9.669382608695653
P15941,PLAAC,concatenated,Transmembrane,,4.347826086956522e-05
P15941,PScore,concatenated,Transmembrane,,-1.938782608695652
P15941,ESpritz,concatenated,Transmembrane,,0.0670173913043478
P15941,SEG,concatenated,Transmembrane,,0.9130434782608696
P15941,catGRANULE,concatenated,Extracellular/Lumenal,,-5.776363436123348
P15941,PLAAC,concatenated,Extracellular/Lumenal,,0.0014453744493392
P15941,PScore,concatenated,Extracellular/Lumenal,,2.4465594713656387
P15941,ESpritz,concatenated,Extracellular/Lumenal,,0.4992333920704846
P15941,SEG,concatenated,Extracellular/Lumenal,,0.0281938325991189
Q7Z434,catGRANULE,concatenated,Cytoplasmic,,-4.571209815950921
Q7Z434,PLAAC,concatenated,Cytoplasmic,,0.0008767578125
Q7Z434,PScore,concatenated,Cytoplasmic,,1.4033867187500002
Q7Z434,ESpritz,concatenated,Cytoplasmic,,0.4240861328124999
Q7Z434,SEG,concatenated,Cytoplasmic,,0.142578125
Q7Z434,PLAAC,concatenated,Transmembrane,,8.571428571428573e-05
Q7Z434,PScore,concatenated,Transmembrane,,-0.0149523809523809
Q7Z434,ESpritz,concatenated,Transmembrane,,0.3158380952380953
Q7Z434,SEG,concatenated,Transmembrane,,0.8095238095238095
Q7Z434,PLAAC,concatenated,Extracellular/Lumenal,,0.0005166666666666
Q7Z434,PScore,concatenated,Extracellular/Lumenal,,-0.045
Q7Z434,ESpritz,concatenated,Extracellular/Lumenal,,0.3004333333333333
Q7Z434,SEG,concatenated,Extracellular/Lumenal,,0.0
Q9BR39,catGRANULE,concatenated,Cytoplasmic,,-0.1562795665634674
Q9BR39,PLAAC,concatenated,Cytoplasmic,,0.0095870919881305
Q9BR39,PScore,concatenated,Cytoplasmic,,1.158045994065282
Q9BR39,ESpritz,concatenated,Cytoplasmic,,0.3905818991097923
Q9BR39,SEG,concatenated,Cytoplasmic,,0.2700296735905044
Q9BR39,PLAAC,concatenated,Transmembrane,,7.61904761904762e-05
Q9BR39,PScore,concatenated,Transmembrane,,-0.012
Q9BR39,ESpritz,concatenated,Transmembrane,,0.3075809523809524
Q9BR39,SEG,concatenated,Transmembrane,,0.0
O43561,catGRANULE,concatenated,Cytoplasmic,,-4.114703243243243
O43561,PLAAC,concatenated,Cytoplasmic,,0.0006859574468085
O43561,PScore,concatenated,Cytoplasmic,,1.1058706896551724
O43561,ESpritz,concatenated,Cytoplasmic,,0.4562702127659575
O43561,SEG,concatenated,Cytoplasmic,,0.2553191489361702
O43561,catGRANULE,concatenated,Transmembrane,,-10.3468
O43561,PLAAC,concatenated,Transmembrane,,3.0434782608695656e-05
O43561,PScore,concatenated,Transmembrane,,-2.096478260869565
O43561,ESpritz,concatenated,Transmembrane,,0.2524565217391304
O43561,SEG,concatenated,Transmembrane,,0.9565217391304348
O43561,catGRANULE,concatenated,Extracellular/Lumenal,,-11.93995
O43561,PLAAC,concatenated,Extracellular/Lumenal,,0.0005
O43561,PScore,concatenated,Extracellular/Lumenal,,-2.23
O43561,ESpritz,concatenated,Extracellular/Lumenal,,0.2755499999999999
O43561,SEG,concatenated,Extracellular/Lumenal,,0.0
P31431,PLAAC,concatenated,Cytoplasmic,,0.0006464285714285
P31431,PScore,concatenated,Cytoplasmic,,0.68404
P31431,ESpritz,concatenated,Cytoplasmic,,0.3870071428571428
P31431,SEG,concatenated,Cytoplasmic,,0.0
P31431,catGRANULE,concatenated,Transmembrane,,-1.7916333333333334
P31431,PLAAC,concatenated,Transmembrane,,6.8e-05
P31431,PScore,concatenated,Transmembrane,,-0.6624800000000002
P31431,ESpritz,concatenated,Transmembrane,,0.228732
P31431,SEG,concatenated,Transmembrane,,0.0
P31431,catGRANULE,concatenated,Extracellular/Lumenal,,-1.80004094488189
P31431,PLAAC,concatenated,Extracellular/Lumenal,,0.0005307086614173
P31431,PScore,concatenated,Extracellular/Lumenal,,0.824472440944882
P31431,ESpritz,concatenated,Extracellular/Lumenal,,0.3895157480314961
P31431,SEG,concatenated,Extracellular/Lumenal,,0.1496062992125984
O75445,catGRANULE,concatenated,Cytoplasmic,,-4.761484269662922
O75445,PLAAC,concatenated,Cytoplasmic,,0.005010071942446
O75445,PScore,concatenated,Cytoplasmic,,0.5265367647058823
O75445,ESpritz,concatenated,Cytoplasmic,,0.0990179856115107
O75445,SEG,concatenated,Cytoplasmic,,0.0
O75445,catGRANULE,concatenated,Transmembrane,,-7.293766666666667
O75445,PLAAC,concatenated,Transmembrane,,5.2380952380952384e-05
O75445,PScore,concatenated,Transmembrane,,-1.8884761904761904
O75445,ESpritz,concatenated,Transmembrane,,0.0437095238095238
O75445,SEG,concatenated,Transmembrane,,0.9523809523809524
O75445,catGRANULE,concatenated,Extracellular/Lumenal,,-4.785996447814807
O75445,PLAAC,concatenated,Extracellular/Lumenal,,0.0033002993414488
O75445,PScore,concatenated,Extracellular/Lumenal,,0.6753027339852324
O75445,ESpritz,concatenated,Extracellular/Lumenal,,0.0481892237078427
O75445,SEG,concatenated,Extracellular/Lumenal,,0.0067850728397525
Q9UM73,catGRANULE,concatenated,Cytoplasmic,,-4.0926547945205485
Q9UM73,PLAAC,concatenated,Cytoplasmic,,0.012175935828877
Q9UM73,PScore,concatenated,Cytoplasmic,,0.5245967741935484
Q9UM73,ESpritz,concatenated,Cytoplasmic,,0.1977181818181818
Q9UM73,SEG,concatenated,Cytoplasmic,,0.0588235294117647
Q9UM73,catGRANULE,concatenated,Transmembrane,,-8.731528571428571
Q9UM73,PLAAC,concatenated,Transmembrane,,9.047619047619048e-05
Q9UM73,PScore,concatenated,Transmembrane,,-1.6826666666666663
Q9UM73,ESpritz,concatenated,Transmembrane,,0.0433047619047619
Q9UM73,SEG,concatenated,Transmembrane,,0.7142857142857143
Q9UM73,catGRANULE,concatenated,Extracellular/Lumenal,,-1.6240717647058822
Q9UM73,PLAAC,concatenated,Extracellular/Lumenal,,0.0260001960784313
Q9UM73,PScore,concatenated,Extracellular/Lumenal,,0.9611411764705884
Q9UM73,ESpritz,concatenated,Extracellular/Lumenal,,0.0734292156862745
Q9UM73,SEG,concatenated,Extracellular/Lumenal,,0.1078431372549019
Q9H461,catGRANULE,concatenated,Cytoplasmic,,7.132043809523809
Q9H461,PLAAC,concatenated,Cytoplasmic,,0.1908116129032258
Q9H461,PScore,concatenated,Cytoplasmic,,1.9062894736842104
Q9H461,ESpritz,concatenated,Cytoplasmic,,0.2710245161290322
Q9H461,SEG,concatenated,Cytoplasmic,,0.2451612903225806
Q9H461,catGRANULE,concatenated,Transmembrane,,-2.965308843537415
Q9H461,PLAAC,concatenated,Transmembrane,,0.0001462585034013
Q9H461,PScore,concatenated,Transmembrane,,0.7349251700680273
Q9H461,ESpritz,concatenated,Transmembrane,,0.0671721088435374
Q9H461,SEG,concatenated,Transmembrane,,0.0
Q9H461,catGRANULE,concatenated,Extracellular/Lumenal,,-2.344040821917808
Q9H461,PLAAC,concatenated,Extracellular/Lumenal,,0.0297813698630137
Q9H461,PScore,concatenated,Extracellular/Lumenal,,1.250495890410959
Q9H461,ESpritz,concatenated,Extracellular/Lumenal,,0.1497312328767123
Q9H461,SEG,concatenated,Extracellular/Lumenal,,0.2876712328767123
O14763,catGRANULE,concatenated,Cytoplasmic,,-5.015009433962264
O14763,PLAAC,concatenated,Cytoplasmic,,0.0005177033492822
O14763,PScore,concatenated,Cytoplasmic,,0.1398300970873786
O14763,ESpritz,concatenated,Cytoplasmic,,0.2324177033492823
O14763,SEG,concatenated,Cytoplasmic,,0.0861244019138756
O14763,catGRANULE,concatenated,Transmembrane,,-0.4048761904761904
O14763,PLAAC,concatenated,Transmembrane,,5.714285714285715e-05
O14763,PScore,concatenated,Transmembrane,,-0.2966666666666667
O14763,ESpritz,concatenated,Transmembrane,,0.1050666666666666
O14763,SEG,concatenated,Transmembrane,,0.8571428571428571
O14763,catGRANULE,concatenated,Extracellular/Lumenal,,-6.109885161290323
O14763,PLAAC,concatenated,Extracellular/Lumenal,,0.0029270967741935
O14763,PScore,concatenated,Extracellular/Lumenal,,1.079051612903226
O14763,ESpritz,concatenated,Extracellular/Lumenal,,0.1598735483870967
O14763,SEG,concatenated,Extracellular/Lumenal,,0.0903225806451612
P46531,catGRANULE,concatenated,Cytoplasmic,,-3.705424566088118
P46531,PLAAC,concatenated,Cytoplasmic,,0.0845767209011264
P46531,PScore,concatenated,Cytoplasmic,,0.413427135678392
P46531,ESpritz,concatenated,Cytoplasmic,,0.2638227784730914
P46531,SEG,concatenated,Cytoplasmic,,0.1814768460575719
P46531,catGRANULE,concatenated,Transmembrane,,1.4189095238095235
P46531,PLAAC,concatenated,Transmembrane,,0.0002095238095238
P46531,PScore,concatenated,Transmembrane,,0.401904761904762
P46531,ESpritz,concatenated,Transmembrane,,0.1227952380952381
P46531,SEG,concatenated,Transmembrane,,0.8571428571428571
P46531,catGRANULE,concatenated,Extracellular/Lumenal,,-3.443134012813046
P46531,PLAAC,concatenated,Extracellular/Lumenal,,0.0010920792079207
P46531,PScore,concatenated,Extracellular/Lumenal,,1.9098124635993008
P46531,ESpritz,concatenated,Extracellular/Lumenal,,0.0483252766453115
P46531,SEG,concatenated,Extracellular/Lumenal,,0.0215492137449039
Q8N114,catGRANULE,concatenated,Cytoplasmic,,-8.9513828125
Q8N114,PLAAC,concatenated,Cytoplasmic,,0.5920833333333334
Q8N114,PScore,concatenated,Cytoplasmic,,2.8108828828828845
Q8N114,ESpritz,concatenated,Cytoplasmic,,0.3374035087719298
Q8N114,SEG,concatenated,Cytoplasmic,,0.7456140350877193
Q8N114,catGRANULE,concatenated,Transmembrane,,-16.858557142857144
Q8N114,PLAAC,concatenated,Transmembrane,,0.0004523809523809
Q8N114,PScore,concatenated,Transmembrane,,-0.0636190476190476
Q8N114,ESpritz,concatenated,Transmembrane,,0.0788523809523809
Q8N114,SEG,concatenated,Transmembrane,,0.1904761904761904
Q8N114,catGRANULE,concatenated,Extracellular/Lumenal,,-8.600975324675327
Q8N114,PLAAC,concatenated,Extracellular/Lumenal,,0.0006896103896103
Q8N114,PScore,concatenated,Extracellular/Lumenal,,0.5075194805194805
Q8N114,ESpritz,concatenated,Extracellular/Lumenal,,0.1155038961038961
Q8N114,SEG,concatenated,Extracellular/Lumenal,,0.0
Q07065,catGRANULE,concatenated,Cytoplasmic,,1.0514490566037735
Q07065,PLAAC,concatenated,Cytoplasmic,,0.4301358490566038
Q07065,PScore,concatenated,Cytoplasmic,,2.4874339622641504
Q07065,ESpritz,concatenated,Cytoplasmic,,0.5864424528301886
Q07065,SEG,concatenated,Cytoplasmic,,0.6698113207547169
Q07065,catGRANULE,concatenated,Transmembrane,,-2.9964285714285714
Q07065,PLAAC,concatenated,Transmembrane,,0.0003238095238095
Q07065,PScore,concatenated,Transmembrane,,-0.0986190476190476
Q07065,ESpritz,concatenated,Transmembrane,,0.3483285714285714
Q07065,SEG,concatenated,Transmembrane,,0.7619047619047619
Q07065,catGRANULE,concatenated,Extracellular/Lumenal,,-4.486953176470588
Q07065,PLAAC,concatenated,Extracellular/Lumenal,,0.0003322105263157
Q07065,PScore,concatenated,Extracellular/Lumenal,,-0.8063262711864407
Q07065,ESpritz,concatenated,Extracellular/Lumenal,,0.3982995789473684
Q07065,SEG,concatenated,Extracellular/Lumenal,,0.0947368421052631
P08172,catGRANULE,concatenated,Cytoplasmic,,-3.868960930232558
P08172,PLAAC,concatenated,Cytoplasmic,,0.0061271966527196
P08172,PScore,concatenated,Cytoplasmic,,-0.0243093220338983
P08172,ESpritz,concatenated,Cytoplasmic,,0.2593774058577406
P08172,SEG,concatenated,Cytoplasmic,,0.00836820083682
P08172,catGRANULE,concatenated,Transmembrane,,-9.91288
P08172,PLAAC,concatenated,Transmembrane,,0.0003248554913294
P08172,PScore,concatenated,Transmembrane,,-0.4259884393063584
P08172,ESpritz,concatenated,Transmembrane,,0.0974456647398843
P08172,SEG,concatenated,Transmembrane,,0.0809248554913294
P08172,catGRANULE,concatenated,Extracellular/Lumenal,,-8.467603921568628
P08172,PLAAC,concatenated,Extracellular/Lumenal,,0.1818999999999999
P08172,PScore,concatenated,Extracellular/Lumenal,,-0.1739074074074074
P08172,ESpritz,concatenated,Extracellular/Lumenal,,0.1347388888888889
P08172,SEG,concatenated,Extracellular/Lumenal,,0.2777777777777778
Q08345,catGRANULE,concatenated,Cytoplasmic,,-4.317765647058824
Q08345,PLAAC,concatenated,Cytoplasmic,,0.0015237894736842
Q08345,PScore,concatenated,Cytoplasmic,,0.3405296610169492
Q08345,ESpritz,concatenated,Cytoplasmic,,0.136922947368421
Q08345,SEG,concatenated,Cytoplasmic,,0.1557894736842105
Q08345,catGRANULE,concatenated,Transmembrane,,-10.497919047619048
Q08345,PLAAC,concatenated,Transmembrane,,1.4285714285714289e-05
Q08345,PScore,concatenated,Transmembrane,,-2.5028571428571422
Q08345,ESpritz,concatenated,Transmembrane,,0.0871
Q08345,SEG,concatenated,Transmembrane,,1.0
Q08345,catGRANULE,concatenated,Extracellular/Lumenal,,-1.791621410579345
Q08345,PLAAC,concatenated,Extracellular/Lumenal,,0.00092040302267
Q08345,PScore,concatenated,Extracellular/Lumenal,,1.074984886649874
Q08345,ESpritz,concatenated,Extracellular/Lumenal,,0.0943244332493702
Q08345,SEG,concatenated,Extracellular/Lumenal,,0.1083123425692695
O60500,catGRANULE,concatenated,Cytoplasmic,,-3.320911206896552
O60500,PLAAC,concatenated,Cytoplasmic,,0.000267469879518
O60500,PScore,concatenated,Cytoplasmic,,0.7497300613496933
O60500,ESpritz,concatenated,Cytoplasmic,,0.3806843373493975
O60500,SEG,concatenated,Cytoplasmic,,0.0
O60500,catGRANULE,concatenated,Transmembrane,,-0.9532238095238096
O60500,PLAAC,concatenated,Transmembrane,,0.0003619047619047
O60500,PScore,concatenated,Transmembrane,,-0.014095238095238
O60500,ESpritz,concatenated,Transmembrane,,0.2268809523809523
O60500,SEG,concatenated,Transmembrane,,1.0
O60500,catGRANULE,concatenated,Extracellular/Lumenal,,-4.679202616279069
O60500,PLAAC,concatenated,Extracellular/Lumenal,,0.0004463178294573
O60500,PScore,concatenated,Extracellular/Lumenal,,0.35471996124031
O60500,ESpritz,concatenated,Extracellular/Lumenal,,0.0686407945736434
O60500,SEG,concatenated,Extracellular/Lumenal,,0.0620155038759689
P05067,PLAAC,concatenated,Cytoplasmic,,0.0749374999999999
P05067,PScore,concatenated,Cytoplasmic,,-0.9555111111111114
P05067,ESpritz,concatenated,Cytoplasmic,,0.2165270833333333
P05067,SEG,concatenated,Cytoplasmic,,0.0208333333333333
P05067,catGRANULE,concatenated,Transmembrane,,-5.608631578947367
P05067,PLAAC,concatenated,Transmembrane,,7.61904761904762e-05
P05067,PScore,concatenated,Transmembrane,,-0.9289999999999998
P05067,ESpritz,concatenated,Transmembrane,,0.0884380952380952
P05067,SEG,concatenated,Transmembrane,,0.8095238095238095
P05067,catGRANULE,concatenated,Extracellular/Lumenal,,-5.513748099415205
P05067,PLAAC,concatenated,Extracellular/Lumenal,,0.0008402046783625
P05067,PScore,concatenated,Extracellular/Lumenal,,-0.0432441520467835
P05067,ESpritz,concatenated,Extracellular/Lumenal,,0.1562267543859649
P05067,SEG,concatenated,Extracellular/Lumenal,,0.1301169590643275
Q8WXG9,catGRANULE,concatenated,Cytoplasmic,,-1.9382383561643832
Q8WXG9,PLAAC,concatenated,Cytoplasmic,,0.0452566326530612
Q8WXG9,PScore,concatenated,Cytoplasmic,,0.6322746113989638
Q8WXG9,ESpritz,concatenated,Cytoplasmic,,0.2653306122448979
Q8WXG9,SEG,concatenated,Cytoplasmic,,0.0
Q8WXG9,catGRANULE,concatenated,Transmembrane,,-10.413406802721086
Q8WXG9,PLAAC,concatenated,Transmembrane,,0.0002394557823129
Q8WXG9,PScore,concatenated,Transmembrane,,-0.654843537414966
Q8WXG9,ESpritz,concatenated,Transmembrane,,0.0442428571428571
Q8WXG9,SEG,concatenated,Transmembrane,,0.1020408163265306
Q8WXG9,catGRANULE,concatenated,Extracellular/Lumenal,,-3.9530550219076512
Q8WXG9,PLAAC,concatenated,Extracellular/Lumenal,,0.0006569093360296
Q8WXG9,PScore,concatenated,Extracellular/Lumenal,,0.0918577687900236
Q8WXG9,ESpritz,concatenated,Extracellular/Lumenal,,0.0442955005055611
Q8WXG9,SEG,concatenated,Extracellular/Lumenal,,0.0180316818335018
P11362,catGRANULE,concatenated,Cytoplasmic,,-5.089676266666666
P11362,PLAAC,concatenated,Cytoplasmic,,0.0004849411764705
P11362,PScore,concatenated,Cytoplasmic,,0.0741184834123222
P11362,ESpritz,concatenated,Cytoplasmic,,0.128167294117647
P11362,SEG,concatenated,Cytoplasmic,,0.0352941176470588
P11362,catGRANULE,concatenated,Transmembrane,,-5.424271428571428
P11362,PLAAC,concatenated,Transmembrane,,8.095238095238096e-05
P11362,PScore,concatenated,Transmembrane,,-0.4117619047619049
P11362,ESpritz,concatenated,Transmembrane,,0.0444523809523809
P11362,SEG,concatenated,Transmembrane,,0.0
P11362,catGRANULE,concatenated,Extracellular/Lumenal,,-4.377235211267606
P11362,PLAAC,concatenated,Extracellular/Lumenal,,0.000365352112676
P11362,PScore,concatenated,Extracellular/Lumenal,,0.4348140845070422
P11362,ESpritz,concatenated,Extracellular/Lumenal,,0.165636338028169
P11362,SEG,concatenated,Extracellular/Lumenal,,0.076056338028169
Q8NC56,catGRANULE,concatenated,Transmembrane,,-8.127892857142857
Q8NC56,PLAAC,concatenated,Transmembrane,,4.047619047619048e-05
Q8NC56,PScore,concatenated,Transmembrane,,-1.353142857142857
Q8NC56,ESpritz,concatenated,Transmembrane,,0.103697619047619
Q8NC56,SEG,concatenated,Transmembrane,,0.4285714285714285
P40967,PLAAC,concatenated,Cytoplasmic,,0.00448
P40967,PScore,concatenated,Cytoplasmic,,1.6144761904761904
P40967,ESpritz,concatenated,Cytoplasmic,,0.1633977777777778
P40967,SEG,concatenated,Cytoplasmic,,0.0
P40967,catGRANULE,concatenated,Transmembrane,,-11.1156875
P40967,PLAAC,concatenated,Transmembrane,,9.047619047619048e-05
P40967,PScore,concatenated,Transmembrane,,-0.9838571428571428
P40967,ESpritz,concatenated,Transmembrane,,0.0663619047619047
P40967,SEG,concatenated,Transmembrane,,0.8571428571428571
P40967,catGRANULE,concatenated,Extracellular/Lumenal,,-6.748561111111111
P40967,PLAAC,concatenated,Extracellular/Lumenal,,0.0004841269841269
P40967,PScore,concatenated,Extracellular/Lumenal,,0.3144761904761904
P40967,ESpritz,concatenated,Extracellular/Lumenal,,0.0621555555555555
P40967,SEG,concatenated,Extracellular/Lumenal,,0.0
P07766,catGRANULE,concatenated,Cytoplasmic,,6.743640000000001
P07766,PLAAC,concatenated,Cytoplasmic,,0.0059
P07766,PScore,concatenated,Cytoplasmic,,0.919
P07766,ESpritz,concatenated,Cytoplasmic,,0.5528145454545454
P07766,SEG,concatenated,Cytoplasmic,,0.2181818181818181
P07766,catGRANULE,concatenated,Transmembrane,,3.8375615384615385
P07766,PLAAC,concatenated,Transmembrane,,8.076923076923076e-05
P07766,PScore,concatenated,Transmembrane,,-0.0142307692307692
P07766,ESpritz,concatenated,Transmembrane,,0.1717192307692308
P07766,SEG,concatenated,Transmembrane,,0.0
P07766,catGRANULE,concatenated,Extracellular/Lumenal,,-2.753608653846153
P07766,PLAAC,concatenated,Extracellular/Lumenal,,0.0004461538461538
P07766,PScore,concatenated,Extracellular/Lumenal,,0.7128269230769231
P07766,ESpritz,concatenated,Extracellular/Lumenal,,0.1797874999999999
P07766,SEG,concatenated,Extracellular/Lumenal,,0.0
P20963,catGRANULE,concatenated,Cytoplasmic,,5.914955555555555
P20963,PLAAC,concatenated,Cytoplasmic,,0.0530247787610619
P20963,PScore,concatenated,Cytoplasmic,,-0.1788454545454545
P20963,ESpritz,concatenated,Cytoplasmic,,0.5368814159292036
P20963,SEG,concatenated,Cytoplasmic,,0.0
P20963,catGRANULE,concatenated,Transmembrane,,-0.8481476190476192
P20963,PLAAC,concatenated,Transmembrane,,7.142857142857143e-05
P20963,PScore,concatenated,Transmembrane,,0.4507142857142856
P20963,ESpritz,concatenated,Transmembrane,,0.2331428571428571
P20963,SEG,concatenated,Transmembrane,,0.0
P20963,catGRANULE,concatenated,Extracellular/Lumenal,,-4.370988888888888
P20963,PLAAC,concatenated,Extracellular/Lumenal,,0.0002333333333333
P20963,PScore,concatenated,Extracellular/Lumenal,,-0.2284444444444444
P20963,ESpritz,concatenated,Extracellular/Lumenal,,0.2198444444444444
P20963,SEG,concatenated,Extracellular/Lumenal,,0.0
P04626,catGRANULE,concatenated,Cytoplasmic,,-3.6331249056603774
P04626,PLAAC,concatenated,Cytoplasmic,,0.0022915517241379
P04626,PScore,concatenated,Cytoplasmic,,0.7229220103986135
P04626,ESpritz,concatenated,Cytoplasmic,,0.2334720689655172
P04626,SEG,concatenated,Cytoplasmic,,0.0672413793103448
P04626,catGRANULE,concatenated,Transmembrane,,-6.500217391304347
P04626,PLAAC,concatenated,Transmembrane,,4.782608695652174e-05
P04626,PScore,concatenated,Transmembrane,,-1.2011304347826088
P04626,ESpritz,concatenated,Transmembrane,,0.0421
P04626,SEG,concatenated,Transmembrane,,0.782608695652174
P04626,catGRANULE,concatenated,Extracellular/Lumenal,,-6.2269596825396825
P04626,PLAAC,concatenated,Extracellular/Lumenal,,0.0006328571428571
P04626,PScore,concatenated,Extracellular/Lumenal,,0.4797571428571429
P04626,ESpritz,concatenated,Extracellular/Lumenal,,0.048733492063492
P04626,SEG,concatenated,Extracellular/Lumenal,,0.0238095238095238
O75460,catGRANULE,concatenated,Cytoplasmic,,-4.186472786177107
O75460,PLAAC,concatenated,Cytoplasmic,,0.0221438596491228
O75460,PScore,concatenated,Cytoplasmic,,0.0393705882352941
O75460,ESpritz,concatenated,Cytoplasmic,,0.1110768031189084
O75460,SEG,concatenated,Cytoplasmic,,0.1520467836257309
O75460,catGRANULE,concatenated,Transmembrane,,-8.52294761904762
O75460,PLAAC,concatenated,Transmembrane,,0.0108047619047619
O75460,PScore,concatenated,Transmembrane,,-1.7486190476190475
O75460,ESpritz,concatenated,Transmembrane,,0.1611428571428571
O75460,SEG,concatenated,Transmembrane,,0.0
O75460,catGRANULE,concatenated,Extracellular/Lumenal,,-5.237556
O75460,PLAAC,concatenated,Extracellular/Lumenal,,0.0002743529411764
O75460,PScore,concatenated,Extracellular/Lumenal,,0.1103199999999999
O75460,ESpritz,concatenated,Extracellular/Lumenal,,0.0804538823529411
O75460,SEG,concatenated,Extracellular/Lumenal,,0.0
P35968,catGRANULE,concatenated,Cytoplasmic,,-3.9124571976967366
P35968,PLAAC,concatenated,Cytoplasmic,,0.0038364273204903
P35968,PScore,concatenated,Cytoplasmic,,0.0827746478873239
P35968,ESpritz,concatenated,Cytoplasmic,,0.1862523642732049
P35968,SEG,concatenated,Cytoplasmic,,0.042031523642732
P35968,catGRANULE,concatenated,Transmembrane,,-6.56397142857143
P35968,PLAAC,concatenated,Transmembrane,,3.80952380952381e-05
P35968,PScore,concatenated,Transmembrane,,-0.5778095238095238
P35968,ESpritz,concatenated,Transmembrane,,0.0412095238095238
P35968,SEG,concatenated,Transmembrane,,0.0
P35968,catGRANULE,concatenated,Extracellular/Lumenal,,-4.720620536912752
P35968,PLAAC,concatenated,Extracellular/Lumenal,,0.0007236241610738
P35968,PScore,concatenated,Extracellular/Lumenal,,0.1290630872483221
P35968,ESpritz,concatenated,Extracellular/Lumenal,,0.0496836241610738
P35968,SEG,concatenated,Extracellular/Lumenal,,0.021476510067114
Q12879,catGRANULE,concatenated,Cytoplasmic,,-2.379678466557912
Q12879,PLAAC,concatenated,Cytoplasmic,,0.0057027149321266
Q12879,PScore,concatenated,Cytoplasmic,,0.356330303030303
Q12879,ESpritz,concatenated,Cytoplasmic,,0.264094419306184
Q12879,SEG,concatenated,Cytoplasmic,,0.0437405731523378
Q12879,catGRANULE,concatenated,Transmembrane,,-5.358320967741936
Q12879,PLAAC,concatenated,Transmembrane,,0.0002983870967741
Q12879,PScore,concatenated,Transmembrane,,-0.5989354838709677
Q12879,ESpritz,concatenated,Transmembrane,,0.0411693548387096
Q12879,SEG,concatenated,Transmembrane,,0.0
Q12879,catGRANULE,concatenated,Extracellular/Lumenal,,-4.811360113960113
Q12879,PLAAC,concatenated,Extracellular/Lumenal,,0.0052888888888888
Q12879,PScore,concatenated,Extracellular/Lumenal,,-0.0654444444444444
Q12879,ESpritz,concatenated,Extracellular/Lumenal,,0.0497918803418803
Q12879,SEG,concatenated,Extracellular/Lumenal,,0.0
Q86WV6,catGRANULE,concatenated,Cytoplasmic,,-6.032527350427349
Q86WV6,PLAAC,concatenated,Cytoplasmic,,0.003844366197183
Q86WV6,PScore,concatenated,Cytoplasmic,,-0.3245836298932384
Q86WV6,ESpritz,concatenated,Cytoplasmic,,0.1900200704225352
Q86WV6,SEG,concatenated,Cytoplasmic,,0.0
Q86WV6,catGRANULE,concatenated,Transmembrane,,-6.053885333333333
Q86WV6,PLAAC,concatenated,Transmembrane,,0.0002399999999999
Q86WV6,PScore,concatenated,Transmembrane,,-0.01644
Q86WV6,ESpritz,concatenated,Transmembrane,,0.0850986666666666
Q86WV6,SEG,concatenated,Transmembrane,,0.4
Q86WV6,catGRANULE,concatenated,Extracellular/Lumenal,,-5.412304999999999
Q86WV6,PLAAC,concatenated,Extracellular/Lumenal,,0.0009299999999999
Q86WV6,PScore,concatenated,Extracellular/Lumenal,,-0.2173
Q86WV6,ESpritz,concatenated,Extracellular/Lumenal,,0.0811849999999999
Q86WV6,SEG,concatenated,Extracellular/Lumenal,,0.15
P07949,catGRANULE,concatenated,Cytoplasmic,,-3.1130633906633904
P07949,PLAAC,concatenated,Cytoplasmic,,0.0009608315098468
P07949,PScore,concatenated,Cytoplasmic,,0.4388392070484579
P07949,ESpritz,concatenated,Cytoplasmic,,0.1256356673960613
P07949,SEG,concatenated,Cytoplasmic,,0.0218818380743982
P07949,catGRANULE,concatenated,Transmembrane,,-10.492781818181818
P07949,PLAAC,concatenated,Transmembrane,,4.5454545454545465e-05
P07949,PScore,concatenated,Transmembrane,,-0.1237727272727273
P07949,ESpritz,concatenated,Transmembrane,,0.0622045454545454
P07949,SEG,concatenated,Transmembrane,,0.0
P07949,catGRANULE,concatenated,Extracellular/Lumenal,,-5.881929983525535
P07949,PLAAC,concatenated,Extracellular/Lumenal,,0.000751565074135
P07949,PScore,concatenated,Extracellular/Lumenal,,0.5717265238879736
P07949,ESpritz,concatenated,Extracellular/Lumenal,,0.0518369028006589
P07949,SEG,concatenated,Extracellular/Lumenal,,0.0263591433278418
P08908,catGRANULE,concatenated,Cytoplasmic,,-3.4518347560975613
P08908,PLAAC,concatenated,Cytoplasmic,,0.000575956284153
P08908,PScore,concatenated,Cytoplasmic,,0.2103555555555555
P08908,ESpritz,concatenated,Cytoplasmic,,0.1571486338797814
P08908,SEG,concatenated,Cytoplasmic,,0.0601092896174863
P08908,catGRANULE,concatenated,Transmembrane,,-9.712407142857142
P08908,PLAAC,concatenated,Transmembrane,,0.0003321212121212
P08908,PScore,concatenated,Transmembrane,,-0.0898969696969697
P08908,ESpritz,concatenated,Transmembrane,,0.0814460606060606
P08908,SEG,concatenated,Transmembrane,,0.0
P08908,catGRANULE,concatenated,Extracellular/Lumenal,,-7.32892794117647
P08908,PLAAC,concatenated,Extracellular/Lumenal,,0.0218716216216216
P08908,PScore,concatenated,Extracellular/Lumenal,,1.059310810810811
P08908,ESpritz,concatenated,Extracellular/Lumenal,,0.1831121621621622
P08908,SEG,concatenated,Extracellular/Lumenal,,0.0
P01857,catGRANULE,concatenated,Extracellular/Lumenal,,-4.828637142857143
P01857,PLAAC,concatenated,Extracellular/Lumenal,,0.0009427272727272
P01857,PScore,concatenated,Extracellular/Lumenal,,0.7075932721712538
P01857,ESpritz,concatenated,Extracellular/Lumenal,,0.2395536363636363
P01857,SEG,concatenated,Extracellular/Lumenal,,0.0454545454545454
Q7Z3C6,catGRANULE,concatenated,Cytoplasmic,,-4.87422271973466
Q7Z3C6,PLAAC,concatenated,Cytoplasmic,,0.0009992343032159
Q7Z3C6,PScore,concatenated,Cytoplasmic,,0.1005430769230769
Q7Z3C6,ESpritz,concatenated,Cytoplasmic,,0.191114854517611
Q7Z3C6,SEG,concatenated,Cytoplasmic,,0.0597243491577335
Q7Z3C6,catGRANULE,concatenated,Transmembrane,,-12.08664623655914
Q7Z3C6,PLAAC,concatenated,Transmembrane,,0.0001279569892473
Q7Z3C6,PScore,concatenated,Transmembrane,,-0.8166344086021505
Q7Z3C6,ESpritz,concatenated,Transmembrane,,0.0507537634408602
Q7Z3C6,SEG,concatenated,Transmembrane,,0.2795698924731182
Q7Z3C6,catGRANULE,concatenated,Extracellular/Lumenal,,-10.57291320754717
Q7Z3C6,PLAAC,concatenated,Extracellular/Lumenal,,0.0002018867924528
Q7Z3C6,PScore,concatenated,Extracellular/Lumenal,,-0.971622641509434
Q7Z3C6,ESpritz,concatenated,Extracellular/Lumenal,,0.0526415094339622
Q7Z3C6,SEG,concatenated,Extracellular/Lumenal,,0.1132075471698113
O75581,catGRANULE,concatenated,Cytoplasmic,,-4.8162135294117645
O75581,PLAAC,concatenated,Cytoplasmic,,0.0041418181818181
O75581,PScore,concatenated,Cytoplasmic,,1.67910599078341
O75581,ESpritz,concatenated,Cytoplasmic,,0.3729454545454546
O75581,SEG,concatenated,Cytoplasmic,,0.3136363636363636
O75581,catGRANULE,concatenated,Transmembrane,,-3.512221739130436
O75581,PLAAC,concatenated,Transmembrane,,0.0005478260869565
O75581,PScore,concatenated,Transmembrane,,0.7804347826086958
O75581,ESpritz,concatenated,Transmembrane,,0.0775826086956521
O75581,SEG,concatenated,Transmembrane,,0.782608695652174
O75581,catGRANULE,concatenated,Extracellular/Lumenal,,-4.329244559585492
O75581,PLAAC,concatenated,Extracellular/Lumenal,,0.001580977054034
O75581,PScore,concatenated,Extracellular/Lumenal,,0.1145928941524796
O75581,ESpritz,concatenated,Extracellular/Lumenal,,0.0462903034789045
O75581,SEG,concatenated,Extracellular/Lumenal,,0.0088823094004441
P63027,catGRANULE,concatenated,Cytoplasmic,,-5.668190769230769
P63027,PLAAC,concatenated,Cytoplasmic,,0.0186032258064516
P63027,ESpritz,concatenated,Cytoplasmic,,0.7392623655913977
P63027,SEG,concatenated,Cytoplasmic,,0.2365591397849462
P63027,PLAAC,concatenated,Transmembrane,,0.000185
P63027,ESpritz,concatenated,Transmembrane,,0.2950399999999999
P63027,SEG,concatenated,Transmembrane,,0.8
P63027,PLAAC,concatenated,Extracellular/Lumenal,,0.0026499999999999
P63027,ESpritz,concatenated,Extracellular/Lumenal,,0.2372
P63027,SEG,concatenated,Extracellular/Lumenal,,0.0
O60733,catGRANULE,concatenated,Transmembrane,,-2.586380952380952
O60733,PLAAC,concatenated,Transmembrane,,0.0001404761904761
O60733,PScore,concatenated,Transmembrane,,-0.1017857142857143
O60733,ESpritz,concatenated,Transmembrane,,0.0468047619047619
O60733,SEG,concatenated,Transmembrane,,0.0
Q04671,catGRANULE,concatenated,Cytoplasmic,,-6.313449850746269
Q04671,PLAAC,concatenated,Cytoplasmic,,0.0004548672566371
Q04671,PScore,concatenated,Cytoplasmic,,-0.2125386904761904
Q04671,ESpritz,concatenated,Cytoplasmic,,0.214541592920354
Q04671,SEG,concatenated,Cytoplasmic,,0.0825958702064896
Q04671,catGRANULE,concatenated,Transmembrane,,-10.09083085106383
Q04671,PLAAC,concatenated,Transmembrane,,8.926829268292683e-05
Q04671,PScore,concatenated,Transmembrane,,-0.1098195121951219
Q04671,ESpritz,concatenated,Transmembrane,,0.051550731707317
Q04671,SEG,concatenated,Transmembrane,,0.3804878048780488
Q04671,catGRANULE,concatenated,Extracellular/Lumenal,,-8.566525660377359
Q04671,PLAAC,concatenated,Extracellular/Lumenal,,0.0005649659863945
Q04671,PScore,concatenated,Extracellular/Lumenal,,0.0378945578231292
Q04671,ESpritz,concatenated,Extracellular/Lumenal,,0.0495319727891156
Q04671,SEG,concatenated,Extracellular/Lumenal,,0.0
Q14BN4,catGRANULE,concatenated,Cytoplasmic,,-5.745734575835475
Q14BN4,PLAAC,concatenated,Cytoplasmic,,0.0006623441396508
Q14BN4,PScore,concatenated,Cytoplasmic,,-0.6481047381546134
Q14BN4,ESpritz,concatenated,Cytoplasmic,,0.3050750623441396
Q14BN4,SEG,concatenated,Cytoplasmic,,0.0399002493765586
Q14BN4,PLAAC,concatenated,Transmembrane,,0.0002619047619047
Q14BN4,PScore,concatenated,Transmembrane,,-1.0584285714285713
Q14BN4,ESpritz,concatenated,Transmembrane,,0.3429380952380952
Q14BN4,SEG,concatenated,Transmembrane,,0.6666666666666666
Q14BN4,PLAAC,concatenated,Extracellular/Lumenal,,0.0037
Q14BN4,PScore,concatenated,Extracellular/Lumenal,,-1.061
Q14BN4,ESpritz,concatenated,Extracellular/Lumenal,,0.3801
Q14BN4,SEG,concatenated,Extracellular/Lumenal,,0.0
P15529,PLAAC,concatenated,Cytoplasmic,,0.0001884615384615
P15529,PScore,concatenated,Cytoplasmic,,0.0188260869565217
P15529,ESpritz,concatenated,Cytoplasmic,,0.2980576923076923
P15529,SEG,concatenated,Cytoplasmic,,0.0
P15529,PLAAC,concatenated,Transmembrane,,4.782608695652174e-05
P15529,PScore,concatenated,Transmembrane,,0.0246521739130434
P15529,ESpritz,concatenated,Transmembrane,,0.1524565217391304
P15529,SEG,concatenated,Transmembrane,,0.9130434782608696
P15529,catGRANULE,concatenated,Extracellular/Lumenal,,-4.848221103896105
P15529,PLAAC,concatenated,Extracellular/Lumenal,,0.0013385113268608
P15529,PScore,concatenated,Extracellular/Lumenal,,0.975336569579288
P15529,ESpritz,concatenated,Extracellular/Lumenal,,0.1241579288025889
P15529,SEG,concatenated,Extracellular/Lumenal,,0.1100323624595469
Q8TEM1,catGRANULE,concatenated,Cytoplasmic,,-9.5827125
Q8TEM1,PLAAC,concatenated,Cytoplasmic,,0.0040844827586206
Q8TEM1,PScore,concatenated,Cytoplasmic,,0.0512545454545454
Q8TEM1,ESpritz,concatenated,Cytoplasmic,,0.4162189655172414
Q8TEM1,SEG,concatenated,Cytoplasmic,,0.0
Q8TEM1,catGRANULE,concatenated,Transmembrane,,-12.06942857142857
Q8TEM1,PLAAC,concatenated,Transmembrane,,0.0002047619047619
Q8TEM1,PScore,concatenated,Transmembrane,,0.2684761904761905
Q8TEM1,ESpritz,concatenated,Transmembrane,,0.0871523809523809
Q8TEM1,SEG,concatenated,Transmembrane,,0.0
Q8TEM1,catGRANULE,concatenated,Extracellular/Lumenal,,-5.885579629629629
Q8TEM1,PLAAC,concatenated,Extracellular/Lumenal,,0.0015438832772166
Q8TEM1,PScore,concatenated,Extracellular/Lumenal,,-0.0828035914702581
Q8TEM1,ESpritz,concatenated,Extracellular/Lumenal,,0.047442480359147
Q8TEM1,SEG,concatenated,Extracellular/Lumenal,,0.0190796857463524
Q9UJA2,catGRANULE,concatenated,Transmembrane,,-8.15993432835821
Q9UJA2,PLAAC,concatenated,Transmembrane,,0.0006757009345794
Q9UJA2,PScore,concatenated,Transmembrane,,0.0987943925233644
Q9UJA2,ESpritz,concatenated,Transmembrane,,0.0698598130841121
Q9UJA2,SEG,concatenated,Transmembrane,,0.1308411214953271
P00533,catGRANULE,concatenated,Cytoplasmic,,-5.36345162601626
P00533,PLAAC,concatenated,Cytoplasmic,,0.0099894833948339
P00533,PScore,concatenated,Cytoplasmic,,0.1156122448979592
P00533,ESpritz,concatenated,Cytoplasmic,,0.148830258302583
P00533,SEG,concatenated,Cytoplasmic,,0.0996309963099631
P00533,catGRANULE,concatenated,Transmembrane,,-6.376086956521738
P00533,PLAAC,concatenated,Transmembrane,,0.0001478260869565
P00533,PScore,concatenated,Transmembrane,,-1.3346956521739128
P00533,ESpritz,concatenated,Transmembrane,,0.0418826086956521
P00533,SEG,concatenated,Transmembrane,,0.6956521739130435
P00533,catGRANULE,concatenated,Extracellular/Lumenal,,-3.726951046698873
P00533,PLAAC,concatenated,Extracellular/Lumenal,,0.0007173913043478
P00533,PScore,concatenated,Extracellular/Lumenal,,0.5934782608695652
P00533,ESpritz,concatenated,Extracellular/Lumenal,,0.0497837359098228
P00533,SEG,concatenated,Extracellular/Lumenal,,0.001610305958132
P21802,catGRANULE,concatenated,Cytoplasmic,,-5.58001126005362
P21802,PLAAC,concatenated,Cytoplasmic,,0.0007059101654846
P21802,PScore,concatenated,Cytoplasmic,,0.0997833333333333
P21802,ESpritz,concatenated,Cytoplasmic,,0.1313524822695035
P21802,SEG,concatenated,Cytoplasmic,,0.0591016548463357
P21802,catGRANULE,concatenated,Transmembrane,,-9.879990476190477
P21802,PLAAC,concatenated,Transmembrane,,1.4285714285714289e-05
P21802,PScore,concatenated,Transmembrane,,-0.468047619047619
P21802,ESpritz,concatenated,Transmembrane,,0.0547190476190476
P21802,SEG,concatenated,Transmembrane,,0.0
P21802,catGRANULE,concatenated,Extracellular/Lumenal,,-3.1723550561797755
P21802,PLAAC,concatenated,Extracellular/Lumenal,,0.0005955056179775
P21802,PScore,concatenated,Extracellular/Lumenal,,0.2407331460674158
P21802,ESpritz,concatenated,Extracellular/Lumenal,,0.0817238764044943
P21802,SEG,concatenated,Extracellular/Lumenal,,0.0786516853932584
P08247,catGRANULE,concatenated,Cytoplasmic,,7.342569444444444
P08247,PLAAC,concatenated,Cytoplasmic,,0.5221975409836066
P08247,PScore,concatenated,Cytoplasmic,,3.334025210084033
P08247,ESpritz,concatenated,Cytoplasmic,,0.4121688524590163
P08247,SEG,concatenated,Cytoplasmic,,0.5245901639344263
P08247,catGRANULE,concatenated,Transmembrane,,-4.260379166666667
P08247,PLAAC,concatenated,Transmembrane,,0.0002885416666666
P08247,PScore,concatenated,Transmembrane,,0.1344270833333333
P08247,ESpritz,concatenated,Transmembrane,,0.0815416666666666
P08247,SEG,concatenated,Transmembrane,,0.09375
P08247,catGRANULE,concatenated,Extracellular/Lumenal,,-4.803141052631578
P08247,PLAAC,concatenated,Extracellular/Lumenal,,0.0001926315789473
P08247,PScore,concatenated,Extracellular/Lumenal,,0.5031157894736842
P08247,ESpritz,concatenated,Extracellular/Lumenal,,0.0721978947368421
P08247,SEG,concatenated,Extracellular/Lumenal,,0.0631578947368421
Q14739,catGRANULE,concatenated,Transmembrane,,-6.796386842105263
Q14739,PLAAC,concatenated,Transmembrane,,0.0001547619047619
Q14739,PScore,concatenated,Transmembrane,,-0.1679523809523809
Q14739,ESpritz,concatenated,Transmembrane,,0.0496678571428571
Q14739,SEG,concatenated,Transmembrane,,0.0416666666666666
Q14739,catGRANULE,concatenated,Extracellular/Lumenal,,-2.534102843601896
Q14739,PLAAC,concatenated,Extracellular/Lumenal,,0.0006696682464454
Q14739,PScore,concatenated,Extracellular/Lumenal,,0.5058436018957345
Q14739,ESpritz,concatenated,Extracellular/Lumenal,,0.3846289099526066
Q14739,SEG,concatenated,Extracellular/Lumenal,,0.1848341232227488
P29317,catGRANULE,concatenated,Cytoplasmic,,-4.285690760869565
P29317,PLAAC,concatenated,Cytoplasmic,,0.000523923444976
P29317,PScore,concatenated,Cytoplasmic,,-0.1539734939759036
P29317,ESpritz,concatenated,Cytoplasmic,,0.0640311004784689
P29317,SEG,concatenated,Cytoplasmic,,0.0
P29317,catGRANULE,concatenated,Transmembrane,,-2.6286809523809525
P29317,PLAAC,concatenated,Transmembrane,,0.0001047619047619
P29317,PScore,concatenated,Transmembrane,,-1.1707619047619044
P29317,ESpritz,concatenated,Transmembrane,,0.0729523809523809
P29317,SEG,concatenated,Transmembrane,,0.8571428571428571
P29317,catGRANULE,concatenated,Extracellular/Lumenal,,-4.427755058365759
P29317,PLAAC,concatenated,Extracellular/Lumenal,,0.0007046692607003
P29317,PScore,concatenated,Extracellular/Lumenal,,0.6737821011673151
P29317,ESpritz,concatenated,Extracellular/Lumenal,,0.0985805447470817
P29317,SEG,concatenated,Extracellular/Lumenal,,0.0077821011673151
P17948,catGRANULE,concatenated,Cytoplasmic,,-3.3625110236220475
P17948,PLAAC,concatenated,Cytoplasmic,,0.0004586021505376
P17948,PScore,concatenated,Cytoplasmic,,0.1091063063063062
P17948,ESpritz,concatenated,Cytoplasmic,,0.1339035842293906
P17948,SEG,concatenated,Cytoplasmic,,0.0268817204301075
P17948,catGRANULE,concatenated,Transmembrane,,-11.303990909090908
P17948,PLAAC,concatenated,Transmembrane,,1.3636363636363638e-05
P17948,PScore,concatenated,Transmembrane,,-0.9922727272727272
P17948,ESpritz,concatenated,Transmembrane,,0.0439090909090909
P17948,SEG,concatenated,Transmembrane,,0.5454545454545454
P17948,catGRANULE,concatenated,Extracellular/Lumenal,,-5.414669262295082
P17948,PLAAC,concatenated,Extracellular/Lumenal,,0.0006543715846994
P17948,PScore,concatenated,Extracellular/Lumenal,,0.062551912568306
P17948,ESpritz,concatenated,Extracellular/Lumenal,,0.0504433060109289
P17948,SEG,concatenated,Extracellular/Lumenal,,0.0054644808743169
P05556,PLAAC,concatenated,Cytoplasmic,,0.0001553191489361
P05556,PScore,concatenated,Cytoplasmic,,0.1532045454545454
P05556,ESpritz,concatenated,Cytoplasmic,,0.3744468085106382
P05556,SEG,concatenated,Cytoplasmic,,0.1276595744680851
P05556,catGRANULE,concatenated,Transmembrane,,-5.294835
P05556,PLAAC,concatenated,Transmembrane,,3.913043478260869e-05
P05556,PScore,concatenated,Transmembrane,,-1.1871304347826088
P05556,ESpritz,concatenated,Transmembrane,,0.0865826086956521
P05556,SEG,concatenated,Transmembrane,,1.0
P05556,catGRANULE,concatenated,Extracellular/Lumenal,,-2.6286800847457625
P05556,PLAAC,concatenated,Extracellular/Lumenal,,0.000906638418079
P05556,PScore,concatenated,Extracellular/Lumenal,,0.9003587570621469
P05556,ESpritz,concatenated,Extracellular/Lumenal,,0.0864039548022598
P05556,SEG,concatenated,Extracellular/Lumenal,,0.0
P10747,PLAAC,concatenated,Cytoplasmic,,0.0052780487804878
P10747,PScore,concatenated,Cytoplasmic,,1.1781578947368423
P10747,ESpritz,concatenated,Cytoplasmic,,0.3860731707317073
P10747,SEG,concatenated,Cytoplasmic,,0.0
P10747,catGRANULE,concatenated,Transmembrane,,-8.037283333333333
P10747,PLAAC,concatenated,Transmembrane,,4.0740740740740745e-05
P10747,PScore,concatenated,Transmembrane,,-0.2997037037037036
P10747,ESpritz,concatenated,Transmembrane,,0.0845629629629629
P10747,SEG,concatenated,Transmembrane,,0.0
P10747,catGRANULE,concatenated,Extracellular/Lumenal,,-3.3296559701492536
P10747,PLAAC,concatenated,Extracellular/Lumenal,,0.0062582089552238
P10747,PScore,concatenated,Extracellular/Lumenal,,0.5429776119402986
P10747,ESpritz,concatenated,Extracellular/Lumenal,,0.0757649253731343
P10747,SEG,concatenated,Extracellular/Lumenal,,0.0
Q16635,catGRANULE,concatenated,Extracellular/Lumenal,,-3.005139366515837
Q16635,PLAAC,concatenated,Extracellular/Lumenal,,0.0004464730290456
Q16635,PScore,concatenated,Extracellular/Lumenal,,0.0892614107883817
Q16635,ESpritz,concatenated,Extracellular/Lumenal,,0.0847900414937759
Q16635,SEG,concatenated,Extracellular/Lumenal,,0.0
P61073,catGRANULE,concatenated,Cytoplasmic,,-9.005682539682537
P61073,PLAAC,concatenated,Cytoplasmic,,0.0006566371681415
P61073,PScore,concatenated,Cytoplasmic,,-1.2974090909090912
P61073,ESpritz,concatenated,Cytoplasmic,,0.2188115044247787
P61073,SEG,concatenated,Cytoplasmic,,0.1415929203539823
P61073,catGRANULE,concatenated,Transmembrane,,-8.192013513513512
P61073,PLAAC,concatenated,Transmembrane,,0.000152027027027
P61073,PScore,concatenated,Transmembrane,,-0.6678310810810811
P61073,ESpritz,concatenated,Transmembrane,,0.0648202702702702
P61073,SEG,concatenated,Transmembrane,,0.0
P61073,catGRANULE,concatenated,Extracellular/Lumenal,,-5.823427472527473
P61073,PLAAC,concatenated,Extracellular/Lumenal,,0.0003967032967032
P61073,PScore,concatenated,Extracellular/Lumenal,,0.1547912087912088
P61073,ESpritz,concatenated,Extracellular/Lumenal,,0.136476923076923
P61073,SEG,concatenated,Extracellular/Lumenal,,0.0
Q15303,catGRANULE,concatenated,Cytoplasmic,,-4.493386963979418
Q15303,PLAAC,concatenated,Cytoplasmic,,0.0016791469194312
Q15303,PScore,concatenated,Cytoplasmic,,0.1781142857142856
Q15303,ESpritz,concatenated,Cytoplasmic,,0.2098240126382306
Q15303,SEG,concatenated,Cytoplasmic,,0.0268562401263823
Q15303,catGRANULE,concatenated,Transmembrane,,-5.481720833333334
Q15303,PLAAC,concatenated,Transmembrane,,9.166666666666668e-05
Q15303,PScore,concatenated,Transmembrane,,-0.0094583333333333
Q15303,ESpritz,concatenated,Transmembrane,,0.0414374999999999
Q15303,SEG,concatenated,Transmembrane,,0.0
Q15303,catGRANULE,concatenated,Extracellular/Lumenal,,-3.715048722044728
Q15303,PLAAC,concatenated,Extracellular/Lumenal,,0.0005472843450479
Q15303,PScore,concatenated,Extracellular/Lumenal,,0.7733003194888179
Q15303,ESpritz,concatenated,Extracellular/Lumenal,,0.0512546325878594
Q15303,SEG,concatenated,Extracellular/Lumenal,,0.0
O00254,catGRANULE,concatenated,Cytoplasmic,,-10.450542857142857
O00254,PLAAC,concatenated,Cytoplasmic,,0.0003436363636363
O00254,PScore,concatenated,Cytoplasmic,,-0.7754038461538462
O00254,ESpritz,concatenated,Cytoplasmic,,0.0837072727272727
O00254,SEG,concatenated,Cytoplasmic,,0.0
O00254,catGRANULE,concatenated,Transmembrane,,-10.908072262773722
O00254,PLAAC,concatenated,Transmembrane,,0.0003364197530864
O00254,PScore,concatenated,Transmembrane,,-0.3340246913580246
O00254,ESpritz,concatenated,Transmembrane,,0.0533888888888888
O00254,SEG,concatenated,Transmembrane,,0.0
O00254,catGRANULE,concatenated,Extracellular/Lumenal,,-9.986857943925235
O00254,PLAAC,concatenated,Extracellular/Lumenal,,0.0050378151260504
O00254,PScore,concatenated,Extracellular/Lumenal,,-0.0748319327731092
O00254,ESpritz,concatenated,Extracellular/Lumenal,,0.0729546218487394
O00254,SEG,concatenated,Extracellular/Lumenal,,0.0
Q9H3U5,catGRANULE,concatenated,Transmembrane,,-6.443061206896552
Q9H3U5,PLAAC,concatenated,Transmembrane,,0.0007833992094861
Q9H3U5,PScore,concatenated,Transmembrane,,-0.2393083003952568
Q9H3U5,ESpritz,concatenated,Transmembrane,,0.0588604743083003
Q9H3U5,SEG,concatenated,Transmembrane,,0.1225296442687747
Q9Y624,PLAAC,concatenated,Cytoplasmic,,0.00058
Q9Y624,PScore,concatenated,Cytoplasmic,,0.0076216216216216
Q9Y624,ESpritz,concatenated,Cytoplasmic,,0.3589974999999999
Q9Y624,SEG,concatenated,Cytoplasmic,,0.0
Q9Y624,catGRANULE,concatenated,Transmembrane,,-1.0433272727272729
Q9Y624,PLAAC,concatenated,Transmembrane,,2.857142857142857e-05
Q9Y624,PScore,concatenated,Transmembrane,,-0.5326190476190478
Q9Y624,ESpritz,concatenated,Transmembrane,,0.099247619047619
Q9Y624,SEG,concatenated,Transmembrane,,0.7619047619047619
Q9Y624,catGRANULE,concatenated,Extracellular/Lumenal,,-3.688274881516587
Q9Y624,PLAAC,concatenated,Extracellular/Lumenal,,0.0010995260663507
Q9Y624,PScore,concatenated,Extracellular/Lumenal,,1.047658767772512
Q9Y624,ESpritz,concatenated,Extracellular/Lumenal,,0.0797293838862559
Q9Y624,SEG,concatenated,Extracellular/Lumenal,,0.0142180094786729
P31645,catGRANULE,concatenated,Cytoplasmic,,-4.620656069364161
P31645,PLAAC,concatenated,Cytoplasmic,,0.0025418269230769
P31645,PScore,concatenated,Cytoplasmic,,-0.0010439024390243
P31645,ESpritz,concatenated,Cytoplasmic,,0.2170639423076923
P31645,SEG,concatenated,Cytoplasmic,,0.0
P31645,catGRANULE,concatenated,Transmembrane,,-7.079074074074074
P31645,PLAAC,concatenated,Transmembrane,,0.0005755813953488
P31645,PScore,concatenated,Transmembrane,,0.0202480620155038
P31645,ESpritz,concatenated,Transmembrane,,0.0504813953488372
P31645,SEG,concatenated,Transmembrane,,0.0
P31645,catGRANULE,concatenated,Extracellular/Lumenal,,-6.843613414634146
P31645,PLAAC,concatenated,Extracellular/Lumenal,,0.0012914634146341
P31645,PScore,concatenated,Extracellular/Lumenal,,-0.1092865853658536
P31645,ESpritz,concatenated,Extracellular/Lumenal,,0.041455487804878
P31645,SEG,concatenated,Extracellular/Lumenal,,0.0
P49146,catGRANULE,concatenated,Cytoplasmic,,-9.706451612903226
P49146,PLAAC,concatenated,Cytoplasmic,,0.0014098214285714
P49146,PScore,concatenated,Cytoplasmic,,-0.9897798165137616
P49146,ESpritz,concatenated,Cytoplasmic,,0.1346276785714285
P49146,SEG,concatenated,Cytoplasmic,,0.0
P49146,catGRANULE,concatenated,Transmembrane,,-9.228907142857144
P49146,PLAAC,concatenated,Transmembrane,,0.0002516483516483
P49146,PScore,concatenated,Transmembrane,,-0.7510934065934065
P49146,ESpritz,concatenated,Transmembrane,,0.0635247252747252
P49146,SEG,concatenated,Transmembrane,,0.0879120879120879
P49146,catGRANULE,concatenated,Extracellular/Lumenal,,-7.806173563218392
P49146,PLAAC,concatenated,Extracellular/Lumenal,,0.0007919540229885
P49146,PScore,concatenated,Extracellular/Lumenal,,-0.0492758620689655
P49146,ESpritz,concatenated,Extracellular/Lumenal,,0.2521367816091954
P49146,SEG,concatenated,Extracellular/Lumenal,,0.0
P15954,PLAAC,concatenated,Transmembrane,,0.0001629629629629
P15954,ESpritz,concatenated,Transmembrane,,0.5706592592592593
P15954,SEG,concatenated,Transmembrane,,0.0
P15954,PLAAC,concatenated,Extracellular/Lumenal,,0.000265
P15954,ESpritz,concatenated,Extracellular/Lumenal,,0.611065
P15954,SEG,concatenated,Extracellular/Lumenal,,0.0
P13569,catGRANULE,concatenated,Cytoplasmic,,-4.7659087686567165
P13569,PLAAC,concatenated,Cytoplasmic,,0.0017320855614973
P13569,PScore,concatenated,Cytoplasmic,,-0.3477944593386953
P13569,ESpritz,concatenated,Cytoplasmic,,0.1003604278074866
P13569,SEG,concatenated,Cytoplasmic,,0.0
P13569,catGRANULE,concatenated,Transmembrane,,-7.466015019762846
P13569,PLAAC,concatenated,Transmembrane,,0.0002541501976284
P13569,PScore,concatenated,Transmembrane,,-0.3205928853754941
P13569,ESpritz,concatenated,Transmembrane,,0.0445367588932806
P13569,SEG,concatenated,Transmembrane,,0.1699604743083003
P13569,catGRANULE,concatenated,Extracellular/Lumenal,,-7.147034285714287
P13569,PLAAC,concatenated,Extracellular/Lumenal,,0.0032733333333333
P13569,PScore,concatenated,Extracellular/Lumenal,,-0.2229904761904761
P13569,ESpritz,concatenated,Extracellular/Lumenal,,0.0456133333333333
P13569,SEG,concatenated,Extracellular/Lumenal,,0.0666666666666666
Q9BRQ8,catGRANULE,concatenated,Transmembrane,,-3.2351857142857146
Q9BRQ8,PLAAC,concatenated,Transmembrane,,0.0014999999999999
Q9BRQ8,PScore,concatenated,Transmembrane,,-0.5481428571428572
Q9BRQ8,ESpritz,concatenated,Transmembrane,,0.1839666666666666
Q9BRQ8,SEG,concatenated,Transmembrane,,0.6666666666666666
Q03135,catGRANULE,concatenated,Cytoplasmic,,-5.974828301886792
Q03135,PLAAC,concatenated,Cytoplasmic,,0.0006660256410256
Q03135,PScore,concatenated,Cytoplasmic,,-0.5460784313725489
Q03135,ESpritz,concatenated,Cytoplasmic,,0.189676282051282
Q03135,SEG,concatenated,Cytoplasmic,,0.0
Q13021,catGRANULE,concatenated,Transmembrane,,-10.398087755102042
Q13021,PLAAC,concatenated,Transmembrane,,0.000347619047619
Q13021,PScore,concatenated,Transmembrane,,-0.6272048192771085
Q13021,ESpritz,concatenated,Transmembrane,,0.1361738095238095
Q13021,SEG,concatenated,Transmembrane,,0.0833333333333333
