UniProt_ID,whole_len,whole_FCR,whole_NCPR,whole_kappa,whole_hydropathy,cyto_len,cyto_FCR,cyto_NCPR,cyto_kappa,cyto_hydropathy,tm_len,tm_FCR,tm_NCPR,tm_kappa,tm_hydropathy,ecto_len,ecto_FCR,ecto_NCPR,ecto_kappa,ecto_hydropathy,cyto_frac,tm_frac,ecto_frac,n_cyto_seg,n_tm_seg,n_ecto_seg,LCR_frac,log10_Length
A0FGR8,921,0.2399565689467969,0.020629750271444,0.1961689183715298,0.4622994329834712,876.0,0.25,0.0216894977168949,0.196218816473578,0.4511922881785858,42.0,0.0476190476190476,0.0,0.9615695792880256,0.6878306878306879,3.0,0.0,0.0,,0.548148148148148,0.9511400651465798,0.0456026058631921,0.003257328990228,2,2,1,0.0,2.964259630196849
A0FGR9,886,0.2449209932279909,0.0124153498871331,0.2030246463846437,0.4685226987710014,844.0,0.254739336492891,0.0130331753554502,0.2033181504624578,0.4591627172195907,42.0,0.0476190476190476,0.0,0.9615695792880256,0.6566137566137564,,,,,,0.9525959367945824,0.0474040632054176,,2,2,0,0.0,2.9474337218870508
A1KXE4,195,0.0256410256410256,0.0256410256410256,0.2536312961253268,0.4668945868945862,49.0,0.0408163265306122,0.0408163265306122,0.4813318381400739,0.4403628117913831,46.0,0.0,0.0,,0.5707729468599037,100.0,0.03,0.03,0.3122509878952251,0.4321111111111113,0.2512820512820513,0.2358974358974359,0.5128205128205128,2,2,1,0.0,2.290034611362518
A1L3X0,281,0.1565836298932384,0.0427046263345195,0.1760485058040825,0.5280347963621981,66.0,0.3181818181818182,0.2272727272727272,0.1487344258564401,0.3405723905723906,148.0,0.027027027027027,-0.0135135135135135,0.4607811776652159,0.6496246246246246,66.0,0.2878787878787879,-0.0151515151515151,0.168201879063064,0.4400673400673401,0.2348754448398576,0.5266903914590747,0.2348754448398576,4,7,4,0.0,2.44870631990508
A6NH52,213,0.1830985915492957,-0.0046948356807511,0.2798096876969894,0.5426186750130413,,,,,,84.0,0.0357142857142857,0.0119047619047619,0.6382589721066381,0.6910052910052906,,,,,,,0.3943661971830985,,0,4,0,0.0,2.3283796034387376
A6NL88,538,0.1654275092936803,0.0427509293680297,0.1654312935399543,0.4523543990086729,331.0,0.202416918429003,0.0513595166163142,0.1618474094286682,0.4218529707955694,21.0,0.0476190476190476,0.0476190476190476,0.8205641392203221,0.72010582010582,167.0,0.1197604790419161,0.0239520958083832,0.1835066812021641,0.4562208915502335,0.6152416356877324,0.0390334572490706,0.3104089219330855,1,1,1,0.0390334572490706,2.7307822756663893
A8CG34,1229,0.130187144019528,0.0406834825061025,0.2088800619034745,0.460826326733576,,,,,,21.0,0.0,0.0,,0.7402116402116401,,,,,,,0.017087062652563,,0,1,0,0.0,3.089551882886454
I3L0A0,370,0.2,-0.0162162162162162,0.2477001851523277,0.4860960960960968,,,,,,46.0,0.0217391304347826,-0.0217391304347826,0.9999999999999996,0.7120772946859903,,,,,,,0.1243243243243243,,0,2,0,0.0,2.568201724066995
O00254,374,0.1016042780748663,0.0160427807486631,0.2165770361245549,0.56951871657754,55.0,0.2,0.1636363636363636,0.1222119928090217,0.4509090909090909,162.0,0.0246913580246913,0.0,0.438627833499438,0.6938271604938269,119.0,0.1512605042016806,-0.0336134453781512,0.224495262054734,0.4594771241830059,0.1470588235294117,0.4331550802139037,0.3181818181818182,4,7,4,0.0,2.5728716022004803
O00264,195,0.3179487179487179,-0.082051282051282,0.2216051497250229,0.4373789173789165,152.0,0.3684210526315789,-0.0657894736842105,0.2178586537114718,0.3913011695906434,19.0,0.0,0.0,,0.7292397660818714,24.0,0.25,-0.25,0.1500223713646533,0.4981481481481482,0.7794871794871795,0.0974358974358974,0.123076923076923,1,1,1,0.0,2.290034611362518
O00299,241,0.2572614107883817,-0.0331950207468879,0.2525073667142697,0.4684647302904552,,,,,,21.0,0.0952380952380952,0.0952380952380952,0.3161916449094419,0.5999999999999999,,,,,,,0.0871369294605809,,0,1,0,0.0,2.3820170425748683
O00445,386,0.2409326424870466,0.0284974093264248,0.2041945848531588,0.4609671848013815,341.0,0.2609970674486803,0.0381231671554252,0.2049540677220351,0.4538611925708701,21.0,0.0,0.0,,0.6820105820105821,,,,,,0.883419689119171,0.0544041450777202,,1,1,0,0.0,2.586587304671755
O00483,81,0.2222222222222222,0.0493827160493827,0.1464565812912973,0.4577503429355284,,,,,,23.0,0.0434782608695652,0.0434782608695652,0.6755332023371112,0.6753623188405797,44.0,0.3181818181818182,0.0,0.1223681613464678,0.3527777777777778,,0.2839506172839506,0.5432098765432098,0,1,1,0.0,1.9084850188786495
O00519,579,0.1899827288428324,0.003454231433506,0.2048415667423877,0.4979274611398981,520.0,0.2019230769230769,-0.0019230769230769,0.2029875021281428,0.4801709401709393,21.0,0.0,0.0,,0.7275132275132273,,,,,,0.8981001727115717,0.0362694300518134,,2,1,0,0.0,2.762678563727436
O00533,1208,0.2342715231788079,-0.0273178807947019,0.191063392279844,0.4471394407652631,105.0,0.3333333333333333,-0.0666666666666666,0.1910537364715126,0.3801058201058204,21.0,0.0,0.0,,0.8084656084656083,1058.0,0.2306238185255198,-0.0264650283553875,0.1901537516049036,0.4422705314009629,0.0869205298013245,0.0173841059602649,0.8758278145695364,1,1,1,0.0,3.082066934285113
O00767,359,0.2033426183844011,0.0194986072423398,0.1775924584568794,0.4788300835654594,267.0,0.2546816479400749,0.0149812734082397,0.1751538490548981,0.4348730753225132,84.0,0.0357142857142857,0.0357142857142857,0.2896586826306815,0.6287037037037038,8.0,0.25,0.0,0.5,0.3722222222222222,0.7437325905292479,0.233983286908078,0.022284122562674,3,4,2,0.0,2.55509444857832
O14495,311,0.180064308681672,0.045016077170418,0.1742269832149749,0.5115398356555911,93.0,0.2580645161290322,0.1505376344086021,0.2210267285304818,0.3875746714456392,123.0,0.040650406504065,-0.008130081300813,0.4044491139037083,0.6924119241192414,95.0,0.2842105263157894,0.0105263157894736,0.1784162733218651,0.3987134502923978,0.2990353697749196,0.3954983922829582,0.3054662379421222,4,6,3,0.0,2.492760389026837
O14511,850,0.2223529411764706,0.0435294117647058,0.198998270628945,0.4255555555555567,424.0,0.2169811320754717,0.0188679245283018,0.2577536941568676,0.4044811320754708,21.0,0.0,0.0,,0.8211640211640209,294.0,0.2619047619047619,0.0714285714285714,0.1440291714111648,0.4315192743764166,0.4988235294117647,0.0247058823529411,0.3458823529411765,1,1,1,0.0517647058823529,2.929418925714293
O14514,1584,0.2108585858585858,0.0075757575757575,0.1678828821762099,0.4655162738496143,453.0,0.2737306843267108,0.0264900662251655,0.1495996372531629,0.4023301447142521,147.0,0.0204081632653061,-0.0068027210884353,0.8379095570746008,0.7308390022675736,954.0,0.2127882599580712,-0.0031446540880503,0.1791384105235958,0.4503843466107652,0.2859848484848485,0.0928030303030303,0.6022727272727273,4,7,4,0.0265151515151515,3.1997551772534747
O14548,114,0.175438596491228,0.0526315789473684,0.1737980954763996,0.482553606237817,,,,,,26.0,0.0769230769230769,0.0,0.6067796610169492,0.5837606837606837,,,,,,,0.2280701754385964,,0,1,0,0.0,2.0569048513364727
O14763,440,0.2522727272727272,-0.0295454545454545,0.2174513723822539,0.4545959595959588,209.0,0.2870813397129186,-0.0574162679425837,0.2199180949277796,0.4426900584795322,21.0,0.0,0.0,,0.8222222222222221,155.0,0.2516129032258064,-0.0451612903225806,0.2146730481062144,0.4124014336917563,0.475,0.0477272727272727,0.3522727272727273,1,1,1,0.0,2.6434526764861874
O14925,209,0.138755980861244,0.0143540669856459,0.2290425128756838,0.5038277511961725,,,,,,59.0,0.0169491525423728,-0.0169491525423728,0.4298710473393388,0.6299435028248589,,,,,,,0.2822966507177033,,0,3,0,0.0,2.3201462861110542
O14983,1001,0.2357642357642357,-0.0279720279720279,0.1635990476285589,0.5058830058830067,,,,,,204.0,0.1176470588235294,-0.0294117647058823,0.2093253088980341,0.6347494553376899,,,,,,,0.2037962037962038,,0,10,0,0.0,3.000434077479319
O15079,494,0.2489878542510121,-0.0222672064777327,0.2044656097341141,0.4295771479982003,,,,,,20.0,0.05,-0.05,0.8259587020648969,0.7188888888888889,,,,,,,0.0404858299595141,,0,1,0,0.0,2.693726948923647
O15173,223,0.2780269058295964,-0.0448430493273542,0.1953158401394301,0.4451918285999005,,,,,,25.0,0.04,-0.04,1.0,0.7248888888888886,,,,,,,0.1121076233183856,,0,1,0,0.0,2.3483048630481607
O15247,247,0.2955465587044534,-0.020242914979757,0.1743301235780792,0.4424651372019799,,,,,,21.0,0.1428571428571428,0.1428571428571428,0.2541482434821824,0.6021164021164019,,,,,,,0.0850202429149797,,0,1,0,0.0,2.392696953259666
O15270,562,0.2348754448398576,0.0035587188612099,0.2074559340146128,0.4781336496639002,,,,,,21.0,0.0,0.0,,0.680952380952381,,,,,,,0.0373665480427046,,0,1,0,0.0,2.749736315569061
O15394,837,0.2461170848267622,-0.02389486260454,0.128219480700971,0.4542413381123045,119.0,0.3697478991596639,-0.0672268907563025,0.1158799229687616,0.3974789915966382,21.0,0.0,0.0,,0.7952380952380951,678.0,0.2389380530973451,-0.0176991150442477,0.1326789172556517,0.4476892822025565,0.1421744324970131,0.025089605734767,0.8100358422939068,1,1,1,0.0,2.92272545799326
O15399,1336,0.1901197604790419,0.0089820359281437,0.1958783795689317,0.478634397870918,506.0,0.1857707509881423,0.0395256916996047,0.2310366229966462,0.4263724198506815,67.0,0.0298507462686567,0.0,0.6847161572052402,0.7058043117744609,724.0,0.2113259668508287,-0.0179558011049723,0.1678268412876701,0.4890730509515048,0.3787425149700599,0.0501497005988023,0.5419161676646707,3,3,2,0.0194610778443113,3.125806458139527
O15400,261,0.2605363984674329,-0.0229885057471264,0.1902098541511436,0.4299276287782032,237.0,0.2869198312236287,-0.0253164556962025,0.1865931866823924,0.3941865916549466,21.0,0.0,0.0,,0.8486772486772489,,,,,,0.9080459770114944,0.0804597701149425,,1,1,0,0.0,2.416640507338281
O15533,448,0.1584821428571428,-0.0066964285714285,0.2224414084664823,0.497271825396828,13.0,0.4615384615384615,0.1538461538461538,0.1317836449408821,0.3452991452991453,21.0,0.0476190476190476,0.0476190476190476,1.0,0.7095238095238094,394.0,0.1598984771573604,-0.0177664974619289,0.2363022176397539,0.481049069373942,0.0290178571428571,0.046875,0.8794642857142857,1,1,1,0.0,2.651278013998144
O43306,1168,0.2037671232876712,0.0102739726027397,0.1746275227421236,0.5031868340943677,774.0,0.268733850129199,0.0077519379844961,0.1695988893222218,0.4420470858455329,205.0,0.0,0.0,,0.7623848238482408,60.0,0.1,-0.0333333333333333,0.3683254747037084,0.5062962962962961,0.6626712328767124,0.175513698630137,0.0513698630136986,3,12,1,0.0,3.0674428427763805
O43497,2377,0.203618005889777,-0.0126209507782919,0.2122164552908423,0.4857850698826668,1419.0,0.237491190979563,-0.0133897110641296,0.2143759803279193,0.42516639260825,530.0,0.1018867924528302,0.0226415094339622,0.220274216982768,0.6720545073375264,428.0,0.2172897196261682,-0.0537383177570093,0.1876592611892694,0.456100726895119,0.5969709718132099,0.2229701304164913,0.1800588977702987,13,24,12,0.0113588557004627,3.3760291817281805
O43526,872,0.2282110091743119,0.0332568807339449,0.1848736445287793,0.4602956167176348,678.0,0.2507374631268436,0.0412979351032448,0.1905416091599334,0.4248607014093739,137.0,0.1167883211678832,0.0437956204379562,0.2256627513610442,0.6498783454987836,44.0,0.2727272727272727,-0.0909090909090909,0.0973630171424083,0.3762626262626263,0.7775229357798165,0.1571100917431192,0.0504587155963302,4,6,4,0.0,2.940516484932567
O43561,262,0.1984732824427481,-0.099236641221374,0.3003669168592212,0.4526717557251907,235.0,0.2127659574468085,-0.102127659574468,0.3070492387649309,0.4182505910165487,23.0,0.0,0.0,,0.8120772946859902,4.0,0.5,-0.5,,0.4083333333333333,0.8969465648854962,0.0877862595419847,0.015267175572519,1,1,1,0.0,2.418301291319745
O43581,403,0.2704714640198511,0.032258064516129,0.1585935103038976,0.4452715743038319,366.0,0.2841530054644808,0.0382513661202185,0.1628569355581923,0.429720704310869,21.0,0.0,0.0,,0.7820105820105817,,,,,,0.9081885856079404,0.0521091811414392,,1,1,0,0.0,2.6053050461411096
O60313,960,0.3041666666666666,0.0020833333333333,0.167375622349316,0.4351504629629608,,,,,,17.0,0.1176470588235294,0.1176470588235294,0.807365299531482,0.6052287581699348,836.0,0.3181818181818182,-0.0263157894736842,0.1541948111702342,0.4328681552365769,,0.0177083333333333,0.8708333333333333,0,1,2,0.0,2.9822712330395684
O60488,711,0.2320675105485232,0.0154711673699015,0.1722904787108923,0.4784497577746524,683.0,0.2386530014641288,0.0131771595900439,0.1725928193385038,0.4689930047177499,21.0,0.0,0.0,,0.766137566137566,,,,,,0.960618846694796,0.0295358649789029,,1,1,0,0.0,2.851869600729766
O60500,1241,0.1974214343271555,-0.0265914585012087,0.1912731910607711,0.4727101799623968,166.0,0.2951807228915662,-0.1265060240963855,0.2173659432177355,0.3897590361445784,21.0,0.0,0.0,,0.6851851851851851,1032.0,0.187984496124031,-0.0116279069767441,0.1821754248990055,0.4779823428079252,0.1337630942788074,0.0169218372280419,0.8315874294923449,1,1,1,0.0,3.09377178149873
O60733,806,0.2096774193548387,-0.0037220843672456,0.1607733225431004,0.4754618141714916,,,,,,42.0,0.0714285714285714,-0.0238095238095238,0.5803968347370684,0.674867724867725,,,,,,,0.0521091811414392,,0,2,0,0.0,2.906335041805091
O75051,1894,0.2069693769799366,-0.013727560718057,0.1532313427751433,0.479836911885487,636.0,0.2672955974842767,-0.0062893081761006,0.1526373042989621,0.4534067085953891,21.0,0.0,0.0,,0.8296296296296295,1203.0,0.1787198669991687,-0.0191188694929343,0.1554612433534509,0.4861826914196025,0.3357972544878564,0.0110876451953537,0.6351636747624076,1,1,1,0.0,3.2773799746672547
O75077,832,0.2139423076923076,0.0048076923076923,0.2089869834793867,0.4472222222222252,19.0,0.3157894736842105,0.2105263157894736,0.6035191436966848,0.347953216374269,21.0,0.0,0.0,,0.7433862433862432,506.0,0.2272727272727272,-0.0098814229249011,0.1867459834925347,0.4415458937198087,0.0228365384615384,0.0252403846153846,0.6081730769230769,1,1,1,0.0,2.920123326290724
O75396,215,0.2372093023255814,0.013953488372093,0.25120761453594,0.4797932816537464,193.0,0.2538860103626943,0.005181347150259,0.2543312249612842,0.4525618883131841,21.0,0.0952380952380952,0.0952380952380952,0.3286339836516398,0.719047619047619,,,,,,0.8976744186046511,0.0976744186046511,,1,1,0,0.0,2.3324384599156054
O75445,5202,0.1658977316416763,-0.0074971164936562,0.1718203178525666,0.4707334785766136,139.0,0.237410071942446,0.0215827338129496,0.1963178786410781,0.4274180655475622,21.0,0.0,0.0,,0.8407407407407408,5011.0,0.165436040710437,-0.008181999600878,0.170937156379796,0.4692299164061311,0.0267204921184159,0.0040369088811995,0.9632833525567088,1,1,1,0.0,3.716170347859854
O75460,977,0.2282497441146366,-0.0194472876151484,0.1589946100007444,0.4617536676902075,513.0,0.2417153996101364,-0.0194931773879142,0.1661068579924196,0.4437730127788599,21.0,0.0,0.0,,0.7312169312169312,425.0,0.228235294117647,-0.0258823529411764,0.1517893941568021,0.4621960784313729,0.5250767656090072,0.0214943705220061,0.4350051177072671,1,1,1,0.0,2.989894563718773
O75477,348,0.2557471264367816,0.0028735632183908,0.140403385185407,0.4698595146871011,7.0,0.1428571428571428,0.1428571428571428,1.0,0.3952380952380952,21.0,0.0476190476190476,0.0476190476190476,0.5598394457579589,0.7486772486772488,320.0,0.271875,-0.003125,0.1390231626128531,0.4531944444444436,0.0201149425287356,0.0603448275862069,0.9195402298850576,1,1,1,0.0,2.5415792439465807
O75581,1613,0.2256664600123992,-0.0359578425294482,0.1563201012162651,0.4620789419301488,220.0,0.15,-0.0045454545454545,0.231925222772673,0.4144444444444445,23.0,0.0,0.0,,0.6855072463768115,1351.0,0.2435233160621761,-0.0436713545521835,0.1497719969880201,0.4629081338925966,0.1363918164910105,0.0142591444513329,0.8375697458152511,1,1,1,0.0,3.2076343673889616
O75746,678,0.1991150442477876,0.0073746312684365,0.1622164758831368,0.4977548344804978,,,,,,110.0,0.0727272727272727,0.0363636363636363,0.2058078229036236,0.5928282828282828,450.0,0.2133333333333333,-0.0177777777777777,0.1589938600112287,0.4776049382716043,,0.1622418879056047,0.6637168141592921,0,6,4,0.0,2.831229693867064
O75880,301,0.26578073089701,0.0199335548172757,0.1823841031415615,0.4509413067552608,,,,,,19.0,0.0526315789473684,0.0526315789473684,0.8322152738298273,0.6538011695906433,190.0,0.3210526315789473,-0.0263157894736842,0.1830483090755485,0.4305263157894732,,0.0631229235880398,0.6312292358803987,0,1,1,0.0,2.478566495593844
O75899,941,0.1987247608926673,0.0159404888416578,0.1803244757601234,0.4833628527571137,259.0,0.2471042471042471,0.0463320463320463,0.1974360733443298,0.407164307164306,147.0,0.0272108843537414,0.0,0.5509005894554274,0.7174603174603172,494.0,0.2368421052631578,0.0020242914979757,0.1717505611004607,0.4497750787224468,0.2752391073326248,0.1562167906482465,0.5249734325185972,4,7,4,0.0,2.973589623427257
O76024,890,0.2112359550561797,0.0067415730337078,0.2032602835317083,0.5057553058676645,,,,,,231.0,0.0389610389610389,-0.0043290043290043,0.2527411027130311,0.6945646945646943,217.0,0.2534562211981567,0.0230414746543778,0.1592412139733339,0.4578084997439834,,0.2595505617977528,0.2438202247191011,0,11,1,0.0,2.949390006644913
O76095,146,0.2397260273972602,0.0342465753424657,0.1577662111246662,0.4987823439878238,20.0,0.5,0.2,0.0734942019121205,0.3394444444444444,21.0,0.0952380952380952,0.0,0.1843462246777163,0.753968253968254,75.0,0.2666666666666666,-0.0266666666666666,0.1881638694454745,0.4448888888888887,0.136986301369863,0.1438356164383561,0.5136986301369864,1,1,1,0.0,2.164352855784437
O94766,335,0.226865671641791,0.0059701492537313,0.1515027997859926,0.4707794361525712,7.0,0.4285714285714285,0.4285714285714285,0.4467038373237129,0.4095238095238096,21.0,0.0,0.0,,0.7285714285714285,307.0,0.2377850162866449,-0.003257328990228,0.1452244389359751,0.454542164314151,0.0208955223880597,0.0626865671641791,0.9164179104477612,1,1,1,0.0,2.525044807036845
O94826,608,0.2746710526315789,-0.0016447368421052,0.1493375074296608,0.4393092105263171,549.0,0.2987249544626594,-0.0036429872495446,0.1488012485588139,0.4236187006678819,21.0,0.0,0.0,,0.6645502645502646,37.0,0.081081081081081,0.027027027027027,0.2172791366654704,0.536936936936937,0.9029605263157896,0.0345394736842105,0.0608552631578947,1,1,1,0.0,2.783903579272735
O94856,1347,0.2212323682256867,-0.005939123979213,0.1809882128245704,0.4413758970551883,109.0,0.3577981651376147,-0.1192660550458715,0.1986182918952574,0.3515800203873594,21.0,0.0,0.0,,0.8671957671957673,1193.0,0.2162615255658005,0.0033528918692372,0.1740656739977722,0.4392754028127041,0.080920564216778,0.0155902004454342,0.8856718634001485,1,1,1,0.0267260579064587,3.1293675957229854
O94901,785,0.2038216560509554,-0.0076433121019108,0.1886050359730475,0.4691012031139396,,,,,,20.0,0.05,0.05,0.6991150442477877,0.7811111111111111,765.0,0.2078431372549019,-0.0091503267973856,0.18958583524514,0.4609440813362413,,0.0254777070063694,0.9745222929936306,0,1,2,0.0,2.8948696567452528
O94905,339,0.2536873156342183,-0.023598820058997,0.1493714000417382,0.4819403474270736,3.0,0.0,0.0,,0.5074074074074073,21.0,0.0,0.0,,0.6984126984126984,315.0,0.273015873015873,-0.0253968253968253,0.1483817336917632,0.467266313932981,0.0088495575221238,0.0619469026548672,0.9292035398230089,1,1,1,0.0,2.530199698203082
O94910,1474,0.1899592944369063,-0.0081411126187245,0.1617471994590201,0.4745439469320044,442.0,0.2036199095022624,-0.004524886877828,0.1982878692282225,0.4280794369029651,147.0,0.0204081632653061,-0.0068027210884353,0.642466211337049,0.7170823885109597,861.0,0.2160278745644599,-0.0116144018583042,0.1456923269872592,0.4524454768357173,0.2998643147896879,0.0997286295793758,0.5841248303934871,4,7,4,0.0,3.1684974835230326
O95139,128,0.2890625,0.0546875,0.1543879592584743,0.4225694444444447,,,,,,19.0,0.0,0.0,,0.6672514619883041,,,,,,,0.1484375,,0,1,0,0.0,2.1072099696478683
O95140,757,0.249669749009247,-0.0066050198150594,0.1799160663936624,0.4638925583443407,714.0,0.2605042016806723,-0.011204481792717,0.1794625531744718,0.4542483660130714,42.0,0.0714285714285714,0.0714285714285714,0.2983547823947291,0.6293650793650795,,,,,,0.9431968295904888,0.0554821664464993,,2,2,0,0.0,2.8790958795000727
O95169,186,0.2258064516129032,-0.010752688172043,0.1372030598084268,0.4213859020310635,,,,,,21.0,0.0476190476190476,-0.0476190476190476,1.0,0.6830687830687828,,,,,,,0.1129032258064516,,0,1,0,0.0,2.2695129442179165
O95197,1032,0.251937984496124,-0.0542635658914728,0.1381979222915044,0.4561584840654611,965.0,0.2642487046632124,-0.0549222797927461,0.1361358105856034,0.436960276338516,,,,,,,,,,,0.935077519379845,,,4,0,0,0.0,3.013679697291193
O95202,739,0.3098782138024357,-0.006765899864682,0.1355654454117751,0.4513155916403537,,,,,,21.0,0.0476190476190476,-0.0476190476190476,1.0,0.7708994708994709,93.0,0.3440860215053763,0.086021505376344,0.1249374527448027,0.4384707287933093,,0.0284167794316644,0.1258457374830852,0,1,1,0.0,2.868644438394825
O95292,243,0.2880658436213992,0.0,0.1634339044702719,0.4577960676726111,221.0,0.3076923076923077,-0.0090497737556561,0.1635811612646862,0.42559074912016,21.0,0.0952380952380952,0.0952380952380952,0.3312132229104761,0.7846560846560845,,,,,,0.9094650205761317,0.0864197530864197,,1,1,0,0.0,2.385606273598312
O95573,720,0.225,0.0138888888888888,0.2052190188928645,0.4794753086419768,679.0,0.2341678939617084,0.0103092783505154,0.2042509132613626,0.4750122729504158,21.0,0.0,0.0,,0.7063492063492063,,,,,,0.9430555555555556,0.0291666666666666,,1,1,0,0.0,2.8573324964312685
O95833,236,0.2627118644067797,-0.0169491525423728,0.1631230640372998,0.4640301318267416,,,,,,21.0,0.0952380952380952,0.0952380952380952,0.3161916449094419,0.6312169312169311,,,,,,,0.0889830508474576,,0,1,0,0.0,2.3729120029701067
O95870,558,0.2043010752688172,0.007168458781362,0.2042751237483782,0.4730386300278791,445.0,0.2157303370786517,0.0,0.2185525667835715,0.4613982521847692,42.0,0.0,0.0,,0.6746031746031748,,,,,,0.7974910394265233,0.075268817204301,,1,2,0,0.0,2.7466341989375787
O96005,669,0.1973094170403587,-0.014947683109118,0.2077319592412191,0.4794552399933558,201.0,0.2537313432835821,0.0049751243781094,0.1287438751724534,0.4510779436152575,105.0,0.0476190476190476,0.0095238095238095,0.4449407822708042,0.6880423280423281,362.0,0.2099447513812154,-0.0331491712707182,0.2733387719789139,0.4340699815837936,0.3004484304932735,0.1569506726457399,0.5411061285500748,3,5,3,0.0,2.8254261177678237
O96008,361,0.1357340720221606,-0.002770083102493,0.1928310839072801,0.4890427823945836,134.0,0.1417910447761194,-0.0074626865671641,0.2795682250388003,0.4290215588723048,137.0,0.0948905109489051,-0.0072992700729927,0.3150785663745997,0.5637469586374697,66.0,0.1515151515151515,0.0303030303030303,0.2894561717424627,0.4824915824915824,0.371191135734072,0.3795013850415512,0.1828254847645429,10,19,10,0.0692520775623268,2.5575072019056577
O96011,259,0.1969111969111969,0.0579150579150579,0.1711229138670628,0.5071643071643057,,,,,,23.0,0.0,0.0,,0.7106280193236715,,,,,,,0.0888030888030888,,0,1,0,0.0,2.413299764081252
P00403,227,0.1409691629955947,-0.052863436123348,0.1983646869050511,0.5511502692119434,,,,,,59.0,0.1016949152542373,-0.0677966101694915,0.3826386607117941,0.6779661016949151,154.0,0.1558441558441558,-0.0519480519480519,0.1884853448530775,0.5126984126984128,,0.2599118942731278,0.6784140969162996,0,2,2,0.0,2.3560258571931225
P00533,1210,0.2181818181818181,-0.0099173553719008,0.179299311175632,0.4648852157943095,542.0,0.2398523985239852,-0.018450184501845,0.181059276365352,0.4519065190651877,23.0,0.0,0.0,,0.7797101449275361,621.0,0.2125603864734299,-0.0064412238325281,0.1759897316815542,0.4591697978171382,0.4479338842975207,0.0190082644628099,0.5132231404958678,1,1,1,0.0,3.0827853703164503
P01133,1207,0.2170671085335542,-0.0298260149130074,0.1737833483891754,0.4662340053392273,154.0,0.2207792207792207,-0.0259740259740259,0.177636254782019,0.3909090909090912,21.0,0.0,0.0,,0.8439153439153438,1010.0,0.2247524752475247,-0.0326732673267326,0.1748636625633161,0.4642574257425718,0.1275890637945319,0.0173985086992543,0.8367854183927091,1,1,1,0.0,3.081707270097349
P01857,399,0.1904761904761904,-0.0050125313283208,0.1710048167209291,0.4700083542188805,28.0,0.2142857142857142,0.0714285714285714,0.1442176334594367,0.5011904761904761,21.0,0.0,0.0,,0.7280423280423279,350.0,0.2,-0.0114285714285714,0.1729067240585503,0.4520317460317472,0.0701754385964912,0.0526315789473684,0.8771929824561403,1,1,1,0.0,2.6009728956867484
P01871,474,0.1919831223628691,-0.0147679324894514,0.1851509831769115,0.4706047819971877,3.0,0.6666666666666666,0.6666666666666666,,0.3666666666666667,21.0,0.0,0.0,,0.703174603174603,450.0,0.1977777777777777,-0.02,0.1862597532039596,0.4604444444444435,0.0063291139240506,0.0443037974683544,0.9493670886075948,1,1,1,0.0,2.675778341674085
P01876,398,0.1507537688442211,-0.0201005025125628,0.1554945788629238,0.4766331658291462,15.0,0.2,0.0666666666666666,0.2184994771697455,0.3274074074074075,19.0,0.0,0.0,,0.7105263157894737,364.0,0.1565934065934066,-0.0247252747252747,0.1586594819417206,0.4705738705738693,0.0376884422110552,0.0477386934673366,0.914572864321608,1,1,1,0.0,2.599883072073688
P01889,362,0.2458563535911602,-0.0248618784530386,0.1480347244252404,0.4377839165131981,29.0,0.1724137931034483,0.0344827586206896,0.3538735264485761,0.4272030651340995,24.0,0.0416666666666666,0.0416666666666666,0.3922050186865989,0.7763888888888888,285.0,0.2842105263157894,-0.0385964912280701,0.1317938169852872,0.391695906432748,0.080110497237569,0.0662983425414364,0.787292817679558,1,1,1,0.0,2.558708570533166
P02708,457,0.1838074398249453,-0.0175054704595186,0.1737239652089993,0.5216387065402406,121.0,0.2644628099173554,0.0,0.1574183568466954,0.4309458218549126,84.0,0.0119047619047619,-0.0119047619047619,0.9999999999999992,0.7642857142857141,232.0,0.2155172413793103,-0.0258620689655172,0.1928421153379372,0.46867816091954,0.2647702407002188,0.1838074398249453,0.5076586433260394,2,4,3,0.0,2.6599162000698504
P02730,911,0.1975850713501646,-0.0351262349066959,0.2174822776362413,0.5236980119526777,548.0,0.2664233576642336,-0.0583941605839416,0.2209397702385719,0.4549675587996767,246.0,0.0691056910569105,-0.0121951219512195,0.2856244909012757,0.6847786811201452,86.0,0.1860465116279069,0.0232558139534883,0.1384229589338664,0.4316537467700257,0.601536772777168,0.270032930845225,0.0944017563117453,8,12,4,0.0,2.9595183769729982
P04439,365,0.2356164383561644,-0.021917808219178,0.1627921171817328,0.4445966514459672,33.0,0.2727272727272727,0.0909090909090909,0.1256371867728528,0.3952861952861953,24.0,0.0,0.0,,0.7675925925925926,284.0,0.2676056338028169,-0.0422535211267605,0.1552545656374238,0.4066901408450709,0.0904109589041095,0.0657534246575342,0.7780821917808219,1,1,1,0.0,2.562292864456474
P04626,1255,0.200796812749004,-0.0254980079681274,0.2035395229442722,0.4725011066843743,580.0,0.2396551724137931,-0.0258620689655172,0.2115393511080506,0.4513409961685817,23.0,0.0,0.0,,0.8328502415458937,630.0,0.1761904761904762,-0.0269841269841269,0.1929570443782244,0.473227513227514,0.4621513944223107,0.0183266932270916,0.50199203187251,1,1,1,0.0,3.098643725817057
P04629,796,0.185929648241206,-0.0150753768844221,0.1634727940505553,0.4896147403685092,357.0,0.2184873949579832,0.0056022408963585,0.1494302285752622,0.4791783380018666,16.0,0.0,0.0,,0.813888888888889,391.0,0.1713554987212276,-0.0434782608695652,0.1693280232279141,0.482608695652175,0.4484924623115578,0.0201005025125628,0.4912060301507537,1,1,1,0.0,2.900913067737669
P04843,607,0.2454695222405271,-0.0181219110378912,0.1708581279886297,0.4768625297455625,150.0,0.34,0.02,0.1290535721495343,0.447777777777778,19.0,0.0,0.0,,0.7853801169590644,415.0,0.2337349397590361,-0.0313253012048192,0.1943184391763127,0.4653815261044188,0.2471169686985173,0.0313014827018121,0.6836902800658978,1,1,1,0.0,2.783188691075257
P04844,631,0.179080824088748,-0.0269413629160063,0.1654391767169316,0.5089980630392664,24.0,0.1666666666666666,0.1666666666666666,0.2611694382711318,0.4439814814814815,63.0,0.0158730158730158,0.0158730158730158,0.999999999999998,0.6611992945326277,522.0,0.2068965517241379,-0.0421455938697318,0.1589409095748319,0.4881438910174538,0.0380348652931854,0.0998415213946117,0.8272583201267829,2,3,2,0.0,2.8000293592441343
P05023,1023,0.2218963831867057,-0.0224828934506353,0.1753588878281517,0.5012490496361466,713.0,0.2636746143057503,-0.0168302945301542,0.1686955031603984,0.4578463456443817,224.0,0.0892857142857142,-0.0178571428571428,0.2331914874538404,0.649652777777778,86.0,0.2209302325581395,-0.0813953488372093,0.2210917364470848,0.4745478036175708,0.696969696969697,0.2189638318670576,0.0840664711632453,6,10,5,0.0,3.00987563371216
P05026,303,0.2838283828382838,0.0198019801980198,0.1081192462965123,0.435790245691235,34.0,0.3823529411764705,0.1470588235294117,0.1227918964288577,0.3712418300653595,28.0,0.0,0.0,,0.7361111111111109,241.0,0.3029045643153527,0.0041493775933609,0.1057199297086056,0.4100046104195472,0.1122112211221122,0.0924092409240924,0.7953795379537953,1,1,1,0.0,2.481442628502305
P05067,770,0.2857142857142857,-0.0831168831168831,0.2417683981287516,0.4351226551226568,48.0,0.25,0.0,0.2571190629701267,0.3789351851851854,21.0,0.0,0.0,,0.8084656084656083,684.0,0.3026315789473684,-0.0950292397660818,0.2403022266857808,0.4218323586744622,0.0623376623376623,0.0272727272727272,0.8883116883116883,1,1,1,0.0,2.886490725172482
P05141,298,0.2114093959731543,0.0570469798657718,0.1113942095309139,0.5057419835943326,,,,,,136.0,0.1102941176470588,0.0514705882352941,0.1123546278111061,0.581127450980391,34.0,0.2941176470588235,0.0,0.1209705676243868,0.4222222222222222,,0.4563758389261745,0.1140939597315436,0,6,4,0.0,2.4742162640762557
P05556,798,0.2393483709273182,-0.0238095238095238,0.1656085447778461,0.4551656920077985,47.0,0.3617021276595745,0.0638297872340425,0.0594011969561451,0.4047281323877069,23.0,0.0,0.0,,0.8115942028985507,708.0,0.2457627118644068,-0.0310734463276836,0.1728040556597548,0.4405994978028887,0.0588972431077694,0.0288220551378446,0.8872180451127819,1,1,1,0.0,2.9020028913507296
P07333,972,0.184156378600823,-0.0174897119341563,0.183194147494395,0.4769204389574754,434.0,0.2258064516129032,-0.0184331797235023,0.1659884180384326,0.4528673835125432,21.0,0.0,0.0,,0.8328042328042327,498.0,0.1626506024096385,-0.0180722891566265,0.2061940603388029,0.4772199910754114,0.4465020576131687,0.0216049382716049,0.5123456790123457,1,1,1,0.0,2.987666264926274
P07550,413,0.1646489104116222,-0.0048426150121065,0.1688741188290282,0.5188861985472157,175.0,0.2742857142857143,0.0342857142857142,0.1763636036937159,0.4012698412698415,170.0,0.0470588235294117,-0.0235294117647058,0.1925716775072387,0.685816993464052,68.0,0.1764705882352941,-0.0588235294117647,0.1759555877476664,0.4042483660130719,0.423728813559322,0.4116222760290557,0.1646489104116222,4,7,4,0.0,2.615950051656401
P07766,207,0.2367149758454106,-0.0048309178743961,0.2612746597136812,0.4402039720880302,55.0,0.3454545454545454,0.2,0.1925842865152659,0.3145454545454547,26.0,0.0384615384615384,-0.0384615384615384,0.9999999999999994,0.7119658119658118,104.0,0.2692307692307692,-0.1153846153846153,0.2089489834732751,0.4134615384615381,0.2657004830917874,0.1256038647342995,0.5024154589371981,1,1,1,0.0,2.315970345456918
P07949,1114,0.2271095152603231,-0.0098743267504488,0.1775741684726974,0.4724316776381381,457.0,0.24945295404814,-0.0043763676148796,0.1687315336439868,0.4498419645027983,22.0,0.0,0.0,,0.7863636363636363,607.0,0.2240527182866556,-0.0197693574958813,0.1883539686268495,0.4694856306058949,0.4102333931777379,0.0197486535008976,0.5448833034111311,1,1,1,0.018850987432675,3.04688519083771
P08172,466,0.1652360515021459,0.0278969957081545,0.2142057306938377,0.5079637577491635,239.0,0.2845188284518828,0.0753138075313807,0.2012530023762652,0.3849837284983732,173.0,0.0231213872832369,-0.0231213872832369,0.2555244202968089,0.6828516377649335,54.0,0.0925925925925925,-0.0185185185185185,0.6373769613333681,0.4919753086419752,0.5128755364806867,0.371244635193133,0.1158798283261802,4,7,4,0.0,2.66838591669
P08195,529,0.219281663516068,-0.0264650283553875,0.1631594256562658,0.481999579920185,82.0,0.3048780487804878,-0.0609756097560975,0.2266956013927002,0.4546070460704609,21.0,0.0,0.0,,0.7830687830687829,425.0,0.2141176470588235,-0.0211764705882352,0.1481088957296616,0.4718692810457523,0.1550094517958412,0.0396975425330812,0.8034026465028355,1,1,1,0.0,2.7234556720351857
P08247,313,0.1501597444089457,-0.0287539936102236,0.1488454521027102,0.494497692580759,122.0,0.1557377049180328,-0.0245901639344262,0.1385599635675861,0.3990892531876139,96.0,0.0208333333333333,0.0,0.961895294897283,0.6552083333333331,,,,,,0.389776357827476,0.3067092651757188,,3,4,0,0.0,2.4955443375464483
P08574,325,0.203076923076923,0.0246153846153846,0.2717300723731465,0.4847179487179492,,,,,,34.0,0.2647058823529412,0.2058823529411764,0.2787135972893982,0.4980392156862747,197.0,0.2182741116751269,-0.065989847715736,0.220212679700094,0.4599548787366047,,0.1046153846153846,0.6061538461538462,0,1,1,0.0,2.5118833609788744
P08575,1306,0.2350689127105666,-0.0237366003062787,0.1767383426385153,0.4340905223753593,708.0,0.2838983050847458,-0.0240112994350282,0.2018116295390355,0.4166666666666673,21.0,0.0,0.0,,0.8423280423280423,552.0,0.1865942028985507,-0.0235507246376811,0.1284556607744671,0.431884057971015,0.5421133231240429,0.0160796324655436,0.4226646248085758,1,1,1,0.0,3.115943176939055
P08908,422,0.1777251184834123,0.0308056872037914,0.1870618852196239,0.5216956292785674,183.0,0.3224043715846995,0.1147540983606557,0.1966203253800686,0.4044930176077719,165.0,0.0181818181818181,-0.0181818181818181,0.373380420579637,0.6917171717171716,74.0,0.1756756756756756,-0.0675675675675675,0.1247349743527683,0.4324324324324324,0.433649289099526,0.3909952606635071,0.1753554502369668,4,7,4,0.0,2.625312450961674
P08F94,4074,0.1669121256750122,-0.0132547864506627,0.1929267300289494,0.4978126875034046,195.0,0.241025641025641,0.0358974358974358,0.2181516380269317,0.4059829059829052,21.0,0.0,0.0,,0.7312169312169312,3835.0,0.1645371577574967,-0.0159061277705345,0.1911623722841028,0.5001419672606003,0.0478645066273932,0.0051546391752577,0.9413352970054,1,1,1,0.0,3.610021024664145
P09619,1106,0.2233273056057866,-0.0515370705244122,0.1828965834555462,0.4762407072533656,553.0,0.2314647377938517,-0.050632911392405,0.1888999425583823,0.4569218404661435,21.0,0.0,0.0,,0.8629629629629632,500.0,0.23,-0.058,0.1829846567678167,0.4733333333333342,0.5,0.0189873417721519,0.4520795660036166,1,1,1,0.0,3.04375512696868
P09669,75,0.3066666666666666,0.12,0.19295935378472,0.469925925925926,,,,,,41.0,0.2682926829268293,0.1707317073170731,0.257135988074489,0.5089430894308944,21.0,0.3809523809523809,0.0,0.1359666507781206,0.4174603174603174,,0.5466666666666666,0.28,0,1,1,0.0,1.8750612633917
P10321,366,0.2377049180327868,-0.0191256830601092,0.1695737269090514,0.4405282331511848,33.0,0.2121212121212121,0.0909090909090909,0.3282381757367812,0.4181818181818182,25.0,0.0,0.0,,0.7862222222222223,284.0,0.2711267605633803,-0.0387323943661971,0.1518841747373119,0.3983568075117376,0.0901639344262295,0.0683060109289617,0.7759562841530054,1,1,1,0.0,2.5634810853944106
P10415,239,0.1799163179916318,-0.00418410041841,0.1703769222691831,0.4848907484890745,,,,,,22.0,0.0454545454545454,0.0454545454545454,0.9999999999999996,0.6757575757575757,,,,,,,0.0920502092050209,,0,1,0,0.0,2.378397900948137
P10586,1907,0.2223387519664394,-0.0125852123754588,0.1900174573799873,0.4590922332925443,623.0,0.2359550561797752,-0.0016051364365971,0.1601940779478813,0.4468521490993387,21.0,0.0,0.0,,0.8518518518518517,1234.0,0.2228525121555915,-0.0186385737439222,0.2031449664670132,0.4553574644336419,0.3266911379129523,0.0110120608285264,0.6470896696381752,1,1,1,0.0,3.280350693046006
P10721,976,0.2223360655737705,-0.0051229508196721,0.1571066707681896,0.4721653005464487,431.0,0.2343387470997679,-0.0023201856148491,0.1820159967632698,0.4710750193348797,21.0,0.0,0.0,,0.7989417989417988,499.0,0.2244488977955911,-0.0120240480961923,0.1376081640248398,0.454152749944333,0.4415983606557377,0.0215163934426229,0.5112704918032787,1,1,1,0.0,2.989449817666692
P10747,220,0.1636363636363636,0.0545454545454545,0.1897566268242841,0.4938383838383836,41.0,0.2926829268292683,0.1951219512195122,0.2197435744946417,0.3254742547425474,27.0,0.0,0.0,,0.7753086419753084,134.0,0.1716417910447761,0.0223880597014925,0.1483124429915571,0.4687396351575453,0.1863636363636363,0.1227272727272727,0.6090909090909091,1,1,1,0.0,2.342422680822206
P11166,492,0.1382113821138211,0.0121951219512195,0.1680255912225446,0.5593495934959338,151.0,0.3245033112582781,0.0463576158940397,0.1636002212879552,0.4022810890360559,261.0,0.0153256704980842,0.0076628352490421,0.6547852071650555,0.6810983397190296,80.0,0.1875,-0.0375,0.1747485325746113,0.4586111111111112,0.306910569105691,0.5304878048780488,0.1626016260162601,7,12,6,0.0,2.69196510276736
P11230,501,0.2055888223552894,-0.0259481037924151,0.1639738525835755,0.5018407629186062,137.0,0.2773722627737226,0.0145985401459854,0.1883477159141141,0.4193025141930246,85.0,0.0,0.0,,0.7613071895424839,221.0,0.248868778280543,-0.0588235294117647,0.1417985528006171,0.4502262443438907,0.2734530938123752,0.1696606786427145,0.4411177644710579,1,4,1,0.0,2.699837725867246
P11362,822,0.2360097323600973,-0.0194647201946472,0.1970424799845201,0.4592727764260639,425.0,0.2541176470588235,0.0,0.1719562639157488,0.4522875816993471,21.0,0.0,0.0,,0.7365079365079363,355.0,0.2394366197183098,-0.0478873239436619,0.2249177120619414,0.4396870109546157,0.5170316301703163,0.0255474452554744,0.4318734793187348,1,1,1,0.0,2.9148718175400505
P11717,2491,0.2244078683259735,-0.0180650341228422,0.1896014231155364,0.4588697087291987,164.0,0.3475609756097561,-0.0304878048780487,0.2814872172519963,0.3738482384823847,23.0,0.0,0.0,,0.7879227053140095,2264.0,0.219964664310954,-0.019434628975265,0.1790429560817872,0.4604534746760941,0.0658370132476916,0.009233239662786,0.9088719389803293,1,1,1,0.0,3.3963737275365067
P12235,298,0.2080536912751678,0.0604026845637583,0.1192174278548421,0.5065995525727071,,,,,,136.0,0.1176470588235294,0.0588235294117647,0.1136569807352041,0.5774509803921557,34.0,0.2941176470588235,0.0,0.125626800591762,0.4140522875816993,,0.4563758389261745,0.1140939597315436,0,6,4,0.0,2.4742162640762557
P12236,298,0.2114093959731543,0.0570469798657718,0.1117754227452674,0.5083519761372113,,,,,,136.0,0.1176470588235294,0.0588235294117647,0.1136569807352041,0.5784313725490184,35.0,0.2571428571428571,-0.0285714285714285,0.1197585214275358,0.4504761904761904,,0.4563758389261745,0.1174496644295302,0,6,4,0.0,2.4742162640762557
P13073,169,0.2840236686390532,0.0473372781065088,0.0952513495745008,0.4490466798159106,,,,,,26.0,0.1153846153846153,0.0384615384615384,0.1923013088668,0.5747863247863245,45.0,0.3333333333333333,0.0666666666666666,0.0885405123672536,0.3797530864197531,,0.1538461538461538,0.2662721893491124,0,1,1,0.0,2.227886704613673
P13498,195,0.1692307692307692,0.0358974358974358,0.2332379523424283,0.503418803418802,97.0,0.2783505154639175,0.0515463917525773,0.2539836059871216,0.3641466208476515,80.0,0.0375,-0.0125,0.5110662525302643,0.6663888888888893,5.0,0.2,0.2,,0.3599999999999999,0.4974358974358974,0.4102564102564102,0.0256410256410256,4,4,1,0.0,2.290034611362518
P13569,1480,0.2168918918918919,0.0128378378378378,0.1942125491042079,0.5026276276276289,1122.0,0.2566844919786096,0.0106951871657754,0.1990575864120214,0.4604278074866297,253.0,0.0632411067193675,0.0237154150197628,0.1881863746969963,0.6845410628019324,105.0,0.1619047619047619,0.0095238095238095,0.1680712387188318,0.5152380952380955,0.7581081081081081,0.1709459459459459,0.0709459459459459,7,12,6,0.0,3.170261715394957
P13591,858,0.2412587412587412,-0.0477855477855477,0.1615989013435078,0.4543771043771051,119.0,0.3361344537815126,-0.0672268907563025,0.0768370008133328,0.3891690009337061,21.0,0.0,0.0,,0.8412698412698411,699.0,0.2360515021459227,-0.0472103004291845,0.1844554151890581,0.4497377205531714,0.1386946386946387,0.0244755244755244,0.8146853146853147,1,1,1,0.0,2.9334872878487053
P13637,1013,0.2250740375123396,-0.0256663376110562,0.1714474493097801,0.4981463200614222,716.0,0.2709497206703911,-0.0195530726256983,0.1642448693318074,0.4556331471135963,226.0,0.0752212389380531,-0.0309734513274336,0.2989347376600368,0.6559980334316622,71.0,0.2394366197183098,-0.0704225352112676,0.2729757880311571,0.4244131455399062,0.7068114511352419,0.2230997038499506,0.0700888450148075,6,10,5,0.0,3.0056094453602804
P13866,664,0.1506024096385542,0.003012048192771,0.1835990258856203,0.5625836680053538,181.0,0.3149171270718232,0.0386740331491712,0.2189956422696919,0.4372621240024554,319.0,0.0470219435736677,-0.0031347962382445,0.2045630022043059,0.6698014629049112,164.0,0.1707317073170731,-0.024390243902439,0.1311361640116376,0.4923441734417343,0.2725903614457831,0.4804216867469879,0.2469879518072289,7,14,8,0.0,2.822168079368017
P14222,555,0.2072072072072072,0.0054054054054054,0.169957466315392,0.458618618618616,,,,,,44.0,0.1363636363636363,0.0,0.1789725160289134,0.5363636363636362,,,,,,,0.0792792792792792,,0,2,0,0.0,2.7442929831226763
P14415,290,0.2068965517241379,0.0137931034482758,0.189656252083567,0.455517241379312,39.0,0.2564102564102564,0.0512820512820512,0.1504702869205848,0.4225071225071224,28.0,0.0,0.0,,0.6888888888888888,223.0,0.2242152466367713,0.0089686098654708,0.205873028637233,0.431988041853513,0.1344827586206896,0.096551724137931,0.7689655172413793,1,1,1,0.0,2.462397997898956
P14867,456,0.219298245614035,0.0263157894736842,0.1518436907749235,0.4775584795321629,93.0,0.3118279569892473,0.0967741935483871,0.0979310081019564,0.3902031063321384,85.0,0.0588235294117647,0.0117647058823529,0.3632703867723121,0.6423529411764707,251.0,0.247011952191235,0.0,0.1771479170131332,0.4487826471890218,0.2039473684210526,0.1864035087719298,0.5504385964912281,2,4,3,0.0,2.658964842664435
P15529,392,0.2193877551020408,-0.0051020408163265,0.2235326359954042,0.474263038548751,26.0,0.4230769230769231,0.1923076923076923,0.4790831992098415,0.3333333333333333,23.0,0.0,0.0,,0.8294685990338165,309.0,0.2233009708737864,-0.0226537216828478,0.1955985744254503,0.4533620999640416,0.0663265306122449,0.0586734693877551,0.7882653061224489,1,1,1,0.0,2.593286067020457
P15941,1255,0.1043824701195219,-0.0039840637450199,0.1030445146014709,0.4481186365648542,74.0,0.1621621621621621,0.027027027027027,0.2372375270885338,0.4142642642642642,23.0,0.0,0.0,,0.8294685990338163,1135.0,0.1048458149779735,-0.0061674008810572,0.0959426677278686,0.4385022026431723,0.0589641434262948,0.0183266932270916,0.904382470119522,1,1,1,0.0,3.098643725817057
P15954,63,0.1904761904761904,0.0952380952380952,0.2306700534100816,0.4913580246913581,,,,,,27.0,0.1111111111111111,0.1111111111111111,0.2054264315987073,0.5827160493827159,3.0,0.3333333333333333,0.3333333333333333,,0.4703703703703703,,0.4285714285714285,0.0476190476190476,0,1,1,0.0,1.7993405494535817
P16234,1089,0.2506887052341597,-0.0431588613406795,0.1804081456441876,0.4708703193551662,540.0,0.2740740740740741,-0.037037037037037,0.1761085160235512,0.4462962962962956,21.0,0.0,0.0,,0.885185185185185,505.0,0.2475247524752475,-0.0534653465346534,0.186000617144006,0.4702750275027516,0.4958677685950413,0.0192837465564738,0.4637281910009183,1,1,1,0.0,3.037027879755775
P16615,1042,0.2159309021113243,-0.0239923224568138,0.1641646067137739,0.5107378972062303,725.0,0.2537931034482759,-0.0110344827586206,0.1522995146465508,0.4709425287356343,204.0,0.1176470588235294,-0.0294117647058823,0.2093253088980341,0.638943355119825,113.0,0.1504424778761062,-0.0973451327433628,0.2720070873599311,0.5346116027531956,0.6957773512476008,0.1957773512476007,0.1084452975047984,6,10,5,0.0,3.017867718963505
P17152,192,0.1979166666666666,0.0,0.2228841243250743,0.4987268518518515,,,,,,35.0,0.0,0.0,,0.6815873015873017,,,,,,,0.1822916666666666,,0,2,0,0.0,2.2833012287035497
P17948,1338,0.2391629297458893,0.0134529147982062,0.1689383359743036,0.4611111111111141,558.0,0.2831541218637993,-0.003584229390681,0.1649184794135531,0.4457586618876961,22.0,0.0,0.0,,0.7505050505050505,732.0,0.2199453551912568,0.0286885245901639,0.1670441755630933,0.4579690346083793,0.4170403587443946,0.0164424514200298,0.547085201793722,1,1,1,0.0,3.1264561134318045
P18627,525,0.1752380952380952,0.0038095238095238,0.2335231491845641,0.4691005291005291,54.0,0.3703703703703703,-0.1481481481481481,0.4406534071359173,0.3041152263374486,21.0,0.0,0.0,,0.7888888888888889,428.0,0.1635514018691588,0.0233644859813084,0.1789583071469747,0.4681983385254413,0.1028571428571428,0.04,0.8152380952380952,1,1,1,0.0,2.720159303405957
P19022,906,0.2240618101545254,-0.0518763796909492,0.1847901490327988,0.4615526122148659,161.0,0.3291925465838509,-0.1180124223602484,0.2067600270570376,0.3829537612146309,21.0,0.0,0.0,,0.8968253968253966,565.0,0.1893805309734513,-0.047787610619469,0.1643155682035317,0.4679646017699113,0.1777041942604856,0.0231788079470198,0.6236203090507726,1,1,1,0.0,2.957128197676813
P20020,1220,0.2475409836065573,-0.0163934426229508,0.1847392308351681,0.4813843351548253,909.0,0.2937293729372937,-0.0077007700770077,0.1772168590145581,0.4398728761765025,209.0,0.0574162679425837,-0.0095693779904306,0.2170805571517551,0.6673577884104201,101.0,0.2277227722772277,-0.1089108910891089,0.2347237179696347,0.4678767876787676,0.7450819672131147,0.171311475409836,0.0827868852459016,6,10,5,0.0,3.0863598306747484
P20648,1035,0.2057971014492753,-0.0144927536231884,0.1764132584471791,0.5085775630703165,719.0,0.2433936022253129,-0.0069541029207232,0.1653804312332912,0.472152681193016,204.0,0.1127450980392156,-0.0147058823529411,0.2537675829836215,0.6332244008714589,112.0,0.1339285714285714,-0.0625,0.2763537377405364,0.5153769841269835,0.6946859903381642,0.1971014492753623,0.1082125603864734,6,10,5,0.0,3.014940349792937
P20916,626,0.2028753993610223,-0.0399361022364217,0.1781521962325978,0.4887291444799437,90.0,0.3555555555555555,0.0,0.1618545583720281,0.3881481481481482,20.0,0.0,0.0,,0.7472222222222221,497.0,0.1891348088531187,-0.0523138832997987,0.1712625950832086,0.4898054996646536,0.1437699680511182,0.0319488817891373,0.7939297124600639,1,1,1,0.0,2.7965743332104296
P20963,164,0.274390243902439,0.0304878048780487,0.1746490069274409,0.427913279132791,113.0,0.3451327433628318,0.0442477876106194,0.1687238258084451,0.3411012782694199,21.0,0.0476190476190476,-0.0476190476190476,0.9999999999999998,0.7465608465608465,9.0,0.2222222222222222,0.0,0.4913242009132419,0.4592592592592592,0.6890243902439024,0.1280487804878048,0.0548780487804878,1,1,1,0.0,2.214843848047698
P21397,527,0.2428842504743833,0.0037950664136622,0.1533230952844252,0.469049125026356,497.0,0.249496981891348,-0.0040241448692152,0.1504561469507002,0.4614576346970711,21.0,0.0476190476190476,0.0476190476190476,0.9999999999999998,0.6867724867724868,9.0,0.3333333333333333,0.3333333333333333,0.0933191940615058,0.3802469135802469,0.9430740037950665,0.0398481973434535,0.01707779886148,1,1,1,0.0,2.7218106152125467
P21579,422,0.2962085308056872,0.0071090047393364,0.1959935914968577,0.4522380200105309,342.0,0.327485380116959,0.0175438596491228,0.2035179528508671,0.4274204028589993,23.0,0.0,0.0,,0.802415458937198,,,,,,0.8104265402843602,0.0545023696682464,,1,1,0,0.0,2.625312450961674
P21796,283,0.215547703180212,0.0106007067137809,0.187030248773644,0.4543384373773063,,,,,,183.0,0.1857923497267759,0.0327868852459016,0.1651224131626852,0.5049180327868859,,,,,,,0.6466431095406361,,0,19,0,0.0,2.45178643552429
P21802,821,0.2375152253349573,-0.0207064555420219,0.1836260078156733,0.4612667478684524,423.0,0.2576832151300236,-0.0118203309692671,0.1623969039613205,0.4456527449435257,21.0,0.0,0.0,,0.8190476190476188,356.0,0.2387640449438202,-0.0365168539325842,0.2071343649073995,0.4450062421972539,0.5152253349573691,0.02557856272838,0.4336175395858709,1,1,1,0.0,2.9143431571194407
P21926,228,0.1842105263157894,0.0,0.1168418403536396,0.5541423001949325,29.0,0.2758620689655172,0.1379310344827586,0.2290237517334592,0.4314176245210727,92.0,0.0108695652173913,-0.0108695652173913,1.0,0.7492753623188411,106.0,0.3113207547169811,-0.0283018867924528,0.0865390652959048,0.4168763102725369,0.1271929824561403,0.4035087719298245,0.4649122807017544,3,4,2,0.0,2.357934847000454
P21964,271,0.2140221402214022,-0.03690036900369,0.1546764172677516,0.517753177531775,6.0,0.1666666666666666,-0.1666666666666666,0.0769230769230771,0.4148148148148148,20.0,0.0,0.0,,0.8855555555555555,245.0,0.2326530612244897,-0.036734693877551,0.1536287102163676,0.4902494331065744,0.022140221402214,0.07380073800738,0.904059040590406,1,1,1,0.081180811808118,2.432969290874406
P22455,802,0.2082294264339152,-0.0087281795511221,0.1827321402362963,0.4801468550845117,412.0,0.220873786407767,0.0024271844660194,0.1625886576611381,0.4769417475728163,21.0,0.0,0.0,,0.7423280423280422,348.0,0.2155172413793103,-0.0258620689655172,0.2101963784591333,0.4557471264367818,0.513715710723192,0.0261845386533665,0.4339152119700748,1,1,1,0.0,2.9041743682841634
P22607,806,0.2245657568238213,-0.0235732009925558,0.2014305800664196,0.4730907085745797,410.0,0.248780487804878,-0.0048780487804878,0.17327348463584,0.4613008130081329,21.0,0.0,0.0,,0.7746031746031743,353.0,0.2237960339943343,-0.0481586402266288,0.236426609180059,0.4539502675480008,0.5086848635235732,0.0260545905707196,0.4379652605459057,1,1,1,0.0,2.906335041805091
P23468,1912,0.2259414225941422,-0.0104602510460251,0.1860887029076045,0.4534809390980893,622.0,0.2379421221864952,0.0,0.1597193500198846,0.4427652733118973,25.0,0.0,0.0,,0.8186666666666668,1245.0,0.2257028112449799,-0.016867469879518,0.1928174020658447,0.4481659973226268,0.3253138075313807,0.0130753138075313,0.6511506276150628,1,1,1,0.0,3.2814878879400813
P23471,2315,0.2043196544276458,-0.0600431965442764,0.1860574675525984,0.459284857211412,653.0,0.222052067381317,-0.0260336906584992,0.1926984135472269,0.4584652033350349,26.0,0.0,0.0,,0.7987179487179485,1612.0,0.2003722084367245,-0.0775434243176178,0.1782076665008212,0.4522401433691734,0.28207343412527,0.011231101511879,0.6963282937365011,1,1,1,0.0095032397408207,3.364550995353972
P23634,1241,0.2360999194198227,-0.0072522159548751,0.1957691283699013,0.4873847255797313,923.0,0.2773564463705308,0.0,0.1903374272247702,0.4474298784157945,210.0,0.0761904761904762,-0.019047619047619,0.2384973044245188,0.6470370370370366,108.0,0.1944444444444444,-0.0462962962962962,0.3177187914882336,0.5184156378600823,0.7437550362610797,0.169218372280419,0.0870265914585012,6,10,5,0.0,3.09377178149873
P23786,658,0.2188449848024316,0.0060790273556231,0.1470191594319637,0.4644714623438025,,,,,,,,,,,,,,,,,,,0,0,0,0.0,2.818225893613956
P27105,288,0.2256944444444444,0.0034722222222222,0.1181400440363007,0.5048225308641967,259.0,0.2509652509652509,0.0038610038610038,0.122965781957668,0.4826254826254806,,,,,,,,,,,0.8993055555555556,,,2,0,0,0.0,2.459392487759231
P27338,520,0.2384615384615384,0.0,0.1581783012318107,0.4738034188034177,488.0,0.2459016393442623,-0.0081967213114754,0.1551201160144998,0.4643442622950805,27.0,0.1111111111111111,0.1111111111111111,0.4003582970935361,0.6004115226337448,4.0,0.25,0.25,,0.7138888888888888,0.9384615384615383,0.0519230769230769,0.0076923076923076,1,1,1,0.0,2.716003343634799
P27487,766,0.2036553524804177,-0.02088772845953,0.185222751940419,0.4622715404699732,6.0,0.3333333333333333,0.3333333333333333,1.0,0.3314814814814815,22.0,0.0,0.0,,0.793939393939394,738.0,0.2086720867208672,-0.024390243902439,0.1840757414735093,0.453447756699788,0.0078328981723237,0.0287206266318537,0.9634464751958224,1,1,1,0.0,2.884228769632604
P27824,592,0.3581081081081081,-0.1047297297297297,0.2236339690255478,0.4028903903903894,90.0,0.6,-0.1555555555555555,0.2338612143622348,0.2418518518518519,21.0,0.0,0.0,,0.783068783068783,461.0,0.3362255965292842,-0.1019522776572668,0.2246821987923114,0.4059291395516997,0.152027027027027,0.0354729729729729,0.7787162162162162,1,1,1,0.0405405405405405,2.77232170672292
P28288,659,0.2352048558421851,0.0349013657056145,0.1632085291867835,0.4855336368234668,,,,,,84.0,0.0595238095238095,0.0119047619047619,0.3824154117357194,0.658068783068783,,,,,,,0.1274658573596358,,0,4,0,0.0,2.8188854145940097
P29317,976,0.221311475409836,-0.0143442622950819,0.1764896660201758,0.4722222222222229,418.0,0.2511961722488038,0.0215311004784689,0.1804668580723251,0.4600744284954812,21.0,0.0,0.0,,0.7994708994708994,514.0,0.2120622568093385,-0.0447470817120622,0.1644775216484198,0.4609814094249878,0.4282786885245901,0.0215163934426229,0.5266393442622951,1,1,1,0.0,2.989449817666692
P30519,316,0.2848101265822785,-0.0316455696202531,0.1584384066790309,0.4364978902953594,294.0,0.3061224489795918,-0.0340136054421768,0.1548237227245042,0.4176492819349955,21.0,0.0,0.0,,0.6873015873015873,,,,,,0.930379746835443,0.0664556962025316,,1,1,0,0.0,2.499687082618404
P31431,198,0.2727272727272727,-0.0909090909090909,0.2747469510155335,0.4851851851851854,28.0,0.4285714285714285,0.1428571428571428,0.223192603507012,0.3329365079365078,25.0,0.0,0.0,,0.819111111111111,127.0,0.3228346456692913,-0.1811023622047244,0.2478667022677635,0.4209973753280839,0.1414141414141414,0.1262626262626262,0.6414141414141414,1,1,1,0.0,2.296665190261531
P31645,630,0.1349206349206349,-0.0079365079365079,0.1842466717090124,0.5469312169312174,208.0,0.2451923076923076,-0.0048076923076923,0.2042101292233855,0.4424679487179479,258.0,0.0271317829457364,-0.003875968992248,0.3517177192020912,0.6828165374677003,164.0,0.1646341463414634,-0.0182926829268292,0.2075207353607276,0.4656504065040648,0.3301587301587301,0.4095238095238095,0.2603174603174603,7,12,6,0.0,2.7993405494535817
P32004,1257,0.213206046141607,-0.0190930787589498,0.1681851744903069,0.4501104923539291,114.0,0.3245614035087719,-0.0789473684210526,0.1535798822246072,0.3819688109161795,23.0,0.0,0.0,,0.827053140096618,1101.0,0.2089009990917348,-0.0145322434150772,0.1679712646595655,0.4450600464224465,0.0906921241050119,0.0182975338106603,0.8758949880668258,1,1,1,0.0,3.0993352776859577
P32189,559,0.1914132379248658,-0.0089445438282647,0.1509214112675862,0.5050685748360165,,,,,,21.0,0.0,0.0,,0.7380952380952379,,,,,,,0.0375670840787119,,0,1,0,0.0,2.747411807886423
P32745,418,0.1650717703349282,0.0167464114832535,0.3094901143393219,0.5280170122275385,161.0,0.3478260869565217,0.0869565217391304,0.3248715493738229,0.3610766045548653,161.0,0.0248447204968944,-0.0124223602484472,0.6509641387107596,0.7159420289855077,96.0,0.09375,-0.0520833333333333,0.3039573448922716,0.492824074074074,0.3851674641148325,0.3851674641148325,0.2296650717703349,4,7,4,0.0,2.621176281775035
P35462,400,0.1375,0.0375,0.1897722350097513,0.5355555555555555,167.0,0.2694610778443114,0.1257485029940119,0.1801925846489605,0.4107784431137725,153.0,0.0130718954248366,-0.0130718954248366,0.531970414257678,0.709876543209877,80.0,0.1,-0.05,0.2224154072488968,0.4626388888888891,0.4175,0.3825,0.2,4,7,4,0.0,2.6020599913279625
P35613,385,0.2233766233766233,-0.0363636363636363,0.2121566178895626,0.4641269841269838,41.0,0.4146341463414634,0.024390243902439,0.3505685489146565,0.2837398373983739,19.0,0.0526315789473684,-0.0526315789473684,1.0,0.7719298245614035,188.0,0.2393617021276596,-0.0478723404255319,0.1864920122246612,0.4521867612293138,0.1064935064935064,0.0493506493506493,0.4883116883116883,1,1,1,0.0,2.5854607295085006
P35968,1356,0.2337758112094395,-0.0199115044247787,0.1740568437939635,0.4696656833824967,571.0,0.2714535901926445,-0.0367775831873905,0.2017664370497347,0.4517610430044742,21.0,0.0,0.0,,0.8380952380952382,745.0,0.2134228187919463,-0.0093959731543624,0.1494712409687865,0.4692766592095427,0.4210914454277286,0.0154867256637168,0.549410029498525,1,1,1,0.0,3.1322596895310446
P36897,503,0.220675944333996,0.0019880715705765,0.1693590471922881,0.4938811574994482,356.0,0.2556179775280899,0.0084269662921348,0.1779887872330624,0.4601123595505622,21.0,0.0,0.0,,0.7687830687830686,93.0,0.1827956989247312,-0.032258064516129,0.1274911279867057,0.5045400238948629,0.7077534791252486,0.0417495029821073,0.1848906560636183,1,1,1,0.0,2.7015679850559278
P39656,456,0.2039473684210526,-0.0109649122807017,0.1905942933455228,0.4937134502923969,9.0,0.6666666666666666,0.0,0.0061045095579009,0.2,20.0,0.0,0.0,,0.7100000000000001,385.0,0.2051948051948052,-0.0285714285714285,0.1895350229320799,0.4846176046176045,0.0197368421052631,0.043859649122807,0.8442982456140351,1,1,1,0.0,2.658964842664435
P40967,661,0.1376701966717095,-0.0196671709531013,0.2249584260340132,0.502891242225584,45.0,0.1777777777777777,0.0888888888888888,0.2872611464968153,0.4508641975308642,21.0,0.0,0.0,,0.8105820105820104,126.0,0.119047619047619,-0.0555555555555555,0.2275019739435264,0.5276895943562608,0.0680786686838124,0.0317700453857791,0.1906202723146747,1,1,1,0.0,2.82020145948564
P41594,1212,0.198019801980198,0.0049504950495049,0.1710873737726252,0.4891730839750586,441.0,0.2018140589569161,0.0340136054421768,0.1864857236858821,0.4501385739480963,157.0,0.0254777070063694,0.0127388535031847,0.2704788450011435,0.6983014861995751,593.0,0.2411467116357504,-0.0185497470489038,0.164284771929108,0.4574854787333706,0.3638613861386138,0.1295379537953795,0.4892739273927393,4,7,4,0.0,3.0835026198302677
P42167,454,0.3017621145374449,0.0242290748898678,0.1764714009697482,0.4151492902594231,,,,,,24.0,0.0416666666666666,0.0416666666666666,0.9999999999999998,0.7620370370370371,20.0,0.2,0.0,0.1412886969042476,0.3677777777777777,,0.052863436123348,0.0440528634361233,0,1,1,0.0,2.657055852857104
P42261,906,0.2185430463576159,0.0022075055187637,0.1547082562045733,0.4778636252146208,113.0,0.2300884955752212,-0.0176991150442477,0.2155566689251268,0.4021632251720749,63.0,0.0317460317460317,0.0,0.6847071021254536,0.7216931216931213,693.0,0.2453102453102453,0.0057720057720057,0.1485081216802287,0.4600288600288604,0.1247240618101545,0.0695364238410596,0.7649006622516556,3,3,2,0.0,2.957128197676813
P42262,883,0.2253680634201585,0.001132502831257,0.1561868861918324,0.4820812885365559,83.0,0.2891566265060241,-0.0240963855421686,0.2256191611651528,0.360107095046854,63.0,0.0317460317460317,0.0,0.6847071021254536,0.7211640211640207,694.0,0.2478386167146974,0.0028818443804034,0.1501524285173079,0.4664745437079728,0.0939977349943374,0.0713476783691959,0.7859569648924122,3,3,2,0.0,2.945960703577569
P42263,894,0.2181208053691275,0.0100671140939597,0.1660973942422978,0.4739870743226456,85.0,0.2941176470588235,-0.0117647058823529,0.2133583453935603,0.3317647058823529,63.0,0.0317460317460317,0.0,0.6847071021254536,0.717813051146384,699.0,0.234620886981402,0.0085836909871244,0.158671860394879,0.4633444603401692,0.0950782997762863,0.0704697986577181,0.7818791946308725,3,3,2,0.0,2.951337518795918
P42658,865,0.2358381502890173,-0.0184971098265895,0.1848702156610874,0.449967886962107,95.0,0.2421052631578947,0.0105263157894736,0.3781084976217357,0.3819883040935676,21.0,0.0,0.0,,0.8523809523809522,749.0,0.2416555407209613,-0.0226969292389853,0.1660061640937085,0.4473075211392985,0.1098265895953757,0.0242774566473988,0.8658959537572254,1,1,1,0.0,2.9370161074648142
P43003,542,0.1863468634686347,0.0055350553505535,0.1731610302235736,0.5418409184091814,132.0,0.3939393939393939,0.0454545454545454,0.1495895967062474,0.3486531986531991,189.0,0.0582010582010582,-0.0052910052910052,0.2289496748472537,0.6877718988830096,156.0,0.2371794871794871,-0.0192307692307692,0.1774743665575973,0.47977207977208,0.2435424354243542,0.3487084870848708,0.2878228782287823,6,8,5,0.0,2.733999286538387
P43004,574,0.181184668989547,-0.0104529616724738,0.1816863690084369,0.5482384823848212,160.0,0.33125,-0.01875,0.1364481752149725,0.3822222222222223,186.0,0.0698924731182795,0.0053763440860215,0.1776063698152759,0.6829151732377545,163.0,0.2269938650306748,-0.0306748466257668,0.2378531143287031,0.5128834355828222,0.2787456445993031,0.3240418118466899,0.28397212543554,6,8,5,0.0,2.7589118923979736
P43119,386,0.1243523316062176,0.0259067357512953,0.2376150427345468,0.5548934945307996,150.0,0.2066666666666666,0.06,0.1960962772853055,0.4473333333333334,165.0,0.0363636363636363,0.0,0.3988500263640246,0.6953535353535354,71.0,0.1549295774647887,0.0140845070422535,0.2658100299001643,0.4557120500782474,0.38860103626943,0.4274611398963731,0.1839378238341968,4,7,4,0.0,2.586587304671755
P43628,341,0.1818181818181818,-0.0175953079178885,0.1985581593047111,0.4640273704789834,76.0,0.2763157894736842,-0.0131578947368421,0.3462155365036686,0.3728070175438592,20.0,0.0,0.0,,0.8538888888888888,224.0,0.1830357142857142,-0.0223214285714285,0.1408547629020589,0.4392361111111103,0.2228739002932551,0.0586510263929618,0.656891495601173,1,1,1,0.0,2.5327543789924976
P45880,294,0.2006802721088435,0.0034013605442176,0.197225663819159,0.4695389266817832,57.0,0.1929824561403508,0.0175438596491228,0.1298216384328611,0.3777777777777778,183.0,0.1912568306010929,0.0273224043715847,0.1720198663899766,0.5049787492410449,28.0,0.2857142857142857,-0.2142857142857142,0.3244296691143924,0.3841269841269841,0.1938775510204081,0.6224489795918368,0.0952380952380952,10,19,9,0.0,2.4683473304121573
P46531,2555,0.1788649706457925,-0.0489236790606653,0.20431297845126,0.4533202870189165,799.0,0.1864831038798498,-0.0262828535669586,0.2230491759126203,0.4442497566402459,21.0,0.0,0.0,,0.7788359788359787,1717.0,0.1793826441467676,-0.0605707629586488,0.1917880838010401,0.4507668413900194,0.312720156555773,0.0082191780821917,0.6720156555772994,1,1,1,0.0,3.407390904470732
P47804,291,0.120274914089347,0.0103092783505154,0.154198990196233,0.5460481099656354,80.0,0.225,0.1,0.0800241963272891,0.4154166666666668,147.0,0.0272108843537414,-0.0136054421768707,0.4526290436326528,0.6675736961451247,64.0,0.203125,-0.046875,0.2401489437432479,0.4302083333333332,0.274914089347079,0.5051546391752577,0.2199312714776632,4,7,4,0.0,2.463892988985908
P47893,321,0.1214953271028037,0.0031152647975077,0.1899478097150082,0.5653859466943575,65.0,0.2307692307692307,0.1076923076923077,0.2144938098321846,0.4933333333333333,151.0,0.0331125827814569,0.0066225165562913,0.4448189847650213,0.6537159676232527,105.0,0.1809523809523809,-0.0666666666666666,0.2026869698226134,0.4829629629629628,0.2024922118380062,0.470404984423676,0.3271028037383177,4,7,4,0.0,2.506505032404872
P47985,274,0.2153284671532846,0.010948905109489,0.1691338786526652,0.4913219789132208,,,,,,37.0,0.1621621621621621,0.054054054054054,0.1866248117534465,0.5123123123123122,134.0,0.2462686567164179,-0.0223880597014925,0.2043160753063632,0.4771973466003314,,0.1350364963503649,0.4890510948905109,0,1,1,0.0,2.437750562820388
P48058,902,0.220620842572062,0.0055432372505543,0.1653488738419978,0.4883099285538296,101.0,0.2871287128712871,-0.0099009900990099,0.2257691456449427,0.4094609460946096,63.0,0.0317460317460317,0.0,0.6847071021254536,0.7211640211640207,698.0,0.2378223495702005,0.0057306590257879,0.1582469030882015,0.4717605858006994,0.1119733924611973,0.0698447893569844,0.7738359201773836,3,3,2,0.0,2.9552065375419416
P48145,328,0.1341463414634146,0.024390243902439,0.2110454861454294,0.5754403794037929,90.0,0.2666666666666666,0.1555555555555555,0.1689793077937129,0.4830864197530863,151.0,0.0331125827814569,-0.0198675496688741,0.4891912886979517,0.6862398822663726,87.0,0.1724137931034483,-0.0344827586206896,0.2180693870340603,0.4786717752234994,0.274390243902439,0.4603658536585366,0.2652439024390244,4,7,4,0.0,2.515873843711679
P48169,554,0.1949458483754512,0.03971119133574,0.1714357180565061,0.4818090653830733,180.0,0.2,0.0888888888888888,0.1977935689117289,0.4069135802469129,88.0,0.0681818181818181,0.0,0.2995874284758024,0.6463383838383838,251.0,0.247011952191235,0.0159362549800796,0.1559075511412178,0.4571934484285082,0.3249097472924188,0.1588447653429603,0.4530685920577617,2,4,3,0.0,2.74350976472843
P49146,381,0.1758530183727034,-0.0026246719160104,0.2103650712010679,0.5387868183143778,112.0,0.2857142857142857,0.125,0.2254864216993246,0.4030753968253965,182.0,0.0329670329670329,-0.0109890109890109,0.285884098665114,0.6788156288156273,87.0,0.3333333333333333,-0.1494252873563218,0.1436321582408866,0.4205619412515963,0.2939632545931758,0.4776902887139108,0.2283464566929134,4,7,4,0.0,2.5809249756756194
P49768,467,0.1862955032119914,-0.032119914346895,0.249940266220858,0.5202474423031181,211.0,0.3080568720379147,-0.0616113744075829,0.2704227031470928,0.3693522906793046,195.0,0.0564102564102564,0.0153846153846153,0.2463609374475054,0.7079202279202275,61.0,0.180327868852459,-0.081967213114754,0.2905695160756753,0.4422586520947175,0.4518201284796574,0.4175588865096359,0.1306209850107066,5,9,5,0.0,2.6693168805661123
P49810,448,0.1808035714285714,-0.0558035714285714,0.2919577561617149,0.5332589285714308,205.0,0.3121951219512195,-0.1073170731707317,0.349278378184115,0.3975609756097567,168.0,0.0238095238095238,0.0,0.5509028515401586,0.718584656084656,54.0,0.2222222222222222,-0.037037037037037,0.1928361488860454,0.4345679012345676,0.4575892857142857,0.375,0.1205357142857142,6,8,4,0.0,2.651278013998144
P49961,510,0.1862745098039215,-0.0137254901960784,0.1379444068168431,0.4893246187363829,27.0,0.3333333333333333,0.037037037037037,0.1397705575087195,0.3724279835390947,42.0,0.0,0.0,,0.815873015873016,441.0,0.1950113378684807,-0.0181405895691609,0.1443907243694691,0.4653817082388493,0.0529411764705882,0.0823529411764705,0.8647058823529412,2,2,1,0.0,2.7075701760979363
P50281,582,0.2388316151202749,0.0017182130584192,0.2004869418374398,0.448319969453989,20.0,0.35,0.25,0.1190400353088162,0.3916666666666666,21.0,0.0,0.0,,0.8470899470899471,430.0,0.2558139534883721,-0.0325581395348837,0.1847337662166746,0.4287855297157605,0.0343642611683848,0.0360824742268041,0.738831615120275,1,1,1,0.0,2.7649229846498886
P50416,773,0.2238033635187581,0.0142302716688227,0.1898102656727383,0.4709788702026717,697.0,0.2395982783357245,0.0129124820659971,0.1944778310287453,0.4581380519687546,46.0,0.0,0.0,,0.6567632850241547,29.0,0.2068965517241379,0.0689655172413793,0.2040274868153369,0.4766283524904214,0.9016817593790428,0.0595084087968952,0.03751617076326,2,2,1,0.0,2.888179493918325
P50993,1020,0.2245098039215686,-0.0166666666666666,0.1682121949864578,0.4984204793028339,704.0,0.2627840909090909,-0.0071022727272727,0.1587689336778823,0.4563289141414131,204.0,0.1078431372549019,-0.0196078431372549,0.2331377399864549,0.6295751633986922,112.0,0.1964285714285714,-0.0714285714285714,0.2265583803895818,0.5241071428571425,0.6901960784313725,0.2,0.1098039215686274,6,10,5,0.0,3.008600171761917
P51572,246,0.2845528455284553,0.008130081300813,0.1370324296443549,0.4825203252032537,139.0,0.3884892086330935,0.0,0.1269465819837608,0.387529976019185,63.0,0.0476190476190476,0.0158730158730158,1.0,0.7553791887125219,43.0,0.3023255813953488,0.0232558139534883,0.1548173965471532,0.3844961240310077,0.5650406504065041,0.2560975609756097,0.1747967479674796,2,3,2,0.0,2.3909351071033798
P51575,399,0.2180451127819548,0.0175438596491228,0.2317597086149481,0.4931216931216932,69.0,0.3333333333333333,0.072463768115942,0.3339657493100105,0.4011272141706925,42.0,0.0476190476190476,0.0,1.0,0.7505291005291007,288.0,0.2152777777777778,0.0069444444444444,0.2286388037651673,0.4776234567901229,0.1729323308270676,0.1052631578947368,0.7218045112781954,2,2,1,0.0,2.6009728956867484
P51648,485,0.2391752577319587,0.0041237113402061,0.1836926549790699,0.4915463917525781,463.0,0.2462203023758099,0.0043196544276457,0.1860121030539586,0.4814494840412751,21.0,0.0952380952380952,0.0,0.1843462246777163,0.7206349206349206,,,,,,0.954639175257732,0.0432989690721649,,1,1,0,0.0,2.6857417386022635
P51679,360,0.1472222222222222,0.0027777777777777,0.2246599254227516,0.5596604938271617,95.0,0.2631578947368421,0.0947368421052631,0.2011170330780735,0.451812865497076,165.0,0.0242424242424242,-0.0121212121212121,0.4545196071010429,0.6846464646464646,100.0,0.24,-0.06,0.2084805980437267,0.4558888888888891,0.2638888888888889,0.4583333333333333,0.2777777777777778,4,7,4,0.0,2.5563025007672877
P51693,650,0.2523076923076923,-0.0338461538461538,0.1888943141454082,0.4301196581196563,47.0,0.3404255319148936,0.0,0.1981309621293245,0.371631205673759,23.0,0.0,0.0,,0.7270531400966183,542.0,0.2656826568265683,-0.047970479704797,0.1785267704454988,0.4143706437064344,0.0723076923076923,0.0353846153846153,0.8338461538461538,1,1,1,0.0,2.812913356642856
P51798,805,0.1838509316770186,0.0074534161490683,0.187616774514861,0.5265010351966893,334.0,0.2724550898203592,0.0029940119760479,0.2164633408920701,0.4479374584165013,232.0,0.0646551724137931,0.021551724137931,0.2843520799684133,0.6698275862068962,,,,,,0.4149068322981366,0.2881987577639751,,2,10,0,0.0,2.9057958803678687
P51805,1871,0.2068412613575628,-0.0016034206306787,0.1767179590975996,0.4823089257081772,630.0,0.2650793650793651,-0.0015873015873015,0.154018939805039,0.4554850088183434,21.0,0.0,0.0,,0.7444444444444442,1201.0,0.183180682764363,-0.0016652789342214,0.193245184339384,0.4876121750393254,0.3367183324425441,0.0112239444147514,0.6419027258150721,1,1,1,0.0,3.27207378750001
P53007,311,0.2057877813504823,0.0643086816720257,0.1440497746716615,0.4928188638799567,,,,,,111.0,0.081081081081081,0.027027027027027,0.3060873887746462,0.6303303303303301,,,,,,,0.3569131832797427,,0,6,0,0.0,2.492760389026837
P53985,500,0.152,0.02,0.1508570854960451,0.5386666666666666,189.0,0.3121693121693121,0.0476190476190476,0.144881571161861,0.3919459141681359,269.0,0.0334572490706319,0.0037174721189591,0.2282381955520918,0.6599752168525397,42.0,0.1904761904761904,0.0,0.1677148157887048,0.421957671957672,0.378,0.538,0.084,7,12,6,0.0,2.6989700043360187
P54289,1103,0.2311876699909338,-0.0244786944696282,0.1896586235823013,0.4630200463382687,9.0,0.1111111111111111,0.1111111111111111,0.7018098247629994,0.5172839506172839,21.0,0.0,0.0,,0.6544973544973546,1049.0,0.2411820781696854,-0.0257387988560533,0.1879501607997407,0.4546446351022154,0.0081595648232094,0.0190389845874886,0.9510426110607434,1,1,1,0.0,3.0425755124401905
P54707,1039,0.217516843118383,-0.0096246390760346,0.1668326386939127,0.5017324350336804,723.0,0.2572614107883817,-0.0110650069156293,0.1693609599485598,0.4609958506224058,204.0,0.0980392156862745,0.0,0.2634318366782049,0.642864923747276,112.0,0.1785714285714285,-0.0178571428571428,0.1004167474330689,0.5076388888888886,0.6958614051973051,0.1963426371511068,0.107795957651588,6,10,5,0.0,3.016615547557177
P54764,986,0.22920892494929,-0.0060851926977687,0.1552319546732802,0.4683795357223359,417.0,0.2589928057553957,0.0095923261390887,0.1653856183447177,0.4564348521183052,22.0,0.0,0.0,,0.8328282828282828,528.0,0.2215909090909091,-0.0170454545454545,0.1439190882128215,0.4543981481481488,0.422920892494929,0.0223123732251521,0.5354969574036511,1,1,1,0.0,2.993876914941211
P55011,1212,0.1971947194719472,-0.0123762376237623,0.1664872260241081,0.5077466079941264,853.0,0.2379835873388042,-0.0105509964830011,0.1677051366369999,0.4543311189266654,260.0,0.05,0.0038461538461538,0.2029022900838787,0.6988461538461537,99.0,0.2323232323232323,-0.0707070707070707,0.1767356264451098,0.4661054994388326,0.7037953795379538,0.2145214521452145,0.0816831683168316,7,12,3,0.0297029702970297,3.0835026198302677
P55084,474,0.2088607594936709,0.0316455696202531,0.1864873666950628,0.4919596812001879,,,,,,,,,,,,,,,,,,,0,0,0,0.0,2.675778341674085
P55087,323,0.1578947368421052,0.0030959752321981,0.1680805035928026,0.5466804265565876,133.0,0.3233082706766917,0.037593984962406,0.1723531459613337,0.4329991645781118,125.0,0.024,-0.024,0.3299950253656568,0.7037333333333338,43.0,0.0930232558139534,-0.0465116279069767,0.2070225452606808,0.4609819121447029,0.4117647058823529,0.3869969040247678,0.1331269349845201,5,6,4,0.0,2.509202522331103
P55160,1127,0.2165039929015084,-0.0106477373558118,0.166446241916323,0.4954056985112882,,,,,,21.0,0.0476190476190476,-0.0476190476190476,0.6902017924891406,0.7179894179894178,,,,,,,0.0186335403726708,,0,1,0,0.0,3.0519239160461065
P55283,916,0.212882096069869,-0.0513100436681222,0.1841562008014116,0.4641072295002427,160.0,0.325,-0.1125,0.2069908964014006,0.3804166666666669,22.0,0.0,0.0,,0.848989898989899,565.0,0.1858407079646017,-0.0548672566371681,0.1580165210849483,0.476027531956735,0.1746724890829694,0.0240174672489082,0.6168122270742358,1,1,1,0.0,2.9618954736678504
P55344,173,0.0982658959537572,0.0520231213872832,0.1666844290578327,0.5723827874116896,26.0,0.2692307692307692,0.1923076923076923,0.2002710119228412,0.3658119658119658,84.0,0.0,0.0,,0.7300264550264551,63.0,0.1587301587301587,0.0634920634920634,0.1913084240827539,0.447442680776014,0.1502890173410404,0.4855491329479768,0.3641618497109826,3,4,2,0.0,2.2380461031287955
P56180,551,0.2522686025408348,0.0127041742286751,0.1679052895821448,0.4893123613631783,,,,,,63.0,0.1111111111111111,-0.0476190476190476,0.176639206935061,0.7536155202821865,,,,,,,0.1143375680580762,,0,3,0,0.0,2.741151598851785
P59534,338,0.1183431952662721,0.0236686390532544,0.2506949732109644,0.5685404339250489,104.0,0.1923076923076923,0.0961538461538461,0.2734076079250045,0.4662393162393159,147.0,0.0204081632653061,-0.0068027210884353,0.642466211337049,0.7043083900226759,87.0,0.1954022988505747,-0.0114942528735632,0.2558367639871847,0.4614303959131545,0.3076923076923077,0.4349112426035503,0.257396449704142,4,7,4,0.0,2.5289167002776547
P60033,236,0.1398305084745762,-0.0211864406779661,0.1656055060319636,0.576600753295668,29.0,0.1724137931034483,0.0344827586206896,0.3683302952144366,0.5118773946360153,88.0,0.0227272727272727,-0.0227272727272727,0.5161342203846174,0.7536616161616163,119.0,0.2184873949579832,-0.0336134453781512,0.1497799025026903,0.4614379084967315,0.1228813559322034,0.3728813559322034,0.5042372881355932,3,4,2,0.0,2.3729120029701067
P60201,277,0.111913357400722,0.0252707581227436,0.1595666220399242,0.5611311672683514,88.0,0.2045454545454545,0.0909090909090909,0.1405580290874249,0.4622474747474745,105.0,0.0,0.0,,0.6986243386243388,83.0,0.1566265060240964,-0.0120481927710843,0.1544611113665177,0.4902275769745649,0.3176895306859206,0.3790613718411552,0.2996389891696751,3,4,2,0.0,2.4424797690644486
P60468,96,0.1458333333333333,0.1041666666666666,0.2427451480936963,0.4843750000000001,69.0,0.1739130434782608,0.1159420289855072,0.2541815612462939,0.4215780998389694,21.0,0.0,0.0,,0.7354497354497354,5.0,0.4,0.4,,0.2511111111111111,0.71875,0.21875,0.0520833333333333,1,1,1,0.0,1.9822712330395684
P61073,352,0.1647727272727272,0.0113636363636363,0.2305487642325918,0.5443813131313139,113.0,0.247787610619469,0.1592920353982301,0.2300168407498735,0.4270403146509346,148.0,0.027027027027027,-0.027027027027027,0.2900207159689631,0.7084084084084086,91.0,0.2857142857142857,-0.1098901098901098,0.1402627687601345,0.4233211233211233,0.3210227272727273,0.4204545454545454,0.2585227272727273,4,7,4,0.0,2.546542663478131
P61266,288,0.3611111111111111,-0.0416666666666666,0.2227904633999381,0.4228780864197526,264.0,0.3939393939393939,-0.0454545454545454,0.2102667861368664,0.390909090909091,24.0,0.0,0.0,,0.774537037037037,,,,,,0.9166666666666666,0.0833333333333333,,1,1,0,0.0,2.459392487759231
P61803,113,0.1061946902654867,0.0,0.1908950075170564,0.5916420845624388,48.0,0.2291666666666666,0.0208333333333333,0.1744998681739716,0.4587962962962965,63.0,0.0158730158730158,-0.0158730158730158,0.999999999999998,0.6952380952380952,,,,,,0.4247787610619469,0.5575221238938053,,2,3,0,0.0,2.0530784434834195
P63027,116,0.2155172413793103,0.0086206896551724,0.2496935054188738,0.4981800766283527,93.0,0.2688172043010752,0.010752688172043,0.2359869174152531,0.4187574671445636,20.0,0.0,0.0,,0.8650000000000002,,,,,,0.8017241379310345,0.1724137931034483,,1,1,0,0.0,2.0644579892269186
P78324,504,0.2083333333333333,-0.0059523809523809,0.182027979587255,0.4515652557319213,110.0,0.2636363636363636,0.009090909090909,0.2457883333168181,0.3658585858585861,21.0,0.0,0.0,,0.8169312169312167,343.0,0.2157434402332361,-0.0116618075801749,0.1493808598614047,0.4440881114350478,0.2182539682539682,0.0416666666666666,0.6805555555555556,1,1,1,0.0,2.702430536445525
P78357,1384,0.1972543352601156,-0.0065028901734104,0.1859886965098822,0.4650048169556856,80.0,0.15,0.0,0.1655834107087589,0.3765277777777779,21.0,0.0,0.0,,0.8291005291005289,1264.0,0.2049050632911392,-0.0071202531645569,0.1892391933913624,0.4617791842475368,0.0578034682080924,0.0151734104046242,0.9132947976878611,1,1,1,0.0,3.141136090120739
P81605,110,0.2636363636363636,-0.009090909090909,0.2415344699127695,0.4750505050505054,,,,,,45.0,0.3555555555555555,-0.0444444444444444,0.1791449162349692,0.4787654320987655,,,,,,,0.4090909090909091,,0,1,0,0.0,2.041392685158225
P98194,919,0.2023939064200217,-0.0043525571273122,0.1776243731994951,0.5191149800507782,652.0,0.2361963190184049,-0.00920245398773,0.1860919950865075,0.4826346284935245,202.0,0.094059405940594,0.0247524752475247,0.1922674404366862,0.6367436743674362,65.0,0.2,-0.0461538461538461,0.1406875117975328,0.5194871794871794,0.7094668117519043,0.2198041349292709,0.0707290533188248,6,10,5,0.0,2.9633155113861114
Q00325,362,0.1933701657458563,0.0441988950276243,0.1759210595067252,0.5026396562308161,,,,,,127.0,0.0472440944881889,0.0157480314960629,0.3969661733242617,0.6249343832020993,86.0,0.313953488372093,0.0116279069767441,0.1865928781563513,0.4156330749354003,,0.3508287292817679,0.2375690607734806,0,6,4,0.0,2.558708570533166
Q00765,189,0.2328042328042328,0.0105820105820105,0.1031490454916576,0.5116402116402115,110.0,0.3636363636363636,0.0181818181818181,0.0897493926096442,0.4186868686868689,75.0,0.04,0.0133333333333333,0.6370606411577633,0.6496296296296297,4.0,0.25,-0.25,,0.4805555555555555,0.582010582010582,0.3968253968253968,0.0211640211640211,3,4,2,0.0,2.2764618041732443
Q01726,317,0.1104100946372239,0.0220820189274447,0.2439154187298012,0.6012968804766904,81.0,0.2222222222222222,0.1481481481481481,0.1953097928861839,0.4503429355281209,164.0,0.048780487804878,-0.0365853658536585,0.2235697701191519,0.6966124661246607,72.0,0.125,0.0138888888888888,0.2906671653857204,0.5540123456790124,0.2555205047318612,0.5173501577287066,0.2271293375394321,4,7,4,0.0,2.501059262217752
Q01814,1243,0.2405470635559131,-0.0152855993563958,0.1839006262881609,0.4816840976133004,925.0,0.2864864864864865,-0.0097297297297297,0.1778765960519598,0.4421981981981999,210.0,0.0761904761904762,-0.019047619047619,0.2370176944408344,0.6408994708994705,108.0,0.1666666666666666,-0.0555555555555555,0.3176734569269632,0.5102880658436215,0.7441673370876911,0.1689460981496379,0.0868865647626709,6,10,5,0.0,3.094471128641645
Q02297,640,0.240625,0.01875,0.2015226665937028,0.413385416666668,375.0,0.2293333333333333,-0.0106666666666666,0.2207742401687922,0.3944592592592595,23.0,0.0,0.0,,0.7893719806763286,223.0,0.2511210762331838,0.0448430493273542,0.1578935687749045,0.4231190832087693,0.5859375,0.0359375,0.3484375,1,1,1,0.0,2.806179973983887
Q02413,1049,0.1982840800762631,-0.0400381315538608,0.1713708548828398,0.4691875860608005,480.0,0.1770833333333333,-0.05625,0.1735942825050583,0.4715509259259258,21.0,0.0,0.0,,0.7788359788359787,499.0,0.220440881763527,-0.0400801603206412,0.1686286365601902,0.4522155421955027,0.4575786463298379,0.0200190657769304,0.4756911344137273,1,1,1,0.0,3.020775488193558
Q02978,314,0.1815286624203821,0.054140127388535,0.136498826045315,0.5129511677282373,,,,,,119.0,0.0504201680672268,0.0504201680672268,0.1836309565195209,0.6017740429505125,,,,,,,0.3789808917197452,,0,6,0,0.0,2.496929648073215
Q03135,178,0.2191011235955056,-0.0280898876404494,0.166092682239688,0.5071161048689143,156.0,0.25,-0.032051282051282,0.164711522552432,0.4757834757834754,,,,,,,,,,,0.8764044943820225,,,2,0,0,0.0,2.250420002308894
Q03518,748,0.1537433155080214,-0.0013368983957219,0.177901463982682,0.523098633392751,466.0,0.1931330472103004,-0.0085836909871244,0.1764340293153288,0.4634716261325687,212.0,0.0660377358490566,0.0094339622641509,0.3081350353444544,0.6634696016771491,70.0,0.1571428571428571,0.0142857142857142,0.1724580152555262,0.494920634920635,0.6229946524064172,0.2834224598930481,0.0935828877005347,6,10,5,0.0,2.873901597864461
Q03519,686,0.173469387755102,0.0043731778425655,0.1482960585684297,0.515419501133787,433.0,0.2217090069284064,0.0,0.1387029840045422,0.465640236079035,189.0,0.0582010582010582,0.0158730158730158,0.2597370899135409,0.6427983539094648,64.0,0.1875,0.0,0.2593849416755036,0.4760416666666665,0.6311953352769679,0.2755102040816326,0.0932944606413994,5,9,5,0.0,2.836324115706752
Q04671,838,0.1706443914081145,-0.0035799522673031,0.1919621046336939,0.5404667197029985,339.0,0.2654867256637168,0.0176991150442477,0.2110446976081211,0.4367420517862995,205.0,0.024390243902439,-0.0048780487804878,0.4457593936790769,0.7584823848238502,294.0,0.1632653061224489,-0.0272108843537414,0.1622518349196308,0.5080498866213146,0.4045346062052506,0.2446300715990453,0.350835322195704,7,12,6,0.0,2.9232440186302764
Q05586,938,0.2292110874200426,0.0159914712153518,0.1616104710522778,0.4706941483060898,139.0,0.3525179856115107,0.0935251798561151,0.2567139900245376,0.3704236610711432,66.0,0.0303030303030303,0.0,0.6847140039447731,0.7097643097643096,704.0,0.2315340909090909,0.0014204545454545,0.1333171100633462,0.460227272727272,0.1481876332622601,0.0703624733475479,0.7505330490405118,3,3,2,0.0,2.9722028383790646
Q05996,745,0.1879194630872483,-0.0161073825503355,0.1721318505693686,0.4810290827740475,9.0,0.3333333333333333,0.1111111111111111,0.3415298034685777,0.2876543209876543,20.0,0.0,0.0,,0.7288888888888889,678.0,0.1976401179941003,-0.023598820058997,0.1696756722721469,0.4760242543428383,0.0120805369127516,0.0268456375838926,0.9100671140939596,1,1,1,0.0,2.8721562727482928
Q06418,890,0.1943820224719101,-0.0191011235955056,0.1824582910070913,0.4900873907615479,440.0,0.2431818181818182,-0.0204545454545454,0.1709380081825431,0.4687373737373731,21.0,0.0,0.0,,0.7851851851851852,389.0,0.1568123393316195,-0.0282776349614395,0.1919244458280358,0.491373893173379,0.4943820224719101,0.0235955056179775,0.4370786516853933,1,1,1,0.0,2.949390006644913
Q07065,602,0.2807308970099668,-0.0282392026578073,0.1261270256755577,0.4219269102990057,106.0,0.1415094339622641,0.0849056603773584,0.2385499279683818,0.3768343815513628,21.0,0.0,0.0,,0.7031746031746032,475.0,0.3242105263157894,-0.0547368421052631,0.1108596119994709,0.4195555555555554,0.1760797342192691,0.0348837209302325,0.7890365448504983,1,1,1,0.0332225913621262,2.7795964912578244
Q07954,4544,0.2372359154929577,-0.0391725352112676,0.1908025527749503,0.4432438380281817,100.0,0.27,-0.05,0.2296807838740022,0.4067777777777779,25.0,0.0,0.0,,0.7786666666666665,4400.0,0.2388636363636363,-0.0393181818181818,0.1896047178368305,0.4409267676767672,0.0220070422535211,0.0055017605633802,0.9683098591549296,1,1,1,0.0,3.6574383227029625
Q08174,1060,0.2235849056603773,-0.0424528301886792,0.1772168117484763,0.453763102725369,187.0,0.2352941176470588,0.053475935828877,0.274214976588006,0.3727866904337489,21.0,0.0,0.0,,0.8396825396825397,795.0,0.2327044025157232,-0.0716981132075471,0.1478816194899014,0.4577078965758197,0.1764150943396226,0.0198113207547169,0.75,1,1,1,0.0,3.0253058652647704
Q08345,913,0.208105147864184,-0.0065717415115005,0.1688296116466033,0.472398685651698,475.0,0.2126315789473684,-0.0021052631578947,0.1736407035439628,0.4620116959064319,21.0,0.0,0.0,,0.8862433862433862,397.0,0.2191435768261964,-0.0075566750629722,0.1674449058628284,0.4541841589700526,0.52026286966046,0.0230010952902519,0.4348302300109529,1,1,1,0.0,2.960470777534299
Q08554,894,0.2427293064876957,-0.0324384787472035,0.184407054346498,0.4509197116579675,180.0,0.2555555555555555,-0.0333333333333333,0.2133926843560167,0.4198765432098758,23.0,0.0,0.0,,0.7908212560386472,557.0,0.2423698384201077,-0.0556552962298025,0.1658712372856492,0.4402952323957719,0.2013422818791946,0.0257270693512304,0.6230425055928411,1,1,1,0.0,2.951337518795918
Q10589,180,0.2333333333333333,-0.0222222222222222,0.1472403990426817,0.5032098765432088,20.0,0.35,-0.05,0.1933552242894435,0.3944444444444445,28.0,0.0714285714285714,0.0714285714285714,0.2862451804710363,0.7869047619047617,113.0,0.2920353982300885,-0.0442477876106194,0.1381852252535638,0.4213372664700096,0.1111111111111111,0.1555555555555555,0.6277777777777778,1,1,1,0.0,2.255272505103306
Q12846,297,0.3131313131313131,-0.0168350168350168,0.2024223605217412,0.4320613542835756,275.0,0.3381818181818182,-0.0181818181818181,0.1990911492117099,0.4013333333333337,21.0,0.0,0.0,,0.8333333333333331,,,,,,0.925925925925926,0.0707070707070707,,1,1,0,0.0,2.4727564493172123
Q12879,1464,0.2233606557377049,-0.0047814207650273,0.1773403109292887,0.456360048573154,663.0,0.2579185520361991,0.0196078431372549,0.1658879392797012,0.3913859560918373,62.0,0.032258064516129,0.0,1.0,0.7136200716845876,702.0,0.2150997150997151,-0.0327635327635327,0.1856306505697256,0.4870686926242487,0.4528688524590163,0.0423497267759562,0.4795081967213114,3,3,2,0.0,3.165541076722373
Q13018,1463,0.215311004784689,-0.0307587149692412,0.1727196240860236,0.4505430242272338,45.0,0.2222222222222222,0.0,0.2955489403926571,0.4439506172839507,21.0,0.0,0.0,,0.8153439153439153,1377.0,0.2207697893972403,-0.0334059549745824,0.1713336675799328,0.4418865488582272,0.0307587149692412,0.0143540669856459,0.9412166780587832,1,1,1,0.0,3.1652443261253107
Q13021,153,0.0784313725490196,-0.0130718954248366,0.1260090548872571,0.5959331880900509,,,,,,84.0,0.0119047619047619,-0.0119047619047619,1.0,0.691137566137566,,,,,,,0.5490196078431373,,0,4,0,0.0,2.184691430817599
Q13291,335,0.1880597014925373,0.0149253731343283,0.1488397055452515,0.4775124378109458,77.0,0.2077922077922078,0.0259740259740259,0.2800405389452524,0.4294372294372296,21.0,0.0,0.0,,0.7857142857142856,217.0,0.2073732718894009,0.0138248847926267,0.1185813092912293,0.448847926267281,0.2298507462686567,0.0626865671641791,0.6477611940298508,1,1,1,0.0,2.525044807036845
Q13308,1070,0.2214953271028037,-0.0046728971962616,0.186696432661871,0.457279335410179,345.0,0.2608695652173913,0.0,0.2215060955804287,0.4439291465378427,21.0,0.0,0.0,,0.7370370370370369,674.0,0.2121661721068249,-0.0133531157270029,0.159870539963466,0.4519452687108478,0.322429906542056,0.019626168224299,0.6299065420560748,1,1,1,0.0,3.0293837776852097
Q13332,1948,0.2227926078028747,-0.0102669404517453,0.1848976333742208,0.4557551905087887,645.0,0.2387596899224806,-0.0062015503875968,0.1576970021811742,0.443014642549526,21.0,0.0,0.0,,0.8497354497354495,1253.0,0.2234636871508379,-0.0127693535514764,0.1986529855185449,0.4507493127604849,0.3311088295687885,0.0107802874743326,0.643223819301848,1,1,1,0.0,3.2895889525425965
Q13423,1086,0.1537753222836095,0.0046040515653775,0.1666044518533314,0.5332310210763241,17.0,0.1764705882352941,-0.0588235294117647,0.3519675862088057,0.5058823529411766,289.0,0.0069204152249134,-0.0069204152249134,0.5412186238852873,0.6598231449442525,,,,,,0.0156537753222836,0.2661141804788213,,1,14,0,0.0,3.035829825252828
Q13505,466,0.2188841201716738,0.0343347639484978,0.226779766758836,0.4514306151645193,,,,,,21.0,0.0,0.0,,0.7412698412698412,,,,,,,0.0450643776824034,,0,1,0,0.0,2.66838591669
Q13507,921,0.2442996742671009,-0.007600434310532,0.221418216921456,0.4841476655808902,673.0,0.2838038632986627,-0.0044576523031203,0.2351165916458559,0.4486874690440798,133.0,0.075187969924812,0.0,0.2228407218359391,0.671929824561404,115.0,0.208695652173913,-0.0347826086956521,0.1766710059086614,0.4744927536231881,0.7307274701411509,0.1444082519001086,0.1248642779587405,4,6,3,0.0,2.964259630196849
Q13724,837,0.1935483870967742,0.007168458781362,0.1735879695573874,0.4712730651798749,38.0,0.4210526315789473,0.2105263157894736,0.118133926760334,0.3362573099415205,21.0,0.0,0.0,,0.6925925925925924,778.0,0.1876606683804627,-0.0025706940874035,0.1771837015195239,0.4718937446443872,0.045400238948626,0.025089605734767,0.929510155316607,1,1,1,0.0,2.92272545799326
Q13733,1029,0.2128279883381924,-0.0068027210884353,0.1809970976709549,0.5046431270921017,711.0,0.250351617440225,0.0,0.1760266826747324,0.4627441787779344,238.0,0.0966386554621848,-0.0042016806722689,0.2261929540292929,0.6381886087768425,80.0,0.225,-0.075,0.1741244856955084,0.4797222222222222,0.6909620991253644,0.2312925170068027,0.0777453838678328,6,10,5,0.0,3.012415374762433
Q14118,895,0.2145251396648044,0.0067039106145251,0.2167198260164502,0.4584481688392304,120.0,0.2583333333333333,-0.0083333333333333,0.2940332813516425,0.3819444444444443,26.0,0.0,0.0,,0.7568376068376067,96.0,0.28125,-0.0520833333333333,0.1561973262580255,0.4296296296296297,0.1340782122905028,0.0290502793296089,0.1072625698324022,1,1,1,0.0,2.951823035315912
Q14318,412,0.2524271844660194,-0.058252427184466,0.3380215020034708,0.4697411003236256,,,,,,21.0,0.0,0.0,,0.7259259259259259,,,,,,,0.0509708737864077,,0,1,0,0.0776699029126213,2.6148972160331345
Q14332,565,0.1610619469026548,0.0123893805309734,0.1347333054938242,0.5156932153392328,84.0,0.2857142857142857,0.0952380952380952,0.15041166780678,0.4125661375661378,147.0,0.0136054421768707,0.0136054421768707,0.53113873490461,0.6899470899470899,311.0,0.1993569131832797,-0.0192926045016077,0.1195160002726851,0.4563415505537689,0.1486725663716814,0.2601769911504424,0.5504424778761062,4,7,4,0.0,2.7520484478194387
Q14416,872,0.1834862385321101,0.0114678899082568,0.1457953728867906,0.5109454638124363,104.0,0.2211538461538461,0.1057692307692307,0.1467490222057786,0.4206196581196579,155.0,0.0129032258064516,0.0129032258064516,0.5322323241002572,0.7103942652329748,595.0,0.226890756302521,-0.0050420168067226,0.1325331163683618,0.4674136321195137,0.1192660550458715,0.1777522935779816,0.6823394495412844,4,7,4,0.0,2.940516484932567
Q14432,1141,0.2199824715162138,-0.0236634531113058,0.2449974745069459,0.4659752653617695,,,,,,126.0,0.0476190476190476,0.0158730158730158,0.3207639104225628,0.69047619047619,,,,,,,0.1104294478527607,,0,6,0,0.0,3.0572856444182146
Q14643,2758,0.2559825960841189,-0.0224800580130529,0.1595232103723552,0.4650551929739619,2490.0,0.2666666666666666,-0.0200803212851405,0.1587200497333674,0.4507228915662524,126.0,0.0238095238095238,-0.0079365079365079,0.6415409196365884,0.7292768959435624,142.0,0.2746478873239437,-0.0774647887323943,0.17040967990917,0.4819248826291087,0.9028281363306744,0.0456852791878172,0.0514865844815083,4,6,3,0.0,3.440594261839831
Q14739,615,0.2146341463414634,0.032520325203252,0.1622080458548367,0.4938211382113822,,,,,,168.0,0.0416666666666666,-0.0178571428571428,0.2565738697131347,0.6944444444444443,211.0,0.3412322274881517,0.0568720379146919,0.1623756092946147,0.380252764612954,,0.2731707317073171,0.3430894308943089,0,8,1,0.0,2.788875115775417
Q14789,3259,0.3402884320343664,-0.0629027308990487,0.1251673972406931,0.3959053561078689,3235.0,0.3428129829984544,-0.0633693972179289,0.1247787677583208,0.3933573759230507,21.0,0.0,0.0,,0.7724867724867723,3.0,0.0,0.0,,0.5074074074074073,0.992635777845965,0.0064436943847806,0.0009205277692543,1,1,1,0.0,3.513084360465144
Q14957,1233,0.1711273317112733,0.0121654501216545,0.1798082936584563,0.4933495539334929,435.0,0.1770114942528735,0.0482758620689655,0.19207268031034,0.4421200510855696,62.0,0.032258064516129,-0.032258064516129,0.3365086732182628,0.7317204301075267,704.0,0.1860795454545454,-0.0071022727272727,0.1684656526598512,0.4962436868686852,0.3527980535279805,0.0502838605028386,0.5709651257096513,3,3,2,0.0,3.0909630765957314
Q14BN4,828,0.323671497584541,-0.036231884057971,0.1145219148032988,0.4102657004830932,802.0,0.3329177057356609,-0.0386533665835411,0.114036523968038,0.4021335550013874,42.0,0.2857142857142857,-0.0476190476190476,0.1561223143159695,0.4976190476190478,5.0,0.2,0.2,,0.4266666666666666,0.9685990338164252,0.0507246376811594,0.0060386473429951,1,2,1,0.0,2.9180303367848803
Q14DG7,1078,0.2309833024118738,-0.0584415584415584,0.2012169859124717,0.4690785405071096,154.0,0.2792207792207792,-0.0584415584415584,0.2464465175033492,0.4048340548340552,21.0,0.0,0.0,,0.8042328042328043,903.0,0.2281284606866002,-0.0598006644518272,0.1935263227931919,0.4722406792174245,0.1428571428571428,0.0194805194805194,0.8376623376623377,1,1,1,0.0,3.03261876085072
Q15005,226,0.2566371681415929,0.0176991150442477,0.1173998243863195,0.4812192723697152,179.0,0.3072625698324022,0.0279329608938547,0.1178672795270273,0.4349472377405343,42.0,0.0238095238095238,-0.0238095238095238,0.9999999999999998,0.6970899470899472,4.0,0.5,0.0,,0.2277777777777777,0.7920353982300885,0.1858407079646017,0.0176991150442477,2,2,1,0.0,2.3541084391474008
Q15303,1308,0.2194189602446483,-0.014525993883792,0.1853125467081452,0.4573224600747537,633.0,0.2575039494470774,-0.0142180094786729,0.2123328077190744,0.4363173600140444,24.0,0.0,0.0,,0.7851851851851851,626.0,0.194888178913738,-0.0159744408945686,0.1470882915435896,0.4616258430954924,0.4839449541284403,0.018348623853211,0.4785932721712538,1,1,1,0.0,3.1166077439882485
Q15388,145,0.2689655172413793,0.0206896551724137,0.2063733634473913,0.4640613026819919,121.0,0.3140495867768595,0.0165289256198347,0.2055752406386672,0.4271808999081722,18.0,0.0,0.0,,0.7191358024691358,6.0,0.1666666666666666,0.1666666666666666,0.0769230769230771,0.4425925925925925,0.8344827586206897,0.1241379310344827,0.0413793103448275,1,1,1,0.0,2.161368002234975
Q15620,311,0.0868167202572347,0.0096463022508038,0.211157336055435,0.5973919256877459,66.0,0.2121212121212121,0.0909090909090909,0.224462621480183,0.4951178451178452,146.0,0.0273972602739726,-0.0136986301369863,0.4525098427913228,0.6661339421613395,99.0,0.0909090909090909,-0.0101010101010101,0.3270561911264446,0.5641975308641978,0.2122186495176848,0.4694533762057878,0.3183279742765273,4,7,4,0.0,2.492760389026837
Q15836,100,0.24,0.02,0.2519715270777606,0.4934444444444446,76.0,0.3157894736842105,0.0263157894736842,0.2373895564341006,0.3967836257309937,21.0,0.0,0.0,,0.8407407407407408,,,,,,0.76,0.21,,1,1,0,0.0,2.0
Q16570,336,0.0892857142857142,-0.0119047619047619,0.262484416810697,0.5782738095238097,68.0,0.1470588235294117,0.088235294117647,0.2412331300347195,0.456535947712418,150.0,0.0133333333333333,-0.0133333333333333,0.5752586995350352,0.6953333333333332,118.0,0.1525423728813559,-0.0677966101694915,0.265456011840042,0.4996233521657252,0.2023809523809523,0.4464285714285714,0.3511904761904761,4,7,4,0.0,2.526339277389844
Q16623,288,0.3541666666666667,-0.0416666666666666,0.2313551117513182,0.4344907407407404,265.0,0.3849056603773585,-0.0452830188679245,0.2185911540052854,0.4023899371069186,21.0,0.0,0.0,,0.8089947089947087,,,,,,0.9201388888888888,0.0729166666666666,,1,1,1,0.0,2.459392487759231
Q16635,262,0.1908396946564885,0.0229007633587786,0.1494532030376038,0.4874469889737063,,,,,,,,,,,241.0,0.2074688796680498,0.0248962655601659,0.1492306117320106,0.4750115260488692,,,0.9198473282442748,0,0,2,0.0,2.418301291319745
Q16653,247,0.2145748987854251,0.020242914979757,0.2047056371692148,0.5127755285650025,35.0,0.2857142857142857,0.1142857142857142,0.2753187628158718,0.4587301587301587,42.0,0.0,0.0,,0.7801587301587304,141.0,0.2978723404255319,0.0,0.2027039073085842,0.4233254531126876,0.1417004048582996,0.1700404858299595,0.5708502024291497,1,2,2,0.0,2.392696953259666
Q16720,1220,0.2360655737704918,-0.0196721311475409,0.1793703323176833,0.4854918032786869,902.0,0.2804878048780488,-0.0099778270509977,0.1706667932920387,0.4432249322493206,210.0,0.0761904761904762,-0.019047619047619,0.2370176944408344,0.638253968253968,108.0,0.1759259259259259,-0.1018518518518518,0.3044905038331251,0.5414609053497943,0.739344262295082,0.1721311475409836,0.0885245901639344,6,10,5,0.0,3.0863598306747484
Q16790,459,0.2222222222222222,-0.074074074074074,0.2257525317396272,0.4603727910917465,24.0,0.3333333333333333,0.1666666666666666,0.3636546153727353,0.3472222222222222,21.0,0.0,0.0,,0.7677248677248676,377.0,0.2493368700265252,-0.1007957559681697,0.2032914222350781,0.432478632478633,0.0522875816993464,0.0457516339869281,0.8213507625272332,1,1,1,0.0,2.661812685537261
Q16799,776,0.2448453608247422,-0.0695876288659793,0.1593429941322657,0.4502434135166079,,,,,,42.0,0.0,0.0,,0.7166666666666668,,,,,,,0.0541237113402061,,0,2,0,0.0,2.8898617212581885
Q16891,758,0.2704485488126649,-0.0118733509234828,0.1314825926784301,0.4483729111697456,,,,,,19.0,0.0,0.0,,0.67953216374269,694.0,0.2853025936599423,-0.0230547550432276,0.1246409847100607,0.4384245917387123,,0.025065963060686,0.9155672823218998,0,1,1,0.0,2.8796692056320534
Q3ZCQ8,353,0.235127478753541,0.0084985835694051,0.2139258300300823,0.4578533207428385,,,,,,21.0,0.0,0.0,,0.7084656084656084,267.0,0.2584269662921348,-0.0187265917602996,0.2067844733612138,0.4467748647523921,,0.0594900849858356,0.7563739376770539,0,1,1,0.0,2.5477747053878224
Q4G0T1,1027,0.189873417721519,-0.0223953261927945,0.170109620635963,0.4946121389159387,100.0,0.27,-0.15,0.2247092606596186,0.4623333333333336,21.0,0.0,0.0,,0.7846560846560847,887.0,0.1882750845546787,-0.0101465614430665,0.1555616857100787,0.4886383565075789,0.0973709834469328,0.0204479065238558,0.8636806231742941,1,1,1,0.0,3.0115704435972783
Q50LG9,513,0.1871345029239766,0.023391812865497,0.2224342731269893,0.5005414771496646,,,,,,21.0,0.0,0.0,,0.8100529100529099,,,,,,,0.0409356725146198,,0,1,0,0.0,2.710117365111816
Q53EP0,1204,0.2034883720930232,-0.0224252491694352,0.2119296443817805,0.4546142488002954,,,,,,21.0,0.0,0.0,,0.7608465608465609,,,,,,,0.0174418604651162,,0,1,0,0.0166112956810631,3.0806264869218056
Q53GQ0,312,0.2051282051282051,0.032051282051282,0.1898115992458781,0.511965811965811,,,,,,63.0,0.0,0.0,,0.6347442680776013,,,,,,,0.2019230769230769,,0,3,0,0.0,2.494154594018443
Q53TN4,286,0.1223776223776223,0.0104895104895104,0.1968728592417103,0.5634809634809632,87.0,0.2298850574712643,0.0229885057471264,0.2365158063839088,0.3951468710089398,153.0,0.0326797385620915,0.0326797385620915,0.2202099660128784,0.7014524328249822,46.0,0.217391304347826,-0.0869565217391304,0.1350445926840657,0.4229468599033817,0.3041958041958042,0.534965034965035,0.1608391608391608,4,6,3,0.0,2.456366033129043
Q5BJH7,314,0.1464968152866242,0.019108280254777,0.2349506012510528,0.5391365888181183,192.0,0.1979166666666666,0.03125,0.2616933787965553,0.4645254629629628,105.0,0.0380952380952381,0.0,0.5508932280847528,0.6899470899470904,15.0,0.2,-0.0666666666666666,0.1592453816660857,0.4488888888888889,0.6114649681528662,0.3343949044585987,0.0477707006369426,3,5,1,0.0,2.496929648073215
Q5H9S7,520,0.225,-0.0057692307692307,0.2277407267387721,0.4776068376068366,,,,,,42.0,0.0714285714285714,0.0238095238095238,0.627988527269497,0.6830687830687832,,,,,,,0.0807692307692307,,0,2,0,0.0,2.716003343634799
Q5J8M3,183,0.1693989071038251,0.0163934426229508,0.1610349933459905,0.512932604735884,72.0,0.2638888888888889,0.0138888888888888,0.1929406995752173,0.4202160493827161,64.0,0.09375,0.0625,0.151770500016787,0.6074652777777777,46.0,0.1304347826086956,-0.0434782608695652,0.2148695211683161,0.5222222222222224,0.3934426229508196,0.3497267759562841,0.2513661202185792,2,3,2,0.0,2.2624510897304293
Q5JPE7,1267,0.2044198895027624,-0.0228887134964483,0.1747714589633204,0.4858721389108126,91.0,0.2087912087912088,0.0329670329670329,0.3400883787689239,0.4772893772893772,21.0,0.0,0.0,,0.6476190476190475,1124.0,0.2135231316725978,-0.0284697508896797,0.1620591223276709,0.4787366548042725,0.0718232044198895,0.0165745856353591,0.8871349644830308,1,1,1,0.0,3.102776614883441
Q5JRA6,1907,0.3104352385946513,-0.0713162034609334,0.1684905597988783,0.4013925304433912,710.0,0.3028169014084507,0.0014084507042253,0.1387147424407162,0.3972769953051633,21.0,0.0476190476190476,0.0476190476190476,0.820564139220322,0.6894179894179894,1133.0,0.3292144748455428,-0.1244483671668137,0.1732689241928559,0.3891536726488183,0.3723125327739905,0.0110120608285264,0.5941269008914526,1,1,2,0.0,3.280350693046006
Q5JTH9,1297,0.2552043176561295,0.0177332305319969,0.2536354886390711,0.4749593078043319,,,,,,21.0,0.0,0.0,,0.7275132275132276,,,,,,,0.0161912104857363,,0,1,0,0.0,3.11293997608408
Q5R3F8,820,0.2036585365853658,0.0012195121951219,0.1747241260803218,0.4699457994579961,402.0,0.2462686567164179,0.0074626865671641,0.1782679260529253,0.4371199557766715,21.0,0.0,0.0,,0.7455026455026454,375.0,0.1733333333333333,-0.0133333333333333,0.1684424132736039,0.4790814814814825,0.4902439024390244,0.0256097560975609,0.4573170731707317,1,1,1,0.0,2.9138138523837167
Q5SGD2,360,0.275,-0.025,0.1411522243210709,0.4693518518518524,318.0,0.2924528301886792,-0.0283018867924528,0.1343394055985003,0.4518169112508742,17.0,0.0,0.0,,0.6862745098039217,25.0,0.24,0.0,0.3864441819255759,0.5448888888888888,0.8833333333333333,0.0472222222222222,0.0694444444444444,1,1,1,0.0,2.5563025007672877
Q5SNT2,666,0.1651651651651651,0.036036036036036,0.2145513648991859,0.4791124457791116,,,,,,102.0,0.0392156862745098,0.0,0.4176316420569392,0.6838779956427014,563.0,0.1865008880994671,0.0408525754884547,0.2207980369550732,0.442865600947306,,0.1531531531531531,0.8453453453453453,0,5,5,0.0,2.823474229170301
Q5T848,1215,0.2337448559670782,0.0098765432098765,0.1921546502130967,0.4465569272976643,601.0,0.2945091514143095,0.0183028286189683,0.200215953298974,0.3838417452394145,155.0,0.0709677419354838,0.0064516129032258,0.2640340423757579,0.67921146953405,436.0,0.2201834862385321,0.0,0.1798336497241607,0.4372579001019372,0.4946502057613168,0.1275720164609053,0.3588477366255144,4,7,4,0.0,3.084576277934331
Q5T8D3,534,0.2677902621722846,-0.0393258426966292,0.1893927531958161,0.4134415314190606,,,,,,21.0,0.0,0.0,,0.6619047619047617,,,,,,,0.0393258426966292,,0,1,0,0.0,2.727541257028556
Q5T9A4,648,0.2746913580246913,0.0246913580246913,0.1321856584071176,0.4363683127572029,,,,,,,,,,,629.0,0.2829888712241653,0.0254372019077901,0.1320821288757929,0.428740505211095,,,0.970679012345679,0,0,2,0.0,2.8115750058705933
Q5TF21,947,0.2956705385427666,-0.0147835269271383,0.1815379188446761,0.4078493488208375,,,,,,21.0,0.0,0.0,,0.756084656084656,,,,,,,0.0221752903907074,,0,1,0,0.0327349524815205,2.976349979003273
Q5VU65,1888,0.1859110169491525,-0.0015889830508474,0.1621933275824515,0.5055849811676116,,,,,,21.0,0.0,0.0,,0.716931216931217,,,,,,,0.0111228813559322,,0,1,0,0.0,3.27600198996205
Q5VUB5,890,0.2089887640449438,-0.0157303370786516,0.1955789293622848,0.4479650436953809,566.0,0.2561837455830388,-0.0300353356890459,0.1983239321601754,0.4039065567334126,21.0,0.0,0.0,,0.8407407407407406,282.0,0.1382978723404255,0.0035460992907801,0.1920529681136475,0.4946020488573663,0.6359550561797753,0.0235955056179775,0.3168539325842696,1,1,1,0.0,2.949390006644913
Q69YW2,141,0.1276595744680851,0.0,0.0973793581159086,0.5747044917257684,,,,,,42.0,0.0238095238095238,0.0238095238095238,0.9999999999999996,0.6886243386243388,,,,,,,0.2978723404255319,,0,2,0,0.0,2.14921911265538
Q6DD88,541,0.2236598890942698,-0.0277264325323475,0.1699724257116051,0.4751078250154035,498.0,0.2409638554216867,-0.0281124497991967,0.1700227754449965,0.4553324408746082,42.0,0.0,0.0,,0.7182539682539683,,,,,,0.9205175600739371,0.077634011090573,,2,2,0,0.0,2.733197265106569
Q6ISU1,281,0.1316725978647686,-0.0035587188612099,0.1836410595971934,0.5013048635824422,114.0,0.1666666666666666,0.043859649122807,0.1849347476497326,0.4359649122807021,21.0,0.1428571428571428,0.0476190476190476,0.5602701674846032,0.7328042328042328,123.0,0.1219512195121951,-0.056910569105691,0.1836692798434382,0.492682926829268,0.4056939501779359,0.0747330960854092,0.4377224199288256,1,1,1,0.0711743772241993,2.44870631990508
Q6MZM0,1159,0.2226056945642795,-0.0120793787748058,0.1652278622569907,0.4602722653628612,24.0,0.1666666666666666,0.0,0.2539464653397392,0.4657407407407407,21.0,0.0,0.0,,0.8349206349206348,1090.0,0.2311926605504587,-0.0146788990825688,0.1644795125181355,0.4499592252803274,0.0207075064710957,0.0181190681622088,0.9404659188955996,1,1,1,0.0,3.064083435963596
Q6NUK1,477,0.2368972746331236,-0.0062893081761006,0.1577298076161693,0.4769159096203107,,,,,,110.0,0.0545454545454545,0.0181818181818181,0.2989355781972572,0.5819191919191922,255.0,0.3058823529411765,-0.0705882352941176,0.1428138015309871,0.4359477124183009,,0.230607966457023,0.5345911949685535,0,6,4,0.0,2.678518379040114
Q6P1M0,643,0.2208398133748056,0.015552099533437,0.1562883115914305,0.4913081043718683,,,,,,41.0,0.073170731707317,0.024390243902439,0.5029955555178011,0.6306233062330624,,,,,,,0.0637636080870917,,0,2,0,0.0,2.808210972924222
Q6P995,826,0.2203389830508474,0.009685230024213,0.1739262460155525,0.451103040086092,452.0,0.2676991150442478,0.0022123893805309,0.1762983597102881,0.4046705998033422,21.0,0.0,0.0,,0.7941798941798942,321.0,0.1713395638629283,0.0031152647975077,0.168727698726563,0.4767047421253029,0.5472154963680388,0.0254237288135593,0.3886198547215496,1,1,1,0.0375302663438256,2.9169800473203824
Q6P9B9,1019,0.1579980372914622,-0.0088321884200196,0.1653813337379277,0.512114273252646,,,,,,63.0,0.0634920634920634,0.0,0.2543764457263615,0.6707231040564371,,,,,,,0.0618253189401373,,0,3,0,0.0,3.0081741840064264
Q6PCB7,646,0.2043343653250774,0.0154798761609907,0.1603383059424981,0.5059339525283809,612.0,0.2140522875816993,0.0147058823529411,0.1612195349452815,0.4986020334059537,21.0,0.0,0.0,,0.6756613756613755,13.0,0.0769230769230769,0.0769230769230769,0.7767153607791059,0.5769230769230768,0.9473684210526316,0.0325077399380804,0.0201238390092879,1,1,1,0.0,2.810232517995084
Q6UW02,462,0.2251082251082251,-0.0173160173160173,0.1733668192754356,0.4849446849446854,,,,,,21.0,0.0,0.0,,0.7455026455026452,,,,,,,0.0454545454545454,,0,1,0,0.0,2.6646419755561257
Q6UWU4,347,0.2190201729106628,-0.0115273775216138,0.1855085658286816,0.4755683637528024,58.0,0.2758620689655172,-0.0344827586206896,0.0909746468229827,0.4310344827586208,21.0,0.0476190476190476,0.0476190476190476,0.9509264859515036,0.7507936507936508,268.0,0.2201492537313432,-0.0111940298507462,0.2182180886530282,0.463640132669984,0.1671469740634005,0.0605187319884726,0.7723342939481268,1,1,1,0.0,2.5403294747908736
Q6UXV4,268,0.208955223880597,0.0522388059701492,0.1772816786481463,0.472595356550581,,,,,,37.0,0.027027027027027,0.027027027027027,0.7811718200165277,0.6486486486486485,196.0,0.2397959183673469,0.0255102040816326,0.158886539875555,0.4340136054421772,,0.1380597014925373,0.7313432835820896,0,2,2,0.0,2.428134794028789
Q6XPS3,522,0.2432950191570881,0.0134099616858237,0.176352070751101,0.4878671775223495,,,,,,63.0,0.0952380952380952,-0.0317460317460317,0.1950080489740434,0.7403880070546734,,,,,,,0.1206896551724138,,0,3,0,0.0,2.717670503002262
Q6ZVL6,1849,0.1719848566792861,0.002163331530557,0.2024576373122403,0.4577489333573706,,,,,,21.0,0.0,0.0,,0.8407407407407408,,,,,,,0.0113574905354245,,0,1,0,0.0,3.266936911159173
Q7KZN9,410,0.1707317073170731,0.0439024390243902,0.1954122713834497,0.5186449864498675,,,,,,165.0,0.0363636363636363,0.0121212121212121,0.2738902474376249,0.6581144781144781,125.0,0.248,-0.056,0.1579102471910521,0.4287999999999997,,0.4024390243902439,0.3048780487804878,0,8,4,0.0,2.6127838567197355
Q7L0J3,742,0.206199460916442,-0.0256064690026954,0.2139329997385672,0.5014375561545397,310.0,0.3548387096774194,-0.0387096774193548,0.2259533432775115,0.3793189964157709,252.0,0.0198412698412698,-0.0119047619047619,0.4290501176326267,0.6847442680776005,180.0,0.2111111111111111,-0.0222222222222222,0.1782157747725138,0.4551234567901226,0.4177897574123989,0.3396226415094339,0.2425876010781671,7,12,6,0.0,2.870403905279027
Q7Z2D5,763,0.200524246395806,0.019659239842726,0.184869860160808,0.4588612203291092,,,,,,126.0,0.0317460317460317,0.0,0.6736536822717651,0.6805996472663136,,,,,,,0.1651376146788991,,0,6,0,0.0,2.8825245379548803
Q7Z3C6,839,0.1835518474374255,-0.0166865315852205,0.1972832645953601,0.4901205138392316,653.0,0.1990811638591118,-0.0153139356814701,0.1931398741197015,0.4516419942147354,93.0,0.064516129032258,0.021505376344086,0.4427243855940141,0.6856630824372763,53.0,0.2264150943396226,-0.1132075471698113,0.3255953778806862,0.4999999999999998,0.7783075089392133,0.1108462455303933,0.0631704410011919,7,4,2,0.0,2.9237619608287004
Q7Z434,540,0.1759259259259259,-0.0203703703703703,0.178384138488009,0.4550823045267485,512.0,0.1796875,-0.02734375,0.1691413065578045,0.4446180555555539,21.0,0.0,0.0,,0.7603174603174602,6.0,0.5,0.5,1.0,0.237037037037037,0.9481481481481482,0.0388888888888888,0.0111111111111111,1,1,1,0.0,2.7323937598229686
Q86SK9,330,0.203030303030303,0.0393939393939393,0.1880409489920602,0.4844107744107749,241.0,0.2614107883817427,0.0456431535269709,0.1877006628134569,0.420746887966804,86.0,0.0348837209302325,0.0116279069767441,0.638490165821002,0.6704134366925067,,,,,,0.7303030303030303,0.2606060606060606,,3,4,1,0.0,2.5185139398778875
Q86UE4,582,0.3178694158075601,0.0257731958762886,0.2413007338922414,0.380985108820159,513.0,0.3333333333333333,0.0331384015594541,0.2468966079337509,0.3602988953866142,21.0,0.0,0.0,,0.7275132275132274,48.0,0.2916666666666667,-0.0416666666666666,0.1965142857581248,0.4504629629629632,0.8814432989690721,0.0360824742268041,0.0824742268041237,1,1,1,0.0,2.7649229846498886
Q86UP2,1357,0.3507737656595431,-0.0265291083271923,0.1268273146910345,0.3999099320396262,6.0,0.3333333333333333,-0.3333333333333333,0.4000000000000012,0.4185185185185185,23.0,0.0,0.0,,0.7845410628019323,1328.0,0.3569277108433735,-0.0256024096385542,0.1266055638634751,0.393164323962516,0.004421518054532,0.0169491525423728,0.9786293294030952,1,1,1,0.0,3.132579847659737
Q86WV6,379,0.179419525065963,-0.0052770448548812,0.1706340176625815,0.4940486660803277,284.0,0.2112676056338028,-0.0070422535211267,0.1657554325478354,0.4585680751173713,75.0,0.08,0.0266666666666666,0.3911533671420776,0.6391111111111111,20.0,0.1,-0.1,0.6870748299319728,0.4538888888888889,0.7493403693931399,0.1978891820580474,0.0527704485488126,3,4,2,0.0,2.578639209968072
Q86Y82,276,0.2681159420289855,-0.0217391304347826,0.1816137137045733,0.4355475040257657,247.0,0.2834008097165992,-0.0404858299595141,0.1535876778538682,0.4023391812865503,21.0,0.0952380952380952,0.0952380952380952,0.4915024266355868,0.8058201058201058,,,,,,0.894927536231884,0.0760869565217391,,1,1,0,0.0,2.4409090820652177
Q8IV08,490,0.1816326530612245,-0.0142857142857142,0.1602410513466972,0.4791609977324263,38.0,0.3684210526315789,0.0,0.1963466068582229,0.3953216374269005,21.0,0.0,0.0,,0.7857142857142857,431.0,0.1740139211136891,-0.0162412993039443,0.1558190382409095,0.4716163959783448,0.0775510204081632,0.0428571428571428,0.8795918367346939,1,1,1,0.0,2.690196080028514
Q8IWT6,810,0.2419753086419753,0.0049382716049382,0.1729000345522336,0.48620027434842,614.0,0.2703583061889251,0.006514657980456,0.1762586613671502,0.4691458559536746,90.0,0.0666666666666666,0.0222222222222222,0.4217624917327162,0.6670370370370367,106.0,0.2264150943396226,-0.0188679245283018,0.1617251447164751,0.4314465408805032,0.7580246913580246,0.1111111111111111,0.1308641975308642,3,4,2,0.0,2.90848501887865
Q8IWU2,1503,0.2488356620093147,-0.1037924151696606,0.172847065281013,0.4385007762253282,1450.0,0.256551724137931,-0.1062068965517241,0.1724853912271904,0.4287279693486677,42.0,0.0,0.0,,0.7716931216931218,11.0,0.1818181818181818,-0.1818181818181818,0.0909778235381277,0.4545454545454545,0.9647371922821024,0.0279441117764471,0.0073186959414504,2,2,1,0.0,3.176958980586908
Q8IXI1,618,0.2135922330097087,-0.029126213592233,0.1757719294582832,0.4886012225818057,592.0,0.2195945945945946,-0.0337837837837837,0.1734025864189365,0.48108108108108,23.0,0.0434782608695652,0.0434782608695652,0.8117029075088595,0.7202898550724637,3.0,0.3333333333333333,0.3333333333333333,,0.1962962962962963,0.9579288025889968,0.0372168284789644,0.0048543689320388,1,1,1,0.0,2.790988475088816
Q8IXI2,618,0.244336569579288,-0.017799352750809,0.1780633878945021,0.4703883495145636,592.0,0.2483108108108108,-0.0253378378378378,0.1772654731222758,0.4656906906906895,23.0,0.0869565217391304,0.0869565217391304,0.3355002982808852,0.644927536231884,3.0,0.6666666666666666,0.6666666666666666,,0.0592592592592592,0.9579288025889968,0.0372168284789644,0.0048543689320388,1,1,1,0.0,2.790988475088816
Q8IY17,1375,0.2261818181818181,0.0021818181818181,0.1884619660598117,0.4772121212121167,1295.0,0.2339768339768339,0.0038610038610038,0.188346222116943,0.4708537108537065,21.0,0.0,0.0,,0.8142857142857141,59.0,0.135593220338983,-0.0338983050847457,0.162962909534982,0.496798493408663,0.9418181818181818,0.0152727272727272,0.0429090909090909,1,1,1,0.0,3.1383026981662816
Q8N111,149,0.2281879194630872,0.0268456375838926,0.2097491698806518,0.4391498881431763,125.0,0.248,0.008,0.2177997810889337,0.3872,21.0,0.0,0.0,,0.8047619047619046,3.0,1.0,1.0,,0.0444444444444444,0.8389261744966443,0.1409395973154362,0.0201342281879194,1,1,1,0.0,2.173186268412274
Q8N114,240,0.1125,-0.0041666666666666,0.2482910424979361,0.507083333333334,114.0,0.0614035087719298,0.0263157894736842,0.5085440209001413,0.4476608187134508,21.0,0.0,0.0,,0.7735449735449735,77.0,0.2337662337662337,-0.0779220779220779,0.2102581045080327,0.4848484848484852,0.475,0.0875,0.3208333333333333,1,1,1,0.0,2.380211241711606
Q8N2U0,113,0.0973451327433628,0.0265486725663716,0.2465327012964813,0.5513274336283187,8.0,0.125,-0.125,0.4088291746641075,0.4305555555555555,42.0,0.0,0.0,,0.6444444444444445,34.0,0.2352941176470588,0.0588235294117647,0.1093178707466339,0.450326797385621,0.0707964601769911,0.3716814159292035,0.3008849557522124,1,2,1,0.0,2.0530784434834195
Q8N5K1,135,0.2518518518518518,0.074074074074074,0.2100163816868305,0.4930041152263381,75.0,0.32,0.08,0.2028106241777636,0.4069629629629629,23.0,0.0869565217391304,0.0869565217391304,0.3355002982808852,0.6768115942028985,36.0,0.2222222222222222,0.0555555555555555,0.3161355119226117,0.5487654320987654,0.5555555555555556,0.1703703703703703,0.2666666666666666,1,1,1,0.0,2.130333768495006
Q8N766,993,0.2034239677744209,0.0,0.1764956013567437,0.4881615754727528,10.0,0.3,0.3,0.1599999999999999,0.42,21.0,0.0952380952380952,0.0952380952380952,0.791446920015118,0.6910052910052908,940.0,0.2074468085106383,-0.0053191489361702,0.1717452804465223,0.4812884160756456,0.0100704934541792,0.0211480362537764,0.94662638469285,1,1,1,0.0,2.996949248495381
Q8N9R8,606,0.2392739273927392,0.0115511551155115,0.1779695766518411,0.4516501650165012,,,,,,21.0,0.0,0.0,,0.6597883597883597,,,,,,,0.0346534653465346,,0,1,0,0.0,2.782472624166286
Q8NBQ7,271,0.1033210332103321,0.007380073800738,0.1895067199293261,0.5735547355473547,52.0,0.2307692307692307,0.0,0.2556422746226799,0.4213675213675211,126.0,0.0317460317460317,0.0,0.5299364983368613,0.6813051146384475,93.0,0.1290322580645161,0.021505376344086,0.2236422270412004,0.5126642771804063,0.1918819188191882,0.4649446494464944,0.3431734317343173,4,6,3,0.0,2.432969290874406
Q8NBU5,361,0.2631578947368421,-0.0083102493074792,0.1920345855589913,0.4718374884579873,329.0,0.2735562310030395,-0.0121580547112462,0.1942246932463719,0.4617359000337718,17.0,0.0588235294117647,0.0588235294117647,1.0,0.7052287581699346,15.0,0.2666666666666666,0.0,0.3508888888888888,0.428888888888889,0.9113573407202216,0.0470914127423822,0.0415512465373961,1,1,1,0.0,2.5575072019056577
Q8NC56,503,0.2882703777335984,0.0178926441351888,0.1844930860330691,0.4480892423238357,,,,,,42.0,0.0238095238095238,0.0238095238095238,0.9999999999999996,0.7555555555555554,,,,,,,0.0834990059642147,,0,2,0,0.0,2.7015679850559278
Q8NE86,351,0.2421652421652421,0.0142450142450142,0.1195803825937699,0.47116176005065,,,,,,44.0,0.0454545454545454,0.0,0.9231950844854072,0.6078282828282829,7.0,0.2857142857142857,-0.2857142857142857,0.272751677852349,0.3984126984126984,,0.1253561253561253,0.0199430199430199,0,2,1,0.0,2.545307116465824
Q8NF91,8797,0.2908946231669887,-0.0358076617028532,0.1490573930526402,0.4309297361474266,8746.0,0.2920192087811571,-0.0359021266864852,0.1485598079376638,0.4301725233122355,21.0,0.0,0.0,,0.7613756613756613,30.0,0.1666666666666666,-0.0333333333333333,0.5542936532439469,0.4203703703703703,0.9942025690576332,0.0023871774468568,0.0034102534955098,1,1,1,0.0,3.944334591970782
Q8NFZ4,835,0.1952095808383233,-0.0179640718562874,0.1894189370124613,0.4656553559547568,137.0,0.1824817518248175,0.0218978102189781,0.2324012343222803,0.4391727493917272,21.0,0.0,0.0,,0.7328042328042328,663.0,0.2081447963800905,-0.0271493212669683,0.1829152927143365,0.4566951566951559,0.1640718562874251,0.0251497005988023,0.7940119760479042,1,1,1,0.059880239520958,2.921686475483602
Q8NHH9,583,0.2452830188679245,-0.0360205831903945,0.2015419194664972,0.4603773584905663,539.0,0.2653061224489796,-0.0389610389610389,0.2014022616839598,0.4405277262420127,42.0,0.0,0.0,,0.7246031746031747,,,,,,0.9245283018867924,0.072041166380789,,2,2,1,0.0,2.765668554759014
Q8NHL6,650,0.1876923076923076,-0.0215384615384615,0.1996816479904375,0.4504786324786311,168.0,0.2797619047619047,-0.0535714285714285,0.2045231391335288,0.3761243386243386,21.0,0.0,0.0,,0.9052910052910051,438.0,0.1689497716894977,-0.0136986301369863,0.1996800545629084,0.4483764586504322,0.2584615384615384,0.0323076923076923,0.6738461538461539,1,1,1,0.0338461538461538,2.812913356642856
Q8TB36,358,0.276536312849162,0.0083798882681564,0.2317078788894378,0.452017380509002,,,,,,42.0,0.0238095238095238,0.0238095238095238,0.9999999999999996,0.6809523809523809,,,,,,,0.1173184357541899,,0,2,0,0.0,2.5538830266438746
Q8TB68,274,0.1934306569343065,0.0182481751824817,0.2030616702011387,0.4430251419302525,244.0,0.2172131147540983,0.0204918032786885,0.2026171140175017,0.4132513661202185,21.0,0.0,0.0,,0.7613756613756614,9.0,0.0,0.0,,0.5074074074074074,0.8905109489051095,0.0766423357664233,0.0328467153284671,1,1,1,0.0,2.437750562820388
Q8TBM8,379,0.2770448548812665,0.0184696569920844,0.1311677524194757,0.4061858692465552,244.0,0.2868852459016393,0.0081967213114754,0.1455370950730715,0.382832422586521,21.0,0.0,0.0,,0.7624338624338624,114.0,0.3070175438596491,0.043859649122807,0.1115283478832867,0.3905458089668619,0.6437994722955145,0.0554089709762532,0.3007915567282322,1,1,1,0.0,2.578639209968072
Q8TD22,340,0.1558823529411764,0.0205882352941176,0.214853089700512,0.5222875816993471,,,,,,84.0,0.0238095238095238,0.0238095238095238,0.5142503097893412,0.6875661375661376,,,,,,,0.2470588235294117,,0,4,0,0.0,2.531478917042255
Q8TDQ0,301,0.1926910299003322,-0.0132890365448504,0.1452215807481569,0.4960871170173498,78.0,0.2051282051282051,-0.0512820512820512,0.2599816351989261,0.4398860398860397,21.0,0.0,0.0,,0.7597883597883597,181.0,0.2209944751381215,0.0,0.1080931395320055,0.4688152240638432,0.2591362126245847,0.0697674418604651,0.6013289036544851,1,1,1,0.0,2.478566495593844
Q8TEM1,1887,0.1695813460519342,-0.0095389507154213,0.1787715579791078,0.5068598009774467,58.0,0.0862068965517241,0.0517241379310344,0.3481494600347353,0.4639846743295021,21.0,0.0,0.0,,0.7216931216931217,1782.0,0.1756453423120089,-0.0129068462401795,0.1770339704285168,0.5037660556179051,0.030736618971913,0.0111287758346581,0.9443561208267092,1,1,1,0.0,3.2757719001649312
Q8WXF7,558,0.2473118279569892,-0.017921146953405,0.1810703710230859,0.4647351652728018,515.0,0.2660194174757281,-0.0174757281553398,0.1811868998731134,0.4440129449838183,42.0,0.0,0.0,,0.7272486772486774,,,,,,0.9229390681003584,0.075268817204301,,2,2,0,0.0,2.7466341989375787
Q8WXG9,6306,0.19790675547098,-0.0653346019663812,0.1985224083765212,0.5033830214610546,196.0,0.2040816326530612,-0.0510204081632653,0.2207713545944212,0.4266439909297051,147.0,0.0,0.0,,0.7171579743008314,5934.0,0.2035726322885069,-0.0677451971688574,0.1972586058461882,0.4996610867692794,0.0310815096733269,0.0233111322549952,0.9410085632730733,4,7,4,0.0,3.799753966411886
Q92545,1883,0.1975570897503983,0.0074349442379182,0.1906005393668318,0.4589248834601978,745.0,0.2040268456375839,0.0134228187919463,0.2113144042127674,0.399358687546607,21.0,0.0,0.0,,0.7624338624338625,1095.0,0.1990867579908675,0.0018264840182648,0.1779114363021776,0.4926331811263322,0.3956452469463621,0.0111524163568773,0.5815188528943176,1,1,1,0.0,3.274850320016665
Q92575,508,0.3051181102362205,-0.0059055118110236,0.1247704326644891,0.4188538932633435,487.0,0.3162217659137577,-0.0082135523613963,0.124327349968976,0.4079397672826827,,,,,,,,,,,0.9586614173228346,,,2,0,0,0.0,2.7058637122839198
Q92629,289,0.2249134948096885,0.0311418685121107,0.1356500373504685,0.4882737408688964,35.0,0.1714285714285714,0.1142857142857142,0.4289008064538579,0.4047619047619047,21.0,0.0,0.0,,0.8126984126984125,233.0,0.2532188841201717,0.0214592274678111,0.1161505562743361,0.4715784453981876,0.1211072664359861,0.0726643598615917,0.8062283737024222,1,1,1,0.0,2.460897842756548
Q92729,1446,0.2130013831258644,-0.0082987551867219,0.1810365309486377,0.4627708621484527,676.0,0.2352071005917159,-0.0103550295857988,0.1733871268838091,0.4493589743589738,21.0,0.0,0.0,,0.821164021164021,731.0,0.2024623803009576,-0.0082079343365253,0.1870736789554028,0.4606475148198817,0.4674965421853388,0.0145228215767634,0.5055325034578146,1,1,1,0.0,3.160168292958512
Q92736,4967,0.2546808938997382,-0.0239581236158647,0.1722882920437495,0.4639666241639484,4378.0,0.2526267702147099,-0.0232983097304705,0.1738925536457316,0.4616846860565505,126.0,0.0317460317460317,0.0,0.4895194765923524,0.7066137566137559,,,,,,0.8814173545399637,0.0253674250050332,,2,6,0,0.0,3.6960941599952233
Q92823,1304,0.2193251533742331,-0.0230061349693251,0.1900932061498907,0.4578220858895673,114.0,0.3771929824561403,-0.0789473684210526,0.215398338632989,0.340448343079922,23.0,0.0,0.0,,0.8289855072463765,1143.0,0.2073490813648294,-0.0236220472440944,0.1768246223336773,0.4601438709050285,0.0874233128834355,0.0176380368098159,0.8765337423312883,1,1,1,0.0,3.115277591395901
Q92859,1461,0.1978097193702943,-0.0143737166324435,0.1977840110795779,0.4557608943645904,335.0,0.2059701492537313,-0.008955223880597,0.2434076665686863,0.4054063018242133,21.0,0.0,0.0,,0.8772486772486771,1072.0,0.1996268656716417,-0.0205223880597014,0.1832743323983708,0.4606861525704817,0.2292950034223135,0.0143737166324435,0.7337440109514032,1,1,1,0.0,3.1646502159342966
Q92896,1179,0.2849872773536895,-0.006785411365564,0.1622670387511892,0.4462915842050681,13.0,0.6153846153846154,0.3076923076923077,0.1806992983164432,0.3145299145299145,21.0,0.0,0.0,,0.7470899470899469,1116.0,0.2885304659498208,-0.014336917562724,0.1593451220998797,0.438649940262845,0.0110262934690415,0.0178117048346055,0.9465648854961832,1,1,1,0.0296861747243426,3.071513805095089
Q93050,837,0.2066905615292712,-0.013142174432497,0.2108697768271704,0.500955794504181,515.0,0.283495145631068,-0.0233009708737864,0.2159677241223614,0.4395900755124057,191.0,0.0732984293193717,0.0209424083769633,0.249933251355689,0.6566608493310069,131.0,0.099236641221374,-0.0229007633587786,0.2286837526876995,0.5151823579304496,0.6152927120669056,0.2281959378733572,0.1565113500597371,5,8,4,0.0,2.92272545799326
Q969P0,613,0.1908646003262642,0.0048939641109298,0.175877963516261,0.4916440094254097,13.0,0.3846153846153846,0.3846153846153846,0.7257352544748761,0.4598290598290597,21.0,0.0,0.0,,0.7174603174603172,552.0,0.2010869565217391,-0.0054347826086956,0.1657837239341529,0.4762882447665054,0.0212071778140293,0.0342577487765089,0.9004893964110929,1,1,1,0.0,2.787460474518415
Q96A57,120,0.1833333333333333,0.0333333333333333,0.2920260847422854,0.5334259259259259,,,,,,42.0,0.0238095238095238,0.0238095238095238,0.455705578273281,0.7603174603174605,,,,,,,0.35,,0,2,0,0.0,2.0791812460476247
Q96AG3,418,0.1555023923444976,-0.0023923444976076,0.1848273819047421,0.4995215311004783,,,,,,126.0,0.0555555555555555,-0.0238095238095238,0.3137900069522242,0.6443562610229273,,,,,,,0.3014354066985646,,0,6,0,0.0,2.621176281775035
Q96AG4,307,0.3322475570032573,0.0586319218241042,0.1235159656080686,0.4164676076728187,244.0,0.3852459016393442,0.0737704918032786,0.1195150945106909,0.382923497267759,21.0,0.0476190476190476,0.0476190476190476,0.9509264859515036,0.759259259259259,42.0,0.1666666666666666,-0.0238095238095238,0.2164883343747081,0.43994708994709,0.7947882736156352,0.0684039087947882,0.1368078175895765,1,1,1,0.0,2.4871383754771865
Q96BM9,186,0.2634408602150537,0.0053763440860215,0.1376904947663729,0.4722222222222232,,,,,,,,,,,,,,,,,,,0,0,0,0.0,2.2695129442179165
Q96D05,121,0.140495867768595,0.0413223140495867,0.2167240637418131,0.4876033057851233,,,,,,21.0,0.0476190476190476,0.0476190476190476,1.0,0.7962962962962962,,,,,,,0.1735537190082644,,0,1,0,0.0,2.0827853703164503
Q96DA6,116,0.2241379310344827,0.0862068965517241,0.1069957335753051,0.4746168582375479,,,,,,21.0,0.0476190476190476,0.0476190476190476,0.9509264859515038,0.6523809523809523,,,,,,,0.1810344827586207,,0,1,1,0.0,2.0644579892269186
Q96F15,307,0.2312703583061889,0.003257328990228,0.1449856544436002,0.4778863554107848,284.0,0.25,0.0035211267605633,0.1427660949109144,0.4498826291079813,21.0,0.0,0.0,,0.8375661375661377,,,,,,0.9250814332247556,0.0684039087947882,,1,1,1,0.0,2.4871383754771865
Q96FE5,620,0.1935483870967742,0.0161290322580645,0.2185306108008564,0.4959856630824366,38.0,0.3157894736842105,0.1052631578947368,0.220501423053154,0.3944444444444445,21.0,0.0,0.0,,0.7767195767195768,520.0,0.2019230769230769,0.0057692307692307,0.2199342163833425,0.4848717948717938,0.0612903225806451,0.0338709677419354,0.8387096774193549,1,1,1,0.0,2.792391689498254
Q96HA1,1249,0.1353082465972778,0.0456365092073658,0.209077016230385,0.461773863535274,,,,,,21.0,0.0,0.0,,0.7619047619047618,,,,,,,0.0168134507606084,,0,1,0,0.0176140912730184,3.096562438374136
Q96HS1,289,0.2491349480968858,0.0138408304498269,0.1740074052214107,0.4578623606305267,,,,,,23.0,0.0,0.0,,0.6884057971014496,260.0,0.273076923076923,0.0115384615384615,0.1689828830674238,0.4363675213675216,,0.0795847750865051,0.8996539792387543,0,1,1,0.0,2.460897842756548
Q96HY6,314,0.3598726114649681,-0.0414012738853503,0.2085875557062476,0.4111111111111113,286.0,0.3846153846153846,-0.0559440559440559,0.2020308324946714,0.3879564879564883,28.0,0.1071428571428571,0.1071428571428571,0.6624577310820552,0.6476190476190476,,,,,,0.910828025477707,0.0891719745222929,,1,1,0,0.0,2.496929648073215
Q96IX5,58,0.1724137931034483,0.1034482758620689,0.4051890178927513,0.4971264367816093,,,,,,23.0,0.0434782608695652,0.0434782608695652,0.9478726126806072,0.6405797101449274,,,,,,,0.396551724137931,,0,1,0,0.0,1.7634279935629371
Q96NI6,719,0.1808066759388039,0.0,0.2095407380607893,0.4813939112965539,169.0,0.1775147928994082,0.0236686390532544,0.2627210203371151,0.4024983563445099,21.0,0.0,0.0,,0.8708994708994711,512.0,0.189453125,-0.009765625,0.200847019106054,0.4849392361111096,0.235048678720445,0.0292072322670375,0.7121001390820584,1,1,1,0.0,2.8567288903828825
Q96P66,508,0.2125984251968504,-0.0236220472440944,0.2022315506643887,0.4972003499562564,270.0,0.362962962962963,-0.037037037037037,0.2030345933041886,0.3703703703703702,147.0,0.0068027210884353,-0.0068027210884353,0.9999999999999992,0.7214663643235067,91.0,0.0989010989010989,-0.0109890109890109,0.2261742919213216,0.5112332112332111,0.531496062992126,0.2893700787401574,0.1791338582677165,4,7,4,0.0,2.7058637122839198
Q96Q04,1460,0.2205479452054794,-0.047945205479452,0.2098265600392432,0.4367351598173486,,,,,,21.0,0.0,0.0,,0.7936507936507935,,,,,,,0.0143835616438356,,0,1,0,0.0554794520547945,3.164352855784437
Q96QA5,445,0.2584269662921348,-0.0292134831460674,0.1698366522217235,0.4775280898876404,,,,,,72.0,0.2083333333333333,-0.0138888888888888,0.1546443199978918,0.507716049382716,,,,,,,0.1617977528089887,,0,4,0,0.0,2.6483600109809315
Q96TA2,773,0.2457956015523932,0.0103492884864165,0.1649474729301331,0.4663648124191452,,,,,,21.0,0.0476190476190476,0.0476190476190476,1.0,0.7142857142857143,457.0,0.2713347921225383,-0.0087527352297593,0.1471219396882631,0.4645757354728935,,0.0271668822768434,0.5912031047865459,0,1,1,0.0,2.888179493918325
Q96TC7,470,0.2936170212765957,-0.0468085106382978,0.1911235548716179,0.444302600472813,435.0,0.3103448275862069,-0.057471264367816,0.1827618665676764,0.4322860791826314,23.0,0.0434782608695652,0.0434782608695652,0.5393634971653631,0.6236714975845411,12.0,0.1666666666666666,0.1666666666666666,0.3092783505154638,0.5361111111111111,0.925531914893617,0.0489361702127659,0.025531914893617,1,1,1,0.0,2.672097857935717
Q99075,208,0.2692307692307692,0.0576923076923076,0.2005617265732625,0.4697115384615376,24.0,0.375,0.0416666666666666,0.3455377289278133,0.3152777777777777,24.0,0.0,0.0,,0.8208333333333334,141.0,0.3191489361702128,0.0638297872340425,0.1931744456692069,0.4049645390070926,0.1153846153846153,0.1153846153846153,0.6778846153846154,1,1,1,0.0,2.318063334962761
Q99523,831,0.2178098676293622,-0.0276774969915764,0.1844774188887075,0.4677095868431601,53.0,0.2830188679245283,-0.0943396226415094,0.3801664151904832,0.4150943396226413,23.0,0.0,0.0,,0.8101449275362318,678.0,0.2256637168141592,-0.0339233038348082,0.1669081366340367,0.4592756473287445,0.0637785800240673,0.0276774969915764,0.8158844765342961,1,1,1,0.0,2.919601023784111
Q99527,375,0.1466666666666666,0.0133333333333333,0.206412001945821,0.5498370370370388,105.0,0.3142857142857143,0.1428571428571428,0.1792174080774028,0.446137566137566,144.0,0.0277777777777777,-0.0277777777777777,0.3336307499571039,0.678935185185185,126.0,0.1428571428571428,-0.0476190476190476,0.1810933162287525,0.4887125220458553,0.28,0.384,0.336,4,7,4,0.0,2.574031267727719
Q99720,223,0.1614349775784753,-0.0269058295964125,0.1971144492908779,0.514897857498754,193.0,0.1761658031088082,-0.0414507772020725,0.1831090370816568,0.4960852043753598,21.0,0.0,0.0,,0.73015873015873,9.0,0.2222222222222222,0.2222222222222222,0.8016244624940276,0.4160493827160493,0.8654708520179372,0.0941704035874439,0.0403587443946188,1,1,1,0.0,2.3483048630481607
Q99946,306,0.0849673202614379,0.0,0.1308249651157107,0.4870733478576625,223.0,0.0717488789237668,0.0,0.1345510629871429,0.4433482810164412,21.0,0.0,0.0,,0.7116402116402115,41.0,0.2439024390243902,0.0,0.1544856569088554,0.4392953929539296,0.7287581699346405,0.0686274509803921,0.1339869281045751,1,1,2,0.0,2.48572142648158
Q9BQS7,1158,0.2089810017271157,-0.0328151986183074,0.1725237765074827,0.4644885818460945,27.0,0.4074074074074074,0.2592592592592592,0.4461676037064867,0.3300411522633745,21.0,0.0,0.0,,0.8021164021164019,1087.0,0.2106715731370745,-0.0395584176632934,0.1601325822938625,0.4597873862823262,0.0233160621761658,0.0181347150259067,0.9386873920552676,1,1,1,0.0,3.0637085593914173
Q9BR39,696,0.2413793103448276,0.0086206896551724,0.1959556247320613,0.4212643678160923,674.0,0.2492581602373887,0.0089020771513353,0.1958622281485584,0.4090174744477421,21.0,0.0,0.0,,0.8142857142857143,,,,,,0.9683908045977012,0.0301724137931034,,1,1,0,0.0,2.842609239610562
Q9BRN9,247,0.1578947368421052,0.020242914979757,0.1921236206917964,0.5103013945119207,15.0,0.3333333333333333,0.0666666666666666,0.0350486046040122,0.3918518518518519,42.0,0.0476190476190476,0.0,1.0,0.6275132275132277,161.0,0.1801242236024844,0.0062111801242236,0.2114090564864502,0.466666666666667,0.0607287449392712,0.1700404858299595,0.6518218623481782,1,2,2,0.0,2.392696953259666
Q9BRQ8,373,0.1930294906166219,0.0160857908847185,0.1378860417584625,0.5029192731605593,,,,,,21.0,0.0476190476190476,-0.0476190476190476,0.5598394457579586,0.6571428571428571,,,,,,,0.0563002680965147,,0,1,0,0.0,2.571708831808688
Q9BSJ8,1104,0.2427536231884058,-0.0217391304347826,0.1781074420190174,0.4704810789049923,1059.0,0.2502360717658168,-0.0236071765816808,0.1767009302097437,0.4636554401426921,42.0,0.0238095238095238,-0.0238095238095238,0.9999999999999998,0.654232804232804,3.0,0.6666666666666666,0.6666666666666666,,0.3074074074074074,0.9592391304347826,0.0380434782608695,0.0027173913043478,2,2,1,0.0,3.04296907339318
Q9BTV4,400,0.2175,0.0025,0.1527188910232997,0.4941666666666662,,,,,,84.0,0.0357142857142857,0.0357142857142857,0.3451955915624494,0.685978835978836,315.0,0.2666666666666666,-0.0063492063492063,0.1492680858740801,0.4423280423280422,,0.21,0.7875,0,4,5,0.0,2.6020599913279625
Q9BUF7,120,0.175,0.025,0.1610835697989576,0.5113888888888889,40.0,0.375,0.075,0.1045057162836074,0.3452777777777777,21.0,0.0,0.0,,0.8439153439153437,33.0,0.1212121212121212,-0.0606060606060606,0.2153656768268737,0.4333333333333332,0.3333333333333333,0.175,0.275,1,1,1,0.0,2.0791812460476247
Q9BVI4,516,0.2267441860465116,-0.001937984496124,0.2139415312406345,0.4910206718346249,,,,,,63.0,0.0476190476190476,-0.0476190476190476,0.2920262565909656,0.6641975308641974,,,,,,,0.1220930232558139,,0,3,0,0.0,2.7126497016272118
Q9BW60,279,0.1146953405017921,0.043010752688172,0.2188671669829447,0.5390681003584227,,,,,,144.0,0.0277777777777777,-0.0138888888888888,0.4605314652652237,0.6483024691358024,,,,,,,0.5161290322580645,,0,7,0,0.0,2.4456042032735974
Q9BWM7,321,0.1619937694704049,0.0249221183800623,0.1772688908614611,0.5112149532710278,,,,,,82.0,0.024390243902439,0.024390243902439,0.5132298773684865,0.6815718157181574,,,,,,,0.2554517133956386,,0,4,0,0.0,2.506505032404872
Q9GZM5,350,0.1628571428571428,-0.0257142857142857,0.2682524167174154,0.5330476190476199,164.0,0.2560975609756097,-0.0609756097560975,0.3089329049955068,0.4425474254742547,109.0,0.018348623853211,0.0,0.8695387293298521,0.6873598369011215,76.0,0.1710526315789473,0.0131578947368421,0.166137290251104,0.504678362573099,0.4685714285714286,0.3114285714285714,0.2171428571428571,3,5,3,0.0,2.544068044350276
Q9GZY8,342,0.2543859649122807,0.0087719298245614,0.1992774975091732,0.4379142300194926,322.0,0.2639751552795031,0.0031055900621118,0.2018610036151875,0.4289510006901318,18.0,0.0,0.0,,0.6469135802469136,,,,,,0.9415204678362572,0.0526315789473684,,1,1,1,0.0,2.534026106056135
Q9H061,195,0.1692307692307692,0.0358974358974358,0.2032634741584263,0.5188603988603981,,,,,,80.0,0.025,0.025,0.8894529724533626,0.6469444444444448,29.0,0.2758620689655172,0.2758620689655172,0.203579894962522,0.4026819923371648,,0.4102564102564102,0.1487179487179487,0,4,2,0.0,2.290034611362518
Q9H0C2,315,0.2253968253968254,0.073015873015873,0.1184254041619345,0.4968253968253966,,,,,,136.0,0.1176470588235294,0.0588235294117647,0.1136569807352041,0.5824346405228746,54.0,0.3888888888888889,0.1296296296296296,0.110815148134642,0.3907407407407407,,0.4317460317460317,0.1714285714285714,0,6,4,0.0,2.4983105537896004
Q9H1K4,315,0.1714285714285714,0.0380952380952381,0.1625454443399513,0.5274779541446205,,,,,,126.0,0.0714285714285714,-0.0238095238095238,0.1520918433325838,0.6528218694885359,,,,,,,0.4,,0,6,0,0.0,2.4983105537896004
Q9H228,398,0.14321608040201,0.0477386934673366,0.2015501500090015,0.556644332774986,157.0,0.2356687898089172,0.1210191082802547,0.209419173584351,0.4172682236376502,147.0,0.0340136054421768,-0.0340136054421768,0.2428319117116663,0.7233560090702948,94.0,0.1595744680851064,0.0531914893617021,0.1820775233932355,0.5287234042553188,0.3944723618090452,0.3693467336683417,0.236180904522613,4,7,4,0.0,2.599883072073688
Q9H244,342,0.1725146198830409,0.0555555555555555,0.1809433496438662,0.539018843404808,105.0,0.2857142857142857,0.1333333333333333,0.2064284152243262,0.4078306878306877,153.0,0.065359477124183,0.0130718954248366,0.2384494035468986,0.6721859114015974,84.0,0.2261904761904762,0.0357142857142857,0.1477085058515292,0.4604497354497356,0.3070175438596491,0.4473684210526316,0.2456140350877192,4,7,4,0.0,2.534026106056135
Q9H2X9,1139,0.199297629499561,-0.0079016681299385,0.1768793955232814,0.4974246414983909,672.0,0.2425595238095238,-0.0133928571428571,0.1743225421367772,0.4563988095238082,274.0,0.1532846715328467,0.0,0.2016549375806775,0.5367396593673974,193.0,0.1139896373056994,0.0,0.1829768783357768,0.5844559585492228,0.5899912203687445,0.2405618964003512,0.1694468832309043,6,12,4,0.0,3.056523724079101
Q9H330,879,0.1410693970420933,0.0136518771331058,0.1820771899872831,0.5468082416887889,,,,,,294.0,0.0374149659863945,-0.010204081632653,0.2777607374373047,0.7085411942554799,,,,,,,0.3344709897610921,,0,14,0,0.0,2.943988875073772
Q9H3U5,465,0.1290322580645161,-0.0043010752688172,0.1366382780915079,0.5786857825567516,,,,,,253.0,0.0237154150197628,0.0,0.3222871931582687,0.7031181379007467,,,,,,,0.5440860215053763,,0,12,0,0.0,2.667452952889954
Q9H461,694,0.1498559077809798,0.0144092219020172,0.1496983806243781,0.5051713096381693,155.0,0.1612903225806451,0.0580645161290322,0.1399271602157484,0.469462365591398,147.0,0.0204081632653061,0.0204081632653061,0.3700108653420854,0.7136810279667419,365.0,0.2,-0.0027397260273972,0.1520882114214163,0.4299238964992401,0.223342939481268,0.2118155619596541,0.5259365994236311,4,7,4,0.0605187319884726,2.841359470454855
Q9H6L5,497,0.2414486921529175,-0.0724346076458752,0.2252658817711614,0.466756092108204,329.0,0.2857142857142857,-0.1276595744680851,0.2214714217190573,0.4127997298210065,84.0,0.0714285714285714,0.0238095238095238,0.2448116397253298,0.6761904761904762,84.0,0.238095238095238,0.0476190476190476,0.2284564265491797,0.4686507936507936,0.6619718309859155,0.1690140845070422,0.1690140845070422,3,4,2,0.0,2.696356388733332
Q9H936,323,0.1733746130030959,0.0371517027863777,0.1413559335346369,0.5179910560715513,,,,,,126.0,0.0634920634920634,-0.0158730158730158,0.1518375562224735,0.6459435626102291,,,,,,,0.3900928792569659,,0,6,0,0.0,2.509202522331103
Q9H9B4,322,0.1645962732919254,0.0217391304347826,0.1555665946331472,0.5040717736369917,,,,,,102.0,0.0294117647058823,0.0294117647058823,0.3557759824356122,0.654901960784314,94.0,0.2234042553191489,0.0106382978723404,0.1588371560690896,0.4193853427895979,,0.3167701863354037,0.2919254658385093,0,5,3,0.0,2.507855871695831
Q9HAR2,1447,0.1948859709744298,-0.0165860400829302,0.1692673816312772,0.4717039084696333,394.0,0.2284263959390862,-0.0101522842639593,0.1979738779989271,0.4109983079526224,163.0,0.0368098159509202,-0.0122699386503067,0.2850631239229828,0.7044989775051125,871.0,0.2135476463834672,-0.0206659012629161,0.1548010835185269,0.4512565378237027,0.2722874913614375,0.1126468555632342,0.6019350380096752,4,7,4,0.0,3.160468531119037
Q9HBL7,147,0.272108843537415,0.0408163265306122,0.1484663714523981,0.4748299319727886,5.0,0.8,0.8,,0.1177777777777777,42.0,0.0476190476190476,0.0,0.6461974110032361,0.6433862433862436,100.0,0.34,0.02,0.0996556337468646,0.4218888888888892,0.0340136054421768,0.2857142857142857,0.6802721088435374,1,2,2,0.0,2.167317334748176
Q9HCF6,1732,0.2407621247113164,-0.004041570438799,0.1770289003323377,0.4664998716961801,1520.0,0.2532894736842105,-0.0032894736842105,0.1818695011527168,0.4503801169590607,146.0,0.1027397260273972,0.0068493150684931,0.1357534238748012,0.6656773211567735,66.0,0.2575757575757575,-0.0454545454545454,0.1721804032287928,0.397138047138047,0.8775981524249422,0.0842956120092378,0.0381062355658198,4,6,3,0.0,3.238547887681328
Q9HCM3,1950,0.1815384615384615,-0.0174358974358974,0.213033113483796,0.4707635327635319,,,,,,42.0,0.0,0.0,,0.7783068783068785,,,,,,,0.0215384615384615,,0,2,0,0.0,3.290034611362518
Q9HCU4,2923,0.1984262743756414,-0.0348956551488197,0.1917481263940469,0.469916752195226,367.0,0.2479564032697547,-0.0299727520435967,0.2763140750082614,0.4057220708446863,147.0,0.0136054421768707,-0.0136054421768707,0.5311387349046092,0.6896447467876042,2377.0,0.2044594026083298,-0.0378628523348758,0.1764493067696702,0.4643481512644256,0.1255559356825179,0.0502907971262401,0.8132056106739651,4,7,3,0.0,3.4658288153574364
Q9HCU5,417,0.1918465227817745,0.0047961630695443,0.1763673537703034,0.4897681854516393,388.0,0.2061855670103092,0.0051546391752577,0.1716435350945246,0.4694444444444432,21.0,0.0,0.0,,0.8354497354497354,8.0,0.0,0.0,,0.5680555555555555,0.9304556354916068,0.0503597122302158,0.0191846522781774,1,1,1,0.0,2.6201360549737576
Q9HCX4,862,0.2424593967517401,0.0034802784222737,0.1900948122109888,0.481490074761533,625.0,0.2896,0.0048,0.1929659790258201,0.4382933333333321,126.0,0.0317460317460317,0.0,0.5508975451521567,0.7067901234567897,111.0,0.2162162162162162,0.0,0.1962831100070899,0.468968968968969,0.7250580046403712,0.1461716937354988,0.1287703016241299,4,6,3,0.0,2.9355072658247128
Q9HD20,1204,0.1976744186046511,0.0083056478405315,0.1617076719750396,0.512670727205612,768.0,0.23046875,0.01953125,0.1544524827428315,0.4776909722222224,210.0,0.0380952380952381,-0.0285714285714285,0.2649538000992785,0.6874074074074068,224.0,0.2321428571428571,0.0,0.2001795005372013,0.4698908730158722,0.6378737541528239,0.1744186046511628,0.1860465116279069,6,10,4,0.0,3.0806264869218056
Q9NPH5,578,0.1799307958477508,0.0242214532871972,0.1800990154694169,0.4942329873125735,182.0,0.2582417582417582,0.0934065934065934,0.1906866142487109,0.4251526251526245,126.0,0.0158730158730158,0.0158730158730158,0.5275492760168417,0.6814814814814814,270.0,0.2037037037037037,-0.0185185185185185,0.1718962020594247,0.4534156378600814,0.314878892733564,0.2179930795847751,0.4671280276816609,4,6,3,0.0,2.761927838420529
Q9NQC3,1192,0.2718120805369127,-0.0889261744966442,0.1818236588024372,0.4539709172259488,1056.0,0.2888257575757575,-0.0994318181818181,0.1787385582842413,0.4337331649831671,42.0,0.0,0.0,,0.7605820105820107,94.0,0.202127659574468,-0.0106382978723404,0.2454737956115377,0.5443262411347516,0.8859060402684564,0.035234899328859,0.0788590604026845,2,2,1,0.0285234899328859,3.076276255404218
Q9NRC1,585,0.2153846153846154,-0.0034188034188034,0.1619629902423913,0.4871225071225053,,,,,,63.0,0.0158730158730158,-0.0158730158730158,0.9999999999999984,0.7029982363315693,,,,,,,0.1076923076923077,,0,3,0,0.0,2.7671558660821804
Q9NTI2,1188,0.2146464646464646,0.0075757575757575,0.1830842855749451,0.4966049382716075,914.0,0.2527352297592998,0.0142231947483588,0.1929093489358795,0.4622902990517866,210.0,0.0380952380952381,-0.019047619047619,0.3007433686856398,0.6786772486772483,64.0,0.25,0.0,0.1432067662407774,0.389236111111111,0.7693602693602694,0.1767676767676767,0.0538720538720538,6,10,5,0.0,3.074816440645175
Q9NTJ5,587,0.2129471890971039,-0.0051107325383304,0.1830790214885772,0.4882453151618386,538.0,0.2286245353159851,-0.0018587360594795,0.1822483423119719,0.4685873605947946,42.0,0.0,0.0,,0.7589947089947091,7.0,0.2857142857142857,-0.2857142857142857,0.4136912751677852,0.3746031746031746,0.9165247018739352,0.0715502555366269,0.0119250425894378,2,2,1,0.0,2.7686381012476144
Q9NUQ2,364,0.228021978021978,0.0302197802197802,0.1450170003670366,0.487301587301586,,,,,,63.0,0.0476190476190476,-0.0158730158730158,0.5019131110632771,0.6252204585537918,,,,,,,0.173076923076923,,0,3,0,0.0,2.561101383649056
Q9NUT2,735,0.1836734693877551,0.0204081632653061,0.1597694561634431,0.5132123960695354,,,,,,63.0,0.0,0.0,,0.7137566137566135,449.0,0.2160356347438752,0.0022271714922048,0.1529353415444564,0.4944568176194027,,0.0857142857142857,0.6108843537414966,0,3,2,0.0,2.8662873390841948
Q9NV58,838,0.220763723150358,-0.0059665871121718,0.2025433227454906,0.4634844868735103,,,,,,42.0,0.0,0.0,,0.7592592592592595,,,,,,,0.0501193317422434,,0,2,0,0.0,2.9232440186302764
Q9NVI7,586,0.2969283276450511,0.0170648464163822,0.1256142958390729,0.4234357224118324,,,,,,18.0,0.0,0.0,,0.6876543209876543,245.0,0.3551020408163265,0.0040816326530612,0.0886940307143805,0.3676643990929699,,0.030716723549488,0.4180887372013652,0,1,1,0.0,2.767897616018091
Q9NVJ2,186,0.2634408602150537,0.0161290322580645,0.1275308375964296,0.4697729988052578,,,,,,,,,,,,,,,,,,,0,0,0,0.0,2.2695129442179165
Q9NY26,324,0.1265432098765432,-0.0216049382716049,0.183117939293598,0.5834705075445814,91.0,0.1978021978021978,0.0219780219780219,0.1845149756730599,0.4089133089133086,168.0,0.0476190476190476,-0.0238095238095238,0.2698373350515336,0.716732804232804,65.0,0.2307692307692307,-0.0769230769230769,0.1607314901049237,0.4834188034188034,0.2808641975308642,0.5185185185185185,0.2006172839506173,4,8,4,0.0,2.510545010206612
Q9NY47,1150,0.2243478260869565,-0.0191304347826086,0.1912500604361418,0.4583671497584534,16.0,0.1875,0.1875,0.3728597117614866,0.4090277777777779,21.0,0.0,0.0,,0.6973544973544973,1095.0,0.2301369863013698,-0.0255707762557077,0.1890760212510461,0.4543784880771196,0.0139130434782608,0.0182608695652173,0.9521739130434784,1,1,1,0.0,3.060697840353612
Q9NY59,655,0.2229007633587786,-0.0213740458015267,0.1917999483970181,0.4634096692111965,613.0,0.2381729200652528,-0.0228384991843393,0.1916730787862731,0.4476345840130487,,,,,,,,,,,0.9358778625954198,,,3,0,0,0.0,2.816241299991783
Q9NZ45,108,0.2685185185185185,0.0462962962962962,0.2332805432614904,0.4558641975308642,77.0,0.3506493506493506,0.0649350649350649,0.2242329090658487,0.3950937950937951,18.0,0.0,0.0,,0.6808641975308641,,,,,,0.7129629629629629,0.1666666666666666,,1,1,0,0.0,2.03342375548695
Q9NZA1,410,0.2829268292682926,-0.073170731707317,0.2073150641750862,0.4229539295392977,,,,,,21.0,0.0952380952380952,0.0952380952380952,0.3161916449094419,0.6275132275132274,,,,,,,0.0512195121951219,,0,1,0,0.0,2.6127838567197355
Q9NZG7,142,0.1478873239436619,0.0211267605633802,0.1879707295635198,0.5333333333333338,4.0,0.5,-0.5,,0.3249999999999999,62.0,0.0483870967741935,0.0483870967741935,0.5341649048931855,0.6480286738351254,76.0,0.2105263157894736,0.0263157894736842,0.2151222288850134,0.4507309941520465,0.028169014084507,0.4366197183098591,0.5352112676056338,1,2,2,0.0,2.1522883443830563
Q9NZH0,403,0.1538461538461538,0.009925558312655,0.249891133441618,0.5558864074993102,157.0,0.2229299363057325,0.0700636942675159,0.2410558264765603,0.4271762208067937,147.0,0.0340136054421768,-0.0204081632653061,0.2883723436565811,0.7378684807256234,71.0,0.2535211267605634,-0.0845070422535211,0.2605656757494493,0.4431924882629108,0.3895781637717121,0.3647642679900744,0.1761786600496278,4,7,4,0.0,2.6053050461411096
Q9NZJ5,1116,0.2562724014336917,-0.032258064516129,0.2056657224338914,0.4499203504579863,581.0,0.261617900172117,-0.027538726333907,0.1850113633744246,0.4297188755020076,21.0,0.0952380952380952,0.0,0.1843462246777163,0.6894179894179896,485.0,0.2639175257731959,-0.045360824742268,0.238877962030864,0.4505154639175264,0.5206093189964157,0.0188172043010752,0.4345878136200717,1,1,1,0.0,3.04766419460156
Q9NZJ7,389,0.1619537275064267,0.0282776349614395,0.1956775792101414,0.5119680091402458,105.0,0.1619047619047619,0.0666666666666666,0.1466668944795541,0.5175661375661378,115.0,0.1043478260869565,0.0347826086956521,0.3044749123791495,0.583864734299517,169.0,0.2011834319526627,0.0,0.2011761470372317,0.4595660749506901,0.2699228791773779,0.2956298200514138,0.4344473007712082,3,6,3,0.0,2.589949601325708
Q9P035,362,0.218232044198895,0.0193370165745856,0.2195187568465646,0.500337630448127,201.0,0.308457711442786,0.0398009950248756,0.2294254595693811,0.4099502487562193,116.0,0.0517241379310344,-0.0172413793103448,0.3622738333775545,0.6731800766283527,45.0,0.2444444444444444,0.0222222222222222,0.2283974890650057,0.4585185185185185,0.5552486187845304,0.3204419889502762,0.1243093922651933,4,6,3,0.0,2.558708570533166
Q9P0K1,906,0.2428256070640176,-0.0022075055187637,0.2009875234432016,0.447019867549671,149.0,0.2751677852348993,0.087248322147651,0.2537915172824128,0.3530947054436982,21.0,0.0,0.0,,0.8079365079365077,514.0,0.2431906614785992,-0.0097276264591439,0.1785283784926339,0.4561608300907898,0.1644591611479028,0.0231788079470198,0.5673289183222958,1,1,1,0.0,2.957128197676813
Q9P0L0,249,0.2730923694779116,0.0160642570281124,0.1546069107990363,0.4480142793395809,226.0,0.2964601769911504,0.0132743362831858,0.1551636150285039,0.4156833824975418,21.0,0.0476190476190476,0.0476190476190476,0.6902017924891406,0.7608465608465609,,,,,,0.9076305220883534,0.0843373493975903,,1,1,0,0.0,2.3961993470957363
Q9P0L9,805,0.2111801242236025,-0.0248447204968944,0.1680996358129868,0.4848447204968977,384.0,0.2838541666666667,-0.0182291666666666,0.1562782267431826,0.4192129629629642,124.0,0.0483870967741935,-0.032258064516129,0.453481279499782,0.6846774193548391,282.0,0.1843971631205673,-0.0283687943262411,0.1734596402351652,0.481284475965326,0.4770186335403726,0.1540372670807453,0.3503105590062111,4,6,4,0.0,2.9057958803678687
Q9P2E9,1410,0.3134751773049645,0.0085106382978723,0.1330276740050692,0.3811662726556353,1382.0,0.3183791606367583,0.0101302460202604,0.1327268759869888,0.3751648174947749,21.0,0.0,0.0,,0.7687830687830688,7.0,0.2857142857142857,-0.2857142857142857,0.3178523489932888,0.4031746031746031,0.9801418439716312,0.0148936170212765,0.0049645390070921,1,1,1,0.0163120567375886,3.14921911265538
Q9P2U7,560,0.1571428571428571,0.0,0.2196782679220004,0.5250595238095239,228.0,0.293859649122807,-0.0131578947368421,0.2262589715632641,0.4007797270955167,252.0,0.0238095238095238,0.0079365079365079,0.3700784581081915,0.6645502645502643,80.0,0.1875,0.0125,0.2622711856400851,0.4398611111111112,0.4071428571428571,0.45,0.1428571428571428,7,12,6,0.0,2.7481880270062
Q9UBL9,471,0.1932059447983015,0.0106157112526539,0.2069019854262705,0.4772587874498671,155.0,0.1935483870967742,0.0258064516129032,0.2310005028794257,0.4340501792114698,42.0,0.0238095238095238,0.0238095238095238,0.7758120515392333,0.7050264550264552,274.0,0.218978102189781,0.0,0.2021841593673911,0.4667883211678838,0.3290870488322717,0.0891719745222929,0.5817409766454352,2,2,1,0.0,2.673020907128896
Q9UBP0,616,0.2435064935064935,0.0389610389610389,0.182690601796946,0.4564033189033186,595.0,0.2504201680672269,0.0386554621848739,0.182966774575691,0.4465359477124169,,,,,,,,,,,0.9659090909090908,,,2,0,0,0.0,2.7895807121644256
Q9UBS5,961,0.2206035379812695,0.0083246618106139,0.1577805454053697,0.4751300728407875,163.0,0.3496932515337423,0.0429447852760736,0.1104713760675322,0.3360599863667347,147.0,0.0272108843537414,0.0,0.5509005894554274,0.6962962962962964,632.0,0.2373417721518987,0.0,0.1753566618436936,0.4538502109704654,0.1696149843912591,0.1529656607700312,0.6576482830385015,4,7,4,0.0,2.9827233876685453
Q9UH99,717,0.2357043235704323,-0.00976290097629,0.1926552092167711,0.4464590113125676,,,,,,21.0,0.0,0.0,,0.6867724867724868,696.0,0.2428160919540229,-0.0100574712643678,0.1926446074617664,0.4392081736909329,,0.0292887029288702,0.9707112970711296,0,1,2,0.0,2.8555191556678
Q9UHC6,1331,0.1915852742299023,-0.0142749812171299,0.1704653806000644,0.4563820018365448,48.0,0.3125,-0.0625,0.2094040220036149,0.3840277777777779,21.0,0.0,0.0,,0.8328042328042327,1235.0,0.1927125506072874,-0.0145748987854251,0.1695325784092674,0.4495816464237521,0.0360631104432757,0.0157776108189331,0.9278737791134484,1,1,1,0.0,3.124178055474675
Q9UHP7,191,0.2094240837696335,-0.0104712041884816,0.1553007293651171,0.4618964514252469,38.0,0.2368421052631578,-0.0263157894736842,0.1178766928429504,0.4309941520467835,21.0,0.0,0.0,,0.7962962962962963,132.0,0.2348484848484848,-0.0075757575757575,0.1729390057536753,0.4175925925925929,0.1989528795811518,0.1099476439790576,0.6910994764397905,1,1,1,0.0,2.281033367247728
Q9UHQ9,305,0.2163934426229508,0.0327868852459016,0.2076700350589112,0.482185792349728,,,,,,21.0,0.0,0.0,,0.721164021164021,,,,,,,0.0688524590163934,,0,1,0,0.0,2.484299839346786
Q9UIW2,1896,0.2199367088607595,-0.005801687763713,0.1657166645289091,0.4733942803563118,631.0,0.2709984152139461,-0.0047543581616481,0.1580270619179516,0.448917062863179,21.0,0.0,0.0,,0.7910052910052907,1218.0,0.2011494252873563,-0.0073891625615763,0.1714893851459927,0.4761357416529807,0.3328059071729958,0.0110759493670886,0.6424050632911392,1,1,1,0.0158227848101265,3.2778383330020477
Q9UJA2,301,0.1428571428571428,0.0498338870431893,0.2366525888401482,0.536581764488742,,,,,,107.0,0.0560747663551401,-0.0186915887850467,0.3206494135119416,0.646313603322949,,,,,,,0.3554817275747508,,0,5,0,0.0,2.478566495593844
Q9UJS0,675,0.2088888888888889,0.0103703703703703,0.1493714278720562,0.5035226337448566,,,,,,110.0,0.0727272727272727,0.0363636363636363,0.2058078229036236,0.5922222222222223,447.0,0.2259507829977628,-0.0156599552572706,0.1430738779570946,0.4867511807109098,,0.1629629629629629,0.6622222222222223,0,6,4,0.0,2.829303772831025
Q9UKM7,699,0.2374821173104435,0.0,0.157701834568298,0.449070100143062,84.0,0.2023809523809523,0.0833333333333333,0.3197894299903601,0.4248677248677249,21.0,0.0,0.0,,0.7825396825396825,594.0,0.2508417508417508,-0.0117845117845117,0.1416181239799071,0.4407033295922168,0.1201716738197424,0.0300429184549356,0.8497854077253219,1,1,1,0.0,2.844477175745681
Q9UKU0,697,0.2209469153515064,0.0,0.1739738674756139,0.4874860513311014,652.0,0.2269938650306748,0.0,0.1718885139838626,0.481782549420587,21.0,0.0,0.0,,0.6656084656084656,,,,,,0.9354375896700144,0.0301291248206599,,1,1,0,0.0,2.8432327780980096
Q9UL19,164,0.2317073170731707,0.024390243902439,0.1795467442874759,0.4754742547425475,134.0,0.2462686567164179,0.0074626865671641,0.1546106979155092,0.4490878938640127,21.0,0.0476190476190476,-0.0476190476190476,0.5598394457579586,0.7322751322751322,9.0,0.4444444444444444,0.4444444444444444,0.2566999474513924,0.2691358024691358,0.8170731707317073,0.1280487804878048,0.0548780487804878,1,1,1,0.0,2.214843848047698
Q9UL54,1235,0.2591093117408907,-0.0032388663967611,0.2524425684769207,0.4361763382816028,,,,,,105.0,0.0095238095238095,-0.0095238095238095,0.9999999999999984,0.6726984126984129,,,,,,,0.0850202429149797,,0,5,0,0.0267206477732793,3.091666957595685
Q9ULB1,1477,0.2207176709546378,-0.0176032498307379,0.187823070345122,0.4671481230722958,55.0,0.3454545454545454,0.0909090909090909,0.1581096570321439,0.3010101010101011,21.0,0.0,0.0,,0.7883597883597881,1371.0,0.2224653537563822,-0.0226112326768781,0.1889594441533686,0.4651997730772397,0.0372376438727149,0.0142180094786729,0.928232904536222,1,1,1,0.0,3.169380495311949
Q9UM73,1620,0.1944444444444444,-0.0043209876543209,0.1820712235320213,0.4669753086419683,561.0,0.2174688057040998,0.0035650623885918,0.174179329305891,0.4493166963755192,21.0,0.0,0.0,,0.7608465608465607,1020.0,0.1892156862745098,-0.0088235294117647,0.1853495285488359,0.4663943355119844,0.3462962962962962,0.0129629629629629,0.6296296296296297,1,1,1,0.0185185185185185,3.2095150145426308
Q9UMF0,924,0.1991341991341991,-0.0129870129870129,0.1650295173034372,0.4782587782587801,68.0,0.1617647058823529,-0.1029411764705882,0.2470260139805863,0.4913398692810456,21.0,0.0,0.0,,0.6835978835978835,804.0,0.2126865671641791,-0.0087064676616915,0.1578222789944999,0.4677031509121084,0.0735930735930736,0.0227272727272727,0.8701298701298701,1,1,1,0.0,2.9656719712201065
Q9UNK0,236,0.2923728813559322,-0.0381355932203389,0.1726014831702731,0.4476459510357815,215.0,0.3209302325581395,-0.041860465116279,0.1722382264649431,0.414315245478036,17.0,0.0,0.0,,0.900653594771242,,,,,,0.9110169491525424,0.0720338983050847,,1,1,0,0.0,2.3729120029701067
Q9UPR5,921,0.2160694896851248,-0.0358306188925081,0.2257822999937462,0.5120521172638425,550.0,0.3090909090909091,-0.0472727272727272,0.2234933030514484,0.4411111111111108,233.0,0.03862660944206,-0.0128755364806866,0.2194096166964186,0.7105388650453021,118.0,0.1694915254237288,-0.0338983050847457,0.2985535260032674,0.422787193973635,0.5971769815418024,0.252985884907709,0.1281216069489685,6,11,6,0.0,2.964259630196849
Q9Y241,93,0.1935483870967742,0.064516129032258,0.2863104179488171,0.5009557945041816,,,,,,42.0,0.0476190476190476,0.0,0.5923139158576051,0.6455026455026456,,,,,,,0.4516129032258064,,0,2,0,0.0,1.968482948553935
Q9Y276,419,0.2124105011933174,0.0071599045346062,0.1594558723667428,0.4745690798196761,,,,,,17.0,0.0,0.0,,0.6954248366013072,14.0,0.2142857142857142,-0.0714285714285714,0.2024382705705806,0.5063492063492062,,0.0405727923627685,0.0334128878281622,0,1,1,0.0,2.622214022966295
Q9Y277,283,0.1978798586572438,0.0212014134275618,0.156463500022755,0.4689438555162932,,,,,,183.0,0.1693989071038251,0.0382513661202185,0.1662552376031513,0.509714632665453,,,,,,,0.6466431095406361,,0,19,0,0.0,2.45178643552429
Q9Y2A7,1128,0.2234042553191489,-0.0124113475177304,0.1528113626159047,0.4899133175728889,,,,,,21.0,0.0,0.0,,0.7306878306878305,,,,,,,0.0186170212765957,,0,1,0,0.0,3.0523090996473234
Q9Y2Q0,1164,0.2053264604810996,-0.0060137457044673,0.1660721433321143,0.4969740358915608,868.0,0.2476958525345622,-0.0126728110599078,0.1655930170799627,0.4574884792626726,221.0,0.0588235294117647,0.0226244343891402,0.2234452658003135,0.6668677727501243,75.0,0.1466666666666666,-0.0133333333333333,0.1623164895444853,0.4533333333333331,0.7457044673539519,0.1898625429553264,0.0644329896907216,6,10,5,0.0,3.06595298031387
Q9Y2U8,911,0.243688254665203,0.0,0.2358123906398963,0.4384559092572256,,,,,,42.0,0.0238095238095238,0.0238095238095238,0.9999999999999996,0.75,,,,,,,0.0461031833150384,,0,2,0,0.0263446761800219,2.9595183769729982
Q9Y342,182,0.0824175824175824,0.0274725274725274,0.2314134664375743,0.587179487179486,65.0,0.1384615384615384,0.0461538461538461,0.2096474273296556,0.4808547008547009,84.0,0.0119047619047619,0.0119047619047619,0.2387690816573777,0.7288359788359787,33.0,0.1515151515151515,0.0303030303030303,0.3904547329792108,0.436026936026936,0.3571428571428571,0.4615384615384615,0.1813186813186813,3,4,2,0.0,2.2600713879850747
Q9Y4C0,1643,0.2166768107121119,-0.0206938527084601,0.1720799920131713,0.4668830729695016,54.0,0.3518518518518518,0.0925925925925925,0.1651518435628269,0.2788065843621399,21.0,0.0,0.0,,0.7883597883597881,1541.0,0.218040233614536,-0.0259571706683971,0.1715786910239359,0.4656572211406745,0.0328667072428484,0.0127814972611077,0.9379184418746196,1,1,1,0.0,3.215637563435062
Q9Y4W6,797,0.2722710163111669,0.0112923462986198,0.153762738487147,0.460839258329847,,,,,,42.0,0.0238095238095238,0.0238095238095238,0.4557055782732813,0.7042328042328043,87.0,0.2873563218390804,-0.0114942528735632,0.1376700360015632,0.4472541507024265,,0.0526976160602258,0.1091593475533249,0,2,1,0.0,2.9014583213961123
Q9Y5M8,271,0.2287822878228782,0.022140221402214,0.1550371444495656,0.4977039770397704,,,,,,21.0,0.0476190476190476,0.0476190476190476,0.6902017924891406,0.7984126984126985,,,,,,,0.077490774907749,,0,1,0,0.0,2.432969290874406
Q9Y624,299,0.1939799331103679,0.0066889632107023,0.1490139181263815,0.4897807506503166,40.0,0.275,0.125,0.1806371656834456,0.3919444444444444,21.0,0.0,0.0,,0.8206349206349206,211.0,0.2037914691943128,-0.0236966824644549,0.1526575493313658,0.454555028962612,0.1337792642140468,0.0702341137123745,0.705685618729097,1,1,1,0.0,2.4756711883244296
Q9Y639,398,0.2261306532663316,0.0050251256281407,0.2047760768521056,0.4496370742601908,38.0,0.4473684210526316,0.0263157894736842,0.3218505883348714,0.2333333333333333,21.0,0.0476190476190476,-0.0476190476190476,1.0,0.7957671957671956,311.0,0.2315112540192926,0.0064308681672025,0.1906937905377339,0.4368345837799212,0.0954773869346733,0.0527638190954773,0.7814070351758794,1,1,1,0.0,2.599883072073688
Q9Y696,253,0.2885375494071146,-0.0197628458498023,0.1870954115648218,0.4545015371102326,,,,,,21.0,0.0952380952380952,0.0952380952380952,0.3161916449094419,0.6417989417989416,,,,,,,0.0830039525691699,,0,1,0,0.0,2.403120521175818
Q9Y6C9,303,0.1485148514851485,0.0099009900990099,0.1241159632287741,0.526365969930325,93.0,0.1612903225806451,0.032258064516129,0.1693285080089744,0.4972520908004776,120.0,0.1083333333333333,0.0416666666666666,0.1893738665048562,0.5931481481481484,89.0,0.1910112359550561,-0.0561797752808988,0.0876974737599211,0.4646691635455679,0.3069306930693069,0.396039603960396,0.2937293729372937,3,6,3,0.0,2.481442628502305
Q9Y6N8,788,0.2512690355329949,-0.0482233502538071,0.1762101081238735,0.4575155104342918,154.0,0.3571428571428571,-0.0844155844155844,0.1664600404285463,0.3795815295815297,21.0,0.0,0.0,,0.9068783068783068,559.0,0.2361359570661896,-0.0572450805008944,0.166816365770903,0.458755714569668,0.1954314720812182,0.0266497461928934,0.7093908629441624,1,1,1,0.0,2.8965262174895554
Q9Y6R1,1079,0.2381835032437442,-0.0083410565338276,0.213616289351419,0.4910822778292634,664.0,0.3268072289156626,0.0015060240963855,0.2246248359632823,0.4195615796519409,245.0,0.0653061224489796,-0.0244897959183673,0.1897895913981946,0.6759183673469379,142.0,0.1619718309859155,-0.0352112676056338,0.1517354718257189,0.4565727699530523,0.6153846153846154,0.227062094531974,0.1316033364226135,7,12,5,0.0222428174235403,3.0330214446829107
