acc,n_transmem,n_intramem,topology,in_CD-CODE,in_PhaSepDB,in_DrLLPS,in_PhaSePro,in_LLPSDB,n_databases,CDCODE_role,CDCODE_n_condensates,PhaSepDB_class,MLO Types,Gene Names,DrLLPS_type,PhaSePro_partner_dep,PICNIC_score,PICNIC_GO_score,PSAP_score,PSPHunter_prob,PSPire_score,FuzDrop_pLLPS,catGRANULE_score,PLAAC_NLLR,PScore_score,ESpritz_score,SEG_score,SaPS_score,PdPS_score,DeepPhase_score,PDL_score,RY_score,ParSe2_score,LLPhyScore_score,whole_len,whole_FCR,whole_NCPR,whole_kappa,whole_hydropathy,cyto_len,cyto_FCR,cyto_NCPR,cyto_kappa,cyto_hydropathy,tm_len,tm_FCR,tm_NCPR,tm_kappa,tm_hydropathy,ecto_len,ecto_FCR,ecto_NCPR,ecto_kappa,ecto_hydropathy,cyto_frac,tm_frac,ecto_frac,n_cyto_seg,n_tm_seg,n_ecto_seg,LCR_frac,log10_Length,mean_rank,rank_sd,n_predictors,Entry_name,Length,leakage_any
A0FGR8,2,0,multi-pass,True,False,True,False,False,2,member,2.0,,,,Client,,0.6185239433,0.2208598859,0.000833333,0.641,0.32247043,0.72,0.981239,-0.135,3.69,0.0673181324647122,0.0738327904451683,0.4211484789848327,0.7099205255508423,0.98,0.23906827,0.0890336590662323,147.40222709270765,-708.0,921,0.2399565689467969,0.020629750271444,0.1961689183715298,0.4622994329834712,876.0,0.25,0.0216894977168949,0.196218816473578,0.4511922881785858,42.0,0.0476190476190476,0.0,0.9615695792880256,0.6878306878306879,3.0,0.0,0.0,,0.548148148148148,0.9511400651465798,0.0456026058631921,0.003257328990228,2,2,1,0.0,2.964259630196849,0.7514401579503265,0.1468415305234319,18.0,ESYT2_HUMAN,921.0,True
A0FGR9,2,0,multi-pass,True,False,True,False,False,2,member,1.0,,,,Client,,0.3589081802,0.2045825727,0.0,0.151,0.005080808,0.32,0.435602,-0.349,1.49,0.0,0.0790067720090293,0.0528982691466808,0.1046302318572998,0.93,0.22853321,0.0902934537246049,24.58825115585218,-964.0,886,0.2449209932279909,0.0124153498871331,0.2030246463846437,0.4685226987710014,844.0,0.254739336492891,0.0130331753554502,0.2033181504624578,0.4591627172195907,42.0,0.0476190476190476,0.0,0.9615695792880256,0.6566137566137564,,,,,,0.9525959367945824,0.0474040632054176,,2,2,0,0.0,2.9474337218870508,0.4442901913319401,0.2216527782783985,18.0,ESYT3_HUMAN,886.0,True
A1KXE4,2,0,multi-pass,True,False,True,False,False,2,member,1.0,,,,Client,,0.6796630212,0.4046034884,0.001666667,0.56,0.5203609,0.99,-0.441368,0.149,2.9,0.0,0.241025641025641,0.7352916598320007,0.4819195866584778,0.59,0.949851,0.1179487179487179,160.86454261466548,37.0,195,0.0256410256410256,0.0256410256410256,0.2536312961253268,0.4668945868945862,49.0,0.0408163265306122,0.0408163265306122,0.4813318381400739,0.4403628117913831,46.0,0.0,0.0,,0.5707729468599037,100.0,0.03,0.03,0.3122509878952251,0.4321111111111113,0.2512820512820513,0.2358974358974359,0.5128205128205128,2,2,1,0.0,2.290034611362518,0.7372527211154353,0.2977666777494418,18.0,F168B_HUMAN,195.0,True
A1L3X0,7,0,multi-pass,True,False,True,False,False,2,member,1.0,,,,Client,,0.0719218708,0.0558782862,0.0,0.069,0.021875594,0.1,-0.739163,-0.309,-1.32,0.0,0.0355871886120996,0.0684330016374588,0.0287875030189752,0.16,0.021086754,0.1067615658362989,0.0,-525.0,281,0.1565836298932384,0.0427046263345195,0.1760485058040825,0.5280347963621981,66.0,0.3181818181818182,0.2272727272727272,0.1487344258564401,0.3405723905723906,148.0,0.027027027027027,-0.0135135135135135,0.4607811776652159,0.6496246246246246,66.0,0.2878787878787879,-0.0151515151515151,0.168201879063064,0.4400673400673401,0.2348754448398576,0.5266903914590747,0.2348754448398576,4,7,4,0.0,2.44870631990508,0.2146764100300811,0.2233863421329245,18.0,ELOV7_HUMAN,281.0,True
A6NH52,4,0,multi-pass,True,False,True,False,False,2,member,1.0,,,,Client,,0.0204436036,0.0770698838,0.0,0.005,0.005236787,0.11,-0.500845,-0.33,-1.19,0.0,0.0657276995305164,0.0602720454335212,0.0294935498386621,0.24,0.025955508,0.0469483568075117,0.0,-307.0,213,0.1830985915492957,-0.0046948356807511,0.2798096876969894,0.5426186750130413,,,,,,84.0,0.0357142857142857,0.0119047619047619,0.6382589721066381,0.6910052910052906,,,,,,,0.3943661971830985,,0,4,0,0.0,2.3283796034387376,0.1517708075750146,0.1467700020223743,18.0,TV23A_HUMAN,213.0,True
A6NL88,1,0,single-pass,True,False,True,False,False,2,member,1.0,,,,Client,,0.2069629558,0.1921235966,0.0,0.463,0.0042777103,1.0,1.23624,-0.033,4.53,0.0,0.2973977695167286,0.6160117983818054,0.2319293022155761,0.99,0.43950287,0.1133828996282527,318.2705121188595,-193.0,538,0.1654275092936803,0.0427509293680297,0.1654312935399543,0.4523543990086729,331.0,0.202416918429003,0.0513595166163142,0.1618474094286682,0.4218529707955694,21.0,0.0476190476190476,0.0476190476190476,0.8205641392203221,0.72010582010582,167.0,0.1197604790419161,0.0239520958083832,0.1835066812021641,0.4562208915502335,0.6152416356877324,0.0390334572490706,0.3104089219330855,1,1,1,0.0390334572490706,2.7307822756663893,0.6622771340333279,0.3289596045199894,18.0,SHSA7_HUMAN,538.0,True
A8CG34,1,0,single-pass,True,False,False,False,False,1,member,1.0,,,,,,0.6421751330000001,0.4076336027,0.005,0.7,0.4266066,1.0,0.747266,0.055,5.12,0.113913751017087,0.3637103336045565,0.8606311082839966,0.8708459734916687,1.0,0.8054395,0.0545158665581773,973.3398435317832,365.0,1229,0.130187144019528,0.0406834825061025,0.2088800619034745,0.460826326733576,,,,,,21.0,0.0,0.0,,0.7402116402116401,,,,,,,0.017087062652563,,0,1,0,0.0,3.089551882886454,0.8016037529896948,0.2996268918045396,18.0,P121C_HUMAN,1229.0,True
O00254,7,0,multi-pass,True,True,False,False,False,2,member,1.0,in_phasepdb_no_class,,F2RL2 PAR3,,,0.033985114,0.0564192103,0.0,0.082,0.0067556067,0.19,-1.08102,-0.304,-0.05,0.0,0.03475935828877,0.0601639859378337,0.0326947197318077,0.61,0.0671593,0.0909090909090909,3.1898290837044163,-778.0,374,0.1016042780748663,0.0160427807486631,0.2165770361245549,0.56951871657754,55.0,0.2,0.1636363636363636,0.1222119928090217,0.4509090909090909,162.0,0.0246913580246913,0.0,0.438627833499438,0.6938271604938269,119.0,0.1512605042016806,-0.0336134453781512,0.224495262054734,0.4594771241830059,0.1470588235294117,0.4331550802139037,0.3181818181818182,4,7,4,0.0,2.5728716022004803,0.2628129423798385,0.2137589039491438,18.0,PAR3_HUMAN,374.0,False
O00264,1,0,single-pass,True,False,True,False,False,2,member,1.0,,,,Client,,0.6267525054,0.4875924069,0.0,0.719,0.87026536,0.88,0.441858,-0.473,-0.21,0.2153846153846154,0.0666666666666666,0.7889958024024963,0.9358927011489868,0.35,0.041095775,0.0871794871794871,4.174715488064877,-100.0,195,0.3179487179487179,-0.082051282051282,0.2216051497250229,0.4373789173789165,152.0,0.3684210526315789,-0.0657894736842105,0.2178586537114718,0.3913011695906434,19.0,0.0,0.0,,0.7292397660818714,24.0,0.25,-0.25,0.1500223713646533,0.4981481481481482,0.7794871794871795,0.0974358974358974,0.123076923076923,1,1,1,0.0,2.290034611362518,0.5585097508726004,0.3392884561016389,18.0,PGRC1_HUMAN,195.0,False
O00299,1,0,single-pass,True,False,True,False,False,2,member,2.0,,,,Client,,0.6224723953,0.3130596768,0.0,0.703,0.9250566,0.13,-0.096755,-0.393,-0.32,0.0,0.0,0.2546564936637878,0.4160031378269195,0.0,0.12114386,0.0705394190871369,0.0,-194.0,241,0.2572614107883817,-0.0331950207468879,0.2525073667142697,0.4684647302904552,,,,,,21.0,0.0952380952380952,0.0952380952380952,0.3161916449094419,0.5999999999999999,,,,,,,0.0871369294605809,,0,1,0,0.0,2.3820170425748683,0.376290121361244,0.3266002144174094,18.0,CLIC1_HUMAN,241.0,False
O00445,1,0,single-pass,True,False,True,False,False,2,member,1.0,,,,Client,,0.7559459952,0.2917896673,0.0,0.261,0.15649292,0.27,0.571513,-0.273,0.66,0.038860103626943,0.116580310880829,0.0501484870910644,0.239988774061203,0.6,0.9265527,0.1062176165803108,8.952214712187388,-358.0,386,0.2409326424870466,0.0284974093264248,0.2041945848531588,0.4609671848013815,341.0,0.2609970674486803,0.0381231671554252,0.2049540677220351,0.4538611925708701,21.0,0.0,0.0,,0.6820105820105821,,,,,,0.883419689119171,0.0544041450777202,,1,1,0,0.0,2.586587304671755,0.5331088662016253,0.2307748979680102,18.0,SYT5_HUMAN,386.0,False
O00483,1,0,single-pass,True,False,True,False,False,2,member,1.0,,,,Client,,0.2978348168,0.0522605822,,0.583,0.31803042,0.17,-0.28427,-0.371,,1.0,0.0,0.1726188659667968,0.2945375740528106,0.0,0.017785871,0.0987654320987654,2.829310657157577,-90.0,81,0.2222222222222222,0.0493827160493827,0.1464565812912973,0.4577503429355284,,,,,,23.0,0.0434782608695652,0.0434782608695652,0.6755332023371112,0.6753623188405797,44.0,0.3181818181818182,0.0,0.1223681613464678,0.3527777777777778,,0.2839506172839506,0.5432098765432098,0,1,1,0.0,1.9084850188786493,0.36489364683078,0.3448377682698676,16.0,NDUA4_HUMAN,81.0,True
O00519,1,1,single-pass,True,False,True,False,False,2,member,1.0,,,,Client,,0.1630066437,0.1104813728,0.0,0.141,0.0033642221,0.39,0.334191,-0.11,2.37,0.0,0.1398963730569948,0.0888972729444503,0.0691683590412139,0.01,0.037854653,0.082901554404145,96.78537785701684,-343.0,579,0.1899827288428324,0.003454231433506,0.2048415667423877,0.4979274611398981,520.0,0.2019230769230769,-0.0019230769230769,0.2029875021281428,0.4801709401709393,21.0,0.0,0.0,,0.7275132275132273,,,,,,0.8981001727115717,0.0362694300518134,,2,1,0,0.0,2.762678563727436,0.4062063141544863,0.2634130625820836,18.0,FAAH1_HUMAN,579.0,True
O00533,1,0,single-pass,True,False,True,False,False,2,member,1.0,,,,Client,,0.6616978159,0.2832724347,0.0,0.693,0.09197687,0.49,1.13816,-0.184,1.52,0.0529801324503311,0.0298013245033112,0.0630345270037651,0.1821281909942627,0.78,0.91179717,0.0728476821192053,96.38392153873188,-618.0,1208,0.2342715231788079,-0.0273178807947019,0.191063392279844,0.4471394407652631,105.0,0.3333333333333333,-0.0666666666666666,0.1910537364715126,0.3801058201058204,21.0,0.0,0.0,,0.8084656084656083,1058.0,0.2306238185255198,-0.0264650283553875,0.1901537516049036,0.4422705314009629,0.0869205298013245,0.0173841059602649,0.8758278145695364,1,1,1,0.0,3.082066934285113,0.6112382412673409,0.2195051209163944,18.0,NCHL1_HUMAN,1208.0,True
O00767,4,0,multi-pass,False,False,True,False,False,1,,,,,,Regulator,,0.2264112244,0.0754607922,0.000833333,0.235,0.06490528,0.25,-0.00738363,-0.271,-0.59,0.0,0.0334261838440111,0.1130254119634628,0.0767493918538093,0.14,0.019651743,0.1225626740947075,22.04848527297266,-545.0,359,0.2033426183844011,0.0194986072423398,0.1775924584568794,0.4788300835654594,267.0,0.2546816479400749,0.0149812734082397,0.1751538490548981,0.4348730753225132,84.0,0.0357142857142857,0.0357142857142857,0.2896586826306815,0.6287037037037038,8.0,0.25,0.0,0.5,0.3722222222222222,0.7437325905292479,0.233983286908078,0.022284122562674,3,4,2,0.0,2.55509444857832,0.3738683394698254,0.2383602385053738,18.0,ACOD_HUMAN,359.0,False
O14495,6,0,multi-pass,True,False,True,False,False,2,member,1.0,,,,Client,,0.4168754208,0.6963320702,0.0,0.044,0.011862351,0.21,-0.195568,-0.281,0.17,0.0,0.0514469453376205,0.0607100948691368,0.0315911956131458,0.18,0.029234266,0.1093247588424437,9.613132161497964,-460.0,311,0.180064308681672,0.045016077170418,0.1742269832149749,0.5115398356555911,93.0,0.2580645161290322,0.1505376344086021,0.2210267285304818,0.3875746714456392,123.0,0.040650406504065,-0.008130081300813,0.4044491139037083,0.6924119241192414,95.0,0.2842105263157894,0.0105263157894736,0.1784162733218651,0.3987134502923978,0.2990353697749196,0.3954983922829582,0.3054662379421222,4,6,3,0.0,2.492760389026837,0.3363344453821394,0.2292103706495408,18.0,PLPP3_HUMAN,311.0,True
O14511,1,0,single-pass,False,False,True,False,False,1,,,,,,Regulator,,0.6383944942,0.173838912,0.003333333,0.516,0.2577676,1.0,0.790865,0.063,4.15,0.2494117647058823,0.2611764705882353,0.5120087265968323,0.2712746262550354,1.0,0.39535162,0.12,376.9591228115309,-261.0,850,0.2223529411764706,0.0435294117647058,0.198998270628945,0.4255555555555567,424.0,0.2169811320754717,0.0188679245283018,0.2577536941568676,0.4044811320754708,21.0,0.0,0.0,,0.8211640211640209,294.0,0.2619047619047619,0.0714285714285714,0.1440291714111648,0.4315192743764166,0.4988235294117647,0.0247058823529411,0.3458823529411765,1,1,1,0.0517647058823529,2.929418925714293,0.7934555702042151,0.227536157486785,18.0,NRG2_HUMAN,850.0,False
O14514,7,0,multi-pass,True,False,True,False,False,2,member,1.0,,,,Client,,0.2946712509,0.0646995287,,0.497,0.0034183967,0.96,0.767342,0.039,4.7,0.1117424242424242,0.1117424242424242,0.4436404705047607,0.2484039962291717,0.99,0.6912237,0.0896464646464646,238.76041613926893,-1141.0,1584,0.2108585858585858,0.0075757575757575,0.1678828821762099,0.4655162738496143,453.0,0.2737306843267108,0.0264900662251655,0.1495996372531629,0.4023301447142521,147.0,0.0204081632653061,-0.0068027210884353,0.8379095570746008,0.7308390022675736,954.0,0.2127882599580712,-0.0031446540880503,0.1791384105235958,0.4503843466107652,0.2859848484848485,0.0928030303030303,0.6022727272727273,4,7,4,0.0265151515151515,3.1997551772534747,0.7048106154497686,0.2875193875896383,17.0,AGRB1_HUMAN,1584.0,True
O14548,1,0,single-pass,True,False,True,False,False,2,member,1.0,,,,Client,,0.5896165094,0.3053980087,0.0,0.101,0.021156859,0.17,-0.707097,-0.344,,0.5526315789473685,0.0,0.0730011835694313,0.1324833333492279,0.0,0.022044782,0.0964912280701754,1.5204869708616793,-103.0,114,0.175438596491228,0.0526315789473684,0.1737980954763996,0.482553606237817,,,,,,26.0,0.0769230769230769,0.0,0.6067796610169492,0.5837606837606837,,,,,,,0.2280701754385964,,0,1,0,0.0,2.0569048513364727,0.3135473835747228,0.2881397517076916,17.0,COX7R_HUMAN,114.0,True
O14763,1,0,single-pass,False,True,False,False,False,1,,,in_phasepdb_no_class,,TNFRSF10B DR5 KILLER TRAILR2 TRICK2 ZTNFR9,,,0.4304014178,0.2870047146,0.003333333,0.512,0.005453388,0.93,0.211283,-0.297,1.28,0.0704545454545454,0.1886363636363636,0.0523213744163513,0.0423873364925384,0.93,0.18987988,0.0772727272727272,36.8714809762212,-215.0,440,0.2522727272727272,-0.0295454545454545,0.2174513723822539,0.4545959595959588,209.0,0.2870813397129186,-0.0574162679425837,0.2199180949277796,0.4426900584795322,21.0,0.0,0.0,,0.8222222222222221,155.0,0.2516129032258064,-0.0451612903225806,0.2146730481062144,0.4124014336917563,0.475,0.0477272727272727,0.3522727272727273,1,1,1,0.0,2.6434526764861874,0.5115954768657063,0.2794245754305404,18.0,TR10B_HUMAN,440.0,False
O14925,3,0,multi-pass,True,False,True,False,False,2,member,1.0,,,,Client,,0.0470803517,0.1028621382,0.0,0.29,0.30605072,0.32,1.35477,-0.189,1.5,0.0,0.2248803827751196,0.0822057798504829,0.0821747556328773,0.1,0.0250592,0.0765550239234449,41.27183268808406,-117.0,209,0.138755980861244,0.0143540669856459,0.2290425128756838,0.5038277511961725,,,,,,59.0,0.0169491525423728,-0.0169491525423728,0.4298710473393388,0.6299435028248589,,,,,,,0.2822966507177033,,0,3,0,0.0,2.3201462861110542,0.4311061812561879,0.2769038935759922,18.0,TIM23_HUMAN,209.0,True
O14983,10,0,multi-pass,False,False,True,False,False,1,,,,,,Regulator,,0.5941661689000001,0.3871302595,0.0,0.517,0.95666677,0.21,0.35069,-0.343,1.14,0.0,0.0479520479520479,0.0923962518572807,0.1386654376983642,0.02,0.9644095,0.0739260739260739,11.931047403573327,-1126.0,1001,0.2357642357642357,-0.0279720279720279,0.1635990476285589,0.5058830058830067,,,,,,204.0,0.1176470588235294,-0.0294117647058823,0.2093253088980341,0.6347494553376899,,,,,,,0.2037962037962038,,0,10,0,0.0,3.000434077479319,0.5022008334283204,0.269348733966528,18.0,AT2A1_HUMAN,1001.0,False
O15079,1,0,single-pass,True,False,True,False,False,2,member,1.0,,,,Client,,0.4016711978,0.3897831449,0.011666667,0.363,0.06748512,1.0,0.434148,-0.133,4.72,0.1032388663967611,0.2024291497975708,0.3644679188728332,0.5791057348251343,1.0,0.21612869,0.0890688259109311,172.7455715347403,-185.0,494,0.2489878542510121,-0.0222672064777327,0.2044656097341141,0.4295771479982003,,,,,,20.0,0.05,-0.05,0.8259587020648969,0.7188888888888889,,,,,,,0.0404858299595141,,0,1,0,0.0,2.693726948923647,0.7161630735503974,0.2437155665116238,18.0,SNPH_HUMAN,494.0,True
O15173,1,0,single-pass,True,False,True,False,False,2,member,1.0,,,,Client,,0.4174834576,0.4056382377,0.005833333,0.501,0.77787364,0.98,1.6169,-0.335,1.22,0.2645739910313901,0.3273542600896861,0.8142059445381165,0.7097195386886597,0.49,0.05001168,0.0986547085201793,27.80215242052495,-51.0,223,0.2780269058295964,-0.0448430493273542,0.1953158401394301,0.4451918285999005,,,,,,25.0,0.04,-0.04,1.0,0.7248888888888886,,,,,,,0.1121076233183856,,0,1,0,0.0,2.3483048630481607,0.6783099057001134,0.3073886715174487,18.0,PGRC2_HUMAN,223.0,True
O15247,1,0,single-pass,True,False,True,False,False,2,member,1.0,,,,Client,,0.6626449485,0.5698069716,0.0,0.201,0.35880995,0.31,-0.0263328,-0.507,1.01,0.0,0.0,0.1145838275551796,0.7685964107513428,0.02,0.07902667,0.0769230769230769,0.3207306256651004,-234.0,247,0.2955465587044534,-0.020242914979757,0.1743301235780792,0.4424651372019799,,,,,,21.0,0.1428571428571428,0.1428571428571428,0.2541482434821824,0.6021164021164019,,,,,,,0.0850202429149797,,0,1,0,0.0,2.392696953259666,0.3938213214882163,0.2919822990225946,18.0,CLIC2_HUMAN,247.0,False
O15270,1,0,single-pass,True,False,False,False,False,1,member,1.0,,,,,,0.8388283926000001,0.5393111167,0.0,0.306,0.13273932,0.17,0.83961,-0.2,1.06,0.0,0.0373665480427046,0.1603607237339019,0.3073548376560211,0.03,0.035062265,0.1209964412811387,10.97423520705106,-582.0,562,0.2348754448398576,0.0035587188612099,0.2074559340146128,0.4781336496639002,,,,,,21.0,0.0,0.0,,0.680952380952381,,,,,,,0.0373665480427046,,0,1,0,0.0,2.749736315569061,0.5077672819172353,0.2777009052942721,18.0,SPTC2_HUMAN,562.0,False
O15394,1,0,single-pass,True,False,True,False,False,2,member,1.0,,,,Client,,0.6981818861,0.4211152804,0.001666667,0.548,0.010592328,0.29,1.02619,-0.24,0.09,0.082437275985663,0.0991636798088411,0.049036294221878,0.2263426482677459,0.92,0.905403,0.075268817204301,74.77269257986251,-488.0,837,0.2461170848267622,-0.02389486260454,0.128219480700971,0.4542413381123045,119.0,0.3697478991596639,-0.0672268907563025,0.1158799229687616,0.3974789915966382,21.0,0.0,0.0,,0.7952380952380951,678.0,0.2389380530973451,-0.0176991150442477,0.1326789172556517,0.4476892822025565,0.1421744324970131,0.025089605734767,0.8100358422939068,1,1,1,0.0,2.92272545799326,0.590818602886973,0.2622854216828023,18.0,NCAM2_HUMAN,837.0,True
O15399,3,1,multi-pass,True,False,True,False,False,2,member,1.0,,,,Client,,0.1980836382,0.0849679366,0.000833333,0.475,0.008563827,0.99,1.0002,-0.089,3.24,0.0449101796407185,0.2455089820359281,0.18865667283535,0.0569999516010284,0.97,0.38526237,0.1040419161676646,204.04535032617864,-1027.0,1336,0.1901197604790419,0.0089820359281437,0.1958783795689317,0.478634397870918,506.0,0.1857707509881423,0.0395256916996047,0.2310366229966462,0.4263724198506815,67.0,0.0298507462686567,0.0,0.6847161572052402,0.7058043117744609,724.0,0.2113259668508287,-0.0179558011049723,0.1678268412876701,0.4890730509515048,0.3787425149700599,0.0501497005988023,0.5419161676646707,3,3,2,0.0194610778443113,3.125806458139527,0.6810720759438708,0.2827824953769417,18.0,NMDE4_HUMAN,1336.0,True
O15400,1,0,single-pass,True,False,True,False,False,2,member,1.0,,,,Client,,0.676708072,0.3611385417,0.000833333,0.652,0.7485412,0.24,-0.212671,-0.023,-1.92,0.0,0.1724137931034483,0.4189589917659759,0.7428185343742371,0.92,0.87719595,0.0842911877394636,13.49629884981614,-249.0,261,0.2605363984674329,-0.0229885057471264,0.1902098541511436,0.4299276287782032,237.0,0.2869198312236287,-0.0253164556962025,0.1865931866823924,0.3941865916549466,21.0,0.0,0.0,,0.8486772486772489,,,,,,0.9080459770114944,0.0804597701149425,,1,1,0,0.0,2.416640507338281,0.6168536146294192,0.3086081578024499,18.0,STX7_HUMAN,261.0,False
O43306,12,0,multi-pass,True,False,False,False,False,1,member,1.0,,,,,,0.3552777143,0.4651875642,0.0,0.298,0.017820898,0.41,0.380976,-0.129,1.77,0.0,0.0839041095890411,0.0629762113094329,0.0503916032612323,0.5,0.18746188,0.1010273972602739,50.50809513288357,-1680.0,1168,0.2037671232876712,0.0102739726027397,0.1746275227421236,0.5031868340943677,774.0,0.268733850129199,0.0077519379844961,0.1695988893222218,0.4420470858455329,205.0,0.0,0.0,,0.7623848238482408,60.0,0.1,-0.0333333333333333,0.3683254747037084,0.5062962962962961,0.6626712328767124,0.175513698630137,0.0513698630136986,3,12,1,0.0,3.0674428427763805,0.5266497180251799,0.2137132132193638,18.0,ADCY6_HUMAN,1168.0,True
O43497,24,0,multi-pass,False,False,True,False,False,1,,,,,,Regulator,,0.1052046102,0.0849441681,0.0,0.347,0.008452658,1.0,0.834073,-0.111,3.31,0.0866638620109381,0.132940681531342,0.1483185589313507,0.0692521929740905,1.0,0.4666324,0.0845603702145561,445.43653102208606,-2267.0,2377,0.203618005889777,-0.0126209507782919,0.2122164552908423,0.4857850698826668,1419.0,0.237491190979563,-0.0133897110641296,0.2143759803279193,0.42516639260825,530.0,0.1018867924528302,0.0226415094339622,0.220274216982768,0.6720545073375264,428.0,0.2172897196261682,-0.0537383177570093,0.1876592611892694,0.456100726895119,0.5969709718132099,0.2229701304164913,0.1800588977702987,13,24,12,0.0113588557004627,3.3760291817281805,0.6371580973774378,0.3081868937130007,18.0,CAC1G_HUMAN,2377.0,False
O43526,6,1,multi-pass,True,False,True,False,False,2,member,1.0,,,,Client,,0.2799011975,0.1462720609,0.000833333,0.411,0.022263447,0.98,0.981663,-0.05,2.31,0.0481651376146789,0.091743119266055,0.0937223732471466,0.3837428390979767,0.99,0.31982177,0.1066513761467889,150.8212188469488,-572.0,872,0.2282110091743119,0.0332568807339449,0.1848736445287793,0.4602956167176348,678.0,0.2507374631268436,0.0412979351032448,0.1905416091599334,0.4248607014093739,137.0,0.1167883211678832,0.0437956204379562,0.2256627513610442,0.6498783454987836,44.0,0.2727272727272727,-0.0909090909090909,0.0973630171424083,0.3762626262626263,0.7775229357798165,0.1571100917431192,0.0504587155963302,4,6,4,0.0,2.940516484932567,0.6781170559334027,0.2172132443398118,18.0,KCNQ2_HUMAN,872.0,True
O43561,1,0,single-pass,True,True,True,True,False,4,member,2.0,in_phasepdb_no_class,Receptor cluster,LAT,Scaffold,Y,0.3832165678,0.5234676667,,0.785,0.8835028,1.0,-0.334812,-0.126,2.71,0.2022900763358778,0.3129770992366412,0.533229649066925,0.9440208673477172,0.85,0.13425925,0.0801526717557251,82.61135574673678,-27.0,262,0.1984732824427481,-0.099236641221374,0.3003669168592212,0.4526717557251907,235.0,0.2127659574468085,-0.102127659574468,0.3070492387649309,0.4182505910165487,23.0,0.0,0.0,,0.8120772946859902,4.0,0.5,-0.5,,0.4083333333333333,0.8969465648854962,0.0877862595419847,0.015267175572519,1,1,1,0.0,2.418301291319745,0.7074224239628641,0.3027796292186536,17.0,LAT_HUMAN,262.0,True
O43581,1,0,single-pass,True,False,True,False,False,2,member,1.0,,,,Client,,0.6145512828,0.3084292898,0.000833333,0.217,0.17488392,0.61,0.549182,-0.412,0.16,0.0,0.0347394540942928,0.0573246106505394,0.6108671426773071,0.75,0.964992,0.0843672456575682,14.738377799174426,-263.0,403,0.2704714640198511,0.032258064516129,0.1585935103038976,0.4452715743038319,366.0,0.2841530054644808,0.0382513661202185,0.1628569355581923,0.429720704310869,21.0,0.0,0.0,,0.7820105820105817,,,,,,0.9081885856079404,0.0521091811414392,,1,1,0,0.0,2.6053050461411096,0.4965348261418108,0.2702770858900971,18.0,SYT7_HUMAN,403.0,True
O60313,1,1,single-pass,True,False,True,False,False,2,member,1.0,,,,Client,,0.7007439908,0.7859614547,0.000833333,0.749,0.117857836,0.14,0.493478,-0.265,0.26,0.0,0.03125,0.1699591726064682,0.7169510126113892,0.19,0.5876726,0.0885416666666666,16.312930843216783,-1070.0,960,0.3041666666666666,0.0020833333333333,0.167375622349316,0.4351504629629608,,,,,,17.0,0.1176470588235294,0.1176470588235294,0.807365299531482,0.6052287581699348,836.0,0.3181818181818182,-0.0263157894736842,0.1541948111702342,0.4328681552365769,,0.0177083333333333,0.8708333333333333,0,1,2,0.0,2.9822712330395684,0.5771943345814379,0.2709959264469217,18.0,OPA1_HUMAN,960.0,True
O60488,1,0,single-pass,True,False,True,False,False,2,member,1.0,,,,Client,,0.5996765297000001,0.5312033803,0.001666667,0.686,0.9542287,0.23,0.815891,-0.184,0.96,0.0,0.0,0.4242100119590759,0.4736115932464599,0.19,0.7496679,0.0745428973277074,71.19556299916462,-564.0,711,0.2320675105485232,0.0154711673699015,0.1722904787108923,0.4784497577746524,683.0,0.2386530014641288,0.0131771595900439,0.1725928193385038,0.4689930047177499,21.0,0.0,0.0,,0.766137566137566,,,,,,0.960618846694796,0.0295358649789029,,1,1,0,0.0,2.851869600729766,0.6211847746235412,0.2620152142231683,18.0,ACSL4_HUMAN,711.0,False
O60500,1,0,single-pass,True,True,True,True,True,5,driver,1.0,in_phasepdb_no_class,Receptor cluster,NPHS1 NPHN,Scaffold,Y,0.2428889741,0.1194671032,0.0,0.816,0.19236472,0.79,0.733511,-0.172,1.73,0.0,0.0854149879129734,0.0461384803056716,0.7751145362854004,,0.38799757,0.0838033843674456,60.62506324250795,-905.0,1241,0.1974214343271555,-0.0265914585012087,0.1912731910607711,0.4727101799623968,166.0,0.2951807228915662,-0.1265060240963855,0.2173659432177355,0.3897590361445784,21.0,0.0,0.0,,0.6851851851851851,1032.0,0.187984496124031,-0.0116279069767441,0.1821754248990055,0.4779823428079252,0.1337630942788074,0.0169218372280419,0.8315874294923449,1,1,1,0.0,3.09377178149873,0.580900721493443,0.2638991343218278,17.0,NPHN_HUMAN,1241.0,True
O60733,2,0,multi-pass,False,True,False,False,False,1,,,in_phasepdb_no_class,,PLA2G6 PLPLA9,,,0.5664662817,0.399266885,0.0,0.3,0.095477454,0.38,0.536244,-0.119,-0.21,0.0,0.0,0.0607382245361804,0.0545188188552856,0.3,0.07689765,0.0856079404466501,13.626141287216576,-761.0,806,0.2096774193548387,-0.0037220843672456,0.1607733225431004,0.4754618141714916,,,,,,42.0,0.0714285714285714,-0.0238095238095238,0.5803968347370684,0.674867724867725,,,,,,,0.0521091811414392,,0,2,0,0.0,2.906335041805091,0.4356207212250055,0.2079906521127839,18.0,PLPL9_HUMAN,806.0,False
O75051,1,0,single-pass,True,False,True,False,False,2,member,1.0,,,,Client,,0.5012383733,0.2270827687,0.0,0.534,0.47323203,0.16,0.812853,-0.078,1.48,0.0,0.0380147835269271,0.0740342438220977,0.3144421577453613,0.21,0.85814995,0.0844772967265047,121.0211881826927,-1578.0,1894,0.2069693769799366,-0.013727560718057,0.1532313427751433,0.479836911885487,636.0,0.2672955974842767,-0.0062893081761006,0.1526373042989621,0.4534067085953891,21.0,0.0,0.0,,0.8296296296296295,1203.0,0.1787198669991687,-0.0191188694929343,0.1554612433534509,0.4861826914196025,0.3357972544878564,0.0110876451953537,0.6351636747624076,1,1,1,0.0,3.2773799746672547,0.5886952715002669,0.2424137898083936,18.0,PLXA2_HUMAN,1894.0,True
O75077,1,0,single-pass,True,False,True,False,False,2,member,1.0,,,,Client,,0.4676104679,0.1952507399,0.001666667,0.435,0.10766615,0.41,1.03049,-0.121,2.61,0.0348557692307692,0.0733173076923077,0.0617651753127574,0.1636479496955871,0.81,0.19780733,0.0841346153846153,127.36366504906962,-333.0,832,0.2139423076923076,0.0048076923076923,0.2089869834793867,0.4472222222222252,19.0,0.3157894736842105,0.2105263157894736,0.6035191436966848,0.347953216374269,21.0,0.0,0.0,,0.7433862433862432,506.0,0.2272727272727272,-0.0098814229249011,0.1867459834925347,0.4415458937198087,0.0228365384615384,0.0252403846153846,0.6081730769230769,1,1,1,0.0,2.920123326290724,0.6037767326119401,0.1901562391390664,18.0,ADA23_HUMAN,832.0,True
O75396,1,0,single-pass,True,False,True,False,False,2,member,1.0,,,,Client,,0.3505863181,0.2796164926,0.0,0.503,0.71663177,0.16,-0.795096,-0.294,-0.99,0.0,0.0837209302325581,0.3039209246635437,0.3949589431285858,0.08,0.58609515,0.1069767441860465,0.0,-261.0,215,0.2372093023255814,0.013953488372093,0.25120761453594,0.4797932816537464,193.0,0.2538860103626943,0.005181347150259,0.2543312249612842,0.4525618883131841,21.0,0.0952380952380952,0.0952380952380952,0.3286339836516398,0.719047619047619,,,,,,0.8976744186046511,0.0976744186046511,,1,1,0,0.0,2.3324384599156054,0.4319984373149326,0.2975945358491906,18.0,SC22B_HUMAN,215.0,True
O75445,1,0,single-pass,True,True,False,False,False,2,,0.0,in_phasepdb_no_class,,USH2A,,,0.1711297,0.0767009046,,0.607,0.1819633,0.98,1.29107,-0.024,3.22,0.0,0.0103806228373702,0.3722416758537292,0.0950834304094314,0.22,0.6192894,0.0818915801614763,445.6902147517933,-2859.0,5202,0.1658977316416763,-0.0074971164936562,0.1718203178525666,0.4707334785766136,139.0,0.237410071942446,0.0215827338129496,0.1963178786410781,0.4274180655475622,21.0,0.0,0.0,,0.8407407407407408,5011.0,0.165436040710437,-0.008181999600878,0.170937156379796,0.4692299164061311,0.0267204921184159,0.0040369088811995,0.9632833525567088,1,1,1,0.0,3.716170347859854,0.6251416302533296,0.3216714165810557,17.0,USH2A_HUMAN,5202.0,False
O75460,1,0,single-pass,True,True,False,False,False,2,member,1.0,in_phasepdb_no_class,Stress granule,ERN1 IRE1,,,0.7630394757000001,0.9830522498,0.0,0.274,0.13928577,0.52,0.495977,-0.035,1.9,0.0,0.0931422722620266,0.1240517348051071,0.2177183181047439,0.92,0.2746446,0.0808597748208802,91.42832662676472,-850.0,977,0.2282497441146366,-0.0194472876151484,0.1589946100007444,0.4617536676902075,513.0,0.2417153996101364,-0.0194931773879142,0.1661068579924196,0.4437730127788599,21.0,0.0,0.0,,0.7312169312169312,425.0,0.228235294117647,-0.0258823529411764,0.1517893941568021,0.4621960784313729,0.5250767656090072,0.0214943705220061,0.4350051177072671,1,1,1,0.0,2.989894563718773,0.6475767941608414,0.2104026700277156,18.0,ERN1_HUMAN,977.0,False
O75477,1,0,single-pass,True,False,True,False,False,2,member,1.0,,,,Client,,0.8245321120000001,0.7438228195000001,0.0,0.427,0.022801936,0.13,-0.123398,-0.316,0.45,0.0890804597701149,0.0977011494252873,0.0534670576453208,0.071846067905426,0.46,0.09293771,0.0862068965517241,6.129615114461031,-361.0,348,0.2557471264367816,0.0028735632183908,0.140403385185407,0.4698595146871011,7.0,0.1428571428571428,0.1428571428571428,1.0,0.3952380952380952,21.0,0.0476190476190476,0.0476190476190476,0.5598394457579589,0.7486772486772488,320.0,0.271875,-0.003125,0.1390231626128531,0.4531944444444436,0.0201149425287356,0.0603448275862069,0.9195402298850576,1,1,1,0.0,2.5415792439465807,0.431758911493776,0.2532459094770566,18.0,ERLN1_HUMAN,348.0,True
O75581,1,0,single-pass,False,True,False,False,False,1,,,in_phasepdb_no_class,Wnt signalodroplet,LRP6,,,0.3626361058,0.1679332333,0.0,0.632,0.56313956,0.42,0.846357,-0.049,3.81,0.0334779913205207,0.0613763174209547,0.4089775085449219,0.3388805985450744,0.81,0.92131233,0.0985740855548667,291.8587907394447,-1256.0,1613,0.2256664600123992,-0.0359578425294482,0.1563201012162651,0.4620789419301488,220.0,0.15,-0.0045454545454545,0.231925222772673,0.4144444444444445,23.0,0.0,0.0,,0.6855072463768115,1351.0,0.2435233160621761,-0.0436713545521835,0.1497719969880201,0.4629081338925966,0.1363918164910105,0.0142591444513329,0.8375697458152511,1,1,1,0.0,3.2076343673889616,0.7247161646729846,0.2067822515100135,18.0,LRP6_HUMAN,1613.0,False
O75746,6,0,multi-pass,True,False,True,False,False,2,member,2.0,,,,Client,,0.5674510915000001,0.2550651558,0.0,0.588,0.22553928,0.19,0.795897,-0.213,0.53,0.0,0.0604719764011799,0.0655696541070938,0.3236619830131531,0.05,0.5952821,0.0899705014749262,10.513849022115446,-798.0,678,0.1991150442477876,0.0073746312684365,0.1622164758831368,0.4977548344804978,,,,,,110.0,0.0727272727272727,0.0363636363636363,0.2058078229036236,0.5928282828282828,450.0,0.2133333333333333,-0.0177777777777777,0.1589938600112287,0.4776049382716043,,0.1622418879056047,0.6637168141592921,0,6,4,0.0,2.831229693867064,0.5130416166922579,0.2104708187193267,18.0,CMC1_HUMAN,678.0,True
O75880,1,0,single-pass,True,False,True,False,False,2,member,1.0,,,,Client,,0.5289632987,0.4482351482,0.0,0.372,0.025597647,0.67,0.484102,-0.3,0.02,0.0,0.0465116279069767,0.0539562329649925,0.6214154362678528,0.48,0.027856201,0.1096345514950166,18.35015942814415,-294.0,301,0.26578073089701,0.0199335548172757,0.1823841031415615,0.4509413067552608,,,,,,19.0,0.0526315789473684,0.0526315789473684,0.8322152738298273,0.6538011695906433,190.0,0.3210526315789473,-0.0263157894736842,0.1830483090755485,0.4305263157894732,,0.0631229235880398,0.6312292358803987,0,1,1,0.0,2.478566495593844,0.4480666515284479,0.2466739691147129,18.0,SCO1_HUMAN,301.0,True
O75899,7,0,multi-pass,True,False,True,False,False,2,member,1.0,,,,Client,,0.3838589928,0.0967115213,0.0,0.202,0.0050590667,0.38,0.471703,-0.223,0.61,0.0180658873538788,0.0786397449521785,0.0458162650465965,0.0938391536474227,0.72,0.24905857,0.0828905419766206,46.0293757312235,-1101.0,941,0.1987247608926673,0.0159404888416578,0.1803244757601234,0.4833628527571137,259.0,0.2471042471042471,0.0463320463320463,0.1974360733443298,0.407164307164306,147.0,0.0272108843537414,0.0,0.5509005894554274,0.7174603174603172,494.0,0.2368421052631578,0.0020242914979757,0.1717505611004607,0.4497750787224468,0.2752391073326248,0.1562167906482465,0.5249734325185972,4,7,4,0.0,2.973589623427257,0.449604544334632,0.2152514518534471,18.0,GABR2_HUMAN,941.0,True
O76024,11,0,multi-pass,True,False,True,False,False,2,member,1.0,,,,Client,,0.0923208319,0.2059304688,0.0,0.191,0.0038920038,0.19,-0.00960525,-0.083,0.77,0.0820224719101123,0.0932584269662921,0.1164676994085311,0.0561796724796295,0.5,0.07860697,0.0876404494382022,5.999476802670028,-1376.0,890,0.2112359550561797,0.0067415730337078,0.2032602835317083,0.5057553058676645,,,,,,231.0,0.0389610389610389,-0.0043290043290043,0.2527411027130311,0.6945646945646943,217.0,0.2534562211981567,0.0230414746543778,0.1592412139733339,0.4578084997439834,,0.2595505617977528,0.2438202247191011,0,11,1,0.0,2.949390006644913,0.4415062120738683,0.2577962936908541,18.0,WFS1_HUMAN,890.0,True
O76095,1,0,single-pass,True,False,True,False,False,2,member,1.0,,,,Client,,0.0953625161,0.1069269944,0.0,0.024,0.0026850076,0.4,-1.42056,-0.636,-0.19,0.0,0.0,0.0998295098543167,0.1237315684556961,0.0,0.030887906,0.0753424657534246,7.569699691197683,-131.0,146,0.2397260273972602,0.0342465753424657,0.1577662111246662,0.4987823439878238,20.0,0.5,0.2,0.0734942019121205,0.3394444444444444,21.0,0.0952380952380952,0.0,0.1843462246777163,0.753968253968254,75.0,0.2666666666666666,-0.0266666666666666,0.1881638694454745,0.4448888888888887,0.136986301369863,0.1438356164383561,0.5136986301369864,1,1,1,0.0,2.164352855784437,0.2066156348002709,0.1914748040733153,18.0,JTB_HUMAN,146.0,True
O94766,1,0,single-pass,True,False,True,False,False,2,member,1.0,,,,Client,,0.1593512237,0.0865782709,0.0,0.124,0.0079033915,0.72,0.012513,-0.379,1.09,0.0686567164179104,0.0955223880597015,0.0570718050003051,0.032218225300312,0.37,0.048181023,0.0955223880597015,20.375720849692726,-320.0,335,0.226865671641791,0.0059701492537313,0.1515027997859926,0.4707794361525712,7.0,0.4285714285714285,0.4285714285714285,0.4467038373237129,0.4095238095238096,21.0,0.0,0.0,,0.7285714285714285,307.0,0.2377850162866449,-0.003257328990228,0.1452244389359751,0.454542164314151,0.0208955223880597,0.0626865671641791,0.9164179104477612,1,1,1,0.0,2.525044807036845,0.3608989660020383,0.2391709286331098,18.0,B3GA3_HUMAN,335.0,True
O94826,1,0,single-pass,True,False,True,False,False,2,member,1.0,,,,Client,,0.8225529016,0.6597133921,0.001666667,0.73,0.56119776,0.47,0.820857,-0.19,0.17,0.0,0.1430921052631578,0.2869419455528259,0.5912509560585022,0.99,0.46356246,0.0805921052631579,78.97916564607515,-391.0,608,0.2746710526315789,-0.0016447368421052,0.1493375074296608,0.4393092105263171,549.0,0.2987249544626594,-0.0036429872495446,0.1488012485588139,0.4236187006678819,21.0,0.0,0.0,,0.6645502645502646,37.0,0.081081081081081,0.027027027027027,0.2172791366654704,0.536936936936937,0.9029605263157896,0.0345394736842105,0.0608552631578947,1,1,1,0.0,2.783903579272735,0.6994926354473572,0.2281068403938327,18.0,TOM70_HUMAN,608.0,True
O94856,1,0,single-pass,True,False,True,False,False,2,member,1.0,,,,Client,,0.7674522192000001,0.3082898852,0.006666667,0.751,0.56317884,0.92,0.954612,-0.142,1.61,0.0556792873051225,0.0697847067557535,0.0550183244049549,0.0803024694323539,0.98,0.9624239,0.0979955456570155,153.43671258161356,-465.0,1347,0.2212323682256867,-0.005939123979213,0.1809882128245704,0.4413758970551883,109.0,0.3577981651376147,-0.1192660550458715,0.1986182918952574,0.3515800203873594,21.0,0.0,0.0,,0.8671957671957673,1193.0,0.2162615255658005,0.0033528918692372,0.1740656739977722,0.4392754028127041,0.080920564216778,0.0155902004454342,0.8856718634001485,1,1,1,0.0267260579064587,3.1293675957229854,0.7260338243768096,0.2330016924132025,18.0,NFASC_HUMAN,1347.0,True
O94901,1,0,single-pass,False,False,True,False,False,1,,,,,,Regulator,,0.094859204,0.0704175908,0.0,0.394,0.12454488,0.25,0.594203,-0.196,1.28,0.0,0.083743842364532,0.2924046218395233,0.44268798828125,0.93,0.2718771,0.0802547770700636,98.23494924409924,-682.0,785,0.2038216560509554,-0.0076433121019108,0.1886050359730475,0.4691012031139396,,,,,,20.0,0.05,0.05,0.6991150442477877,0.7811111111111111,765.0,0.2078431372549019,-0.0091503267973856,0.18958583524514,0.4609440813362413,,0.0254777070063694,0.9745222929936306,0,1,2,0.0,2.8948696567452528,0.5338830207724842,0.2187702590961131,18.0,SUN1_HUMAN,812.0,False
O94905,1,0,single-pass,True,False,True,False,False,2,member,1.0,,,,Client,,0.6924153639,0.7350472158,0.0,0.629,0.025517112,0.13,-0.0514404,-0.311,0.26,0.0678466076696165,0.0884955752212389,0.0578559450805187,0.0873753055930137,0.02,0.08693052,0.0619469026548672,5.391326066602425,-303.0,339,0.2536873156342183,-0.023598820058997,0.1493714000417382,0.4819403474270736,3.0,0.0,0.0,,0.5074074074074073,21.0,0.0,0.0,,0.6984126984126984,315.0,0.273015873015873,-0.0253968253968253,0.1483817336917632,0.467266313932981,0.0088495575221238,0.0619469026548672,0.9292035398230089,1,1,1,0.0,2.530199698203082,0.3852500959901034,0.2650452852917082,18.0,ERLN2_HUMAN,339.0,False
O94910,7,0,multi-pass,True,False,True,False,False,2,member,1.0,,,,Client,,0.1819350281,0.0745564479,0.001666667,0.528,0.2019248,0.85,0.833566,-0.039,2.82,0.0705563093622795,0.1309362279511533,0.1065470948815345,0.186298131942749,0.99,0.79490036,0.1010854816824966,300.62744314343297,-1131.0,1474,0.1899592944369063,-0.0081411126187245,0.1617471994590201,0.4745439469320044,442.0,0.2036199095022624,-0.004524886877828,0.1982878692282225,0.4280794369029651,147.0,0.0204081632653061,-0.0068027210884353,0.642466211337049,0.7170823885109597,861.0,0.2160278745644599,-0.0116144018583042,0.1456923269872592,0.4524454768357173,0.2998643147896879,0.0997286295793758,0.5841248303934871,4,7,4,0.0,3.1684974835230326,0.7307422725074696,0.2301605633438182,18.0,AGRL1_HUMAN,1474.0,True
O95139,1,0,single-pass,True,False,True,False,False,2,member,1.0,,,,Client,,0.5701215573,0.1531789963,0.0,0.194,0.18432157,0.46,-0.510483,-0.532,,0.28125,0.1328125,0.3849665522575378,0.6965060234069824,0.26,0.024009364,0.109375,0.0,-103.0,128,0.2890625,0.0546875,0.1543879592584743,0.4225694444444447,,,,,,19.0,0.0,0.0,,0.6672514619883041,,,,,,,0.1484375,,0,1,0,0.0,2.1072099696478683,0.4615171567722837,0.345693780601123,17.0,NDUB6_HUMAN,128.0,True
O95140,2,0,multi-pass,True,False,True,False,False,2,member,1.0,,,,Client,,0.4466621609,0.7499342389,0.0,0.44,0.56247425,0.17,0.291849,-0.126,0.55,0.0,0.0343461030383091,0.049529418349266,0.046475414186716,0.11,0.79301316,0.083223249669749,14.603688954779749,-773.0,757,0.249669749009247,-0.0066050198150594,0.1799160663936624,0.4638925583443407,714.0,0.2605042016806723,-0.011204481792717,0.1794625531744718,0.4542483660130714,42.0,0.0714285714285714,0.0714285714285714,0.2983547823947291,0.6293650793650795,,,,,,0.9431968295904888,0.0554821664464993,,2,2,0,0.0,2.8790958795000727,0.4605551498556954,0.2533770638051681,18.0,MFN2_HUMAN,757.0,True
O95169,1,0,single-pass,True,False,True,False,False,2,member,1.0,,,,Client,,0.1096912875,0.0685645587,0.001666667,0.447,0.6662795,0.75,-0.0487614,-0.226,3.54,0.0,0.0,0.5304311513900757,0.6706187725067139,0.07,0.03978421,0.1505376344086021,16.00303676182467,-18.0,186,0.2258064516129032,-0.010752688172043,0.1372030598084268,0.4213859020310635,,,,,,21.0,0.0476190476190476,-0.0476190476190476,1.0,0.6830687830687828,,,,,,,0.1129032258064516,,0,1,0,0.0,2.2695129442179165,0.4942614059721521,0.3579581292142826,18.0,NDUB8_HUMAN,186.0,True
O95197,0,3,intramembrane-only,True,False,True,False,False,2,,1.0,,,,Client,,0.5310332281,0.4063449972,0.000833333,0.595,0.018810432,0.99,0.639517,-0.131,1.51,0.1453488372093023,0.0581395348837209,0.387663185596466,0.5757285952568054,0.99,0.45312858,0.0397286821705426,188.086323442172,-499.0,1032,0.251937984496124,-0.0542635658914728,0.1381979222915044,0.4561584840654611,965.0,0.2642487046632124,-0.0549222797927461,0.1361358105856034,0.436960276338516,,,,,,,,,,,0.935077519379845,,,4,0,0,0.0,3.013679697291193,0.6755012567383996,0.2515957365840354,18.0,RTN3_HUMAN,1032.0,True
O95202,1,0,single-pass,True,False,True,False,False,2,member,1.0,,,,Client,,0.6552424208000001,0.5082110461,0.0,0.517,0.12617053,0.42,0.238318,-0.302,0.9,0.0446549391069012,0.2124492557510149,0.0539050288498401,0.5632799863815308,0.92,0.18077117,0.0717185385656292,8.574014830566954,-765.0,739,0.3098782138024357,-0.006765899864682,0.1355654454117751,0.4513155916403537,,,,,,21.0,0.0476190476190476,-0.0476190476190476,1.0,0.7708994708994709,93.0,0.3440860215053763,0.086021505376344,0.1249374527448027,0.4384707287933093,,0.0284167794316644,0.1258457374830852,0,1,1,0.0,2.868644438394825,0.5564071378440251,0.2347886202124857,18.0,LETM1_HUMAN,739.0,True
O95292,1,0,single-pass,True,False,True,False,False,2,member,2.0,,,,Client,,0.5874205439,0.6546565373000001,0.0,0.829,0.71617633,0.32,-0.209192,-0.339,1.17,0.0,0.0781893004115226,0.5805458426475525,0.9506982564926147,0.08,0.96402556,0.0576131687242798,7.946158011144266,-180.0,243,0.2880658436213992,0.0,0.1634339044702719,0.4577960676726111,221.0,0.3076923076923077,-0.0090497737556561,0.1635811612646862,0.42559074912016,21.0,0.0952380952380952,0.0952380952380952,0.3312132229104761,0.7846560846560845,,,,,,0.9094650205761317,0.0864197530864197,,1,1,0,0.0,2.385606273598312,0.530724018542664,0.3369613292967315,18.0,VAPB_HUMAN,243.0,False
O95573,1,0,single-pass,True,False,True,False,False,2,member,1.0,,,,Client,,0.6339244296000001,0.7074971653000001,0.0,0.676,0.31183514,0.17,0.752461,-0.273,0.73,0.0,0.0,0.0599382631480693,0.2918022274971008,0.16,0.5182938,0.0777777777777777,32.64025133057319,-677.0,720,0.225,0.0138888888888888,0.2052190188928645,0.4794753086419768,679.0,0.2341678939617084,0.0103092783505154,0.2042509132613626,0.4750122729504158,21.0,0.0,0.0,,0.7063492063492063,,,,,,0.9430555555555556,0.0291666666666666,,1,1,0,0.0,2.8573324964312685,0.5048018707755308,0.2460737902476038,18.0,ACSL3_HUMAN,720.0,True
O95833,1,0,single-pass,True,False,True,False,False,2,member,1.0,,,,Client,,0.4793378205,0.2772062446,0.0,0.058,0.3377689,0.19,-0.779626,-0.331,0.24,0.0,0.0550847457627118,0.0489398576319217,0.2163328230381012,0.06,0.058184773,0.1101694915254237,4.994200570852032,-296.0,236,0.2627118644067797,-0.0169491525423728,0.1631230640372998,0.4640301318267416,,,,,,21.0,0.0952380952380952,0.0952380952380952,0.3161916449094419,0.6312169312169311,,,,,,,0.0889830508474576,,0,1,0,0.0,2.3729120029701067,0.336105590436987,0.2396166974274835,18.0,CLIC3_HUMAN,236.0,False
O95870,2,0,multi-pass,True,False,True,False,False,2,member,1.0,,,,Client,,0.2144225748,0.0486329901,0.0,0.09,0.0023885674,0.32,0.0768257,-0.193,0.82,0.0,0.0089605734767025,0.0628384575247764,0.0785757154226303,0.18,0.04044886,0.1182795698924731,11.593741026591474,-583.0,558,0.2043010752688172,0.007168458781362,0.2042751237483782,0.4730386300278791,445.0,0.2157303370786517,0.0,0.2185525667835715,0.4613982521847692,42.0,0.0,0.0,,0.6746031746031748,,,,,,0.7974910394265233,0.075268817204301,,1,2,0,0.0,2.7466341989375787,0.3379405142314657,0.2259322377686918,18.0,ABHGA_HUMAN,558.0,True
O96005,5,0,multi-pass,True,False,True,False,False,2,member,1.0,,,,Client,,0.1406563028,0.1443270046,0.0,0.313,0.02388372,0.62,0.171424,-0.071,1.51,0.1270553064275037,0.1748878923766816,0.0709316134452819,0.1189021691679954,0.67,0.0738785,0.0956651718983557,55.55339986434946,-663.0,669,0.1973094170403587,-0.014947683109118,0.2077319592412191,0.4794552399933558,201.0,0.2537313432835821,0.0049751243781094,0.1287438751724534,0.4510779436152575,105.0,0.0476190476190476,0.0095238095238095,0.4449407822708042,0.6880423280423281,362.0,0.2099447513812154,-0.0331491712707182,0.2733387719789139,0.4340699815837936,0.3004484304932735,0.1569506726457399,0.5411061285500748,3,5,3,0.0,2.825426117767824,0.5418071710311289,0.2273444844677417,18.0,CLPT1_HUMAN,669.0,True
O96008,19,1,multi-pass,True,False,True,False,False,2,member,1.0,,,,Client,,0.3450465452,0.1261804126,0.000833333,0.636,0.13382614,0.5,0.838744,-0.096,0.7,0.1412742382271468,0.2326869806094182,0.4805756211280823,0.3612101376056671,0.39,0.09222682,0.0498614958448753,73.58581720583058,-142.0,361,0.1357340720221606,-0.002770083102493,0.1928310839072801,0.4890427823945836,134.0,0.1417910447761194,-0.0074626865671641,0.2795682250388003,0.4290215588723048,137.0,0.0948905109489051,-0.0072992700729927,0.3150785663745997,0.5637469586374697,66.0,0.1515151515151515,0.0303030303030303,0.2894561717424627,0.4824915824915824,0.371191135734072,0.3795013850415512,0.1828254847645429,10,19,10,0.0692520775623268,2.5575072019056577,0.5950404215543449,0.2777023631015069,18.0,TOM40_HUMAN,361.0,True
O96011,1,0,single-pass,True,False,True,False,False,2,member,2.0,,,,Client,,0.0855043465,0.0805705997,0.0,0.058,0.004890497,0.37,0.204798,-0.271,-0.85,0.0,0.2046332046332046,0.0721417069435119,0.0519319400191307,0.01,0.029466923,0.1158301158301158,87.91651123667049,-371.0,259,0.1969111969111969,0.0579150579150579,0.1711229138670628,0.5071643071643057,,,,,,23.0,0.0,0.0,,0.7106280193236715,,,,,,,0.0888030888030888,,0,1,0,0.0,2.413299764081252,0.3407382756698205,0.2849355048798523,18.0,PX11B_HUMAN,259.0,True
P00403,2,0,multi-pass,True,False,True,False,False,2,member,2.0,,,,Client,,0.1461432581,0.0611875886,,0.364,0.027055204,0.17,-1.41334,-0.308,-0.01,0.0,0.1806167400881057,0.0692467242479324,0.0281173530966043,0.19,0.97658813,0.066079295154185,0.5657831805548441,-367.0,227,0.1409691629955947,-0.052863436123348,0.1983646869050511,0.5511502692119434,,,,,,59.0,0.1016949152542373,-0.0677966101694915,0.3826386607117941,0.6779661016949151,154.0,0.1558441558441558,-0.0519480519480519,0.1884853448530775,0.5126984126984128,,0.2599118942731278,0.6784140969162996,0,2,2,0.0,2.3560258571931225,0.3050000633004517,0.2700716131627719,17.0,COX2_HUMAN,227.0,True
P00533,1,0,single-pass,False,True,False,False,False,1,,,PS-other only,,EGFR ERBB ERBB1 HER1,,,0.7243557948,0.9770155874,0.000833333,0.781,0.9948772,0.28,0.736746,0.001,2.96,0.0173553719008264,0.0735537190082644,0.7521615028381348,0.8662506341934204,0.89,0.85725904,0.0793388429752066,117.00586760333424,-792.0,1210,0.2181818181818181,-0.0099173553719008,0.179299311175632,0.4648852157943095,542.0,0.2398523985239852,-0.018450184501845,0.181059276365352,0.4519065190651877,23.0,0.0,0.0,,0.7797101449275361,621.0,0.2125603864734299,-0.0064412238325281,0.1759897316815542,0.4591697978171382,0.4479338842975207,0.0190082644628099,0.5132231404958678,1,1,1,0.0,3.0827853703164503,0.7924827550878314,0.1951557463969295,18.0,EGFR_HUMAN,1210.0,True
P01133,1,0,single-pass,False,False,True,False,False,1,,,,,,Regulator,,0.2475547759,0.3387262446,0.0,0.604,0.023064872,0.32,0.878423,-0.221,2.75,0.0207125103562551,0.0157415078707539,0.0632054656744003,0.0594478845596313,0.67,0.46331447,0.0753935376967688,87.13704423722635,-744.0,1207,0.2170671085335542,-0.0298260149130074,0.1737833483891754,0.4662340053392273,154.0,0.2207792207792207,-0.0259740259740259,0.177636254782019,0.3909090909090912,21.0,0.0,0.0,,0.8439153439153438,1010.0,0.2247524752475247,-0.0326732673267326,0.1748636625633161,0.4642574257425718,0.1275890637945319,0.0173985086992543,0.8367854183927091,1,1,1,0.0,3.081707270097349,0.5251122346314256,0.2245602904217725,18.0,EGF_HUMAN,1207.0,False
P01857,1,0,single-pass,True,True,False,False,False,2,member,1.0,in_phasepdb_no_class,,IGHG1,,,0.5233330433,0.3389780551,,0.688,0.37336266,0.43,0.101035,-0.21,1.07,0.0,0.0454545454545454,0.3214626908302307,0.5604758858680725,0.09,0.8466357,0.0545454545454545,19.738685526251142,-96.0,399,0.1904761904761904,-0.0050125313283208,0.1710048167209291,0.4700083542188805,28.0,0.2142857142857142,0.0714285714285714,0.1442176334594367,0.5011904761904761,21.0,0.0,0.0,,0.7280423280423279,350.0,0.2,-0.0114285714285714,0.1729067240585503,0.4520317460317472,0.0701754385964912,0.0526315789473684,0.8771929824561403,1,1,1,0.0,2.6009728956867484,0.5141983350872086,0.2705985705042387,17.0,IGHG1_HUMAN,330.0,True
P01871,1,0,single-pass,True,False,True,False,False,2,member,1.0,,,,Client,,0.3531464501,0.275929923,,0.548,0.16983573,0.4,-0.0910866,-0.306,1.18,0.0,0.0,0.067810483276844,0.0594022758305072,0.09,0.65568495,0.0640176600441501,46.38713673751985,-211.0,474,0.1919831223628691,-0.0147679324894514,0.1851509831769115,0.4706047819971877,3.0,0.6666666666666666,0.6666666666666666,,0.3666666666666667,21.0,0.0,0.0,,0.703174603174603,450.0,0.1977777777777777,-0.02,0.1862597532039596,0.4604444444444435,0.0063291139240506,0.0443037974683544,0.9493670886075948,1,1,1,0.0,2.675778341674085,0.3925493045091817,0.2176244812208776,17.0,IGHM_HUMAN,453.0,True
P01876,1,0,single-pass,True,False,True,False,False,2,member,2.0,,,,Client,,0.406900482,0.2920401712,,0.574,0.023143549,0.73,-0.635744,-0.209,2.42,0.0,0.0764872521246459,0.0521801635622978,0.0369230434298515,0.39,0.4587105,0.0509915014164305,89.1844342293688,-245.0,398,0.1507537688442211,-0.0201005025125628,0.1554945788629238,0.4766331658291462,15.0,0.2,0.0666666666666666,0.2184994771697455,0.3274074074074075,19.0,0.0,0.0,,0.7105263157894737,364.0,0.1565934065934066,-0.0247252747252747,0.1586594819417206,0.4705738705738693,0.0376884422110552,0.0477386934673366,0.914572864321608,1,1,1,0.0,2.599883072073688,0.4420111979357814,0.2691911655521604,17.0,IGHA1_HUMAN,353.0,True
P01889,1,0,single-pass,True,False,False,False,False,1,member,2.0,,,,,,0.2369118462,0.191855895,,0.446,0.0049406844,0.44,0.158307,-0.16,0.99,0.0276243093922651,0.1519337016574585,0.6243929266929626,0.4445153176784515,0.23,0.9774065,0.1270718232044199,54.57193863817915,-313.0,362,0.2458563535911602,-0.0248618784530386,0.1480347244252404,0.4377839165131981,29.0,0.1724137931034483,0.0344827586206896,0.3538735264485761,0.4272030651340995,24.0,0.0416666666666666,0.0416666666666666,0.3922050186865989,0.7763888888888888,285.0,0.2842105263157894,-0.0385964912280701,0.1317938169852872,0.391695906432748,0.080110497237569,0.0662983425414364,0.787292817679558,1,1,1,0.0,2.558708570533166,0.5863525122955425,0.2669238624582324,17.0,HLAB_HUMAN,362.0,False
P02708,4,0,multi-pass,True,False,False,False,False,1,member,1.0,,,,,,0.0867881731,0.0977497669,0.000833333,0.108,0.0043855584,0.19,-0.304199,-0.403,0.18,0.0,0.0954356846473029,0.0667031556367874,0.045733593404293,0.18,0.08803049,0.0590809628008752,3.870272491615175,-610.0,457,0.1838074398249453,-0.0175054704595186,0.1737239652089993,0.5216387065402406,121.0,0.2644628099173554,0.0,0.1574183568466954,0.4309458218549126,84.0,0.0119047619047619,-0.0119047619047619,0.9999999999999992,0.7642857142857141,232.0,0.2155172413793103,-0.0258620689655172,0.1928421153379372,0.46867816091954,0.2647702407002188,0.1838074398249453,0.5076586433260394,2,4,3,0.0,2.6599162000698504,0.278724999957232,0.2019106452226586,18.0,ACHA_HUMAN,482.0,False
P02730,12,1,multi-pass,True,False,True,False,False,2,member,1.0,,,,Client,,0.1574809509,0.0719980937,0.0,0.244,0.016314441,0.3,0.167128,-0.23,0.44,0.0395170142700329,0.0944017563117453,0.1178074330091476,0.0677725672721862,0.69,0.1648729,0.0746432491767288,26.389912369474203,-1287.0,911,0.1975850713501646,-0.0351262349066959,0.2174822776362413,0.5236980119526777,548.0,0.2664233576642336,-0.0583941605839416,0.2209397702385719,0.4549675587996767,246.0,0.0691056910569105,-0.0121951219512195,0.2856244909012757,0.6847786811201452,86.0,0.1860465116279069,0.0232558139534883,0.1384229589338664,0.4316537467700257,0.601536772777168,0.270032930845225,0.0944017563117453,8,12,4,0.0,2.9595183769729982,0.4387841695514376,0.2069258104619359,18.0,B3AT_HUMAN,911.0,True
P04439,1,0,single-pass,True,False,False,False,False,1,member,2.0,,,,,,0.2361928031,0.7760290045,,0.441,0.0036858474,0.47,0.167831,-0.233,1.02,0.021917808219178,0.1178082191780822,0.4405030310153961,0.8237566947937012,0.18,0.9771061,0.1150684931506849,45.40904191714134,-308.0,365,0.2356164383561644,-0.021917808219178,0.1627921171817328,0.4445966514459672,33.0,0.2727272727272727,0.0909090909090909,0.1256371867728528,0.3952861952861953,24.0,0.0,0.0,,0.7675925925925926,284.0,0.2676056338028169,-0.0422535211267605,0.1552545656374238,0.4066901408450709,0.0904109589041095,0.0657534246575342,0.7780821917808219,1,1,1,0.0,2.562292864456474,0.590676470361578,0.2740217094473184,17.0,HLAA_HUMAN,365.0,False
P04626,1,0,single-pass,False,True,False,False,False,1,,,PS-other only,,ERBB2 HER2 MLN19 NEU NGL,,,0.392907963,0.9582996305,0.000833333,0.722,0.97369987,0.53,0.578831,-0.164,2.79,0.0868525896414342,0.0725099601593625,0.6284664273262024,0.4542610645294189,0.97,0.57638264,0.0844621513944223,89.48512177663305,-971.0,1255,0.200796812749004,-0.0254980079681274,0.2035395229442722,0.4725011066843743,580.0,0.2396551724137931,-0.0258620689655172,0.2115393511080506,0.4513409961685817,23.0,0.0,0.0,,0.8328502415458937,630.0,0.1761904761904762,-0.0269841269841269,0.1929570443782244,0.473227513227514,0.4621513944223107,0.0183266932270916,0.50199203187251,1,1,1,0.0,3.098643725817057,0.7686607786594742,0.1605081332388666,18.0,ERBB2_HUMAN,1255.0,True
P04629,1,0,single-pass,True,False,True,False,False,2,member,1.0,,,,Client,,0.2846978454,0.9182933836,0.0,0.577,0.04578221,0.35,0.674083,-0.078,1.1,0.0,0.0552763819095477,0.0719111785292625,0.1461028158664703,0.01,0.3174292,0.0741206030150753,59.346843609629744,-751.0,796,0.185929648241206,-0.0150753768844221,0.1634727940505553,0.4896147403685092,357.0,0.2184873949579832,0.0056022408963585,0.1494302285752622,0.4791783380018666,16.0,0.0,0.0,,0.813888888888889,391.0,0.1713554987212276,-0.0434782608695652,0.1693280232279141,0.482608695652175,0.4484924623115578,0.0201005025125628,0.4912060301507537,1,1,1,0.0,2.900913067737669,0.519333685798498,0.2285727570123919,18.0,NTRK1_HUMAN,796.0,True
P04843,1,0,single-pass,True,False,True,False,False,2,member,2.0,,,,Client,,0.7053766806,0.9381103111,0.0,0.766,0.7091027,0.19,0.306943,-0.239,0.6,0.0,0.0906095551894563,0.2509435415267944,0.3189420104026794,0.09,0.19316211,0.0955518945634266,13.121381089623677,-645.0,607,0.2454695222405271,-0.0181219110378912,0.1708581279886297,0.4768625297455625,150.0,0.34,0.02,0.1290535721495343,0.447777777777778,19.0,0.0,0.0,,0.7853801169590644,415.0,0.2337349397590361,-0.0313253012048192,0.1943184391763127,0.4653815261044188,0.2471169686985173,0.0313014827018121,0.6836902800658978,1,1,1,0.0,2.783188691075257,0.5733370868999814,0.250204112247739,18.0,RPN1_HUMAN,607.0,True
P04844,3,0,multi-pass,True,False,True,False,False,2,member,2.0,,,,Client,,0.3865002637,0.2735503199,0.0,0.652,0.2594139,0.13,-0.218503,-0.195,-0.51,0.0,0.0475435816164817,0.0897225216031074,0.0659596025943756,0.05,0.7249023,0.0586370839936608,4.522732342139339,-777.0,631,0.179080824088748,-0.0269413629160063,0.1654391767169316,0.5089980630392664,24.0,0.1666666666666666,0.1666666666666666,0.2611694382711318,0.4439814814814815,63.0,0.0158730158730158,0.0158730158730158,0.999999999999998,0.6611992945326277,522.0,0.2068965517241379,-0.0421455938697318,0.1589409095748319,0.4881438910174538,0.0380348652931854,0.0998415213946117,0.8272583201267829,2,3,2,0.0,2.8000293592441343,0.4020191603874032,0.2557963431855479,18.0,RPN2_HUMAN,631.0,True
P05023,10,0,multi-pass,True,False,True,False,False,2,member,1.0,,,,Client,,0.6171254426,0.8061816672000001,0.000833333,0.767,0.7898409,0.19,0.660279,-0.284,1.07,0.0371456500488758,0.0469208211143695,0.2525385916233063,0.304997831583023,0.32,0.97234917,0.0684261974584555,40.53365520724475,-1186.0,1023,0.2218963831867057,-0.0224828934506353,0.1753588878281517,0.5012490496361466,713.0,0.2636746143057503,-0.0168302945301542,0.1686955031603984,0.4578463456443817,224.0,0.0892857142857142,-0.0178571428571428,0.2331914874538404,0.649652777777778,86.0,0.2209302325581395,-0.0813953488372093,0.2210917364470848,0.4745478036175708,0.696969696969697,0.2189638318670576,0.0840664711632453,6,10,5,0.0,3.00987563371216,0.6451330884218907,0.2542329907689305,18.0,AT1A1_HUMAN,1023.0,False
P05026,1,0,single-pass,True,False,True,False,False,2,member,1.0,,,,Client,,0.6558459907,0.3515527681,0.000833333,0.696,0.2248857,0.25,1.0685,-0.244,0.46,0.0,0.0396039603960396,0.0573944672942161,0.5293465852737427,0.15,0.0848699,0.1089108910891089,15.293610395497806,-123.0,303,0.2838283828382838,0.0198019801980198,0.1081192462965123,0.435790245691235,34.0,0.3823529411764705,0.1470588235294117,0.1227918964288577,0.3712418300653595,28.0,0.0,0.0,,0.7361111111111109,241.0,0.3029045643153527,0.0041493775933609,0.1057199297086056,0.4100046104195472,0.1122112211221122,0.0924092409240924,0.7953795379537953,1,1,1,0.0,2.481442628502305,0.5209064973634038,0.2720034535778477,18.0,AT1B1_HUMAN,303.0,True
P05067,1,0,single-pass,True,True,True,True,True,5,member,2.0,in_phasepdb_no_class,,APP A4 AD1,Scaffold,Y,0.769808888,0.9115391104,0.0,0.922,0.8443614,0.75,0.283878,-0.331,2.8,0.0,0.1597402597402597,0.0687643066048622,0.2162759602069854,,0.9060831,0.074025974025974,34.798135208902536,-418.0,770,0.2857142857142857,-0.0831168831168831,0.2417683981287516,0.4351226551226568,48.0,0.25,0.0,0.2571190629701267,0.3789351851851854,21.0,0.0,0.0,,0.8084656084656083,684.0,0.3026315789473684,-0.0950292397660818,0.2403022266857808,0.4218323586744622,0.0623376623376623,0.0272727272727272,0.8883116883116883,1,1,1,0.0,2.886490725172482,0.6253286374592788,0.2816948690811271,17.0,A4_HUMAN,770.0,True
P05141,6,0,multi-pass,True,False,True,False,False,2,member,4.0,,,,Client,,0.7885421787,0.9364312313,0.0,0.69,0.7551446,0.13,0.776915,-0.27,0.31,0.0,0.0402684563758389,0.5795818567276001,0.6628844141960144,0.1,0.700778,0.1040268456375839,1.810531521513288,-376.0,298,0.2114093959731543,0.0570469798657718,0.1113942095309139,0.5057419835943326,,,,,,136.0,0.1102941176470588,0.0514705882352941,0.1123546278111061,0.581127450980391,34.0,0.2941176470588235,0.0,0.1209705676243868,0.4222222222222222,,0.4563758389261745,0.1140939597315436,0,6,4,0.0,2.474216264076256,0.5702539366529048,0.3244581404497964,18.0,ADT2_HUMAN,298.0,True
P05556,1,0,single-pass,True,True,True,False,False,3,member,1.0,in_phasepdb_no_class,,ITGB1 FNRB MDF2 MSK12,Client,,0.6429573146,0.4607566586,0.000833333,0.77,0.3943021,0.24,0.933915,-0.23,2.82,0.0,0.0363408521303258,0.053682554513216,0.6110550165176392,0.74,0.8566749,0.0651629072681704,85.80557016666538,-270.0,798,0.2393483709273182,-0.0238095238095238,0.1656085447778461,0.4551656920077985,47.0,0.3617021276595745,0.0638297872340425,0.0594011969561451,0.4047281323877069,23.0,0.0,0.0,,0.8115942028985507,708.0,0.2457627118644068,-0.0310734463276836,0.1728040556597548,0.4405994978028887,0.0588972431077694,0.0288220551378446,0.8872180451127819,1,1,1,0.0,2.9020028913507296,0.6010765456287576,0.2838413859300439,18.0,ITB1_HUMAN,798.0,True
P07333,1,0,single-pass,True,False,True,False,False,2,member,1.0,,,,Client,,0.2831270153,0.8669039713000001,0.0,0.425,0.09814605,0.41,0.659838,-0.083,1.88,0.0236625514403292,0.0329218106995884,0.071259006857872,0.369128942489624,0.59,0.36426908,0.0781893004115226,132.9357620510869,-588.0,972,0.184156378600823,-0.0174897119341563,0.183194147494395,0.4769204389574754,434.0,0.2258064516129032,-0.0184331797235023,0.1659884180384326,0.4528673835125432,21.0,0.0,0.0,,0.8328042328042327,498.0,0.1626506024096385,-0.0180722891566265,0.2061940603388029,0.4772199910754114,0.4465020576131687,0.0216049382716049,0.5123456790123457,1,1,1,0.0,2.987666264926274,0.5877127508193832,0.1949149861649298,18.0,CSF1R_HUMAN,972.0,True
P07550,7,0,multi-pass,False,False,True,False,False,1,,,,,,Regulator,,0.0435452838,0.2000065192,0.0,0.477,0.45059863,0.26,0.0145222,-0.212,0.01,0.0,0.0242130750605326,0.3116539120674133,0.3409526646137237,0.1,0.13164687,0.0750605326876513,57.06455989913232,-550.0,413,0.1646489104116222,-0.0048426150121065,0.1688741188290282,0.5188861985472157,175.0,0.2742857142857143,0.0342857142857142,0.1763636036937159,0.4012698412698415,170.0,0.0470588235294117,-0.0235294117647058,0.1925716775072387,0.685816993464052,68.0,0.1764705882352941,-0.0588235294117647,0.1759555877476664,0.4042483660130719,0.423728813559322,0.4116222760290557,0.1646489104116222,4,7,4,0.0,2.615950051656401,0.4296272024003935,0.2228806777386148,18.0,ADRB2_HUMAN,413.0,False
P07766,1,0,single-pass,False,True,False,False,False,1,,,PS-other only,,CD3E T3E,,,0.164514824,0.3334278235,0.0025,0.214,0.061977915,0.64,0.909493,-0.236,0.28,0.2077294685990338,0.0579710144927536,0.0981658548116684,0.3174670934677124,0.56,0.08398447,0.1159420289855072,15.711341143293431,-45.0,207,0.2367149758454106,-0.0048309178743961,0.2612746597136812,0.4402039720880302,55.0,0.3454545454545454,0.2,0.1925842865152659,0.3145454545454547,26.0,0.0384615384615384,-0.0384615384615384,0.9999999999999994,0.7119658119658118,104.0,0.2692307692307692,-0.1153846153846153,0.2089489834732751,0.4134615384615381,0.2657004830917874,0.1256038647342995,0.5024154589371981,1,1,1,0.0,2.315970345456918,0.5347206521390676,0.2673695482178,18.0,CD3E_HUMAN,207.0,False
P07949,1,0,single-pass,False,True,False,False,False,1,,,in_phasepdb_no_class,,RET CDHF12 CDHR16 PTC,,,0.2879960374,0.8939286407,0.0,0.555,0.91190875,0.46,0.593386,-0.213,3.76,0.0,0.0430879712746858,0.1402571648359298,0.4100754857063293,0.13,0.23649363,0.1005385996409335,168.34905239444657,-929.0,1114,0.2271095152603231,-0.0098743267504488,0.1775741684726974,0.4724316776381381,457.0,0.24945295404814,-0.0043763676148796,0.1687315336439868,0.4498419645027983,22.0,0.0,0.0,,0.7863636363636363,607.0,0.2240527182866556,-0.0197693574958813,0.1883539686268495,0.4694856306058949,0.4102333931777379,0.0197486535008976,0.5448833034111311,1,1,1,0.018850987432675,3.04688519083771,0.634011842527932,0.2404507765532147,18.0,RET_HUMAN,1114.0,True
P08172,7,0,multi-pass,False,True,False,False,False,1,,,in_phasepdb_no_class,,CHRM2,,,0.2188307225,0.1227573668,0.000833333,0.262,0.05264176,0.82,-0.222064,-0.22,0.23,0.0,0.0665236051502145,0.2551248371601105,0.1490455418825149,0.53,0.18099809,0.0643776824034334,86.37155043233906,-560.0,466,0.1652360515021459,0.0278969957081545,0.2142057306938377,0.5079637577491635,239.0,0.2845188284518828,0.0753138075313807,0.2012530023762652,0.3849837284983732,173.0,0.0231213872832369,-0.0231213872832369,0.2555244202968089,0.6828516377649335,54.0,0.0925925925925925,-0.0185185185185185,0.6373769613333681,0.4919753086419752,0.5128755364806867,0.371244635193133,0.1158798283261802,4,7,4,0.0,2.66838591669,0.4640158687751382,0.217186827977449,18.0,ACM2_HUMAN,466.0,False
P08195,1,0,single-pass,True,False,True,False,False,2,member,1.0,,,,Client,,0.3700819997,0.7937243575,0.0,0.736,0.44078135,0.43,0.659136,-0.294,0.26,0.0619047619047619,0.1333333333333333,0.5474551916122437,0.2833067774772644,0.46,0.091771476,0.0523809523809523,35.441731039898286,-460.0,529,0.219281663516068,-0.0264650283553875,0.1631594256562658,0.481999579920185,82.0,0.3048780487804878,-0.0609756097560975,0.2266956013927002,0.4546070460704609,21.0,0.0,0.0,,0.7830687830687829,425.0,0.2141176470588235,-0.0211764705882352,0.1481088957296616,0.4718692810457523,0.1550094517958412,0.0396975425330812,0.8034026465028355,1,1,1,0.0,2.7234556720351857,0.5668490094108303,0.2489200076638249,18.0,4F2_HUMAN,630.0,True
P08247,4,0,multi-pass,True,True,True,False,False,3,member,1.0,in_phasepdb_no_class,,SYP,Client,,0.1996463957,0.0809225178,0.001666667,0.308,0.09619441,0.27,1.09152,0.417,7.32,0.1789137380191693,0.2523961661341853,0.8504762649536133,0.5783095359802246,0.58,0.09528848,0.0734824281150159,177.37313649102484,-18.0,313,0.1501597444089457,-0.0287539936102236,0.1488454521027102,0.494497692580759,122.0,0.1557377049180328,-0.0245901639344262,0.1385599635675861,0.3990892531876139,96.0,0.0208333333333333,0.0,0.961895294897283,0.6552083333333331,,,,,,0.389776357827476,0.3067092651757188,,3,4,0,0.0,2.4955443375464483,0.6321435195343358,0.3349926201015104,18.0,SYPH_HUMAN,313.0,True
P08574,1,0,single-pass,True,False,True,False,False,2,member,2.0,,,,Client,,0.3464347277,0.3771097005,0.0,0.493,0.012741879,0.4,0.0933899,-0.247,0.35,0.0,0.163076923076923,0.0473954044282436,0.0342615470290184,0.02,0.030975146,0.1138461538461538,3.9527276352192535,-286.0,325,0.203076923076923,0.0246153846153846,0.2717300723731465,0.4847179487179492,,,,,,34.0,0.2647058823529412,0.2058823529411764,0.2787135972893982,0.4980392156862747,197.0,0.2182741116751269,-0.065989847715736,0.220212679700094,0.4599548787366047,,0.1046153846153846,0.6061538461538462,0,1,1,0.0,2.5118833609788744,0.3677106908290502,0.2574428816311312,18.0,CY1_HUMAN,325.0,True
P08575,1,0,single-pass,True,False,False,False,False,1,member,2.0,,,,,,0.8578031111000001,0.9532235374,0.000833333,0.771,0.71629447,0.82,0.734508,-0.043,1.78,0.0390505359877488,0.0436447166921898,0.0957211256027221,0.1423550844192505,0.9,0.55752057,0.0765696784073506,236.6720732313485,-664.0,1306,0.2350689127105666,-0.0237366003062787,0.1767383426385153,0.4340905223753593,708.0,0.2838983050847458,-0.0240112994350282,0.2018116295390355,0.4166666666666673,21.0,0.0,0.0,,0.8423280423280423,552.0,0.1865942028985507,-0.0235507246376811,0.1284556607744671,0.431884057971015,0.5421133231240429,0.0160796324655436,0.4226646248085758,1,1,1,0.0,3.115943176939055,0.7396652532666351,0.2085848389909494,18.0,PTPRC_HUMAN,1306.0,True
P08908,7,0,multi-pass,True,False,False,False,True,2,unknown,0.0,,,,,,0.4170778534,0.0921235735,0.0,0.68,0.8727934,0.45,-0.0856142,-0.299,1.58,0.0,0.0260663507109004,0.0675643682479858,0.042797066271305,,0.26355502,0.0829383886255924,59.43262391067863,-676.0,422,0.1777251184834123,0.0308056872037914,0.1870618852196239,0.5216956292785674,183.0,0.3224043715846995,0.1147540983606557,0.1966203253800686,0.4044930176077719,165.0,0.0181818181818181,-0.0181818181818181,0.373380420579637,0.6917171717171716,74.0,0.1756756756756756,-0.0675675675675675,0.1247349743527683,0.4324324324324324,0.433649289099526,0.3909952606635071,0.1753554502369668,4,7,4,0.0,2.625312450961674,0.4707828409301355,0.2442639883517233,17.0,5HT1A_HUMAN,422.0,True
P08F94,1,0,single-pass,True,False,True,False,False,2,member,1.0,,,,Client,,0.2798427588,0.0900266907,,0.512,0.22055721,0.62,1.31071,-0.096,2.41,0.0,0.0233186057928325,0.130652517080307,0.0595638528466224,0.0,0.19106476,0.0694648993618065,177.18933661415633,-2984.0,4074,0.1669121256750122,-0.0132547864506627,0.1929267300289494,0.4978126875034046,195.0,0.241025641025641,0.0358974358974358,0.2181516380269317,0.4059829059829052,21.0,0.0,0.0,,0.7312169312169312,3835.0,0.1645371577574967,-0.0159061277705345,0.1911623722841028,0.5001419672606003,0.0478645066273932,0.0051546391752577,0.9413352970054,1,1,1,0.0,3.610021024664145,0.5360436417955665,0.3196932932664563,17.0,PKHD1_HUMAN,4074.0,True
P09619,1,0,single-pass,True,False,True,False,False,2,member,1.0,,,,Client,,0.4631719981,0.967183802,0.0,0.683,0.20024452,0.35,0.325582,-0.283,1.64,0.0569620253164556,0.1039783001808318,0.0869189500808715,0.0628929063677787,0.94,0.28732345,0.089511754068716,39.423106662940015,-919.0,1106,0.2233273056057866,-0.0515370705244122,0.1828965834555462,0.4762407072533656,553.0,0.2314647377938517,-0.050632911392405,0.1888999425583823,0.4569218404661435,21.0,0.0,0.0,,0.8629629629629632,500.0,0.23,-0.058,0.1829846567678167,0.4733333333333342,0.5,0.0189873417721519,0.4520795660036166,1,1,1,0.0,3.04375512696868,0.615238290296937,0.1959089118744472,18.0,PGFRB_HUMAN,1106.0,True
P09669,1,0,single-pass,True,False,True,False,False,2,member,1.0,,,,Client,,0.6106391114,0.3652121887,,0.144,0.15324493,0.2,-0.965279,-0.449,,1.0,0.0,0.2512322068214416,0.3269173502922058,0.19,0.019904153,0.1733333333333333,0.0,-82.0,75,0.3066666666666666,0.12,0.19295935378472,0.469925925925926,,,,,,41.0,0.2682926829268293,0.1707317073170731,0.257135988074489,0.5089430894308944,21.0,0.3809523809523809,0.0,0.1359666507781206,0.4174603174603174,,0.5466666666666666,0.28,0,1,1,0.0,1.8750612633917,0.4031783172654082,0.3677235395458373,16.0,COX6C_HUMAN,75.0,True
P10321,1,0,single-pass,True,False,False,False,False,1,member,2.0,,,,,,0.2756040531,0.1227070059,,0.418,0.009576401,0.43,0.151707,-0.216,1.17,0.0,0.1939890710382513,0.5287086963653564,0.4055361151695251,0.21,0.96875185,0.1174863387978142,79.13664297481697,-243.0,366,0.2377049180327868,-0.0191256830601092,0.1695737269090514,0.4405282331511848,33.0,0.2121212121212121,0.0909090909090909,0.3282381757367812,0.4181818181818182,25.0,0.0,0.0,,0.7862222222222223,284.0,0.2711267605633803,-0.0387323943661971,0.1518841747373119,0.3983568075117376,0.0901639344262295,0.0683060109289617,0.7759562841530054,1,1,1,0.0,2.5634810853944106,0.5519365292234165,0.2743510202381925,17.0,HLAC_HUMAN,366.0,False
P10415,1,0,single-pass,True,False,True,False,False,2,member,1.0,,,,Client,,0.0796400557,0.5209342378,0.0,0.54,0.2684747,0.52,-0.000620748,-0.093,2.01,0.0,0.205020920502092,0.3483833372592926,0.1792009323835373,0.39,0.07539316,0.104602510460251,10.691755953338172,-262.0,239,0.1799163179916318,-0.00418410041841,0.1703769222691831,0.4848907484890745,,,,,,22.0,0.0454545454545454,0.0454545454545454,0.9999999999999996,0.6757575757575757,,,,,,,0.0920502092050209,,0,1,0,0.0,2.378397900948137,0.5491875499387944,0.2596712982506535,18.0,BCL2_HUMAN,239.0,True
P10586,1,0,single-pass,True,False,True,False,False,2,member,1.0,,,,Client,,0.6800120051,0.8421456338000001,0.0,0.81,0.39009562,0.56,0.789477,-0.163,1.76,0.0,0.0361824855794441,0.0493642948567867,0.486432135105133,0.8,0.9788906,0.1027792343995804,118.5348159596742,-1350.0,1907,0.2223387519664394,-0.0125852123754588,0.1900174573799873,0.4590922332925443,623.0,0.2359550561797752,-0.0016051364365971,0.1601940779478813,0.4468521490993387,21.0,0.0,0.0,,0.8518518518518517,1234.0,0.2228525121555915,-0.0186385737439222,0.2031449664670132,0.4553574644336419,0.3266911379129523,0.0110120608285264,0.6470896696381752,1,1,1,0.0,3.280350693046006,0.6942386067387648,0.2692337969208968,18.0,PTPRF_HUMAN,1907.0,False
P10721,1,0,single-pass,True,False,True,False,False,2,member,1.0,,,,Client,,0.772259942,0.9748086017,0.0,0.599,0.2426087,0.22,0.646835,-0.214,1.51,0.0,0.0491803278688524,0.1987185180187225,0.4782195091247558,0.15,0.38532114,0.0840163934426229,83.7431670735858,-785.0,976,0.2223360655737705,-0.0051229508196721,0.1571066707681896,0.4721653005464487,431.0,0.2343387470997679,-0.0023201856148491,0.1820159967632698,0.4710750193348797,21.0,0.0,0.0,,0.7989417989417988,499.0,0.2244488977955911,-0.0120240480961923,0.1376081640248398,0.454152749944333,0.4415983606557377,0.0215163934426229,0.5112704918032787,1,1,1,0.0,2.989449817666692,0.6126617033505297,0.2206686330054074,18.0,KIT_HUMAN,976.0,True
P10747,1,0,single-pass,False,True,False,False,False,1,,,PS-other only,,CD28,,,0.08681307,0.1246023925,0.0,0.048,0.08280896,0.22,-0.174528,-0.198,0.33,0.0,0.0,0.2115564793348312,0.164247527718544,0.04,0.07588824,0.1227272727272727,2.906338537073414,-189.0,220,0.1636363636363636,0.0545454545454545,0.1897566268242841,0.4938383838383836,41.0,0.2926829268292683,0.1951219512195122,0.2197435744946417,0.3254742547425474,27.0,0.0,0.0,,0.7753086419753084,134.0,0.1716417910447761,0.0223880597014925,0.1483124429915571,0.4687396351575453,0.1863636363636363,0.1227272727272727,0.6090909090909091,1,1,1,0.0,2.342422680822206,0.3339476005067536,0.2481513218942556,18.0,CD28_HUMAN,220.0,False
P11166,12,0,multi-pass,True,False,True,False,False,2,member,3.0,,,,Client,,0.0729412234,0.1367487293,0.0,0.331,0.05223184,0.12,0.246224,-0.204,0.69,0.0447154471544715,0.0670731707317073,0.0686298459768295,0.0490729101002216,0.51,0.06687917,0.0691056910569105,9.231121652822177,-667.0,492,0.1382113821138211,0.0121951219512195,0.1680255912225446,0.5593495934959338,151.0,0.3245033112582781,0.0463576158940397,0.1636002212879552,0.4022810890360559,261.0,0.0153256704980842,0.0076628352490421,0.6547852071650555,0.6810983397190296,80.0,0.1875,-0.0375,0.1747485325746113,0.4586111111111112,0.306910569105691,0.5304878048780488,0.1626016260162601,7,12,6,0.0,2.69196510276736,0.3733611959529779,0.1789810360395318,18.0,GTR1_HUMAN,492.0,True
P11230,4,0,multi-pass,True,False,False,False,False,1,member,1.0,,,,,,0.0661218606,0.1378053812,0.0,0.074,0.0056662005,0.47,-0.0276723,-0.173,1.7,0.0,0.1357285429141716,0.0751136243343353,0.0314151123166084,0.08,0.16733103,0.091816367265469,37.66749662548436,-643.0,501,0.2055888223552894,-0.0259481037924151,0.1639738525835755,0.5018407629186062,137.0,0.2773722627737226,0.0145985401459854,0.1883477159141141,0.4193025141930246,85.0,0.0,0.0,,0.7613071895424839,221.0,0.248868778280543,-0.0588235294117647,0.1417985528006171,0.4502262443438907,0.2734530938123752,0.1696606786427145,0.4411177644710579,1,4,1,0.0,2.699837725867246,0.4046715830354719,0.2432911685073033,18.0,ACHB_HUMAN,501.0,False
P11362,1,0,single-pass,True,True,True,False,False,3,member,3.0,PS-other only,,FGFR1 BFGFR CEK FGFBR FLG FLT2 HBGFR,Client,,0.6645710642,0.9266439739,0.0,0.76,0.47035217,0.69,0.383312,-0.313,1.3,0.0401459854014598,0.0510948905109489,0.3360250294208526,0.4643635749816894,0.85,0.92361313,0.083941605839416,44.94198856479632,-692.0,822,0.2360097323600973,-0.0194647201946472,0.1970424799845201,0.4592727764260639,425.0,0.2541176470588235,0.0,0.1719562639157488,0.4522875816993471,21.0,0.0,0.0,,0.7365079365079363,355.0,0.2394366197183098,-0.0478873239436619,0.2249177120619414,0.4396870109546157,0.5170316301703163,0.0255474452554744,0.4318734793187348,1,1,1,0.0,2.9148718175400505,0.6707169416895731,0.2138853918080357,18.0,FGFR1_HUMAN,822.0,True
P11717,1,0,single-pass,True,False,False,False,False,1,member,1.0,,,,,,0.5191939162,0.7980232263,0.0,0.74,0.049089346,0.41,1.3343,-0.099,1.9,0.0228823765556001,0.0305098354074668,0.1092471480369567,0.1757679283618927,0.79,0.12866752,0.0847049377759935,218.93830398220604,-1029.0,2491,0.2244078683259735,-0.0180650341228422,0.1896014231155364,0.4588697087291987,164.0,0.3475609756097561,-0.0304878048780487,0.2814872172519963,0.3738482384823847,23.0,0.0,0.0,,0.7879227053140095,2264.0,0.219964664310954,-0.019434628975265,0.1790429560817872,0.4604534746760941,0.0658370132476916,0.009233239662786,0.9088719389803293,1,1,1,0.0,3.3963737275365067,0.6540068048731166,0.2222139363389187,18.0,MPRI_HUMAN,2491.0,False
P12235,6,0,multi-pass,True,False,True,False,False,2,member,2.0,,,,Client,,0.7489726511,0.4028270328,0.0,0.523,0.5142137,0.11,0.838418,-0.247,0.09,0.0,0.0402684563758389,0.5272713899612427,0.4721418023109436,0.06,0.62648135,0.1006711409395973,1.1011749610022372,-351.0,298,0.2080536912751678,0.0604026845637583,0.1192174278548421,0.5065995525727071,,,,,,136.0,0.1176470588235294,0.0588235294117647,0.1136569807352041,0.5774509803921557,34.0,0.2941176470588235,0.0,0.125626800591762,0.4140522875816993,,0.4563758389261745,0.1140939597315436,0,6,4,0.0,2.474216264076256,0.5174976524042454,0.3025493614964836,18.0,ADT1_HUMAN,298.0,False
P12236,6,0,multi-pass,True,False,True,False,False,2,member,4.0,,,,Client,,0.8077305578,0.4407502628,0.0,0.674,0.5929562,0.12,0.776555,-0.251,0.31,0.0,0.0402684563758389,0.5610286593437195,0.5380701422691345,0.09,0.711254,0.1006711409395973,1.605033133911377,-333.0,298,0.2114093959731543,0.0570469798657718,0.1117754227452674,0.5083519761372113,,,,,,136.0,0.1176470588235294,0.0588235294117647,0.1136569807352041,0.5784313725490184,35.0,0.2571428571428571,-0.0285714285714285,0.1197585214275358,0.4504761904761904,,0.4563758389261745,0.1174496644295302,0,6,4,0.0,2.474216264076256,0.5434126766470554,0.309651211836658,18.0,ADT3_HUMAN,298.0,True
P13073,1,0,single-pass,True,False,True,False,False,2,member,2.0,,,,Client,,0.5478118152,0.3578494377,0.000833333,0.575,0.54607654,0.29,-0.346475,-0.415,-0.68,0.0,0.0,0.4507189691066742,0.5935905575752258,0.02,0.025886688,0.0769230769230769,0.0,-149.0,169,0.2840236686390532,0.0473372781065088,0.0952513495745008,0.4490466798159106,,,,,,26.0,0.1153846153846153,0.0384615384615384,0.1923013088668,0.5747863247863245,45.0,0.3333333333333333,0.0666666666666666,0.0885405123672536,0.3797530864197531,,0.1538461538461538,0.2662721893491124,0,1,1,0.0,2.227886704613673,0.388691500682873,0.3327937310684156,18.0,COX41_HUMAN,169.0,True
P13498,4,1,multi-pass,True,False,True,False,False,2,member,1.0,,,,Client,,0.2194222572,0.1220549936,0.0,0.156,0.027455091,0.64,-0.0146529,-0.291,0.87,0.2871794871794871,0.1692307692307692,0.1510102152824401,0.0838318467140197,0.6,0.0768099,0.0923076923076923,0.0,-204.0,195,0.1692307692307692,0.0358974358974358,0.2332379523424283,0.503418803418802,97.0,0.2783505154639175,0.0515463917525773,0.2539836059871216,0.3641466208476515,80.0,0.0375,-0.0125,0.5110662525302643,0.6663888888888893,5.0,0.2,0.2,,0.3599999999999999,0.4974358974358974,0.4102564102564102,0.0256410256410256,4,4,1,0.0,2.290034611362518,0.4307591878297263,0.2576863307496498,18.0,CY24A_HUMAN,195.0,True
P13569,12,0,multi-pass,True,True,True,False,False,3,member,1.0,in_phasepdb_no_class,,CFTR ABCC7,Regulator,,0.2546825181,0.4120775603,0.0,0.663,0.021911938,0.13,0.597176,-0.2,0.31,0.0135135135135135,0.0337837837837837,0.1816045939922332,0.14284648001194,0.05,0.09145178,0.0797297297297297,52.7395275165172,-2025.0,1480,0.2168918918918919,0.0128378378378378,0.1942125491042079,0.5026276276276289,1122.0,0.2566844919786096,0.0106951871657754,0.1990575864120214,0.4604278074866297,253.0,0.0632411067193675,0.0237154150197628,0.1881863746969963,0.6845410628019324,105.0,0.1619047619047619,0.0095238095238095,0.1680712387188318,0.5152380952380955,0.7581081081081081,0.1709459459459459,0.0709459459459459,7,12,6,0.0,3.170261715394957,0.4752521346892037,0.2449635832599207,18.0,CFTR_HUMAN,1480.0,False
P13591,1,0,single-pass,True,False,True,False,False,2,member,1.0,,,,Client,,0.697263107,0.4382108774,0.004166667,0.693,0.030880889,0.39,0.770037,-0.185,0.66,0.0804195804195804,0.0454545454545454,0.0469365045428276,0.2610849738121032,0.91,0.9124739,0.0594405594405594,45.95662125048656,-367.0,858,0.2412587412587412,-0.0477855477855477,0.1615989013435078,0.4543771043771051,119.0,0.3361344537815126,-0.0672268907563025,0.0768370008133328,0.3891690009337061,21.0,0.0,0.0,,0.8412698412698411,699.0,0.2360515021459227,-0.0472103004291845,0.1844554151890581,0.4497377205531714,0.1386946386946387,0.0244755244755244,0.8146853146853147,1,1,1,0.0,2.9334872878487053,0.5902949831983038,0.2756372959663099,18.0,NCAM1_HUMAN,858.0,True
P13637,10,0,multi-pass,False,False,True,False,False,1,,,,,,Client,,0.6168858017000001,0.4242355506,0.000833333,0.679,0.48466927,0.31,0.705365,-0.266,1.93,0.0236920039486673,0.0394866732477788,0.0691059753298759,0.2170328199863433,0.27,0.97373,0.0661401776900296,36.140307220251565,-1120.0,1013,0.2250740375123396,-0.0256663376110562,0.1714474493097801,0.4981463200614222,716.0,0.2709497206703911,-0.0195530726256983,0.1642448693318074,0.4556331471135963,226.0,0.0752212389380531,-0.0309734513274336,0.2989347376600368,0.6559980334316622,71.0,0.2394366197183098,-0.0704225352112676,0.2729757880311571,0.4244131455399062,0.7068114511352419,0.2230997038499506,0.0700888450148075,6,10,5,0.0,3.0056094453602804,0.6174579520556395,0.2272791887669109,18.0,AT1A3_HUMAN,1013.0,False
P13866,14,0,multi-pass,True,False,True,False,False,2,member,1.0,,,,Client,,0.0459293736,0.0564584685,0.0,0.221,0.013191344,0.13,-0.0520448,-0.243,0.81,0.0,0.1490963855421686,0.0697178468108177,0.029647096991539,0.52,0.027202327,0.072289156626506,2.3651951627564385,-1134.0,664,0.1506024096385542,0.003012048192771,0.1835990258856203,0.5625836680053538,181.0,0.3149171270718232,0.0386740331491712,0.2189956422696919,0.4372621240024554,319.0,0.0470219435736677,-0.0031347962382445,0.2045630022043059,0.6698014629049112,164.0,0.1707317073170731,-0.024390243902439,0.1311361640116376,0.4923441734417343,0.2725903614457831,0.4804216867469879,0.2469879518072289,7,14,8,0.0,2.822168079368017,0.3159687856666066,0.2498092539523724,18.0,SC5A1_HUMAN,664.0,True
P14222,2,0,multi-pass,True,False,False,False,False,1,member,2.0,,,,,,0.1928620903,0.0873017343,0.0,0.221,0.07963328,0.17,0.391349,-0.239,0.76,0.0,0.0576576576576576,0.0638388246297836,0.043059904128313,0.05,0.14040919,0.0954954954954954,36.11978270066665,-512.0,555,0.2072072072072072,0.0054054054054054,0.169957466315392,0.458618618618616,,,,,,44.0,0.1363636363636363,0.0,0.1789725160289134,0.5363636363636362,,,,,,,0.0792792792792792,,0,2,0,0.0,2.7442929831226763,0.3669662701628319,0.1576324749733061,18.0,PERF_HUMAN,555.0,False
P14415,1,0,single-pass,True,False,True,False,False,2,member,1.0,,,,Client,,0.3535495298,0.2432402554,0.000833333,0.184,0.32012922,0.13,0.424036,-0.022,1.12,0.0,0.0,0.1267379373311996,0.0980730578303337,0.16,0.10774881,0.096551724137931,27.29302000331125,-107.0,290,0.2068965517241379,0.0137931034482758,0.189656252083567,0.455517241379312,39.0,0.2564102564102564,0.0512820512820512,0.1504702869205848,0.4225071225071224,28.0,0.0,0.0,,0.6888888888888888,223.0,0.2242152466367713,0.0089686098654708,0.205873028637233,0.431988041853513,0.1344827586206896,0.096551724137931,0.7689655172413793,1,1,1,0.0,2.462397997898956,0.4469363958817803,0.2571354367378101,18.0,AT1B2_HUMAN,290.0,True
P14867,4,0,multi-pass,True,False,True,False,False,2,member,1.0,,,,Client,,0.2395266161,0.1552240981,0.0,0.176,0.061537612,0.2,-0.165936,-0.351,-0.48,0.0,0.0767543859649122,0.0521472282707691,0.0438147224485874,0.11,0.43828437,0.0986842105263157,21.20772682584917,-504.0,456,0.219298245614035,0.0263157894736842,0.1518436907749235,0.4775584795321629,93.0,0.3118279569892473,0.0967741935483871,0.0979310081019564,0.3902031063321384,85.0,0.0588235294117647,0.0117647058823529,0.3632703867723121,0.6423529411764707,251.0,0.247011952191235,0.0,0.1771479170131332,0.4487826471890218,0.2039473684210526,0.1864035087719298,0.5504385964912281,2,4,3,0.0,2.658964842664435,0.3358594604882453,0.1878430812669988,18.0,GBRA1_HUMAN,456.0,False
P15529,1,0,single-pass,False,True,False,False,False,1,,,in_phasepdb_no_class,,CD46 MCP MIC10,,,0.2376365743,0.1220824125,0.0,0.326,0.0045261797,0.35,-0.00777568,-0.233,1.38,0.0,0.1658163265306122,0.0500138103961944,0.0324598103761673,0.21,0.40443537,0.0994897959183673,32.99965006191841,-233.0,392,0.2193877551020408,-0.0051020408163265,0.2235326359954042,0.474263038548751,26.0,0.4230769230769231,0.1923076923076923,0.4790831992098415,0.3333333333333333,23.0,0.0,0.0,,0.8294685990338165,309.0,0.2233009708737864,-0.0226537216828478,0.1955985744254503,0.4533620999640416,0.0663265306122449,0.0586734693877551,0.7882653061224489,1,1,1,0.0,2.593286067020457,0.3948262072308071,0.2303072139627651,18.0,MCP_HUMAN,392.0,False
P15941,1,0,single-pass,False,True,False,False,False,1,,,in_phasepdb_no_class,,MUC1 PUM,,,0.5785296345000001,0.5411850709,0.001666667,0.64,0.14811698,1.0,0.468664,-0.074,3.69,0.6749003984063745,0.0533864541832669,0.4974970817565918,0.1480368673801422,0.88,0.8432403,0.0525896414342629,1047.8771367042204,1446.0,1255,0.1043824701195219,-0.0039840637450199,0.1030445146014709,0.4481186365648542,74.0,0.1621621621621621,0.027027027027027,0.2372375270885338,0.4142642642642642,23.0,0.0,0.0,,0.8294685990338163,1135.0,0.1048458149779735,-0.0061674008810572,0.0959426677278686,0.4385022026431723,0.0589641434262948,0.0183266932270916,0.904382470119522,1,1,1,0.0,3.098643725817057,0.6928894270412086,0.3013533161646874,18.0,MUC1_HUMAN,1255.0,False
P15954,1,0,single-pass,False,True,False,False,False,1,,,in_phasepdb_no_class,Nucleolus,COX7C,,,0.1903205977,0.0629877918,,0.112,0.49630556,0.14,-1.17953,-0.447,,1.0,0.0,0.1738995760679245,0.2063409984111786,0.02,0.019097123,0.1111111111111111,1.978503163417904,-80.0,63,0.1904761904761904,0.0952380952380952,0.2306700534100816,0.4913580246913581,,,,,,27.0,0.1111111111111111,0.1111111111111111,0.2054264315987073,0.5827160493827159,3.0,0.3333333333333333,0.3333333333333333,,0.4703703703703703,,0.4285714285714285,0.0476190476190476,0,1,1,0.0,1.7993405494535817,0.3114227700871552,0.3568292625539962,16.0,COX7C_HUMAN,63.0,False
P16234,1,0,single-pass,True,False,True,False,False,2,member,1.0,,,,Client,,0.7721099726,0.9482722101,0.0,0.711,0.18248765,0.24,0.567135,-0.342,0.62,0.0440771349862259,0.0734618916437098,0.258044421672821,0.3883231878280639,0.92,0.3717164,0.0835629017447199,31.060072207162044,-1005.0,1089,0.2506887052341597,-0.0431588613406795,0.1804081456441876,0.4708703193551662,540.0,0.2740740740740741,-0.037037037037037,0.1761085160235512,0.4462962962962956,21.0,0.0,0.0,,0.885185185185185,505.0,0.2475247524752475,-0.0534653465346534,0.186000617144006,0.4702750275027516,0.4958677685950413,0.0192837465564738,0.4637281910009183,1,1,1,0.0,3.037027879755775,0.6305126342629251,0.2277120166849698,18.0,PGFRA_HUMAN,1089.0,True
P16615,10,0,multi-pass,True,False,True,False,False,2,member,1.0,,,,Client,,0.3143093623,0.5493898009,0.0,0.751,0.8021599,0.26,0.306519,-0.371,1.17,0.0,0.0172744721689059,0.3271161317825317,0.2294636070728302,0.18,0.94436467,0.0595009596928982,14.914803938517275,-1162.0,1042,0.2159309021113243,-0.0239923224568138,0.1641646067137739,0.5107378972062303,725.0,0.2537931034482759,-0.0110344827586206,0.1522995146465508,0.4709425287356343,204.0,0.1176470588235294,-0.0294117647058823,0.2093253088980341,0.638943355119825,113.0,0.1504424778761062,-0.0973451327433628,0.2720070873599311,0.5346116027531956,0.6957773512476008,0.1957773512476007,0.1084452975047984,6,10,5,0.0,3.017867718963505,0.5202649946193375,0.2960657743611965,18.0,AT2A2_HUMAN,1042.0,True
P17152,2,0,multi-pass,True,False,False,False,False,1,member,1.0,,,,,,0.0539757512,0.0688267218,0.0,0.04,0.113530315,0.19,-0.866204,-0.388,-1.35,0.0,0.0677083333333333,0.0958551317453384,0.1633036434650421,0.11,0.028912151,0.1302083333333333,7.171404941653046,-330.0,192,0.1979166666666666,0.0,0.2228841243250743,0.4987268518518515,,,,,,35.0,0.0,0.0,,0.6815873015873017,,,,,,,0.1822916666666666,,0,2,0,0.0,2.2833012287035497,0.2888963378204638,0.2560572662763388,18.0,TMM11_HUMAN,192.0,False
P17948,1,0,single-pass,False,True,False,False,False,1,,,PS-other only,,FLT1 FLT FRT VEGFR1,,,0.7882259247000001,0.9377701125,0.0,0.587,0.9283825,0.24,0.709074,-0.246,0.63,0.0,0.0358744394618834,0.06052777916193,0.4738643765449524,0.28,0.47822154,0.0881913303437967,54.36146620432707,-1213.0,1338,0.2391629297458893,0.0134529147982062,0.1689383359743036,0.4611111111111141,558.0,0.2831541218637993,-0.003584229390681,0.1649184794135531,0.4457586618876961,22.0,0.0,0.0,,0.7505050505050505,732.0,0.2199453551912568,0.0286885245901639,0.1670441755630933,0.4579690346083793,0.4170403587443946,0.0164424514200298,0.547085201793722,1,1,1,0.0,3.1264561134318045,0.5993104167113813,0.2572407182052206,18.0,VGFR1_HUMAN,1338.0,True
P18627,1,0,single-pass,True,False,False,False,False,1,member,2.0,,,,,,0.1698810114,0.0751175079,0.000833333,0.262,0.0020688786,0.89,0.274942,-0.128,1.92,0.0742857142857142,0.179047619047619,0.0652965754270553,0.0294329114258289,0.63,0.17346069,0.0952380952380952,31.3678246671306,-303.0,525,0.1752380952380952,0.0038095238095238,0.2335231491845641,0.4691005291005291,54.0,0.3703703703703703,-0.1481481481481481,0.4406534071359173,0.3041152263374486,21.0,0.0,0.0,,0.7888888888888889,428.0,0.1635514018691588,0.0233644859813084,0.1789583071469747,0.4681983385254413,0.1028571428571428,0.04,0.8152380952380952,1,1,1,0.0,2.720159303405957,0.4975826453411289,0.289849360531668,18.0,LAG3_HUMAN,525.0,False
P19022,1,0,single-pass,True,False,True,False,False,2,member,1.0,,,,Client,,0.6618547659,0.5851590016,0.0,0.808,0.063752234,0.41,0.803035,-0.168,1.35,0.0629139072847682,0.1158940397350993,0.046483889222145,0.1644139587879181,0.22,0.9111338,0.0728476821192053,131.275687962596,-528.0,906,0.2240618101545254,-0.0518763796909492,0.1847901490327988,0.4615526122148659,161.0,0.3291925465838509,-0.1180124223602484,0.2067600270570376,0.3829537612146309,21.0,0.0,0.0,,0.8968253968253966,565.0,0.1893805309734513,-0.047787610619469,0.1643155682035317,0.4679646017699113,0.1777041942604856,0.0231788079470198,0.6236203090507726,1,1,1,0.0,2.957128197676813,0.6087060724868207,0.2484193948833313,18.0,CADH2_HUMAN,906.0,False
P20020,10,0,multi-pass,True,False,True,False,False,2,member,2.0,,,,Client,,0.5415354896,0.6065342116,0.0,0.72,0.3388781,0.7,1.0661,-0.289,1.17,0.0426229508196721,0.0786885245901639,0.2427128106355667,0.4718949198722839,0.93,0.95890486,0.060655737704918,95.17225857229964,-1215.0,1220,0.2475409836065573,-0.0163934426229508,0.1847392308351681,0.4813843351548253,909.0,0.2937293729372937,-0.0077007700770077,0.1772168590145581,0.4398728761765025,209.0,0.0574162679425837,-0.0095693779904306,0.2170805571517551,0.6673577884104201,101.0,0.2277227722772277,-0.1089108910891089,0.2347237179696347,0.4678767876787676,0.7450819672131147,0.171311475409836,0.0827868852459016,6,10,5,0.0,3.0863598306747484,0.6887907265227965,0.2350731443425632,18.0,AT2B1_HUMAN,1220.0,False
P20648,10,0,multi-pass,True,False,True,False,False,2,member,1.0,,,,Client,,0.5524363774000001,0.3069526992,0.0,0.548,0.017456226,0.29,0.427123,-0.295,0.97,0.0405797101449275,0.0531400966183574,0.0636870712041854,0.048757217824459,0.47,0.9389491,0.0782608695652174,11.937726609544413,-1228.0,1035,0.2057971014492753,-0.0144927536231884,0.1764132584471791,0.5085775630703165,719.0,0.2433936022253129,-0.0069541029207232,0.1653804312332912,0.472152681193016,204.0,0.1127450980392156,-0.0147058823529411,0.2537675829836215,0.6332244008714589,112.0,0.1339285714285714,-0.0625,0.2763537377405364,0.5153769841269835,0.6946859903381642,0.1971014492753623,0.1082125603864734,6,10,5,0.0,3.014940349792937,0.4924782255576623,0.2139058904057494,18.0,ATP4A_HUMAN,1035.0,False
P20916,1,0,single-pass,True,False,True,False,False,2,member,1.0,,,,Client,,0.1052489258,0.1882960955,0.0,0.237,0.0024869486,0.22,0.212541,-0.277,1.88,0.0734824281150159,0.1038338658146964,0.0472338236868381,0.0320754125714302,0.1,0.23347923,0.0910543130990415,15.864261551793936,-499.0,626,0.2028753993610223,-0.0399361022364217,0.1781521962325978,0.4887291444799437,90.0,0.3555555555555555,0.0,0.1618545583720281,0.3881481481481482,20.0,0.0,0.0,,0.7472222222222221,497.0,0.1891348088531187,-0.0523138832997987,0.1712625950832086,0.4898054996646536,0.1437699680511182,0.0319488817891373,0.7939297124600639,1,1,1,0.0,2.7965743332104296,0.3823598258264756,0.2336819367769545,18.0,MAG_HUMAN,626.0,True
P20963,1,0,single-pass,False,True,False,False,False,1,,,in_phasepdb_no_class,,CD247 CD3Z T3Z TCRZ,,,0.3123967122,0.4840543155,0.000833333,0.557,0.7059225,0.57,0.55258,-0.224,-1.35,0.5365853658536586,0.0,0.723136305809021,0.6783183813095093,0.34,0.27302536,0.1341463414634146,18.487774328540205,-115.0,164,0.274390243902439,0.0304878048780487,0.1746490069274409,0.427913279132791,113.0,0.3451327433628318,0.0442477876106194,0.1687238258084451,0.3411012782694199,21.0,0.0476190476190476,-0.0476190476190476,0.9999999999999998,0.7465608465608465,9.0,0.2222222222222222,0.0,0.4913242009132419,0.4592592592592592,0.6890243902439024,0.1280487804878048,0.0548780487804878,1,1,1,0.0,2.214843848047698,0.5948357745420584,0.3133743478677638,18.0,CD3Z_HUMAN,164.0,False
P21397,1,0,single-pass,True,False,True,False,False,2,member,1.0,,,,Client,,0.689776536,0.3442991389,0.0,0.297,0.08280442,0.14,0.670228,-0.336,0.28,0.0,0.064516129032258,0.0518027544021606,0.1735488623380661,0.25,0.03559998,0.0986717267552182,25.081949951384583,-446.0,527,0.2428842504743833,0.0037950664136622,0.1533230952844252,0.469049125026356,497.0,0.249496981891348,-0.0040241448692152,0.1504561469507002,0.4614576346970711,21.0,0.0476190476190476,0.0476190476190476,0.9999999999999998,0.6867724867724868,9.0,0.3333333333333333,0.3333333333333333,0.0933191940615058,0.3802469135802469,0.9430740037950665,0.0398481973434535,0.01707779886148,1,1,1,0.0,2.7218106152125467,0.413252814596613,0.2183983548005277,18.0,AOFA_HUMAN,527.0,True
P21579,1,0,single-pass,True,False,True,False,False,2,member,1.0,,,,Client,,0.7212727453000001,0.4957744751,0.0,0.563,0.2980259,0.38,0.703029,-0.426,0.45,0.0,0.2061611374407582,0.0536685511469841,0.8130811452865601,0.89,0.97008306,0.0450236966824644,0.4599337289199844,-263.0,422,0.2962085308056872,0.0071090047393364,0.1959935914968577,0.4522380200105309,342.0,0.327485380116959,0.0175438596491228,0.2035179528508671,0.4274204028589993,23.0,0.0,0.0,,0.802415458937198,,,,,,0.8104265402843602,0.0545023696682464,,1,1,0,0.0,2.625312450961674,0.5239755794985599,0.3361367834238911,18.0,SYT1_HUMAN,422.0,True
P21796,19,0,multi-pass,True,False,True,False,False,2,member,2.0,,,,Client,,0.6477121304,0.7659546097000001,0.0,0.797,0.8754303,0.27,1.49015,-0.259,0.28,0.0,0.0,0.6643000245094299,0.9027553796768188,0.02,0.9695701,0.0636042402826855,33.51795240460725,-71.0,283,0.215547703180212,0.0106007067137809,0.187030248773644,0.4543384373773063,,,,,,183.0,0.1857923497267759,0.0327868852459016,0.1651224131626852,0.5049180327868859,,,,,,,0.6466431095406361,,0,19,0,0.0,2.45178643552429,0.557589527112572,0.3717920818060587,18.0,VDAC1_HUMAN,283.0,True
P21802,1,0,single-pass,True,True,True,False,False,3,member,1.0,in_phasepdb_no_class,,FGFR2 BEK KGFR KSAM,Client,,0.7650979889,0.9424842616,0.0,0.768,0.9132317,0.27,0.436729,-0.315,1.19,0.0341047503045067,0.0645554202192448,0.2020406723022461,0.6523162126541138,0.8,0.94704413,0.0901339829476248,52.2262689558531,-684.0,821,0.2375152253349573,-0.0207064555420219,0.1836260078156733,0.4612667478684524,423.0,0.2576832151300236,-0.0118203309692671,0.1623969039613205,0.4456527449435257,21.0,0.0,0.0,,0.8190476190476188,356.0,0.2387640449438202,-0.0365168539325842,0.2071343649073995,0.4450062421972539,0.5152253349573691,0.02557856272838,0.4336175395858709,1,1,1,0.0,2.9143431571194407,0.6793811558764036,0.2297532571927867,18.0,FGFR2_HUMAN,821.0,True
P21926,4,0,multi-pass,True,False,True,False,False,2,member,1.0,,,,Client,,0.2108344025,0.0885839746,0.0,0.178,0.04631559,0.12,0.00797171,-0.287,-0.21,0.0,0.1184210526315789,0.070062443614006,0.032025184482336,0.3,0.1991503,0.0526315789473684,3.197053277378552,-357.0,228,0.1842105263157894,0.0,0.1168418403536396,0.5541423001949325,29.0,0.2758620689655172,0.1379310344827586,0.2290237517334592,0.4314176245210727,92.0,0.0108695652173913,-0.0108695652173913,1.0,0.7492753623188411,106.0,0.3113207547169811,-0.0283018867924528,0.0865390652959048,0.4168763102725369,0.1271929824561403,0.4035087719298245,0.4649122807017544,3,4,2,0.0,2.357934847000454,0.2904864661023729,0.1727268640603367,18.0,CD9_HUMAN,228.0,True
P21964,1,0,single-pass,True,False,True,False,False,2,member,1.0,,,,Client,,0.3005055619,0.125570549,0.0,0.097,0.13327496,0.1,-0.256614,-0.447,-1.03,0.0,0.07380073800738,0.0737460255622863,0.0603392943739891,0.01,0.029906364,0.066420664206642,0.0,-378.0,271,0.2140221402214022,-0.03690036900369,0.1546764172677516,0.517753177531775,6.0,0.1666666666666666,-0.1666666666666666,0.0769230769230771,0.4148148148148148,20.0,0.0,0.0,,0.8855555555555555,245.0,0.2326530612244897,-0.036734693877551,0.1536287102163676,0.4902494331065744,0.022140221402214,0.07380073800738,0.904059040590406,1,1,1,0.081180811808118,2.432969290874406,0.2288013998937155,0.1814716470354073,18.0,COMT_HUMAN,271.0,True
P22455,1,0,single-pass,True,False,True,False,False,2,member,1.0,,,,Client,,0.4513589791,0.9021148227,0.0,0.571,0.0036931902,0.71,0.597829,-0.227,1.46,0.0,0.1433915211970075,0.046988621354103,0.072116695344448,0.57,0.71187115,0.0997506234413965,84.16449516469935,-781.0,802,0.2082294264339152,-0.0087281795511221,0.1827321402362963,0.4801468550845117,412.0,0.220873786407767,0.0024271844660194,0.1625886576611381,0.4769417475728163,21.0,0.0,0.0,,0.7423280423280422,348.0,0.2155172413793103,-0.0258620689655172,0.2101963784591333,0.4557471264367818,0.513715710723192,0.0261845386533665,0.4339152119700748,1,1,1,0.0,2.9041743682841634,0.5699921564778151,0.2597661408038746,18.0,FGFR4_HUMAN,802.0,False
P22607,1,0,single-pass,True,False,True,False,False,2,member,1.0,,,,Client,,0.7733485501,0.940227273,0.0,0.703,0.12654497,0.41,0.734148,-0.314,0.78,0.053349875930521,0.1116625310173697,0.0615122392773628,0.1664614379405975,0.98,0.87536883,0.0806451612903225,82.1583711105508,-624.0,806,0.2245657568238213,-0.0235732009925558,0.2014305800664196,0.4730907085745797,410.0,0.248780487804878,-0.0048780487804878,0.17327348463584,0.4613008130081329,21.0,0.0,0.0,,0.7746031746031743,353.0,0.2237960339943343,-0.0481586402266288,0.236426609180059,0.4539502675480008,0.5086848635235732,0.0260545905707196,0.4379652605459057,1,1,1,0.0,2.906335041805091,0.6358739390891317,0.2263690510027474,18.0,FGFR3_HUMAN,806.0,False
P23468,1,0,single-pass,True,False,True,False,False,2,member,1.0,,,,Client,,0.8442273263000001,0.8904149113000001,0.0025,0.772,0.21268213,0.47,0.939061,-0.146,0.57,0.0,0.0219665271966527,0.0504255890846252,0.3570157885551452,0.76,0.98227304,0.0962343096234309,157.66355083491382,-1229.0,1912,0.2259414225941422,-0.0104602510460251,0.1860887029076045,0.4534809390980893,622.0,0.2379421221864952,0.0,0.1597193500198846,0.4427652733118973,25.0,0.0,0.0,,0.8186666666666668,1245.0,0.2257028112449799,-0.016867469879518,0.1928174020658447,0.4481659973226268,0.3253138075313807,0.0130753138075313,0.6511506276150628,1,1,1,0.0,3.2814878879400813,0.6975037430811031,0.2848378918073781,18.0,PTPRD_HUMAN,1912.0,True
P23471,1,0,single-pass,True,False,True,False,False,2,member,1.0,,,,Client,,0.6007443569,0.9337656793,0.000833333,0.548,0.1643746,1.0,1.00409,-0.13,1.76,0.0,0.0496760259179265,0.0460052229464054,0.1254749596118927,0.94,0.4163501,0.0587473002159827,293.2030486558873,-877.0,2315,0.2043196544276458,-0.0600431965442764,0.1860574675525984,0.459284857211412,653.0,0.222052067381317,-0.0260336906584992,0.1926984135472269,0.4584652033350349,26.0,0.0,0.0,,0.7987179487179485,1612.0,0.2003722084367245,-0.0775434243176178,0.1782076665008212,0.4522401433691734,0.28207343412527,0.011231101511879,0.6963282937365011,1,1,1,0.0095032397408207,3.364550995353972,0.6414783125573117,0.2924337068198844,18.0,PTPRZ_HUMAN,2315.0,True
P23634,10,0,multi-pass,True,False,True,False,False,2,member,2.0,,,,Client,,0.5038554224,0.6600479881,0.000833333,0.707,0.033221237,0.24,0.956311,-0.25,0.77,0.0,0.0620467365028203,0.0649774819612503,0.2911212146282196,0.6,0.92841476,0.064464141821112,52.65301273961457,-1232.0,1241,0.2360999194198227,-0.0072522159548751,0.1957691283699013,0.4873847255797313,923.0,0.2773564463705308,0.0,0.1903374272247702,0.4474298784157945,210.0,0.0761904761904762,-0.019047619047619,0.2384973044245188,0.6470370370370366,108.0,0.1944444444444444,-0.0462962962962962,0.3177187914882336,0.5184156378600823,0.7437550362610797,0.169218372280419,0.0870265914585012,6,10,5,0.0,3.09377178149873,0.5852169727777765,0.2413416124179146,18.0,AT2B4_HUMAN,1241.0,False
P23786,0,1,intramembrane-only,True,False,False,False,False,1,,2.0,,,,,,0.7152175035,0.3936940201,0.0,0.207,0.04220003,0.31,0.479871,-0.138,0.99,0.0,0.0182370820668693,0.0477092899382114,0.2788760662078857,0.04,0.06315505,0.0866261398176291,35.94462503102267,-543.0,658,0.2188449848024316,0.0060790273556231,0.1470191594319637,0.4644714623438025,,,,,,,,,,,,,,,,,,,0,0,0,0.0,2.818225893613956,0.4390527619682612,0.2319368366028783,18.0,CPT2_HUMAN,658.0,False
P27105,0,1,intramembrane-only,True,False,True,False,False,2,,1.0,,,,Client,,0.5061001431000001,0.4456154798,0.0,0.627,0.18360503,0.21,-0.540001,-0.283,0.01,0.0069444444444444,0.0520833333333333,0.2374393492937088,0.2380276620388031,0.16,0.8430864,0.0729166666666666,5.251288307299886,-403.0,288,0.2256944444444444,0.0034722222222222,0.1181400440363007,0.5048225308641967,259.0,0.2509652509652509,0.0038610038610038,0.122965781957668,0.4826254826254806,,,,,,,,,,,0.8993055555555556,,,2,0,0,0.0,2.459392487759231,0.4642345992092671,0.2259357364962373,18.0,STOM_HUMAN,288.0,True
P27338,1,0,single-pass,True,False,True,False,False,2,member,1.0,,,,Client,,0.424996652,0.3350679766,0.0,0.206,0.26919258,0.15,0.433952,-0.342,0.85,0.0,0.025,0.0538977608084678,0.2710093557834625,0.05,0.040713564,0.1038461538461538,31.12339400828564,-532.0,520,0.2384615384615384,0.0,0.1581783012318107,0.4738034188034177,488.0,0.2459016393442623,-0.0081967213114754,0.1551201160144998,0.4643442622950805,27.0,0.1111111111111111,0.1111111111111111,0.4003582970935361,0.6004115226337448,4.0,0.25,0.25,,0.7138888888888888,0.9384615384615383,0.0519230769230769,0.0076923076923076,1,1,1,0.0,2.716003343634799,0.3948088916077953,0.2245026665400335,18.0,AOFB_HUMAN,520.0,False
P27487,1,0,single-pass,True,False,False,False,False,1,member,2.0,,,,,,0.2712100865,0.370319098,0.0,0.425,0.3315509,0.12,0.553299,-0.265,-0.21,0.0,0.0274151436031331,0.0491933077573776,0.0724031403660774,0.06,0.07228371,0.1122715404699739,12.004872697368754,-612.0,766,0.2036553524804177,-0.02088772845953,0.185222751940419,0.4622715404699732,6.0,0.3333333333333333,0.3333333333333333,1.0,0.3314814814814815,22.0,0.0,0.0,,0.793939393939394,738.0,0.2086720867208672,-0.024390243902439,0.1840757414735093,0.453447756699788,0.0078328981723237,0.0287206266318537,0.9634464751958224,1,1,1,0.0,2.884228769632604,0.3807901070623422,0.2349759905863066,18.0,DPP4_HUMAN,766.0,False
P27824,1,0,single-pass,True,False,False,False,False,1,member,2.0,,,,,,0.688100995,0.8676343695000001,0.003333333,0.842,0.30786917,0.76,0.813392,-0.36,0.59,0.1199324324324324,0.0996621621621621,0.5092992782592773,0.8544389605522156,1.0,0.9342891,0.0591216216216216,10.704879947789548,-143.0,592,0.3581081081081081,-0.1047297297297297,0.2236339690255478,0.4028903903903894,90.0,0.6,-0.1555555555555555,0.2338612143622348,0.2418518518518519,21.0,0.0,0.0,,0.783068783068783,461.0,0.3362255965292842,-0.1019522776572668,0.2246821987923114,0.4059291395516997,0.152027027027027,0.0354729729729729,0.7787162162162162,1,1,1,0.0405405405405405,2.77232170672292,0.6837427131959103,0.3260972431757902,18.0,CALX_HUMAN,592.0,False
P28288,4,0,multi-pass,True,False,True,False,False,2,member,3.0,,,,Client,,0.4843526435,0.3604407677,0.0,0.616,0.54431546,0.19,0.795194,-0.305,-0.11,0.0,0.0288315629742033,0.1462931185960769,0.2912075519561767,0.01,0.03183536,0.1183611532625189,5.073728896743514,-920.0,659,0.2352048558421851,0.0349013657056145,0.1632085291867835,0.4855336368234668,,,,,,84.0,0.0595238095238095,0.0119047619047619,0.3824154117357194,0.658068783068783,,,,,,,0.1274658573596358,,0,4,0,0.0,2.8188854145940097,0.4760486971765391,0.294913237335957,18.0,ABCD3_HUMAN,659.0,True
P29317,1,0,single-pass,False,True,False,False,False,1,,,PS-other only,,EPHA2 ECK,,,0.6092959723,0.8335993825,0.0,0.795,0.83137894,0.24,0.675324,-0.269,1.35,0.0,0.0389344262295082,0.4822240769863128,0.455854594707489,0.17,0.9140496,0.0911885245901639,51.32927421617183,-816.0,976,0.221311475409836,-0.0143442622950819,0.1764896660201758,0.4722222222222229,418.0,0.2511961722488038,0.0215311004784689,0.1804668580723251,0.4600744284954812,21.0,0.0,0.0,,0.7994708994708994,514.0,0.2120622568093385,-0.0447470817120622,0.1644775216484198,0.4609814094249878,0.4282786885245901,0.0215163934426229,0.5266393442622951,1,1,1,0.0,2.989449817666692,0.6380650676888062,0.2479536110778976,18.0,EPHA2_HUMAN,976.0,False
P30519,1,0,single-pass,True,False,True,False,False,2,member,1.0,,,,Client,,0.6955462250000001,0.8262960500000001,0.0,0.603,0.840006,0.24,0.339222,-0.228,-0.33,0.0917721518987341,0.0411392405063291,0.4257625937461853,0.4372998774051666,0.75,0.037514053,0.0886075949367088,3.978677568268932,-242.0,316,0.2848101265822785,-0.0316455696202531,0.1584384066790309,0.4364978902953594,294.0,0.3061224489795918,-0.0340136054421768,0.1548237227245042,0.4176492819349955,21.0,0.0,0.0,,0.6873015873015873,,,,,,0.930379746835443,0.0664556962025316,,1,1,0,0.0,2.499687082618404,0.5496961804949051,0.2888548040821233,18.0,HMOX2_HUMAN,316.0,True
P31431,1,0,single-pass,True,True,False,False,False,2,driver,1.0,in_phasepdb_no_class,,SDC4,,,0.388778526,0.7115716514,0.0,0.207,0.02247028,1.0,0.435536,-0.495,1.71,0.0,0.1616161616161616,0.070309042930603,0.3011659979820251,0.47,0.067893796,0.0606060606060606,2.290867791597526,-81.0,198,0.2727272727272727,-0.0909090909090909,0.2747469510155335,0.4851851851851854,28.0,0.4285714285714285,0.1428571428571428,0.223192603507012,0.3329365079365078,25.0,0.0,0.0,,0.819111111111111,127.0,0.3228346456692913,-0.1811023622047244,0.2478667022677635,0.4209973753280839,0.1414141414141414,0.1262626262626262,0.6414141414141414,1,1,1,0.0,2.296665190261531,0.4317114569018767,0.288834383351656,18.0,SDC4_HUMAN,198.0,False
P31645,12,0,multi-pass,False,True,True,False,False,2,,,in_phasepdb_no_class,,SLC6A4 HTT SERT,Regulator,,0.0786668072,0.0928171348,0.0,0.169,0.011828845,0.15,0.0215138,-0.233,0.6,0.0158730158730158,0.0,0.099772609770298,0.1423523426055908,0.59,0.07503053,0.0793650793650793,45.04504044114031,-840.0,630,0.1349206349206349,-0.0079365079365079,0.1842466717090124,0.5469312169312174,208.0,0.2451923076923076,-0.0048076923076923,0.2042101292233855,0.4424679487179479,258.0,0.0271317829457364,-0.003875968992248,0.3517177192020912,0.6828165374677003,164.0,0.1646341463414634,-0.0182926829268292,0.2075207353607276,0.4656504065040648,0.3301587301587301,0.4095238095238095,0.2603174603174603,7,12,6,0.0,2.7993405494535817,0.3740845503104303,0.2092435545397106,18.0,SC6A4_HUMAN,630.0,False
P32004,1,0,single-pass,True,False,True,False,False,2,member,1.0,,,,Client,,0.5332174230000001,0.2437600503,0.0,0.746,0.34576154,0.66,1.11282,-0.186,1.27,0.050914876690533,0.0222752585521081,0.0481684319674968,0.3903723359107971,0.76,0.8786402,0.0875099443118536,114.46116451072768,-609.0,1257,0.213206046141607,-0.0190930787589498,0.1681851744903069,0.4501104923539291,114.0,0.3245614035087719,-0.0789473684210526,0.1535798822246072,0.3819688109161795,23.0,0.0,0.0,,0.827053140096618,1101.0,0.2089009990917348,-0.0145322434150772,0.1679712646595655,0.4450600464224465,0.0906921241050119,0.0182975338106603,0.8758949880668258,1,1,1,0.0,3.0993352776859577,0.6247956405335713,0.2404379597888077,18.0,L1CAM_HUMAN,1257.0,True
P32189,1,0,single-pass,True,False,True,False,False,2,member,1.0,,,,Client,,0.5087133757,0.7590161824,0.0,0.363,0.09542094,0.16,0.414888,-0.284,0.34,0.0,0.0268336314847942,0.0855932906270027,0.0464709512889385,0.0,0.032627933,0.0608228980322003,3.765892165725015,-570.0,559,0.1914132379248658,-0.0089445438282647,0.1509214112675862,0.5050685748360165,,,,,,21.0,0.0,0.0,,0.7380952380952379,,,,,,,0.0375670840787119,,0,1,0,0.0,2.747411807886423,0.3438290279284637,0.2216957712276514,18.0,GLPK_HUMAN,559.0,True
P32745,7,0,multi-pass,False,False,True,False,False,1,,,,,,Regulator,,0.0406636685,0.0415327788,0.0,0.072,0.00080184796,0.4,-0.448997,-0.304,0.07,0.1722488038277512,0.2894736842105263,0.0628853887319564,0.0354232192039489,0.5,0.122377366,0.1052631578947368,21.9425799957437,-548.0,418,0.1650717703349282,0.0167464114832535,0.3094901143393219,0.5280170122275385,161.0,0.3478260869565217,0.0869565217391304,0.3248715493738229,0.3610766045548653,161.0,0.0248447204968944,-0.0124223602484472,0.6509641387107596,0.7159420289855077,96.0,0.09375,-0.0520833333333333,0.3039573448922716,0.492824074074074,0.3851674641148325,0.3851674641148325,0.2296650717703349,4,7,4,0.0,2.621176281775035,0.3729513283962329,0.3077548782376921,18.0,SSR3_HUMAN,418.0,False
P35462,7,0,multi-pass,False,False,True,False,False,1,,,,,,Regulator,,0.0468726497,0.0475166931,0.0,0.066,0.0053230347,0.24,-0.637001,-0.264,0.44,0.0,0.04,0.0559803135693073,0.0709319189190864,0.29,0.13510561,0.0975,27.8207700044798,-608.0,400,0.1375,0.0375,0.1897722350097513,0.5355555555555555,167.0,0.2694610778443114,0.1257485029940119,0.1801925846489605,0.4107784431137725,153.0,0.0130718954248366,-0.0130718954248366,0.531970414257678,0.709876543209877,80.0,0.1,-0.05,0.2224154072488968,0.4626388888888891,0.4175,0.3825,0.2,4,7,4,0.0,2.6020599913279625,0.3056662605983362,0.1944669105871978,18.0,DRD3_HUMAN,400.0,False
P35613,1,0,single-pass,True,False,True,False,False,2,member,1.0,,,,Client,,0.3060854513,0.1606350763,0.000833333,0.715,0.03606829,0.29,0.459909,-0.28,-0.47,0.0935064935064935,0.0363636363636363,0.0816911533474922,0.142418086528778,0.32,0.21899523,0.0649350649350649,32.054791823457144,-245.0,385,0.2233766233766233,-0.0363636363636363,0.2121566178895626,0.4641269841269838,41.0,0.4146341463414634,0.024390243902439,0.3505685489146565,0.2837398373983739,19.0,0.0526315789473684,-0.0526315789473684,1.0,0.7719298245614035,188.0,0.2393617021276596,-0.0478723404255319,0.1864920122246612,0.4521867612293138,0.1064935064935064,0.0493506493506493,0.4883116883116883,1,1,1,0.0,2.5854607295085006,0.4509467669784084,0.2195532681561455,18.0,BASI_HUMAN,385.0,True
P35968,1,0,single-pass,False,True,False,False,False,1,,,PS-other only,,KDR FLK1 VEGFR2,,,0.7550936052,0.9323550167,0.0,0.692,0.8592192,0.51,0.747135,-0.303,0.92,0.0442477876106194,0.0294985250737463,0.0515757612884044,0.2066439390182495,0.73,0.4420609,0.0803834808259587,76.82394078070533,-1030.0,1356,0.2337758112094395,-0.0199115044247787,0.1740568437939635,0.4696656833824967,571.0,0.2714535901926445,-0.0367775831873905,0.2017664370497347,0.4517610430044742,21.0,0.0,0.0,,0.8380952380952382,745.0,0.2134228187919463,-0.0093959731543624,0.1494712409687865,0.4692766592095427,0.4210914454277286,0.0154867256637168,0.549410029498525,1,1,1,0.0,3.1322596895310446,0.616534444365815,0.2596675743879222,18.0,VGFR2_HUMAN,1356.0,True
P36897,1,0,single-pass,True,False,True,False,False,2,member,3.0,,,,Regulator,,0.4371105552,0.9060923345,0.0,0.562,0.16558883,0.22,-0.207542,-0.453,0.26,0.0,0.0636182902584493,0.0679926425218582,0.1443609148263931,0.23,0.610689,0.0874751491053678,5.936876737954631,-606.0,503,0.220675944333996,0.0019880715705765,0.1693590471922881,0.4938811574994482,356.0,0.2556179775280899,0.0084269662921348,0.1779887872330624,0.4601123595505622,21.0,0.0,0.0,,0.7687830687830686,93.0,0.1827956989247312,-0.032258064516129,0.1274911279867057,0.5045400238948629,0.7077534791252486,0.0417495029821073,0.1848906560636183,1,1,1,0.0,2.701567985055928,0.4508421526582464,0.2224512939521438,18.0,TGFR1_HUMAN,503.0,False
P39656,1,0,single-pass,True,False,True,False,False,2,member,1.0,,,,Client,,0.3429033446,0.2041496719,0.0,0.585,0.05743537,0.14,0.654105,-0.081,0.57,0.0,0.0701754385964912,0.173403650522232,0.2771665751934051,0.18,0.07120838,0.0921052631578947,13.672601111051376,-358.0,456,0.2039473684210526,-0.0109649122807017,0.1905942933455228,0.4937134502923969,9.0,0.6666666666666666,0.0,0.0061045095579009,0.2,20.0,0.0,0.0,,0.7100000000000001,385.0,0.2051948051948052,-0.0285714285714285,0.1895350229320799,0.4846176046176045,0.0197368421052631,0.043859649122807,0.8442982456140351,1,1,1,0.0,2.658964842664435,0.4708032532196474,0.2035925557728524,18.0,OST48_HUMAN,456.0,True
P40967,1,0,single-pass,False,True,False,False,False,1,,,in_phasepdb_no_class,,PMEL D12S53E PMEL17 SILV,,,0.196225374,0.0732124528,0.000833333,0.526,0.89362746,0.68,0.191697,-0.13,1.66,0.0,0.0726172465960665,0.0701277405023574,0.0289038754999637,0.44,0.12667523,0.059001512859304,52.89997347570115,-329.0,661,0.1376701966717095,-0.0196671709531013,0.2249584260340132,0.502891242225584,45.0,0.1777777777777777,0.0888888888888888,0.2872611464968153,0.4508641975308642,21.0,0.0,0.0,,0.8105820105820104,126.0,0.119047619047619,-0.0555555555555555,0.2275019739435264,0.5276895943562608,0.0680786686838124,0.0317700453857791,0.1906202723146747,1,1,1,0.0,2.82020145948564,0.4730794739346615,0.2690115671022419,18.0,PMEL_HUMAN,661.0,True
P41594,7,0,multi-pass,True,False,True,False,False,2,member,1.0,,,,Client,,0.4472689263,0.2700821069,0.0,0.448,0.024300087,0.8,0.697361,-0.125,2.96,0.0528052805280528,0.0866336633663366,0.0978040918707847,0.264308750629425,0.62,0.33365947,0.0833333333333333,224.6271801839122,-975.0,1212,0.198019801980198,0.0049504950495049,0.1710873737726252,0.4891730839750586,441.0,0.2018140589569161,0.0340136054421768,0.1864857236858821,0.4501385739480963,157.0,0.0254777070063694,0.0127388535031847,0.2704788450011435,0.6983014861995751,593.0,0.2411467116357504,-0.0185497470489038,0.164284771929108,0.4574854787333706,0.3638613861386138,0.1295379537953795,0.4892739273927393,4,7,4,0.0,3.083502619830268,0.638390274607187,0.1751061564617951,18.0,GRM5_HUMAN,1212.0,True
P42167,1,0,single-pass,True,False,False,False,False,1,member,2.0,,,,,,,,,,,,,,,,,,,,,,,,454,0.3017621145374449,0.0242290748898678,0.1764714009697482,0.4151492902594231,,,,,,24.0,0.0416666666666666,0.0416666666666666,0.9999999999999998,0.7620370370370371,20.0,0.2,0.0,0.1412886969042476,0.3677777777777777,,0.052863436123348,0.0440528634361233,0,1,1,0.0,2.657055852857104,,,,,,
P42261,3,2,multi-pass,True,False,True,False,False,2,member,1.0,,,,Client,,0.5087744366,0.1705492249,0.0,0.504,0.19668517,0.65,1.09905,-0.082,1.25,0.0,0.0441501103752759,0.0727821514010429,0.2970636188983917,0.16,0.9211871,0.0883002207505518,173.58236303026064,-711.0,906,0.2185430463576159,0.0022075055187637,0.1547082562045733,0.4778636252146208,113.0,0.2300884955752212,-0.0176991150442477,0.2155566689251268,0.4021632251720749,63.0,0.0317460317460317,0.0,0.6847071021254536,0.7216931216931213,693.0,0.2453102453102453,0.0057720057720057,0.1485081216802287,0.4600288600288604,0.1247240618101545,0.0695364238410596,0.7649006622516556,3,3,2,0.0,2.957128197676813,0.6046338889959538,0.2185104642780933,18.0,GRIA1_HUMAN,906.0,True
P42262,3,2,multi-pass,True,False,True,False,False,2,member,1.0,,,,Client,,0.5594899174,0.2141944523,0.0,0.504,0.098623216,0.34,1.15096,-0.234,0.68,0.0,0.0430351075877689,0.0486434437334537,0.0956318825483322,0.15,0.9085706,0.0849377123442808,89.55157042180218,-677.0,883,0.2253680634201585,0.001132502831257,0.1561868861918324,0.4820812885365559,83.0,0.2891566265060241,-0.0240963855421686,0.2256191611651528,0.360107095046854,63.0,0.0317460317460317,0.0,0.6847071021254536,0.7211640211640207,694.0,0.2478386167146974,0.0028818443804034,0.1501524285173079,0.4664745437079728,0.0939977349943374,0.0713476783691959,0.7859569648924122,3,3,2,0.0,2.945960703577569,0.5018021323496362,0.2231952893158826,18.0,GRIA2_HUMAN,883.0,False
P42263,3,2,multi-pass,True,False,True,False,False,2,member,1.0,,,,Client,,0.4561770346,0.1981006671,0.0,0.443,0.27321514,0.56,0.983199,-0.084,1.97,0.0,0.0626398210290827,0.058513481169939,0.1646669656038284,0.24,0.9076638,0.1017897091722595,91.95329610535111,-718.0,894,0.2181208053691275,0.0100671140939597,0.1660973942422978,0.4739870743226456,85.0,0.2941176470588235,-0.0117647058823529,0.2133583453935603,0.3317647058823529,63.0,0.0317460317460317,0.0,0.6847071021254536,0.717813051146384,699.0,0.234620886981402,0.0085836909871244,0.158671860394879,0.4633444603401692,0.0950782997762863,0.0704697986577181,0.7818791946308725,3,3,2,0.0,2.951337518795918,0.5991657094358183,0.2157872593205834,18.0,GRIA3_HUMAN,894.0,False
P42658,1,0,single-pass,True,False,True,False,False,2,member,1.0,,,,Client,,0.7698239343000001,0.3283573997,0.001666667,0.466,0.089033686,0.24,0.923526,-0.097,3.18,0.0716763005780346,0.0682080924855491,0.2452871054410934,0.2932498455047607,0.91,0.091204725,0.0971098265895953,80.28832823178435,-579.0,865,0.2358381502890173,-0.0184971098265895,0.1848702156610874,0.449967886962107,95.0,0.2421052631578947,0.0105263157894736,0.3781084976217357,0.3819883040935676,21.0,0.0,0.0,,0.8523809523809522,749.0,0.2416555407209613,-0.0226969292389853,0.1660061640937085,0.4473075211392985,0.1098265895953757,0.0242774566473988,0.8658959537572254,1,1,1,0.0,2.9370161074648142,0.6809987679757782,0.1882060534762587,18.0,DPP6_HUMAN,865.0,True
P43003,8,2,multi-pass,False,False,True,False,False,1,,,,,,Client,,0.1996970396,0.1227686768,0.0,0.374,0.014863829,0.19,0.225968,-0.263,-1.1,0.018450184501845,0.092250922509225,0.067762479186058,0.0359781794250011,0.38,0.086802155,0.066420664206642,1.5674144548929632,-787.0,542,0.1863468634686347,0.0055350553505535,0.1731610302235736,0.5418409184091814,132.0,0.3939393939393939,0.0454545454545454,0.1495895967062474,0.3486531986531991,189.0,0.0582010582010582,-0.0052910052910052,0.2289496748472537,0.6877718988830096,156.0,0.2371794871794871,-0.0192307692307692,0.1774743665575973,0.47977207977208,0.2435424354243542,0.3487084870848708,0.2878228782287823,6,8,5,0.0,2.733999286538387,0.3437829725236159,0.1904365767872084,18.0,EAA1_HUMAN,542.0,False
P43004,8,2,multi-pass,True,False,True,False,False,2,member,2.0,,,,Client,,0.3095544355,0.1994535311,0.000833333,0.288,0.004569127,0.19,0.186404,-0.308,-0.85,0.0034843205574912,0.0975609756097561,0.0818251147866249,0.0307361092418432,0.38,0.05710646,0.0470383275261324,8.954568437880328,-906.0,574,0.181184668989547,-0.0104529616724738,0.1816863690084369,0.5482384823848212,160.0,0.33125,-0.01875,0.1364481752149725,0.3822222222222223,186.0,0.0698924731182795,0.0053763440860215,0.1776063698152759,0.6829151732377545,163.0,0.2269938650306748,-0.0306748466257668,0.2378531143287031,0.5128834355828222,0.2787456445993031,0.3240418118466899,0.28397212543554,6,8,5,0.0,2.7589118923979736,0.3601100626809851,0.2408523558633276,18.0,EAA2_HUMAN,574.0,True
P43119,7,0,multi-pass,False,False,True,False,False,1,,,,,,Regulator,,0.0478244904,0.0384993149,0.0,0.198,0.0039320714,0.36,-0.537208,-0.218,0.43,0.0854922279792746,0.0984455958549222,0.059826660901308,0.0347937047481536,0.52,0.1561719,0.0854922279792746,25.55206271809488,-565.0,386,0.1243523316062176,0.0259067357512953,0.2376150427345468,0.5548934945307996,150.0,0.2066666666666666,0.06,0.1960962772853055,0.4473333333333334,165.0,0.0363636363636363,0.0,0.3988500263640246,0.6953535353535354,71.0,0.1549295774647887,0.0140845070422535,0.2658100299001643,0.4557120500782474,0.38860103626943,0.4274611398963731,0.1839378238341968,4,7,4,0.0,2.586587304671755,0.3662019144077749,0.235437886648699,18.0,PI2R_HUMAN,386.0,False
P43628,1,0,single-pass,True,False,True,False,False,2,member,2.0,,,,Client,,0.0555956614,0.07532036,0.000833333,0.211,0.004106763,0.76,0.0973104,-0.187,2.88,0.0,0.0909090909090909,0.0608082897961139,0.0521664321422576,0.58,0.7888994,0.0791788856304985,91.9425761158176,-166.0,341,0.1818181818181818,-0.0175953079178885,0.1985581593047111,0.4640273704789834,76.0,0.2763157894736842,-0.0131578947368421,0.3462155365036686,0.3728070175438592,20.0,0.0,0.0,,0.8538888888888888,224.0,0.1830357142857142,-0.0223214285714285,0.1408547629020589,0.4392361111111103,0.2228739002932551,0.0586510263929618,0.656891495601173,1,1,1,0.0,2.5327543789924976,0.4453240139797184,0.2871058281158375,18.0,KI2L3_HUMAN,341.0,True
P45880,19,1,multi-pass,True,False,True,False,False,2,member,2.0,,,,Client,,0.6559170865,0.5656400126000001,0.0,0.761,0.8283471,0.23,1.21925,-0.209,1.7,0.0,0.0408163265306122,0.5659265518188477,0.8259989619255066,0.01,0.9327265,0.0578231292517006,61.04522930758198,-3.0,294,0.2006802721088435,0.0034013605442176,0.197225663819159,0.4695389266817832,57.0,0.1929824561403508,0.0175438596491228,0.1298216384328611,0.3777777777777778,183.0,0.1912568306010929,0.0273224043715847,0.1720198663899766,0.5049787492410449,28.0,0.2857142857142857,-0.2142857142857142,0.3244296691143924,0.3841269841269841,0.1938775510204081,0.6224489795918368,0.0952380952380952,10,19,9,0.0,2.4683473304121573,0.5852996324526258,0.3447849914459781,18.0,VDAC2_HUMAN,294.0,True
P46531,1,0,single-pass,False,True,True,False,False,2,,,in_phasepdb_no_class,Transcriptional condensate,NOTCH1 TAN1,Regulator,,0.1535407927,0.2245633972,0.001666667,0.743,0.03198308,0.93,1.28985,0.332,4.19,0.0254403131115459,0.084931506849315,0.7082613706588745,0.6746965646743774,0.97,0.94605476,0.0641878669275929,594.8523128963775,259.0,2555,0.1788649706457925,-0.0489236790606653,0.20431297845126,0.4533202870189165,799.0,0.1864831038798498,-0.0262828535669586,0.2230491759126203,0.4442497566402459,21.0,0.0,0.0,,0.7788359788359787,1717.0,0.1793826441467676,-0.0605707629586488,0.1917880838010401,0.4507668413900194,0.312720156555773,0.0082191780821917,0.6720156555772994,1,1,1,0.0,3.407390904470732,0.6989791037690526,0.3331035349990187,18.0,NOTC1_HUMAN,2555.0,False
P47804,7,0,multi-pass,False,False,True,False,False,1,,,,,,Regulator,,0.0269362146,0.0990113787,0.0,0.027,0.9293672,0.1,-0.812461,-0.286,0.12,0.0,0.0412371134020618,0.060618333518505,0.032381348311901,0.2,0.1356674,0.0721649484536082,0.0,-473.0,291,0.120274914089347,0.0103092783505154,0.154198990196233,0.5460481099656354,80.0,0.225,0.1,0.0800241963272891,0.4154166666666668,147.0,0.0272108843537414,-0.0136054421768707,0.4526290436326528,0.6675736961451247,64.0,0.203125,-0.046875,0.2401489437432479,0.4302083333333332,0.274914089347079,0.5051546391752577,0.2199312714776632,4,7,4,0.0,2.463892988985908,0.2554739391873626,0.233991133044986,18.0,RGR_HUMAN,291.0,True
P47893,7,0,multi-pass,False,False,True,False,False,1,,,,,,Regulator,,0.0505539943,0.0459643742,0.0,0.02,0.8559945,0.11,-0.843547,-0.23,-0.67,0.0,0.0373831775700934,0.0579573325812816,0.0317151024937629,0.48,0.41349018,0.0685358255451713,0.8398311594252771,-537.0,321,0.1214953271028037,0.0031152647975077,0.1899478097150082,0.5653859466943575,65.0,0.2307692307692307,0.1076923076923077,0.2144938098321846,0.4933333333333333,151.0,0.0331125827814569,0.0066225165562913,0.4448189847650213,0.6537159676232527,105.0,0.1809523809523809,-0.0666666666666666,0.2026869698226134,0.4829629629629628,0.2024922118380062,0.470404984423676,0.3271028037383177,4,7,4,0.0,2.506505032404872,0.2693130856631536,0.2638451765740756,18.0,OR3A2_HUMAN,321.0,False
P47985,1,0,single-pass,True,False,True,False,False,2,member,2.0,,,,Client,,0.5828806875,0.429862356,0.0,0.481,0.012206353,0.31,-0.107928,-0.366,1.2,0.0,0.0328467153284671,0.0914156958460807,0.1863884180784225,0.07,0.04272524,0.0948905109489051,6.06030207628828,-214.0,274,0.2153284671532846,0.010948905109489,0.1691338786526652,0.4913219789132208,,,,,,37.0,0.1621621621621621,0.054054054054054,0.1866248117534465,0.5123123123123122,134.0,0.2462686567164179,-0.0223880597014925,0.2043160753063632,0.4771973466003314,,0.1350364963503649,0.4890510948905109,0,1,1,0.0,2.437750562820388,0.3887227714022127,0.2166838634757558,18.0,UCRI_HUMAN,274.0,True
P48058,3,2,multi-pass,True,False,True,False,False,2,member,1.0,,,,Client,,0.3710733558,0.2031827983,0.0,0.44,0.023312734,0.38,0.909983,-0.237,1.02,0.0,0.0277161862527716,0.0465752109885215,0.0937378257513046,0.2,0.8908799,0.08980044345898,71.3751785914435,-859.0,902,0.220620842572062,0.0055432372505543,0.1653488738419978,0.4883099285538296,101.0,0.2871287128712871,-0.0099009900990099,0.2257691456449427,0.4094609460946096,63.0,0.0317460317460317,0.0,0.6847071021254536,0.7211640211640207,698.0,0.2378223495702005,0.0057306590257879,0.1582469030882015,0.4717605858006994,0.1119733924611973,0.0698447893569844,0.7738359201773836,3,3,2,0.0,2.9552065375419416,0.4775290240014365,0.2259474917892457,18.0,GRIA4_HUMAN,902.0,False
P48145,7,0,multi-pass,False,False,True,False,False,1,,,,,,Regulator,,0.0518004793,0.0467359073,0.0,0.074,0.008245704,0.16,-1.70776,-0.295,-0.66,0.0,0.0823170731707317,0.0657465308904647,0.02750900760293,0.53,0.08853428,0.1006097560975609,2.202040318255704,-769.0,328,0.1341463414634146,0.024390243902439,0.2110454861454294,0.5754403794037929,90.0,0.2666666666666666,0.1555555555555555,0.1689793077937129,0.4830864197530863,151.0,0.0331125827814569,-0.0198675496688741,0.4891912886979517,0.6862398822663726,87.0,0.1724137931034483,-0.0344827586206896,0.2180693870340603,0.4786717752234994,0.274390243902439,0.4603658536585366,0.2652439024390244,4,7,4,0.0,2.515873843711679,0.2773014852970364,0.2491388904711285,18.0,NPBW1_HUMAN,328.0,False
P48169,4,0,multi-pass,True,False,True,False,False,2,member,1.0,,,,Client,,0.4728386671,0.172404622,0.000833333,0.252,0.020946294,0.84,0.000588077,-0.128,1.11,0.0,0.0776173285198556,0.0593276508152484,0.0755973309278488,0.47,0.2808558,0.0902527075812274,71.72578559156563,-330.0,554,0.1949458483754512,0.03971119133574,0.1714357180565061,0.4818090653830733,180.0,0.2,0.0888888888888888,0.1977935689117289,0.4069135802469129,88.0,0.0681818181818181,0.0,0.2995874284758024,0.6463383838383838,251.0,0.247011952191235,0.0159362549800796,0.1559075511412178,0.4571934484285082,0.3249097472924188,0.1588447653429603,0.4530685920577617,2,4,3,0.0,2.74350976472843,0.4925789499853013,0.202544898138516,18.0,GBRA4_HUMAN,554.0,True
P49146,7,0,multi-pass,False,True,False,False,False,1,,,in_phasepdb_no_class,,NPY2R,,,0.0676945485,0.0647755815,0.0,0.089,0.0028923738,0.15,-0.659332,-0.4,-1.11,0.0367454068241469,0.0419947506561679,0.0591083094477653,0.0386468172073364,0.31,0.08522265,0.0708661417322834,0.0,-659.0,381,0.1758530183727034,-0.0026246719160104,0.2103650712010679,0.5387868183143778,112.0,0.2857142857142857,0.125,0.2254864216993246,0.4030753968253965,182.0,0.0329670329670329,-0.0109890109890109,0.285884098665114,0.6788156288156273,87.0,0.3333333333333333,-0.1494252873563218,0.1436321582408866,0.4205619412515963,0.2939632545931758,0.4776902887139108,0.2283464566929134,4,7,4,0.0,2.5809249756756194,0.2190094095004976,0.1945696337261901,18.0,NPY2R_HUMAN,381.0,False
P49768,9,0,multi-pass,True,False,True,False,False,2,member,1.0,,,,Client,,0.0579212579,0.2569028892,0.0,0.431,0.07496973,0.47,-0.372726,-0.056,-0.55,0.0578158458244111,0.1413276231263383,0.3997560143470764,0.280210793018341,0.63,0.07210023,0.0835117773019272,28.93029341205873,-744.0,467,0.1862955032119914,-0.032119914346895,0.249940266220858,0.5202474423031181,211.0,0.3080568720379147,-0.0616113744075829,0.2704227031470928,0.3693522906793046,195.0,0.0564102564102564,0.0153846153846153,0.2463609374475054,0.7079202279202275,61.0,0.180327868852459,-0.081967213114754,0.2905695160756753,0.4422586520947175,0.4518201284796574,0.4175588865096359,0.1306209850107066,5,9,5,0.0,2.6693168805661123,0.5136170864478005,0.253352762177617,18.0,PSN1_HUMAN,467.0,True
P49810,8,1,multi-pass,True,False,True,False,False,2,member,1.0,,,,Client,,0.0489451228,0.1266066065,0.0,0.354,0.019262578,0.4,-0.434687,-0.385,0.64,0.1205357142857142,0.1339285714285714,0.062384657561779,0.066434159874916,0.65,0.056933288,0.078125,3.2857175742586104,-644.0,448,0.1808035714285714,-0.0558035714285714,0.2919577561617149,0.5332589285714308,205.0,0.3121951219512195,-0.1073170731707317,0.349278378184115,0.3975609756097567,168.0,0.0238095238095238,0.0,0.5509028515401586,0.718584656084656,54.0,0.2222222222222222,-0.037037037037037,0.1928361488860454,0.4345679012345676,0.4575892857142857,0.375,0.1205357142857142,6,8,4,0.0,2.651278013998144,0.377845930109244,0.233089362617069,18.0,PSN2_HUMAN,448.0,False
P49961,2,0,multi-pass,True,False,True,False,False,2,member,1.0,,,,Client,,0.399498759,0.2289742739,0.0,0.145,0.016468845,0.13,0.317578,-0.135,0.97,0.0,0.0274509803921568,0.0631163939833641,0.0301156155765056,0.02,0.067063145,0.0784313725490196,3.0471359774876623,-500.0,510,0.1862745098039215,-0.0137254901960784,0.1379444068168431,0.4893246187363829,27.0,0.3333333333333333,0.037037037037037,0.1397705575087195,0.3724279835390947,42.0,0.0,0.0,,0.815873015873016,441.0,0.1950113378684807,-0.0181405895691609,0.1443907243694691,0.4653817082388493,0.0529411764705882,0.0823529411764705,0.8647058823529412,2,2,1,0.0,2.7075701760979363,0.3146646474133998,0.1877538468686628,18.0,ENTP1_HUMAN,510.0,True
P50281,1,0,single-pass,True,False,True,False,False,2,member,1.0,,,,Client,,0.6083975775,0.3676750625,0.001666667,0.459,0.06500304,0.37,1.06907,-0.114,2.63,0.0,0.1563573883161512,0.0754575356841087,0.2541364729404449,0.97,0.8060227,0.1082474226804123,51.67913018871848,-194.0,582,0.2388316151202749,0.0017182130584192,0.2004869418374398,0.448319969453989,20.0,0.35,0.25,0.1190400353088162,0.3916666666666666,21.0,0.0,0.0,,0.8470899470899471,430.0,0.2558139534883721,-0.0325581395348837,0.1847337662166746,0.4287855297157605,0.0343642611683848,0.0360824742268041,0.738831615120275,1,1,1,0.0,2.7649229846498886,0.6630265759905851,0.221284963908652,18.0,MMP14_HUMAN,582.0,True
P50416,2,0,multi-pass,True,False,True,False,False,2,member,1.0,,,,Client,,0.4602576478,0.2090954818,0.0,0.467,0.041657332,0.24,0.411278,-0.27,0.67,0.0,0.0,0.0582180842757225,0.0663453787565231,0.15,0.12047037,0.1047865459249676,12.163114667440212,-852.0,773,0.2238033635187581,0.0142302716688227,0.1898102656727383,0.4709788702026717,697.0,0.2395982783357245,0.0129124820659971,0.1944778310287453,0.4581380519687546,46.0,0.0,0.0,,0.6567632850241547,29.0,0.2068965517241379,0.0689655172413793,0.2040274868153369,0.4766283524904214,0.9016817593790428,0.0595084087968952,0.03751617076326,2,2,1,0.0,2.888179493918325,0.4129754852025009,0.1911606611847795,18.0,CPT1A_HUMAN,773.0,True
P50993,10,0,multi-pass,True,False,True,False,False,2,member,1.0,,,,Client,,0.6184236080000001,0.702758192,0.001666667,0.517,0.4846672,0.34,0.685338,-0.316,1.2,0.0392156862745098,0.0274509803921568,0.0744726434350013,0.1206317096948623,0.36,0.9733638,0.0705882352941176,48.52235253908528,-1117.0,1020,0.2245098039215686,-0.0166666666666666,0.1682121949864578,0.4984204793028339,704.0,0.2627840909090909,-0.0071022727272727,0.1587689336778823,0.4563289141414131,204.0,0.1078431372549019,-0.0196078431372549,0.2331377399864549,0.6295751633986922,112.0,0.1964285714285714,-0.0714285714285714,0.2265583803895818,0.5241071428571425,0.6901960784313725,0.2,0.1098039215686274,6,10,5,0.0,3.008600171761917,0.6036499785889237,0.2421225716384311,18.0,AT1A2_HUMAN,1020.0,False
P51572,3,0,multi-pass,True,False,False,False,False,1,member,1.0,,,,,,0.6794089378,0.370655142,0.0,0.534,0.057731964,0.19,-0.274893,-0.295,-1.42,0.2154471544715447,0.1788617886178861,0.051188938319683,0.1413138955831527,0.05,0.21577999,0.0691056910569105,0.3789054193510006,-334.0,246,0.2845528455284553,0.008130081300813,0.1370324296443549,0.4825203252032537,139.0,0.3884892086330935,0.0,0.1269465819837608,0.387529976019185,63.0,0.0476190476190476,0.0158730158730158,1.0,0.7553791887125219,43.0,0.3023255813953488,0.0232558139534883,0.1548173965471532,0.3844961240310077,0.5650406504065041,0.2560975609756097,0.1747967479674796,2,3,2,0.0,2.39093510710338,0.4005246371105546,0.2849349254972152,18.0,BAP31_HUMAN,246.0,False
P51575,2,0,multi-pass,False,False,True,False,False,1,,,,,,Regulator,,0.3957723011,0.376922637,0.0,0.159,0.8724163,0.12,0.623149,-0.27,-0.33,0.0,0.0,0.113598920404911,0.1079152822494506,0.13,0.03401479,0.0852130325814536,7.226692564234467,-336.0,399,0.2180451127819548,0.0175438596491228,0.2317597086149481,0.4931216931216932,69.0,0.3333333333333333,0.072463768115942,0.3339657493100105,0.4011272141706925,42.0,0.0476190476190476,0.0,1.0,0.7505291005291007,288.0,0.2152777777777778,0.0069444444444444,0.2286388037651673,0.4776234567901229,0.1729323308270676,0.1052631578947368,0.7218045112781954,2,2,1,0.0,2.6009728956867484,0.3706846513679443,0.240164593080361,18.0,P2RX1_HUMAN,399.0,True
P51648,1,0,single-pass,True,False,True,False,False,2,member,2.0,,,,Client,,0.6522691117,0.3724541044,0.000833333,0.554,0.03934709,0.2,0.386971,-0.22,1.91,0.0,0.045360824742268,0.0540934279561042,0.0655726343393325,0.03,0.049076486,0.0824742268041237,19.705766895743075,-522.0,485,0.2391752577319587,0.0041237113402061,0.1836926549790699,0.4915463917525781,463.0,0.2462203023758099,0.0043196544276457,0.1860121030539586,0.4814494840412751,21.0,0.0952380952380952,0.0,0.1843462246777163,0.7206349206349206,,,,,,0.954639175257732,0.0432989690721649,,1,1,0,0.0,2.6857417386022635,0.4453653846725941,0.220947378875178,18.0,AL3A2_HUMAN,485.0,True
P51679,7,0,multi-pass,True,False,True,False,False,2,member,1.0,,,,Client,,0.0227600341,0.0566922988,0.0,0.174,0.0025921876,0.1,-0.83894,-0.44,-1.18,0.0,0.0861111111111111,0.0790504738688469,0.0389073863625526,0.61,0.10267517,0.0972222222222222,0.0,-748.0,360,0.1472222222222222,0.0027777777777777,0.2246599254227516,0.5596604938271617,95.0,0.2631578947368421,0.0947368421052631,0.2011170330780735,0.451812865497076,165.0,0.0242424242424242,-0.0121212121212121,0.4545196071010429,0.6846464646464646,100.0,0.24,-0.06,0.2084805980437267,0.4558888888888891,0.2638888888888889,0.4583333333333333,0.2777777777777778,4,7,4,0.0,2.556302500767288,0.2659116525130625,0.2679295056759189,18.0,CCR4_HUMAN,360.0,True
P51693,1,0,single-pass,True,False,False,False,False,1,,0.0,,,,,,0.3922861936,0.2970255061,0.000833333,0.49,0.043656457,0.96,0.451545,-0.259,1.78,0.0,0.1292307692307692,0.0717790201306343,0.0983084812760353,0.98,0.5868771,0.1046153846153846,85.95520621527008,-401.0,650,0.2523076923076923,-0.0338461538461538,0.1888943141454082,0.4301196581196563,47.0,0.3404255319148936,0.0,0.1981309621293245,0.371631205673759,23.0,0.0,0.0,,0.7270531400966183,542.0,0.2656826568265683,-0.047970479704797,0.1785267704454988,0.4143706437064344,0.0723076923076923,0.0353846153846153,0.8338461538461538,1,1,1,0.0,2.812913356642856,0.6024330199875086,0.2002689661148537,18.0,APLP1_HUMAN,650.0,False
P51798,10,7,multi-pass,False,False,True,False,False,1,,,,,,Regulator,,0.1435002698,0.1853401999999999,0.0,0.262,0.002598781,0.22,0.532503,-0.209,0.71,0.0596273291925465,0.1055900621118012,0.0655717328190803,0.071455031633377,0.69,0.05401453,0.0857142857142857,23.331183536750537,-1074.0,805,0.1838509316770186,0.0074534161490683,0.187616774514861,0.5265010351966893,334.0,0.2724550898203592,0.0029940119760479,0.2164633408920701,0.4479374584165013,232.0,0.0646551724137931,0.021551724137931,0.2843520799684133,0.6698275862068962,,,,,,0.4149068322981366,0.2881987577639751,,2,10,0,0.0,2.9057958803678687,0.4456456343345166,0.2159561164944352,18.0,CLCN7_HUMAN,805.0,False
P51805,1,0,single-pass,False,False,True,False,False,1,,,,,,Regulator,,0.3455204615,0.2065713894,0.0,0.444,0.1333187,0.26,0.589139,-0.081,2.32,0.0,0.0374131480491715,0.0877728834748268,0.1690470576286316,0.08,0.78787756,0.0919294494922501,97.5416206769602,-1876.0,1871,0.2068412613575628,-0.0016034206306787,0.1767179590975996,0.4823089257081772,630.0,0.2650793650793651,-0.0015873015873015,0.154018939805039,0.4554850088183434,21.0,0.0,0.0,,0.7444444444444442,1201.0,0.183180682764363,-0.0016652789342214,0.193245184339384,0.4876121750393254,0.3367183324425441,0.0112239444147514,0.6419027258150721,1,1,1,0.0,3.27207378750001,0.5604601651788763,0.2300261807176978,18.0,PLXA3_HUMAN,1871.0,False
P53007,6,0,multi-pass,True,False,True,False,False,2,member,1.0,,,,Client,,0.4600478608,0.2362143483,0.0,0.61,0.08460212,0.13,0.833239,-0.116,0.65,0.0,0.1864951768488746,0.0695566609501838,0.2242948561906814,0.06,0.029381925,0.1028938906752411,6.7785017800764855,-347.0,311,0.2057877813504823,0.0643086816720257,0.1440497746716615,0.4928188638799567,,,,,,111.0,0.081081081081081,0.027027027027027,0.3060873887746462,0.6303303303303301,,,,,,,0.3569131832797427,,0,6,0,0.0,2.492760389026837,0.4754197291502816,0.261135041743035,18.0,TXTP_HUMAN,311.0,True
P53985,12,0,multi-pass,True,False,True,False,False,2,member,2.0,,,,Client,,0.1946981102,0.2159583611,0.0,0.421,0.0030994285,0.29,0.927299,-0.243,0.12,0.1,0.054,0.0748157352209091,0.1651489287614822,0.63,0.054686513,0.066,0.0899145147388575,-591.0,500,0.152,0.02,0.1508570854960451,0.5386666666666666,189.0,0.3121693121693121,0.0476190476190476,0.144881571161861,0.3919459141681359,269.0,0.0334572490706319,0.0037174721189591,0.2282381955520918,0.6599752168525397,42.0,0.1904761904761904,0.0,0.1677148157887048,0.421957671957672,0.378,0.538,0.084,7,12,6,0.0,2.6989700043360187,0.4130356104510413,0.2295604370390568,18.0,MOT1_HUMAN,500.0,True
P54289,1,0,single-pass,True,False,True,False,False,2,member,1.0,,,,Client,,0.5992641120000001,0.3183535873,0.0,0.504,0.13809344,0.18,0.982121,-0.196,0.75,0.0,0.0226654578422484,0.0507169887423515,0.1587028056383133,0.15,0.20269935,0.0879419764279238,39.74484138625693,-833.0,1103,0.2311876699909338,-0.0244786944696282,0.1896586235823013,0.4630200463382687,9.0,0.1111111111111111,0.1111111111111111,0.7018098247629994,0.5172839506172839,21.0,0.0,0.0,,0.6544973544973546,1049.0,0.2411820781696854,-0.0257387988560533,0.1879501607997407,0.4546446351022154,0.0081595648232094,0.0190389845874886,0.9510426110607434,1,1,1,0.0,3.0425755124401905,0.4867353927695211,0.2145424273754989,18.0,CA2D1_HUMAN,1103.0,False
P54707,10,0,multi-pass,True,False,True,False,False,2,member,1.0,,,,Client,,0.7502798202000001,0.4591649025,0.0,0.503,0.0031553903,0.2,0.668627,-0.251,0.59,0.0009624639076034,0.0423484119345524,0.0625582560896873,0.0961565971374511,0.0,0.94956315,0.0692974013474494,29.000167469249305,-1358.0,1039,0.217516843118383,-0.0096246390760346,0.1668326386939127,0.5017324350336804,723.0,0.2572614107883817,-0.0110650069156293,0.1693609599485598,0.4609958506224058,204.0,0.0980392156862745,0.0,0.2634318366782049,0.642864923747276,112.0,0.1785714285714285,-0.0178571428571428,0.1004167474330689,0.5076388888888886,0.6958614051973051,0.1963426371511068,0.107795957651588,6,10,5,0.0,3.016615547557177,0.4739156504798036,0.2796377347981751,18.0,AT12A_HUMAN,1039.0,True
P54764,1,0,single-pass,True,False,True,False,False,2,member,1.0,,,,Client,,0.7011819403,0.9770632809,0.0,0.649,0.66816735,0.16,0.721685,-0.185,1.87,0.0,0.0233265720081135,0.0651040822267532,0.4071019291877746,0.1,0.9697595,0.0983772819472616,97.00257037239405,-810.0,986,0.22920892494929,-0.0060851926977687,0.1552319546732802,0.4683795357223359,417.0,0.2589928057553957,0.0095923261390887,0.1653856183447177,0.4564348521183052,22.0,0.0,0.0,,0.8328282828282828,528.0,0.2215909090909091,-0.0170454545454545,0.1439190882128215,0.4543981481481488,0.422920892494929,0.0223123732251521,0.5354969574036511,1,1,1,0.0,2.993876914941211,0.6270165434212611,0.2862162892853043,18.0,EPHA4_HUMAN,986.0,True
P55011,12,0,multi-pass,True,False,True,False,False,2,member,1.0,,,,Client,,0.467210236,0.2565829265,0.0,0.61,0.4939875,0.75,0.978805,-0.022,4.44,0.0841584158415841,0.0907590759075907,0.6035212278366089,0.5158939361572266,0.48,0.17085057,0.066006600660066,151.80824593311183,-1267.0,1212,0.1971947194719472,-0.0123762376237623,0.1664872260241081,0.5077466079941264,853.0,0.2379835873388042,-0.0105509964830011,0.1677051366369999,0.4543311189266654,260.0,0.05,0.0038461538461538,0.2029022900838787,0.6988461538461537,99.0,0.2323232323232323,-0.0707070707070707,0.1767356264451098,0.4661054994388326,0.7037953795379538,0.2145214521452145,0.0816831683168316,7,12,3,0.0297029702970297,3.083502619830268,0.7063601168624927,0.2357792009229887,18.0,S12A2_HUMAN,1212.0,True
P55084,0,1,intramembrane-only,True,False,True,False,False,2,,2.0,,,,Client,,0.7828879326,0.925684558,0.0,0.719,0.17560616,0.22,0.331169,-0.274,0.3,0.0,0.0,0.0634193271398544,0.1513677388429641,0.0,0.02880713,0.0717299578059071,10.987682595533183,-409.0,474,0.2088607594936709,0.0316455696202531,0.1864873666950628,0.4919596812001879,,,,,,,,,,,,,,,,,,,0,0,0,0.0,2.675778341674085,0.4113469747867112,0.2815869303544233,18.0,ECHB_HUMAN,474.0,True
P55087,6,2,multi-pass,True,False,True,False,False,2,member,1.0,,,,Client,,0.1296087005,0.064289272,0.0,0.129,0.014072804,0.16,0.306225,-0.272,-0.69,0.0495356037151702,0.0,0.1188175678253173,0.0942060202360153,0.33,0.027165944,0.0557275541795665,2.3433249332678097,-417.0,323,0.1578947368421052,0.0030959752321981,0.1680805035928026,0.5466804265565876,133.0,0.3233082706766917,0.037593984962406,0.1723531459613337,0.4329991645781118,125.0,0.024,-0.024,0.3299950253656568,0.7037333333333338,43.0,0.0930232558139534,-0.0465116279069767,0.2070225452606808,0.4609819121447029,0.4117647058823529,0.3869969040247678,0.1331269349845201,5,6,4,0.0,2.509202522331103,0.273091819299872,0.2011983649082353,18.0,AQP4_HUMAN,323.0,True
P55160,1,0,single-pass,True,False,True,False,False,2,member,1.0,,,,Client,,0.407620715,0.1563079581,0.0,0.318,0.21450572,0.22,0.00196026,-0.277,0.45,0.0,0.0141969831410825,0.0905655100941658,0.0496887974441051,0.36,0.15957938,0.0780834072759538,0.0,-1817.0,1127,0.2165039929015084,-0.0106477373558118,0.166446241916323,0.4954056985112882,,,,,,21.0,0.0476190476190476,-0.0476190476190476,0.6902017924891406,0.7179894179894178,,,,,,,0.0186335403726708,,0,1,0,0.0,3.0519239160461065,0.3876267549972608,0.2111940603012322,18.0,NCKPL_HUMAN,1127.0,False
P55283,1,0,single-pass,True,False,True,False,False,2,member,1.0,,,,Client,,0.5799686994000001,0.3263002544,0.0,0.666,0.12761429,0.51,0.771736,-0.083,2.0,0.0524017467248908,0.0884279475982532,0.0605558566749095,0.1406454592943191,0.93,0.8755809,0.0796943231441048,135.09664258487769,-456.0,916,0.212882096069869,-0.0513100436681222,0.1841562008014116,0.4641072295002427,160.0,0.325,-0.1125,0.2069908964014006,0.3804166666666669,22.0,0.0,0.0,,0.848989898989899,565.0,0.1858407079646017,-0.0548672566371681,0.1580165210849483,0.476027531956735,0.1746724890829694,0.0240174672489082,0.6168122270742358,1,1,1,0.0,2.9618954736678504,0.6421682889496725,0.1915254188699322,18.0,CADH4_HUMAN,916.0,True
P55344,4,0,multi-pass,False,False,True,False,False,1,,,,,,Regulator,,0.0744133884,0.0349928766,0.0,0.032,0.9030186,0.14,-1.06607,-0.291,-0.28,0.0,0.0,0.0826875194907188,0.0763462930917739,0.22,0.09203669,0.1213872832369942,0.0,-349.0,173,0.0982658959537572,0.0520231213872832,0.1666844290578327,0.5723827874116896,26.0,0.2692307692307692,0.1923076923076923,0.2002710119228412,0.3658119658119658,84.0,0.0,0.0,,0.7300264550264551,63.0,0.1587301587301587,0.0634920634920634,0.1913084240827539,0.447442680776014,0.1502890173410404,0.4855491329479768,0.3641618497109826,3,4,2,0.0,2.2380461031287955,0.292901734440237,0.2879884303936738,18.0,LMIP_HUMAN,173.0,True
P56180,3,0,multi-pass,True,False,True,False,False,2,member,1.0,,,,Client,,0.6279825078,0.8788691263,0.000833333,0.312,0.03492067,0.23,-0.00942556,-0.379,-0.3,0.0798548094373865,0.0961887477313974,0.059184331446886,0.0465100482106208,0.44,0.07622536,0.1143375680580762,1.049690037472877,-920.0,551,0.2522686025408348,0.0127041742286751,0.1679052895821448,0.4893123613631783,,,,,,63.0,0.1111111111111111,-0.0476190476190476,0.176639206935061,0.7536155202821865,,,,,,,0.1143375680580762,,0,3,0,0.0,2.741151598851785,0.4765841591831485,0.2932944027040111,18.0,TPTE_HUMAN,551.0,True
P59534,7,0,multi-pass,False,False,True,False,False,1,,,,,,Regulator,,0.0275386737,0.0471905139,0.0,0.033,0.7486246,0.19,-1.12195,-0.237,-0.45,0.0,0.0,0.1215640679001808,0.031894139945507,0.55,0.20358181,0.0710059171597633,11.546387797130611,-709.0,338,0.1183431952662721,0.0236686390532544,0.2506949732109644,0.5685404339250489,104.0,0.1923076923076923,0.0961538461538461,0.2734076079250045,0.4662393162393159,147.0,0.0204081632653061,-0.0068027210884353,0.642466211337049,0.7043083900226759,87.0,0.1954022988505747,-0.0114942528735632,0.2558367639871847,0.4614303959131545,0.3076923076923077,0.4349112426035503,0.257396449704142,4,7,4,0.0,2.5289167002776547,0.3097222519332212,0.2722835514368466,18.0,T2R39_HUMAN,338.0,True
P60033,4,0,multi-pass,True,False,True,False,False,2,member,1.0,,,,Client,,0.1198757933,0.1155254814,0.0,0.419,0.07792122,0.11,-0.451251,-0.356,-1.4,0.0,0.1779661016949152,0.0774353966116905,0.0294425189495086,0.52,0.06366145,0.0423728813559322,0.0,-431.0,236,0.1398305084745762,-0.0211864406779661,0.1656055060319636,0.576600753295668,29.0,0.1724137931034483,0.0344827586206896,0.3683302952144366,0.5118773946360153,88.0,0.0227272727272727,-0.0227272727272727,0.5161342203846174,0.7536616161616163,119.0,0.2184873949579832,-0.0336134453781512,0.1497799025026903,0.4614379084967315,0.1228813559322034,0.3728813559322034,0.5042372881355932,3,4,2,0.0,2.3729120029701067,0.2751777505414015,0.2393382142197042,18.0,CD81_HUMAN,236.0,True
P60201,4,0,multi-pass,True,False,True,False,False,2,member,1.0,,,,Client,,0.0429569104,0.0651557676,0.0,0.099,0.023700621,0.16,-0.17492,-0.263,-0.33,0.0,0.0,0.0934062898159027,0.0347514301538467,0.54,0.0673112,0.075812274368231,18.2411428812518,-428.0,277,0.111913357400722,0.0252707581227436,0.1595666220399242,0.5611311672683514,88.0,0.2045454545454545,0.0909090909090909,0.1405580290874249,0.4622474747474745,105.0,0.0,0.0,,0.6986243386243388,83.0,0.1566265060240964,-0.0120481927710843,0.1544611113665177,0.4902275769745649,0.3176895306859206,0.3790613718411552,0.2996389891696751,3,4,2,0.0,2.4424797690644486,0.2655100991516076,0.1684642764143719,18.0,MYPR_HUMAN,277.0,True
P60468,1,0,single-pass,True,False,True,False,False,2,member,1.0,,,,Client,,0.2187641112,0.654419225,,0.527,0.66074955,0.94,0.210286,-0.111,,1.0,0.28125,0.4241982996463775,0.4202285706996918,0.78,0.8879307,0.1041666666666666,42.45510504661329,-37.0,96,0.1458333333333333,0.1041666666666666,0.2427451480936963,0.4843750000000001,69.0,0.1739130434782608,0.1159420289855072,0.2541815612462939,0.4215780998389694,21.0,0.0,0.0,,0.7354497354497354,5.0,0.4,0.4,,0.2511111111111111,0.71875,0.21875,0.0520833333333333,1,1,1,0.0,1.9822712330395684,0.7124882083464229,0.2653550169203528,16.0,SC61B_HUMAN,96.0,True
P61073,7,0,multi-pass,False,True,False,False,False,1,,,in_phasepdb_no_class,,CXCR4,,,0.0584381525,0.1480987065,0.0,0.232,0.24888709,0.19,-0.344548,-0.388,-0.83,0.0568181818181818,0.0454545454545454,0.2543185949325561,0.2931163311004638,0.4,0.092421554,0.0795454545454545,12.559834313493514,-633.0,352,0.1647727272727272,0.0113636363636363,0.2305487642325918,0.5443813131313139,113.0,0.247787610619469,0.1592920353982301,0.2300168407498735,0.4270403146509346,148.0,0.027027027027027,-0.027027027027027,0.2900207159689631,0.7084084084084086,91.0,0.2857142857142857,-0.1098901098901098,0.1402627687601345,0.4233211233211233,0.3210227272727273,0.4204545454545454,0.2585227272727273,4,7,4,0.0,2.546542663478131,0.3846460222895919,0.2330119337756755,18.0,CXCR4_HUMAN,352.0,False
P61266,1,0,single-pass,True,False,True,False,False,2,member,2.0,,,,Client,,0.8285237875,0.7276059850000001,0.0,0.262,0.35057968,0.23,-0.15388,-0.493,-1.4,0.1076388888888889,0.0972222222222222,0.0536769740283489,0.1816758811473846,0.87,0.8756788,0.0868055555555555,0.7477971276618762,-313.0,288,0.3611111111111111,-0.0416666666666666,0.2227904633999381,0.4228780864197526,264.0,0.3939393939393939,-0.0454545454545454,0.2102667861368664,0.390909090909091,24.0,0.0,0.0,,0.774537037037037,,,,,,0.9166666666666666,0.0833333333333333,,1,1,0,0.0,2.459392487759231,0.4786413554388358,0.318897236045815,18.0,STX1B_HUMAN,288.0,True
P61803,3,0,multi-pass,True,False,True,False,False,2,member,1.0,,,,Client,,0.1090922114,0.0413076915,0.0,0.081,0.056013606,0.1,-1.28124,-0.349,,0.0,0.1150442477876106,0.0920757725834846,0.1052106022834777,0.45,0.021424672,0.0707964601769911,0.0,-225.0,113,0.1061946902654867,0.0,0.1908950075170564,0.5916420845624388,48.0,0.2291666666666666,0.0208333333333333,0.1744998681739716,0.4587962962962965,63.0,0.0158730158730158,-0.0158730158730158,0.999999999999998,0.6952380952380952,,,,,,0.4247787610619469,0.5575221238938053,,2,3,0,0.0,2.0530784434834195,0.2436907187627715,0.2187726237009845,17.0,DAD1_HUMAN,113.0,True
P63027,1,0,single-pass,False,True,False,False,False,1,,,PS-other only,,VAMP2 SYB2,,,0.3293824143,0.1218503367,0.000833333,0.372,0.091656424,0.4,-1.23816,-0.291,,0.7844827586206896,0.3275862068965517,0.0957423523068428,0.1251447200775146,0.61,0.94790345,0.0689655172413793,2.363763326915276,-146.0,116,0.2155172413793103,0.0086206896551724,0.2496935054188738,0.4981800766283527,93.0,0.2688172043010752,0.010752688172043,0.2359869174152531,0.4187574671445636,20.0,0.0,0.0,,0.8650000000000002,,,,,,0.8017241379310345,0.1724137931034483,,1,1,0,0.0,2.0644579892269186,0.4878814156357819,0.3042963157111883,17.0,VAMP2_HUMAN,116.0,False
P78324,1,0,single-pass,True,False,True,False,False,2,member,1.0,,,,Client,,0.5602915848000001,0.4048034568,0.0075,0.498,0.37357825,0.63,0.240801,-0.227,1.16,0.1130952380952381,0.0714285714285714,0.0477591417729854,0.1260248571634292,0.97,0.57333434,0.0753968253968253,41.610419815322444,-329.0,504,0.2083333333333333,-0.0059523809523809,0.182027979587255,0.4515652557319213,110.0,0.2636363636363636,0.009090909090909,0.2457883333168181,0.3658585858585861,21.0,0.0,0.0,,0.8169312169312167,343.0,0.2157434402332361,-0.0116618075801749,0.1493808598614047,0.4440881114350478,0.2182539682539682,0.0416666666666666,0.6805555555555556,1,1,1,0.0,2.702430536445525,0.5859224056985366,0.2337045675347627,18.0,SHPS1_HUMAN,504.0,True
P78357,1,0,single-pass,True,False,True,False,False,2,member,1.0,,,,Client,,0.1742376484,0.0795962049,0.0,0.537,0.026862904,0.43,1.1486,-0.025,3.13,0.0404624277456647,0.0585260115606936,0.1699986308813095,0.1336263567209243,0.9,0.41082567,0.1271676300578034,138.41776836405998,-727.0,1384,0.1972543352601156,-0.0065028901734104,0.1859886965098822,0.4650048169556856,80.0,0.15,0.0,0.1655834107087589,0.3765277777777779,21.0,0.0,0.0,,0.8291005291005289,1264.0,0.2049050632911392,-0.0071202531645569,0.1892391933913624,0.4617791842475368,0.0578034682080924,0.0151734104046242,0.9132947976878611,1,1,1,0.0,3.141136090120739,0.6306581908856786,0.2560332435042742,18.0,CNTP1_HUMAN,1384.0,True
P81605,1,0,single-pass,True,False,True,False,False,2,member,1.0,,,,Client,,0.6166398213000001,0.8776419502,0.001666667,0.475,0.0127321975,0.83,0.591017,-0.351,,0.9363636363636364,0.3,0.0511672720313072,0.3999907970428467,0.75,0.11363331,0.0454545454545454,2.463976878954879,-45.0,110,0.2636363636363636,-0.009090909090909,0.2415344699127695,0.4750505050505054,,,,,,45.0,0.3555555555555555,-0.0444444444444444,0.1791449162349692,0.4787654320987655,,,,,,,0.4090909090909091,,0,1,0,0.0,2.041392685158225,0.5341937484423074,0.3538161140337857,17.0,DCD_HUMAN,110.0,True
P98194,10,0,multi-pass,True,False,True,False,False,2,member,1.0,,,,Client,,0.5186312783,0.3860634156,0.0,0.487,0.15230931,0.18,0.345838,-0.22,1.55,0.0,0.0674646354733405,0.0645019486546516,0.0915399715304374,0.37,0.16604525,0.0544069640914037,19.030017277362216,-951.0,919,0.2023939064200217,-0.0043525571273122,0.1776243731994951,0.5191149800507782,652.0,0.2361963190184049,-0.00920245398773,0.1860919950865075,0.4826346284935245,202.0,0.094059405940594,0.0247524752475247,0.1922674404366862,0.6367436743674362,65.0,0.2,-0.0461538461538461,0.1406875117975328,0.5194871794871794,0.7094668117519043,0.2198041349292709,0.0707290533188248,6,10,5,0.0,2.9633155113861114,0.4650262740944386,0.1852000949203519,18.0,AT2C1_HUMAN,919.0,True
Q00325,6,0,multi-pass,True,False,True,False,False,2,member,4.0,,,,Client,,0.23960882,0.1247912975,0.0,0.599,0.10977365,0.19,0.211904,-0.201,0.89,0.0,0.0939226519337016,0.377679705619812,0.3537074625492096,0.15,0.09231424,0.0939226519337016,26.42343225605403,-391.0,362,0.1933701657458563,0.0441988950276243,0.1759210595067252,0.5026396562308161,,,,,,127.0,0.0472440944881889,0.0157480314960629,0.3969661733242617,0.6249343832020993,86.0,0.313953488372093,0.0116279069767441,0.1865928781563513,0.4156330749354003,,0.3508287292817679,0.2375690607734806,0,6,4,0.0,2.558708570533166,0.4758778970257571,0.1904874402988858,18.0,MPCP_HUMAN,362.0,True
Q00765,4,0,multi-pass,True,False,True,False,False,2,member,1.0,,,,Client,,0.1215246938,0.1847876505,0.0,0.292,0.019317219,0.13,-0.409742,-0.446,-0.34,0.164021164021164,0.0,0.0948670655488967,0.2309839725494384,0.04,0.35851312,0.0793650793650793,0.0,-269.0,189,0.2328042328042328,0.0105820105820105,0.1031490454916576,0.5116402116402115,110.0,0.3636363636363636,0.0181818181818181,0.0897493926096442,0.4186868686868689,75.0,0.04,0.0133333333333333,0.6370606411577633,0.6496296296296297,4.0,0.25,-0.25,,0.4805555555555555,0.582010582010582,0.3968253968253968,0.0211640211640211,3,4,2,0.0,2.2764618041732443,0.3013359796349802,0.2470353118129423,18.0,REEP5_HUMAN,189.0,True
Q01814,10,0,multi-pass,True,False,True,False,False,2,member,2.0,,,,Client,,0.6971660147000001,0.6348077189,0.0,0.681,0.26231334,0.64,0.947555,-0.105,0.51,0.0378117457763475,0.1069991954947707,0.1466818153858184,0.2414697110652923,0.92,0.955507,0.0611423974255832,118.59755518101404,-1035.0,1243,0.2405470635559131,-0.0152855993563958,0.1839006262881609,0.4816840976133004,925.0,0.2864864864864865,-0.0097297297297297,0.1778765960519598,0.4421981981981999,210.0,0.0761904761904762,-0.019047619047619,0.2370176944408344,0.6408994708994705,108.0,0.1666666666666666,-0.0555555555555555,0.3176734569269632,0.5102880658436215,0.7441673370876911,0.1689460981496379,0.0868865647626709,6,10,5,0.0,3.094471128641645,0.6974232381828024,0.2193803789984586,18.0,AT2B2_HUMAN,1243.0,True
Q02297,1,0,single-pass,True,False,True,False,False,2,member,1.0,,,,Client,,0.8084068136,0.5777380782,0.0175,0.634,0.45499912,1.0,0.639354,-0.142,1.67,0.1015625,0.2734375,0.0561914965510368,0.0939460918307304,0.99,0.5902256,0.08125,230.06861954256425,-38.0,640,0.240625,0.01875,0.2015226665937028,0.413385416666668,375.0,0.2293333333333333,-0.0106666666666666,0.2207742401687922,0.3944592592592595,23.0,0.0,0.0,,0.7893719806763286,223.0,0.2511210762331838,0.0448430493273542,0.1578935687749045,0.4231190832087693,0.5859375,0.0359375,0.3484375,1,1,1,0.0,2.806179973983887,0.7153031020209508,0.2802450427933008,18.0,NRG1_HUMAN,640.0,True
Q02413,1,0,single-pass,True,False,True,False,False,2,member,1.0,,,,Client,,0.5934722176,0.3238502564,0.003333333,0.81,0.25499815,0.83,1.36973,-0.045,2.7,0.0,0.0886558627264061,0.1749460697174072,0.4116694033145904,1.0,0.3966372,0.0743565300285986,505.0016454798687,-282.0,1049,0.1982840800762631,-0.0400381315538608,0.1713708548828398,0.4691875860608005,480.0,0.1770833333333333,-0.05625,0.1735942825050583,0.4715509259259258,21.0,0.0,0.0,,0.7788359788359787,499.0,0.220440881763527,-0.0400801603206412,0.1686286365601902,0.4522155421955027,0.4575786463298379,0.0200190657769304,0.4756911344137273,1,1,1,0.0,3.020775488193558,0.7203127230355084,0.2508134356090226,18.0,DSG1_HUMAN,1049.0,True
Q02978,6,0,multi-pass,True,False,True,False,False,2,member,2.0,,,,Client,,0.4566964067,0.7945472012,0.0,0.592,0.28465524,0.29,0.542109,-0.266,-0.62,0.0,0.0,0.3138682842254638,0.1180679053068161,0.11,0.05176595,0.1019108280254777,6.150980728299479,-437.0,314,0.1815286624203821,0.054140127388535,0.136498826045315,0.5129511677282373,,,,,,119.0,0.0504201680672268,0.0504201680672268,0.1836309565195209,0.6017740429505125,,,,,,,0.3789808917197452,,0,6,0,0.0,2.496929648073215,0.4589409819992361,0.2572172091723452,18.0,M2OM_HUMAN,314.0,True
Q03135,0,1,intramembrane-only,True,True,False,False,False,2,unknown,0.0,in_phasepdb_no_class,,CAV1 CAV,,,0.1765001169,0.1565787829,0.0,0.516,0.9744093,0.11,-0.510549,-0.438,-1.88,0.0,0.0,0.2238944470882415,0.2859078645706177,0.13,0.03209884,0.0786516853932584,0.8851696392068683,-314.0,178,0.2191011235955056,-0.0280898876404494,0.166092682239688,0.5071161048689143,156.0,0.25,-0.032051282051282,0.164711522552432,0.4757834757834754,,,,,,,,,,,0.8764044943820225,,,2,0,0,0.0,2.250420002308894,0.3107126734491652,0.2828556451315042,18.0,CAV1_HUMAN,178.0,False
Q03518,10,0,multi-pass,True,False,True,False,False,2,member,3.0,,,,Client,,0.0614284814,0.1703443933,0.0,0.327,0.006588073,0.4,0.457262,-0.155,3.28,0.0482673267326732,0.1373762376237624,0.15182426571846,0.0617403797805309,0.51,0.068440415,0.0721925133689839,23.11202660287932,-956.0,748,0.1537433155080214,-0.0013368983957219,0.177901463982682,0.523098633392751,466.0,0.1931330472103004,-0.0085836909871244,0.1764340293153288,0.4634716261325687,212.0,0.0660377358490566,0.0094339622641509,0.3081350353444544,0.6634696016771491,70.0,0.1571428571428571,0.0142857142857142,0.1724580152555262,0.494920634920635,0.6229946524064172,0.2834224598930481,0.0935828877005347,6,10,5,0.0,2.873901597864461,0.4873647674096444,0.2483791840437449,18.0,TAP1_HUMAN,808.0,True
Q03519,9,0,multi-pass,True,False,False,False,False,1,member,2.0,,,,,,0.0811888406,0.1561620616,0.0,0.211,0.0034482337,0.17,0.285626,-0.157,1.06,0.0,0.1705539358600583,0.0624931044876575,0.0315766185522079,0.12,0.060667668,0.0903790087463556,14.503185749790909,-858.0,686,0.173469387755102,0.0043731778425655,0.1482960585684297,0.515419501133787,433.0,0.2217090069284064,0.0,0.1387029840045422,0.465640236079035,189.0,0.0582010582010582,0.0158730158730158,0.2597370899135409,0.6427983539094648,64.0,0.1875,0.0,0.2593849416755036,0.4760416666666665,0.6311953352769679,0.2755102040816326,0.0932944606413994,5,9,5,0.0,2.836324115706752,0.3753121692235582,0.239163177412308,18.0,TAP2_HUMAN,686.0,False
Q04671,12,0,multi-pass,False,True,False,False,False,1,,,in_phasepdb_no_class,Inclusion body,OCA2 D15S12 P,,,0.0756650948,0.0351939545,0.0,0.164,0.00041875648,0.37,-0.208196,-0.197,1.2,0.0536992840095465,0.1264916467780429,0.0722327232360839,0.02839095890522,0.61,0.037596446,0.0799522673031026,54.75943803008224,-1428.0,838,0.1706443914081145,-0.0035799522673031,0.1919621046336939,0.5404667197029985,339.0,0.2654867256637168,0.0176991150442477,0.2110446976081211,0.4367420517862995,205.0,0.024390243902439,-0.0048780487804878,0.4457593936790769,0.7584823848238502,294.0,0.1632653061224489,-0.0272108843537414,0.1622518349196308,0.5080498866213146,0.4045346062052506,0.2446300715990453,0.350835322195704,7,12,6,0.0,2.9232440186302764,0.4040570397968901,0.2912495657174704,18.0,P_HUMAN,838.0,False
Q05586,3,1,multi-pass,True,False,True,False,False,2,member,1.0,,,,Client,,0.5151651741000001,0.2887271088,0.0,0.489,0.032843664,0.26,0.689308,-0.257,0.8,0.0309168443496801,0.0,0.0719703957438469,0.0769684165716171,0.67,0.46471924,0.0927505330490405,56.95391535913242,-797.0,938,0.2292110874200426,0.0159914712153518,0.1616104710522778,0.4706941483060898,139.0,0.3525179856115107,0.0935251798561151,0.2567139900245376,0.3704236610711432,66.0,0.0303030303030303,0.0,0.6847140039447731,0.7097643097643096,704.0,0.2315340909090909,0.0014204545454545,0.1333171100633462,0.460227272727272,0.1481876332622601,0.0703624733475479,0.7505330490405118,3,3,2,0.0,2.9722028383790646,0.5193158525040872,0.1806273973343513,18.0,NMDZ1_HUMAN,938.0,True
Q05996,1,0,single-pass,False,False,True,False,False,1,,,,,,Regulator,,0.400178407,0.3595137,0.0,0.215,0.020794567,0.24,0.37583,-0.204,0.79,0.0,0.0523489932885906,0.0463351570069789,0.0455544032156467,0.6,0.21966027,0.0765100671140939,66.17561202712244,-456.0,745,0.1879194630872483,-0.0161073825503355,0.1721318505693686,0.4810290827740475,9.0,0.3333333333333333,0.1111111111111111,0.3415298034685777,0.2876543209876543,20.0,0.0,0.0,,0.7288888888888889,678.0,0.1976401179941003,-0.023598820058997,0.1696756722721469,0.4760242543428383,0.0120805369127516,0.0268456375838926,0.9100671140939596,1,1,1,0.0,2.8721562727482928,0.4066866220514719,0.1715391702587702,18.0,ZP2_HUMAN,745.0,False
Q06418,1,0,single-pass,True,False,True,False,False,2,member,1.0,,,,Client,,0.4211589677,0.8201939306,0.0,0.414,0.1719518,0.49,0.421504,-0.166,1.79,0.0,0.098876404494382,0.0530454628169536,0.1139191016554832,0.46,0.3977589,0.0741573033707865,110.96745841589096,-615.0,890,0.1943820224719101,-0.0191011235955056,0.1824582910070913,0.4900873907615479,440.0,0.2431818181818182,-0.0204545454545454,0.1709380081825431,0.4687373737373731,21.0,0.0,0.0,,0.7851851851851852,389.0,0.1568123393316195,-0.0282776349614395,0.1919244458280358,0.491373893173379,0.4943820224719101,0.0235955056179775,0.4370786516853933,1,1,1,0.0,2.949390006644913,0.5462859551720471,0.1940846610143509,18.0,TYRO3_HUMAN,890.0,True
Q07065,1,0,single-pass,True,True,True,False,False,3,member,2.0,in_phasepdb_no_class,,CKAP4,Client,,0.8507573909,0.9447702764,0.004166667,0.803,0.75943923,0.85,0.831295,0.238,4.26,0.1146179401993355,0.2192691029900332,0.9462422132492064,0.8865084648132324,0.84,0.7105539,0.0664451827242525,77.50956458530037,-320.0,602,0.2807308970099668,-0.0282392026578073,0.1261270256755577,0.4219269102990057,106.0,0.1415094339622641,0.0849056603773584,0.2385499279683818,0.3768343815513628,21.0,0.0,0.0,,0.7031746031746032,475.0,0.3242105263157894,-0.0547368421052631,0.1108596119994709,0.4195555555555554,0.1760797342192691,0.0348837209302325,0.7890365448504983,1,1,1,0.0332225913621262,2.7795964912578244,0.8267576883316914,0.2383306438553404,18.0,CKAP4_HUMAN,602.0,True
Q07954,1,0,single-pass,True,False,True,False,False,2,member,1.0,,,,Client,,0.3017207546,0.8883779978,,0.711,0.037238307,0.57,1.5439,-0.094,5.65,0.0022007042253521,0.043794014084507,0.362084686756134,0.1785943061113357,0.15,0.9649447,0.0895686619718309,430.96429845174623,-1667.0,4544,0.2372359154929577,-0.0391725352112676,0.1908025527749503,0.4432438380281817,100.0,0.27,-0.05,0.2296807838740022,0.4067777777777779,25.0,0.0,0.0,,0.7786666666666665,4400.0,0.2388636363636363,-0.0393181818181818,0.1896047178368305,0.4409267676767672,0.0220070422535211,0.0055017605633802,0.9683098591549296,1,1,1,0.0,3.6574383227029625,0.7153676882719069,0.2598677461070561,17.0,LRP1_HUMAN,4544.0,True
Q08174,1,0,single-pass,True,False,True,False,False,2,member,1.0,,,,Client,,0.6769101495000001,0.440296994,0.001666667,0.768,0.7085093,0.59,1.17679,-0.047,2.06,0.0367924528301886,0.0754716981132075,0.8133821487426758,0.7937161326408386,0.96,0.81515783,0.0754716981132075,138.3940720679316,-536.0,1060,0.2235849056603773,-0.0424528301886792,0.1772168117484763,0.453763102725369,187.0,0.2352941176470588,0.053475935828877,0.274214976588006,0.3727866904337489,21.0,0.0,0.0,,0.8396825396825397,795.0,0.2327044025157232,-0.0716981132075471,0.1478816194899014,0.4577078965758197,0.1764150943396226,0.0198113207547169,0.75,1,1,1,0.0,3.0253058652647704,0.783065264109343,0.1819068041793395,18.0,PCDH1_HUMAN,1060.0,True
Q08345,1,0,single-pass,False,True,False,False,False,1,,,in_phasepdb_no_class,,DDR1 CAK EDDR1 NEP NTRK4 PTK3A RTK6 TRKE,,,0.2617370626,0.7716558811,0.0,0.49,0.092777506,0.81,0.837634,-0.08,2.32,0.0,0.1610076670317634,0.0908755511045456,0.3018849790096283,0.89,0.49380827,0.108433734939759,101.18625284192788,-632.0,913,0.208105147864184,-0.0065717415115005,0.1688296116466033,0.472398685651698,475.0,0.2126315789473684,-0.0021052631578947,0.1736407035439628,0.4620116959064319,21.0,0.0,0.0,,0.8862433862433862,397.0,0.2191435768261964,-0.0075566750629722,0.1674449058628284,0.4541841589700526,0.52026286966046,0.0230010952902519,0.4348302300109529,1,1,1,0.0,2.960470777534299,0.6734337635007196,0.1981904485657763,18.0,DDR1_HUMAN,913.0,False
Q08554,1,0,single-pass,True,False,True,False,False,2,member,1.0,,,,Client,,0.6183280942,0.370174376,0.0,0.556,0.012445753,0.49,0.843155,-0.17,1.34,0.0,0.023489932885906,0.0509405843913555,0.2535969018936157,0.23,0.51157427,0.0771812080536912,132.98237260006363,-484.0,894,0.2427293064876957,-0.0324384787472035,0.184407054346498,0.4509197116579675,180.0,0.2555555555555555,-0.0333333333333333,0.2133926843560167,0.4198765432098758,23.0,0.0,0.0,,0.7908212560386472,557.0,0.2423698384201077,-0.0556552962298025,0.1658712372856492,0.4402952323957719,0.2013422818791946,0.0257270693512304,0.6230425055928411,1,1,1,0.0,2.951337518795918,0.5197307480007991,0.2345797639904339,18.0,DSC1_HUMAN,894.0,True
Q10589,1,0,single-pass,True,False,False,False,False,1,member,2.0,,,,,,0.0939961143,0.6174762898,0.0,0.142,0.118001625,0.17,-0.856893,-0.442,-2.09,0.0,0.2888888888888888,0.0639753565192222,0.0735757574439048,0.04,0.17008331,0.0722222222222222,2.817280560967755,-247.0,180,0.2333333333333333,-0.0222222222222222,0.1472403990426817,0.5032098765432088,20.0,0.35,-0.05,0.1933552242894435,0.3944444444444445,28.0,0.0714285714285714,0.0714285714285714,0.2862451804710363,0.7869047619047617,113.0,0.2920353982300885,-0.0442477876106194,0.1381852252535638,0.4213372664700096,0.1111111111111111,0.1555555555555555,0.6277777777777778,1,1,1,0.0,2.255272505103306,0.2983398456212407,0.2581700804538381,18.0,BST2_HUMAN,180.0,False
Q12846,1,0,single-pass,True,False,True,False,False,2,member,1.0,,,,Client,,0.7028418025000001,0.435361132,0.0,0.528,0.51592493,0.35,0.048402,-0.308,-0.26,0.0707070707070707,0.0,0.5675495862960815,0.7326129674911499,0.76,0.34623596,0.0875420875420875,3.452830909321377,-339.0,297,0.3131313131313131,-0.0168350168350168,0.2024223605217412,0.4320613542835756,275.0,0.3381818181818182,-0.0181818181818181,0.1990911492117099,0.4013333333333337,21.0,0.0,0.0,,0.8333333333333331,,,,,,0.925925925925926,0.0707070707070707,,1,1,0,0.0,2.4727564493172123,0.5404663307315583,0.283371403738242,18.0,STX4_HUMAN,297.0,True
Q12879,3,1,multi-pass,True,True,True,False,False,3,member,1.0,in_phasepdb_no_class,,GRIN2A NMDAR2A,Client,,0.5079130691,0.2602143113,0.000833333,0.406,0.21759966,0.5,0.970588,-0.055,1.23,0.0,0.0198087431693989,0.1277660280466079,0.6018996834754944,0.78,0.20490889,0.0840163934426229,149.38050094315895,-738.0,1464,0.2233606557377049,-0.0047814207650273,0.1773403109292887,0.456360048573154,663.0,0.2579185520361991,0.0196078431372549,0.1658879392797012,0.3913859560918373,62.0,0.032258064516129,0.0,1.0,0.7136200716845876,702.0,0.2150997150997151,-0.0327635327635327,0.1856306505697256,0.4870686926242487,0.4528688524590163,0.0423497267759562,0.4795081967213114,3,3,2,0.0,3.165541076722373,0.6284061129128611,0.2094159715353882,18.0,NMDE1_HUMAN,1464.0,True
Q13018,1,0,single-pass,False,False,True,False,False,1,,,,,,Regulator,,0.2023451843,0.3502065377,0.0,0.343,0.053148232,0.19,0.714252,-0.17,1.47,0.0,0.0396445659603554,0.0555192939937114,0.1029633656144142,0.14,0.24381018,0.0690362269309637,68.00103430888896,-1088.0,1463,0.215311004784689,-0.0307587149692412,0.1727196240860236,0.4505430242272338,45.0,0.2222222222222222,0.0,0.2955489403926571,0.4439506172839507,21.0,0.0,0.0,,0.8153439153439153,1377.0,0.2207697893972403,-0.0334059549745824,0.1713336675799328,0.4418865488582272,0.0307587149692412,0.0143540669856459,0.9412166780587832,1,1,1,0.0,3.1652443261253107,0.4481209242938355,0.2081707990339508,18.0,PLA2R_HUMAN,1463.0,False
Q13021,4,0,multi-pass,False,True,False,False,False,1,,,in_phasepdb_no_class,PML nuclear body,MALL BENE,,,0.0720814804,0.0480926459,0.0,0.02,0.036293495,0.1,-1.85452,-0.393,-2.33,0.0,0.0522875816993464,0.0578116849064827,0.0372948236763477,0.5,0.030321533,0.0980392156862745,0.0108476709820374,-409.0,153,0.0784313725490196,-0.0130718954248366,0.1260090548872571,0.5959331880900509,,,,,,84.0,0.0119047619047619,-0.0119047619047619,1.0,0.691137566137566,,,,,,,0.5490196078431373,,0,4,0,0.0,2.184691430817599,0.2119984203782584,0.2184769529335065,18.0,MALL_HUMAN,153.0,False
Q13291,1,0,single-pass,True,False,False,False,False,1,member,2.0,,,,,,0.0629524486,0.1077532914,0.0,0.347,0.06976651,0.33,-0.0454126,-0.199,0.32,0.0,0.0835820895522388,0.0596227422356605,0.0546489879488945,0.02,0.12976289,0.0805970149253731,31.447066686606,-318.0,335,0.1880597014925373,0.0149253731343283,0.1488397055452515,0.4775124378109458,77.0,0.2077922077922078,0.0259740259740259,0.2800405389452524,0.4294372294372296,21.0,0.0,0.0,,0.7857142857142856,217.0,0.2073732718894009,0.0138248847926267,0.1185813092912293,0.448847926267281,0.2298507462686567,0.0626865671641791,0.6477611940298508,1,1,1,0.0,2.525044807036845,0.3436502489219502,0.1526375249790927,18.0,SLAF1_HUMAN,335.0,False
Q13308,1,0,single-pass,True,False,True,False,False,2,member,1.0,,,,Client,,0.6779936485,0.792482624,0.000833333,0.58,0.063469335,0.53,0.593435,-0.209,1.67,0.0214953271028037,0.0355140186915887,0.0500185713171958,0.1135520339012146,0.75,0.72414505,0.0831775700934579,66.57680782006106,-766.0,1070,0.2214953271028037,-0.0046728971962616,0.186696432661871,0.457279335410179,345.0,0.2608695652173913,0.0,0.2215060955804287,0.4439291465378427,21.0,0.0,0.0,,0.7370370370370369,674.0,0.2121661721068249,-0.0133531157270029,0.159870539963466,0.4519452687108478,0.322429906542056,0.019626168224299,0.6299065420560748,1,1,1,0.0,3.0293837776852097,0.6106390888693237,0.2091891702451079,18.0,PTK7_HUMAN,1070.0,True
Q13332,1,0,single-pass,True,False,True,False,False,2,member,1.0,,,,Client,,0.7562020214,0.8816849510000001,0.0,0.814,0.08359925,0.46,0.968595,-0.176,1.57,0.0,0.0379876796714579,0.0512580685317516,0.2547259926795959,0.79,0.97882915,0.1026694045174538,127.11348498937257,-1249.0,1948,0.2227926078028747,-0.0102669404517453,0.1848976333742208,0.4557551905087887,645.0,0.2387596899224806,-0.0062015503875968,0.1576970021811742,0.443014642549526,21.0,0.0,0.0,,0.8497354497354495,1253.0,0.2234636871508379,-0.0127693535514764,0.1986529855185449,0.4507493127604849,0.3311088295687885,0.0107802874743326,0.643223819301848,1,1,1,0.0,3.2895889525425965,0.6718420381594551,0.2689288216400868,18.0,PTPRS_HUMAN,1948.0,True
Q13423,14,0,multi-pass,True,False,True,False,False,2,member,1.0,,,,Client,,0.6387442363,0.5455331259,0.0,0.576,0.006036169,0.2,1.0771,-0.198,0.74,0.0,0.0469613259668508,0.0607848539948463,0.2136378735303878,0.47,0.12519658,0.0543278084714548,37.77846616560289,-1044.0,1086,0.1537753222836095,0.0046040515653775,0.1666044518533314,0.5332310210763241,17.0,0.1764705882352941,-0.0588235294117647,0.3519675862088057,0.5058823529411766,289.0,0.0069204152249134,-0.0069204152249134,0.5412186238852873,0.6598231449442525,,,,,,0.0156537753222836,0.2661141804788213,,1,14,0,0.0,3.035829825252828,0.4934868318048472,0.2501293936864565,18.0,NNTM_HUMAN,1086.0,True
Q13505,1,0,single-pass,True,False,True,False,False,2,member,2.0,,,,Client,,0.3749885673,0.085082425,0.0,0.402,0.29123223,0.72,0.415738,-0.18,4.25,0.1416309012875536,0.1523605150214592,0.6245797872543335,0.5129005312919617,0.99,0.0906641,0.1201716738197424,49.08986941837886,-405.0,466,0.2188841201716738,0.0343347639484978,0.226779766758836,0.4514306151645193,,,,,,21.0,0.0,0.0,,0.7412698412698412,,,,,,,0.0450643776824034,,0,1,0,0.0,2.66838591669,0.6564323486484495,0.2541696581690968,18.0,MTX1_HUMAN,466.0,True
Q13507,6,0,multi-pass,False,False,True,False,False,1,,,,,,Regulator,,0.3800197267,0.1393555035,0.0,0.198,0.010132184,0.14,0.116537,-0.201,0.12,0.0,0.0143540669856459,0.1501818001270294,0.1035035476088523,0.1,0.101343125,0.0966340933767643,33.82821070693538,-1035.0,921,0.2442996742671009,-0.007600434310532,0.221418216921456,0.4841476655808902,673.0,0.2838038632986627,-0.0044576523031203,0.2351165916458559,0.4486874690440798,133.0,0.075187969924812,0.0,0.2228407218359391,0.671929824561404,115.0,0.208695652173913,-0.0347826086956521,0.1766710059086614,0.4744927536231881,0.7307274701411509,0.1444082519001086,0.1248642779587405,4,6,3,0.0,2.964259630196849,0.3888282304929207,0.214641292741655,18.0,TRPC3_HUMAN,836.0,False
Q13724,1,0,single-pass,True,False,True,False,False,2,member,1.0,,,,Client,,0.1523673992,0.1210027315,0.000833333,0.515,0.01467962,0.8,1.16937,-0.22,1.49,0.009557945041816,0.1230585424133811,0.0485228225588798,0.2329689264297485,0.9,0.048233304,0.1015531660692951,110.15358040711136,-619.0,837,0.1935483870967742,0.007168458781362,0.1735879695573874,0.4712730651798749,38.0,0.4210526315789473,0.2105263157894736,0.118133926760334,0.3362573099415205,21.0,0.0,0.0,,0.6925925925925924,778.0,0.1876606683804627,-0.0025706940874035,0.1771837015195239,0.4718937446443872,0.045400238948626,0.025089605734767,0.929510155316607,1,1,1,0.0,2.92272545799326,0.5674946551614979,0.2658321679364903,18.0,MOGS_HUMAN,837.0,True
Q13733,10,0,multi-pass,True,False,True,False,False,2,member,1.0,,,,Client,,0.5843956839000001,0.5493319879,0.000833333,0.445,0.0076275216,0.22,0.506203,-0.31,1.16,0.0340136054421768,0.0748299319727891,0.0671287328004837,0.0416406206786632,0.4,0.9586648,0.0660835762876579,29.202118121752747,-1246.0,1029,0.2128279883381924,-0.0068027210884353,0.1809970976709549,0.5046431270921017,711.0,0.250351617440225,0.0,0.1760266826747324,0.4627441787779344,238.0,0.0966386554621848,-0.0042016806722689,0.2261929540292929,0.6381886087768425,80.0,0.225,-0.075,0.1741244856955084,0.4797222222222222,0.6909620991253644,0.2312925170068027,0.0777453838678328,6,10,5,0.0,3.012415374762433,0.5167448797469553,0.2543413064549261,18.0,AT1A4_HUMAN,1029.0,False
Q14118,1,0,single-pass,True,False,False,False,False,1,member,1.0,,,,,,0.8177111642,0.4805458039,0.001666667,0.84,0.48984876,0.92,0.213259,-0.112,2.52,0.0815642458100558,0.170949720670391,0.104272648692131,0.1543580591678619,0.95,0.62156224,0.0748603351955307,52.6055836125154,-507.0,895,0.2145251396648044,0.0067039106145251,0.2167198260164502,0.4584481688392304,120.0,0.2583333333333333,-0.0083333333333333,0.2940332813516425,0.3819444444444443,26.0,0.0,0.0,,0.7568376068376067,96.0,0.28125,-0.0520833333333333,0.1561973262580255,0.4296296296296297,0.1340782122905028,0.0290502793296089,0.1072625698324022,1,1,1,0.0,2.951823035315912,0.728533266827135,0.1997164618849254,18.0,DAG1_HUMAN,895.0,False
Q14318,1,0,single-pass,True,False,True,False,False,2,member,1.0,,,,Client,,0.7443083923,0.524741455,0.0,0.662,0.09617926,0.24,-0.107161,-0.423,0.72,0.1626213592233009,0.2014563106796116,0.0702800676226615,0.1327646523714065,0.69,0.06700259,0.0606796116504854,13.964745479365446,-298.0,412,0.2524271844660194,-0.058252427184466,0.3380215020034708,0.4697411003236256,,,,,,21.0,0.0,0.0,,0.7259259259259259,,,,,,,0.0509708737864077,,0,1,0,0.0776699029126213,2.6148972160331345,0.4850935950545953,0.276741398761693,18.0,FKBP8_HUMAN,412.0,True
Q14332,7,0,multi-pass,False,False,True,False,False,1,,,,,,Regulator,,0.0709780057,0.0514358402,0.0,0.1,0.009450231,0.32,-0.245865,-0.148,1.98,0.0,0.0884955752212389,0.0554046630859375,0.0371968820691108,0.64,0.19856973,0.095575221238938,63.254908384427786,-773.0,565,0.1610619469026548,0.0123893805309734,0.1347333054938242,0.5156932153392328,84.0,0.2857142857142857,0.0952380952380952,0.15041166780678,0.4125661375661378,147.0,0.0136054421768707,0.0136054421768707,0.53113873490461,0.6899470899470899,311.0,0.1993569131832797,-0.0192926045016077,0.1195160002726851,0.4563415505537689,0.1486725663716814,0.2601769911504424,0.5504424778761062,4,7,4,0.0,2.7520484478194387,0.413310708749124,0.2645776259856581,18.0,FZD2_HUMAN,565.0,False
Q14416,7,0,multi-pass,True,False,True,False,False,2,member,1.0,,,,Client,,0.0927983352,0.0784753833,0.0,0.273,0.00055346976,0.35,0.270548,-0.229,1.22,0.0,0.0699541284403669,0.061191190034151,0.0318679884076118,0.18,0.39617667,0.1032110091743119,76.11672820470142,-1050.0,872,0.1834862385321101,0.0114678899082568,0.1457953728867906,0.5109454638124363,104.0,0.2211538461538461,0.1057692307692307,0.1467490222057786,0.4206196581196579,155.0,0.0129032258064516,0.0129032258064516,0.5322323241002572,0.7103942652329748,595.0,0.226890756302521,-0.0050420168067226,0.1325331163683618,0.4674136321195137,0.1192660550458715,0.1777522935779816,0.6823394495412844,4,7,4,0.0,2.940516484932567,0.4163572805219677,0.2488118181747021,18.0,GRM2_HUMAN,872.0,True
Q14432,6,0,multi-pass,True,False,True,False,False,2,member,1.0,,,,Regulator,,0.2459093816,0.6952548616,0.0,0.338,0.10023997,0.99,0.48683,-0.205,1.95,0.0385626643295354,0.1928133216476774,0.4026930928230285,0.252178281545639,0.99,0.13681185,0.0788781770376862,199.56665309350072,-860.0,1141,0.2199824715162138,-0.0236634531113058,0.2449974745069459,0.4659752653617695,,,,,,126.0,0.0476190476190476,0.0158730158730158,0.3207639104225628,0.69047619047619,,,,,,,0.1104294478527607,,0,6,0,0.0,3.0572856444182146,0.6554907039777859,0.2201148664304782,18.0,PDE3A_HUMAN,1141.0,False
Q14643,6,0,multi-pass,True,False,False,False,False,1,member,1.0,,,,,,0.6303189020000001,0.2750675696,0.0,0.648,0.47269744,0.9,1.06208,-0.068,2.92,0.0101522842639593,0.0369833212472806,0.0894868671894073,0.2451795041561126,0.76,0.50767255,0.0812182741116751,161.33271244948088,-2947.0,2758,0.2559825960841189,-0.0224800580130529,0.1595232103723552,0.4650551929739619,2490.0,0.2666666666666666,-0.0200803212851405,0.1587200497333674,0.4507228915662524,126.0,0.0238095238095238,-0.0079365079365079,0.6415409196365884,0.7292768959435624,142.0,0.2746478873239437,-0.0774647887323943,0.17040967990917,0.4819248826291087,0.9028281363306744,0.0456852791878172,0.0514865844815083,4,6,3,0.0,3.440594261839831,0.6961949306649123,0.2132610261095958,18.0,ITPR1_HUMAN,2758.0,False
Q14739,8,0,multi-pass,True,False,True,False,True,3,member,2.0,,,,Regulator,,0.3307056098,0.5650522090000001,0.0,0.424,0.5698512,0.25,0.340153,-0.249,1.08,0.0146341463414634,0.0747967479674796,0.4189504086971283,0.3343786895275116,0.42,0.121997654,0.1203252032520325,5.916793632356942,-887.0,615,0.2146341463414634,0.032520325203252,0.1622080458548367,0.4938211382113822,,,,,,168.0,0.0416666666666666,-0.0178571428571428,0.2565738697131347,0.6944444444444443,211.0,0.3412322274881517,0.0568720379146919,0.1623756092946147,0.380252764612954,,0.2731707317073171,0.3430894308943089,0,8,1,0.0,2.788875115775417,0.5730385958226227,0.2068258458666571,18.0,LBR_HUMAN,615.0,True
Q14789,1,0,single-pass,True,False,True,False,False,2,member,2.0,,,,Client,,0.7485777491000001,0.9423254189,,0.657,0.88828677,0.95,1.00522,-0.162,1.79,0.0420374347959496,0.1034059527462411,0.635529637336731,0.8311058282852173,0.77,0.90468025,0.0527769254372506,34.248332499031015,-2486.0,3259,0.3402884320343664,-0.0629027308990487,0.1251673972406931,0.3959053561078689,3235.0,0.3428129829984544,-0.0633693972179289,0.1247787677583208,0.3933573759230507,21.0,0.0,0.0,,0.7724867724867723,3.0,0.0,0.0,,0.5074074074074073,0.992635777845965,0.0064436943847806,0.0009205277692543,1,1,1,0.0,3.513084360465144,0.7822311057085711,0.2322644744214492,17.0,GOGB1_HUMAN,3259.0,True
Q14957,3,1,multi-pass,False,False,True,False,False,1,,,,,,Regulator,,0.0918339907,0.0692753695,0.0,0.341,0.006452474,0.82,0.661031,-0.164,3.41,0.0,0.08110300081103,0.1620412766933441,0.0606717951595783,0.45,0.23655942,0.0900243309002433,195.79768069001017,-951.0,1233,0.1711273317112733,0.0121654501216545,0.1798082936584563,0.4933495539334929,435.0,0.1770114942528735,0.0482758620689655,0.19207268031034,0.4421200510855696,62.0,0.032258064516129,-0.032258064516129,0.3365086732182628,0.7317204301075267,704.0,0.1860795454545454,-0.0071022727272727,0.1684656526598512,0.4962436868686852,0.3527980535279805,0.0502838605028386,0.5709651257096513,3,3,2,0.0,3.0909630765957314,0.5264927832504573,0.2721802546702423,18.0,NMDE3_HUMAN,1233.0,False
Q14BN4,2,0,multi-pass,False,True,False,False,False,1,,,in_phasepdb_no_class,,SLMAP KIAA1601 SLAP,,,0.6384488869,0.4659361981,0.0,0.572,0.58318293,0.37,0.211397,-0.318,0.52,0.0,0.0555555555555555,0.0531171560287475,0.1992525160312652,0.91,0.79843414,0.0688405797101449,23.151994625173387,-834.0,828,0.323671497584541,-0.036231884057971,0.1145219148032988,0.4102657004830932,802.0,0.3329177057356609,-0.0386533665835411,0.114036523968038,0.4021335550013874,42.0,0.2857142857142857,-0.0476190476190476,0.1561223143159695,0.4976190476190478,5.0,0.2,0.2,,0.4266666666666666,0.9685990338164252,0.0507246376811594,0.0060386473429951,1,2,1,0.0,2.9180303367848803,0.5195873575044144,0.2428716608436232,18.0,SLMAP_HUMAN,828.0,False
Q14DG7,1,0,single-pass,True,False,False,False,False,1,member,1.0,,,,,,0.5360073895,0.2829795462,0.000833333,0.405,0.11802492,0.4,0.639207,-0.225,1.48,0.0,0.0333951762523191,0.0502459816634655,0.0635846257209777,0.68,0.20868029,0.0584415584415584,86.57326022954109,-554.0,1078,0.2309833024118738,-0.0584415584415584,0.2012169859124717,0.4690785405071096,154.0,0.2792207792207792,-0.0584415584415584,0.2464465175033492,0.4048340548340552,21.0,0.0,0.0,,0.8042328042328043,903.0,0.2281284606866002,-0.0598006644518272,0.1935263227931919,0.4722406792174245,0.1428571428571428,0.0194805194805194,0.8376623376623377,1,1,1,0.0,3.03261876085072,0.4852129786217596,0.2156740467657095,18.0,T132B_HUMAN,1078.0,False
Q15005,2,0,multi-pass,True,False,True,False,False,2,member,2.0,,,,Client,,0.5773702995000001,0.1877827333,0.0,0.313,0.15524754,0.42,0.499261,-0.369,-0.99,0.0,0.1327433628318584,0.217251181602478,0.1754290461540222,0.04,0.031862307,0.0752212389380531,93.12775197414504,-159.0,226,0.2566371681415929,0.0176991150442477,0.1173998243863195,0.4812192723697152,179.0,0.3072625698324022,0.0279329608938547,0.1178672795270273,0.4349472377405343,42.0,0.0238095238095238,-0.0238095238095238,0.9999999999999998,0.6970899470899472,4.0,0.5,0.0,,0.2277777777777777,0.7920353982300885,0.1858407079646017,0.0176991150442477,2,2,1,0.0,2.3541084391474008,0.4144877366471144,0.2518454014890734,18.0,SPCS2_HUMAN,226.0,True
Q15303,1,0,single-pass,False,True,False,False,False,1,,,PS-other only,,ERBB4 HER4,,,0.6498495255,0.9418487265,0.0,0.719,0.9430021,0.19,0.843318,-0.088,3.02,0.0,0.0129969418960244,0.2339274585247039,0.500050961971283,0.64,0.91226614,0.0925076452599388,116.10780479760167,-753.0,1308,0.2194189602446483,-0.014525993883792,0.1853125467081452,0.4573224600747537,633.0,0.2575039494470774,-0.0142180094786729,0.2123328077190744,0.4363173600140444,24.0,0.0,0.0,,0.7851851851851851,626.0,0.194888178913738,-0.0159744408945686,0.1470882915435896,0.4616258430954924,0.4839449541284403,0.018348623853211,0.4785932721712538,1,1,1,0.0,3.1166077439882485,0.698925486322341,0.2654882268028825,18.0,ERBB4_HUMAN,1308.0,True
Q15388,1,0,single-pass,True,False,True,False,False,2,member,1.0,,,,Client,,0.3616042345,0.2468235249,0.0,0.517,0.16293941,0.22,-0.338749,-0.284,-1.54,0.2068965517241379,0.1310344827586207,0.0463760048151016,0.1228903383016586,0.03,0.22113824,0.0896551724137931,0.0,-175.0,145,0.2689655172413793,0.0206896551724137,0.2063733634473913,0.4640613026819919,121.0,0.3140495867768595,0.0165289256198347,0.2055752406386672,0.4271808999081722,18.0,0.0,0.0,,0.7191358024691358,6.0,0.1666666666666666,0.1666666666666666,0.0769230769230771,0.4425925925925925,0.8344827586206897,0.1241379310344827,0.0413793103448275,1,1,1,0.0,2.161368002234975,0.3790171202036471,0.2693576210763493,18.0,TOM20_HUMAN,145.0,True
Q15620,7,0,multi-pass,False,False,True,False,False,1,,,,,,Regulator,,0.0724820092,0.0606555585,0.0,0.068,0.91800416,0.1,-0.859768,-0.243,-1.15,0.0,0.0803858520900321,0.0657465308904647,0.0277145858854055,0.65,0.3949768,0.0610932475884244,0.0,-532.0,311,0.0868167202572347,0.0096463022508038,0.211157336055435,0.5973919256877459,66.0,0.2121212121212121,0.0909090909090909,0.224462621480183,0.4951178451178452,146.0,0.0273972602739726,-0.0136986301369863,0.4525098427913228,0.6661339421613395,99.0,0.0909090909090909,-0.0101010101010101,0.3270561911264446,0.5641975308641978,0.2122186495176848,0.4694533762057878,0.3183279742765273,4,7,4,0.0,2.492760389026837,0.2926455446714143,0.2863969609204883,18.0,OR8B8_HUMAN,311.0,True
Q15836,1,0,single-pass,True,False,True,False,False,2,member,1.0,,,,Client,,0.3414649043,0.1337488511,0.0,0.485,0.6070445,0.14,-1.15812,-0.355,,0.77,0.18,0.1876065284013748,0.338496059179306,0.04,0.82093793,0.07,6.129406021854528,-129.0,100,0.24,0.02,0.2519715270777606,0.4934444444444446,76.0,0.3157894736842105,0.0263157894736842,0.2373895564341006,0.3967836257309937,21.0,0.0,0.0,,0.8407407407407408,,,,,,0.76,0.21,,1,1,0,0.0,2.0,0.4449128655350757,0.3274719585391703,17.0,VAMP3_HUMAN,100.0,True
Q16570,7,0,multi-pass,True,False,True,False,False,2,member,1.0,,,,Client,,0.0306628175,0.0334935076,0.0,0.092,0.0009655766,0.19,-0.556729,-0.339,1.29,0.0,0.1577380952380952,0.0641077309846878,0.0296308547258377,0.53,0.11242357,0.0357142857142857,1.8760634946547217,-582.0,336,0.0892857142857142,-0.0119047619047619,0.262484416810697,0.5782738095238097,68.0,0.1470588235294117,0.088235294117647,0.2412331300347195,0.456535947712418,150.0,0.0133333333333333,-0.0133333333333333,0.5752586995350352,0.6953333333333332,118.0,0.1525423728813559,-0.0677966101694915,0.265456011840042,0.4996233521657252,0.2023809523809523,0.4464285714285714,0.3511904761904761,4,7,4,0.0,2.526339277389844,0.2649855166338772,0.246681231958683,18.0,ACKR1_HUMAN,336.0,True
Q16623,1,0,single-pass,True,False,True,False,False,2,member,1.0,,,,Client,,0.7562025878,0.8246274291,0.0025,0.508,0.51392365,0.43,-0.105086,-0.435,-0.7,0.125,0.1006944444444444,0.0753976330161094,0.3175148367881775,0.89,0.89945,0.09375,1.177461228498953,-332.0,288,0.3541666666666667,-0.0416666666666666,0.2313551117513182,0.4344907407407404,265.0,0.3849056603773585,-0.0452830188679245,0.2185911540052854,0.4023899371069186,21.0,0.0,0.0,,0.8089947089947087,,,,,,0.9201388888888888,0.0729166666666666,,1,1,1,0.0,2.459392487759231,0.5913323873079004,0.30983874184203,18.0,STX1A_HUMAN,288.0,False
Q16635,0,1,intramembrane-only,False,True,False,False,False,1,,,in_phasepdb_no_class,Z granule,TAFAZZIN EFE2 G4.5 TAZ,,,0.3143809595,0.1119900462,0.0,0.295,0.009672598,0.21,0.0971307,-0.463,-0.29,0.0,0.0,0.0904782563447952,0.061295349150896,0.06,0.023787301,0.0648854961832061,0.0,-335.0,262,0.1908396946564885,0.0229007633587786,0.1494532030376038,0.4874469889737063,,,,,,,,,,,241.0,0.2074688796680498,0.0248962655601659,0.1492306117320106,0.4750115260488692,,,0.9198473282442748,0,0,2,0.0,2.418301291319745,0.2291671773483223,0.1475247741180015,18.0,TAZ_HUMAN,292.0,False
Q16653,2,0,multi-pass,True,False,True,False,False,2,member,1.0,,,,Client,,0.0300662597,0.0478977103,0.0,0.072,0.0027217874,0.17,-0.3132,-0.363,0.07,0.0,0.1538461538461538,0.0595416314899921,0.0449462346732616,0.09,0.35060745,0.1214574898785425,9.530408632452437,-395.0,247,0.2145748987854251,0.020242914979757,0.2047056371692148,0.5127755285650025,35.0,0.2857142857142857,0.1142857142857142,0.2753187628158718,0.4587301587301587,42.0,0.0,0.0,,0.7801587301587304,141.0,0.2978723404255319,0.0,0.2027039073085842,0.4233254531126876,0.1417004048582996,0.1700404858299595,0.5708502024291497,1,2,2,0.0,2.392696953259666,0.2875664393476936,0.2634693770965057,18.0,MOG_HUMAN,247.0,True
Q16720,10,0,multi-pass,True,False,True,False,False,2,member,2.0,,,,Client,,0.5613471894000001,0.529660125,0.0,0.559,0.06735378,0.86,0.937688,-0.27,0.74,0.0,0.0975409836065573,0.0477530173957347,0.2136368006467819,0.65,0.9536921,0.0639344262295081,105.79246411983108,-1052.0,1220,0.2360655737704918,-0.0196721311475409,0.1793703323176833,0.4854918032786869,902.0,0.2804878048780488,-0.0099778270509977,0.1706667932920387,0.4432249322493206,210.0,0.0761904761904762,-0.019047619047619,0.2370176944408344,0.638253968253968,108.0,0.1759259259259259,-0.1018518518518518,0.3044905038331251,0.5414609053497943,0.739344262295082,0.1721311475409836,0.0885245901639344,6,10,5,0.0,3.0863598306747484,0.5777038596347842,0.2639005933125885,18.0,AT2B3_HUMAN,1220.0,False
Q16790,1,0,single-pass,True,False,False,False,False,1,member,1.0,,,,,,0.3429574999,0.3184124843,0.004166667,0.224,0.0015423974,0.83,0.412667,-0.255,1.94,0.0980392156862745,0.1895424836601307,0.0453376322984695,0.0808304473757743,0.89,0.079842456,0.074074074074074,24.87257398375317,-321.0,459,0.2222222222222222,-0.074074074074074,0.2257525317396272,0.4603727910917465,24.0,0.3333333333333333,0.1666666666666666,0.3636546153727353,0.3472222222222222,21.0,0.0,0.0,,0.7677248677248676,377.0,0.2493368700265252,-0.1007957559681697,0.2032914222350781,0.432478632478633,0.0522875816993464,0.0457516339869281,0.8213507625272332,1,1,1,0.0,2.661812685537261,0.4944020796379635,0.2911556129882339,18.0,CAH9_HUMAN,459.0,True
Q16799,2,0,multi-pass,True,False,True,False,False,2,member,1.0,,,,Client,,0.5707071321,0.3691733292,0.001666667,0.446,0.012701921,1.0,0.459288,-0.201,2.31,0.6443298969072165,0.1365979381443298,0.0603373534977436,0.361288458108902,0.99,0.38826898,0.0618556701030927,82.35523289777342,-413.0,776,0.2448453608247422,-0.0695876288659793,0.1593429941322657,0.4502434135166079,,,,,,42.0,0.0,0.0,,0.7166666666666668,,,,,,,0.0541237113402061,,0,2,0,0.0,2.8898617212581885,0.6350701126080468,0.2569300411525708,18.0,RTN1_HUMAN,776.0,True
Q16891,1,0,single-pass,True,False,True,False,False,2,member,3.0,,,,Client,,0.8211743416,0.9364688563,0.003333333,0.608,0.8820199,0.57,0.156673,-0.285,0.54,0.0,0.1517150395778364,0.5051859617233276,0.7722716331481934,0.95,0.53019154,0.0738786279683377,5.001794260408853,-891.0,758,0.2704485488126649,-0.0118733509234828,0.1314825926784301,0.4483729111697456,,,,,,19.0,0.0,0.0,,0.67953216374269,694.0,0.2853025936599423,-0.0230547550432276,0.1246409847100607,0.4384245917387123,,0.025065963060686,0.9155672823218998,0,1,1,0.0,2.8796692056320534,0.6713600739862389,0.283083814741857,18.0,MIC60_HUMAN,758.0,True
Q3ZCQ8,1,0,single-pass,True,False,True,False,False,2,member,2.0,,,,Client,,0.4507857826,0.8992422935000001,0.0,0.613,0.0135653075,0.48,0.22213,-0.184,1.26,0.0028328611898017,0.1869688385269121,0.0940457433462143,0.1615641564130783,0.52,0.06134504,0.1133144475920679,9.353865583152269,-338.0,353,0.235127478753541,0.0084985835694051,0.2139258300300823,0.4578533207428385,,,,,,21.0,0.0,0.0,,0.7084656084656084,267.0,0.2584269662921348,-0.0187265917602996,0.2067844733612138,0.4467748647523921,,0.0594900849858356,0.7563739376770539,0,1,1,0.0,2.5477747053878224,0.55605695285177,0.2244648143991095,18.0,TIM50_HUMAN,353.0,True
Q4G0T1,1,0,single-pass,True,False,False,False,False,1,member,1.0,,,,,,0.2669010425,0.1149647919,,0.441,0.0017244874,0.4,1.13151,-0.239,1.86,0.0,0.1032132424537487,0.0770496129989624,0.0750616043806076,0.02,0.39263844,0.0866601752677702,85.32446201820358,-713.0,1027,0.189873417721519,-0.0223953261927945,0.170109620635963,0.4946121389159387,100.0,0.27,-0.15,0.2247092606596186,0.4623333333333336,21.0,0.0,0.0,,0.7846560846560847,887.0,0.1882750845546787,-0.0101465614430665,0.1555616857100787,0.4886383565075789,0.0973709834469328,0.0204479065238558,0.8636806231742941,1,1,1,0.0,3.0115704435972783,0.4872003873333811,0.2478714723571716,17.0,SRCRM_HUMAN,1027.0,True
Q50LG9,1,0,single-pass,True,False,True,False,False,2,member,1.0,,,,Client,,0.2745418179,0.0659195608,0.0,0.198,0.0049764044,0.44,-0.0875908,-0.042,1.09,0.0,0.2553606237816764,0.098006285727024,0.0428692139685153,0.43,0.30711058,0.1052631578947368,15.937969611616865,-654.0,513,0.1871345029239766,0.023391812865497,0.2224342731269893,0.5005414771496646,,,,,,21.0,0.0,0.0,,0.8100529100529099,,,,,,,0.0409356725146198,,0,1,0,0.0,2.710117365111816,0.4658085648638402,0.2696114000074512,18.0,LRC24_HUMAN,513.0,True
Q53EP0,1,0,single-pass,True,False,True,False,False,2,member,2.0,,,,Client,,0.5624234402,0.7411970984,0.0,0.663,0.3989838,0.89,0.726667,-0.056,1.24,0.0,0.0465116279069767,0.0718575343489646,0.6862367391586304,0.8,0.88933885,0.090531561461794,213.02483516816187,-465.0,1204,0.2034883720930232,-0.0224252491694352,0.2119296443817805,0.4546142488002954,,,,,,21.0,0.0,0.0,,0.7608465608465609,,,,,,,0.0174418604651162,,0,1,0,0.0166112956810631,3.0806264869218056,0.6796778292005975,0.2166016296866633,18.0,FND3B_HUMAN,1204.0,True
Q53GQ0,3,0,multi-pass,True,False,True,False,False,2,member,1.0,,,,Client,,0.5512224872,0.2711687311,0.0,0.48,0.3252985,0.14,0.394224,-0.373,0.43,0.0,0.0,0.2389228790998459,0.2081239521503448,0.09,0.03639131,0.0737179487179487,15.567854968319145,-379.0,312,0.2051282051282051,0.032051282051282,0.1898115992458781,0.511965811965811,,,,,,63.0,0.0,0.0,,0.6347442680776013,,,,,,,0.2019230769230769,,0,3,0,0.0,2.494154594018443,0.3819220409471527,0.2228572955210269,18.0,DHB12_HUMAN,312.0,True
Q53TN4,6,0,multi-pass,True,False,True,False,False,2,member,1.0,,,,Client,,0.0580009412,0.0678367167,0.0,0.063,0.15499821,0.2,-0.295835,-0.222,-0.44,0.1188811188811188,0.0489510489510489,0.1865762174129486,0.1480349600315094,0.67,0.057764255,0.0664335664335664,39.25887189079555,-469.0,286,0.1223776223776223,0.0104895104895104,0.1968728592417103,0.5634809634809632,87.0,0.2298850574712643,0.0229885057471264,0.2365158063839088,0.3951468710089398,153.0,0.0326797385620915,0.0326797385620915,0.2202099660128784,0.7014524328249822,46.0,0.217391304347826,-0.0869565217391304,0.1350445926840657,0.4229468599033817,0.3041958041958042,0.534965034965035,0.1608391608391608,4,6,3,0.0,2.456366033129043,0.3766822026047476,0.2469945502994233,18.0,CYBR1_HUMAN,286.0,True
Q5BJH7,5,0,multi-pass,True,False,False,False,False,1,member,1.0,,,,,,0.0842135912,0.074945147,0.0,0.144,0.10962262,0.24,-0.460938,0.001,1.23,0.0,0.0732484076433121,0.1838703602552414,0.1283588707447052,0.16,0.06483241,0.1050955414012738,35.70095897793197,-446.0,314,0.1464968152866242,0.019108280254777,0.2349506012510528,0.5391365888181183,192.0,0.1979166666666666,0.03125,0.2616933787965553,0.4645254629629628,105.0,0.0380952380952381,0.0,0.5508932280847528,0.6899470899470904,15.0,0.2,-0.0666666666666666,0.1592453816660857,0.4488888888888889,0.6114649681528662,0.3343949044585987,0.0477707006369426,3,5,1,0.0,2.496929648073215,0.425025891182939,0.2469513600972023,18.0,YIF1B_HUMAN,314.0,False
Q5H9S7,2,0,multi-pass,True,False,False,False,False,1,member,1.0,,,,,,0.5536198276000001,0.4300025896,0.0,0.075,0.07952817,0.11,0.224449,-0.363,0.23,0.0,0.0,0.0654785931110382,0.1195312514901161,0.19,0.10876757,0.0865384615384615,1.6017809920964692,-532.0,520,0.225,-0.0057692307692307,0.2277407267387721,0.4776068376068366,,,,,,42.0,0.0714285714285714,0.0238095238095238,0.627988527269497,0.6830687830687832,,,,,,,0.0807692307692307,,0,2,0,0.0,2.716003343634799,0.339415847134917,0.200604547694019,18.0,DCA17_HUMAN,520.0,True
Q5J8M3,3,0,multi-pass,True,False,True,False,False,2,member,1.0,,,,Client,,0.0392680905,0.0760883718,0.0,0.131,0.016886994,0.21,0.0160414,-0.248,0.33,0.0,0.1092896174863388,0.066595621407032,0.0545465238392353,0.06,0.036763936,0.081967213114754,70.7769400140648,-144.0,183,0.1693989071038251,0.0163934426229508,0.1610349933459905,0.512932604735884,72.0,0.2638888888888889,0.0138888888888888,0.1929406995752173,0.4202160493827161,64.0,0.09375,0.0625,0.151770500016787,0.6074652777777777,46.0,0.1304347826086956,-0.0434782608695652,0.2148695211683161,0.5222222222222224,0.3934426229508196,0.3497267759562841,0.2513661202185792,2,3,2,0.0,2.2624510897304293,0.2957785172934323,0.1837870599398585,18.0,EMC4_HUMAN,183.0,True
Q5JPE7,1,0,single-pass,True,False,True,False,False,2,member,1.0,,,,Client,,0.5860081944000001,0.2828662327,0.0,0.63,0.020732438,0.29,1.11847,-0.228,1.43,0.0,0.0655090765588003,0.0474537722766399,0.2461922168731689,0.54,0.24824128,0.0726124704025256,47.94973690045054,-803.0,1267,0.2044198895027624,-0.0228887134964483,0.1747714589633204,0.4858721389108126,91.0,0.2087912087912088,0.0329670329670329,0.3400883787689239,0.4772893772893772,21.0,0.0,0.0,,0.6476190476190475,1124.0,0.2135231316725978,-0.0284697508896797,0.1620591223276709,0.4787366548042725,0.0718232044198895,0.0165745856353591,0.8871349644830308,1,1,1,0.0,3.102776614883441,0.5166000356349377,0.2212604152745972,18.0,NOMO2_HUMAN,1267.0,True
Q5JRA6,1,1,single-pass,True,False,False,False,False,1,member,1.0,,,,,,0.8305917837,0.5473993804,,0.823,0.64136446,1.0,1.34993,-0.077,3.68,0.4619821709491347,0.096486628211851,0.621209442615509,0.7640144228935242,0.98,0.52613306,0.059255374934452,182.24568323886007,-152.0,1907,0.3104352385946513,-0.0713162034609334,0.1684905597988783,0.4013925304433912,710.0,0.3028169014084507,0.0014084507042253,0.1387147424407162,0.3972769953051633,21.0,0.0476190476190476,0.0476190476190476,0.820564139220322,0.6894179894179894,1133.0,0.3292144748455428,-0.1244483671668137,0.1732689241928559,0.3891536726488183,0.3723125327739905,0.0110120608285264,0.5941269008914526,1,1,2,0.0,3.280350693046006,0.7985680879711315,0.2813493613258566,17.0,TGO1_HUMAN,1907.0,False
Q5JTH9,1,0,single-pass,True,False,True,False,False,2,member,1.0,,,,Client,,0.7991692919000001,0.9029399573,0.0,0.749,0.37224945,0.59,0.474986,-0.373,2.17,0.1634541249036237,0.1071703932151117,0.182016521692276,0.2763558626174927,0.98,0.19920802,0.0786430223592906,14.50787115647934,-1564.0,1297,0.2552043176561295,0.0177332305319969,0.2536354886390711,0.4749593078043319,,,,,,21.0,0.0,0.0,,0.7275132275132276,,,,,,,0.0161912104857363,,0,1,0,0.0,3.11293997608408,0.6766210577519942,0.2528059816713,18.0,RRP12_HUMAN,1297.0,True
Q5R3F8,1,0,single-pass,True,False,True,False,False,2,member,1.0,,,,Client,,0.3315608889,0.289098666,0.003333333,0.353,0.19809099,0.97,0.657976,-0.254,0.88,0.0,0.1073170731707317,0.3497225642204284,0.4430718421936035,0.99,0.27127033,0.0878048780487804,158.54056648999727,-635.0,820,0.2036585365853658,0.0012195121951219,0.1747241260803218,0.4699457994579961,402.0,0.2462686567164179,0.0074626865671641,0.1782679260529253,0.4371199557766715,21.0,0.0,0.0,,0.7455026455026454,375.0,0.1733333333333333,-0.0133333333333333,0.1684424132736039,0.4790814814814825,0.4902439024390244,0.0256097560975609,0.4573170731707317,1,1,1,0.0,2.9138138523837167,0.6442763280110897,0.2033600763410293,18.0,PPR29_HUMAN,820.0,True
Q5SGD2,1,0,single-pass,True,False,True,False,False,2,member,1.0,,,,Client,,0.4003255676,0.8851118218,0.0,0.099,0.026928117,0.12,0.316173,-0.379,0.4,0.0,0.0,0.0736559256911277,0.3989739120006561,0.03,0.059813946,0.0833333333333333,6.071083526040543,-417.0,360,0.275,-0.025,0.1411522243210709,0.4693518518518524,318.0,0.2924528301886792,-0.0283018867924528,0.1343394055985003,0.4518169112508742,17.0,0.0,0.0,,0.6862745098039217,25.0,0.24,0.0,0.3864441819255759,0.5448888888888888,0.8833333333333333,0.0472222222222222,0.0694444444444444,1,1,1,0.0,2.556302500767288,0.3431917069191696,0.2381603898096313,18.0,PPM1L_HUMAN,360.0,True
Q5SNT2,5,0,multi-pass,True,False,True,False,False,2,member,1.0,,,,Client,,0.0890508997,0.0693743851,0.0,0.32,0.023961242,0.93,0.0860879,-0.128,2.23,0.0,0.2507507507507507,0.3092614412307739,0.2246856242418289,0.51,0.14648668,0.093093093093093,155.8761299673092,-627.0,666,0.1651651651651651,0.036036036036036,0.2145513648991859,0.4791124457791116,,,,,,102.0,0.0392156862745098,0.0,0.4176316420569392,0.6838779956427014,563.0,0.1865008880994671,0.0408525754884547,0.2207980369550732,0.442865600947306,,0.1531531531531531,0.8453453453453453,0,5,5,0.0,2.823474229170301,0.5502457632794788,0.265735334934956,18.0,TM201_HUMAN,666.0,True
Q5T848,7,0,multi-pass,True,False,True,False,False,2,member,1.0,,,,Client,,0.5253102787,0.1248804176,0.0,0.239,0.009271997,0.99,0.750402,-0.05,1.35,0.2534979423868312,0.0732510288065843,0.0885930880904197,0.3893166184425354,0.98,0.2361639,0.0781893004115226,117.41678066998908,-828.0,1215,0.2337448559670782,0.0098765432098765,0.1921546502130967,0.4465569272976643,601.0,0.2945091514143095,0.0183028286189683,0.200215953298974,0.3838417452394145,155.0,0.0709677419354838,0.0064516129032258,0.2640340423757579,0.67921146953405,436.0,0.2201834862385321,0.0,0.1798336497241607,0.4372579001019372,0.4946502057613168,0.1275720164609053,0.3588477366255144,4,7,4,0.0,3.084576277934331,0.6186815798846794,0.2505725834014485,18.0,GP158_HUMAN,1215.0,True
Q5T8D3,1,0,single-pass,True,False,True,False,False,2,member,2.0,,,,Client,,0.5567193505,0.3060609849,0.020833333,0.573,0.03096326,0.94,1.21392,-0.043,2.28,0.0,0.0749063670411985,0.8912874460220337,0.7779191732406616,0.99,0.1920025,0.0767790262172284,167.90509365524088,33.0,534,0.2677902621722846,-0.0393258426966292,0.1893927531958161,0.4134415314190606,,,,,,21.0,0.0,0.0,,0.6619047619047617,,,,,,,0.0393258426966292,,0,1,0,0.0,2.727541257028556,0.6812627181661024,0.2967547268500108,18.0,ACBD5_HUMAN,534.0,True
Q5T9A4,0,1,intramembrane-only,True,False,True,False,False,2,,1.0,,,,Client,,0.6640467849,0.5792606045,0.0,0.747,0.454935,0.68,0.618722,-0.341,4.24,0.1080246913580246,0.1543209876543209,0.1981911361217498,0.4737970232963562,0.95,0.4138413,0.1141975308641975,50.864965077057256,-688.0,648,0.2746913580246913,0.0246913580246913,0.1321856584071176,0.4363683127572029,,,,,,,,,,,629.0,0.2829888712241653,0.0254372019077901,0.1320821288757929,0.428740505211095,,,0.970679012345679,0,0,2,0.0,2.8115750058705933,0.7314336469547197,0.2008292599880421,18.0,ATD3B_HUMAN,648.0,True
Q5TF21,1,0,single-pass,True,False,True,False,False,2,member,2.0,,,,Client,,0.8927666636,0.5967162821,0.021666667,0.505,0.39514852,1.0,1.58941,0.087,6.66,0.3611404435058078,0.2808870116156283,0.6081187725067139,0.7197622060775757,1.0,0.735068,0.0929250263991552,300.45122140561807,-234.0,947,0.2956705385427666,-0.0147835269271383,0.1815379188446761,0.4078493488208375,,,,,,21.0,0.0,0.0,,0.756084656084656,,,,,,,0.0221752903907074,,0,1,0,0.0327349524815205,2.976349979003273,0.86269459592459,0.206841255230202,18.0,SOGA3_HUMAN,947.0,True
Q5VU65,1,0,single-pass,True,False,True,False,False,2,member,1.0,,,,Client,,0.5059153945,0.1996111077,0.000833333,0.444,0.020090232,0.12,0.595379,-0.125,0.55,0.0,0.034957627118644,0.0628598928451538,0.0534460954368114,0.17,0.16082875,0.073093220338983,21.8577690248296,-1882.0,1888,0.1859110169491525,-0.0015889830508474,0.1621933275824515,0.5055849811676116,,,,,,21.0,0.0,0.0,,0.716931216931217,,,,,,,0.0111228813559322,,0,1,0,0.0,3.27600198996205,0.4383614445086967,0.2400914096188151,18.0,P210L_HUMAN,1888.0,True
Q5VUB5,1,0,single-pass,True,False,True,False,False,2,member,1.0,,,,Client,,0.3429015897,0.155076006,0.000833333,0.435,0.08892681,0.98,0.511708,-0.021,1.01,0.0764044943820224,0.0561797752808988,0.5506545305252075,0.7242826819419861,0.96,0.2210275,0.0853932584269663,177.2539183451353,-480.0,890,0.2089887640449438,-0.0157303370786516,0.1955789293622848,0.4479650436953809,566.0,0.2561837455830388,-0.0300353356890459,0.1983239321601754,0.4039065567334126,21.0,0.0,0.0,,0.8407407407407406,282.0,0.1382978723404255,0.0035460992907801,0.1920529681136475,0.4946020488573663,0.6359550561797753,0.0235955056179775,0.3168539325842696,1,1,1,0.0,2.949390006644913,0.656978192557687,0.2201945367329571,18.0,F1711_HUMAN,890.0,True
Q69YW2,2,0,multi-pass,True,False,True,False,False,2,member,1.0,,,,Client,,0.032105598,0.0447233188,0.0,0.026,0.0009689441,0.3,-1.4107,-0.378,-1.52,0.0070921985815602,0.2411347517730496,0.0690485835075378,0.0381962098181247,0.14,0.030588858,0.0496453900709219,0.0972885229510646,-180.0,141,0.1276595744680851,0.0,0.0973793581159086,0.5747044917257684,,,,,,42.0,0.0238095238095238,0.0238095238095238,0.9999999999999996,0.6886243386243388,,,,,,,0.2978723404255319,,0,2,0,0.0,2.14921911265538,0.2037411852745541,0.2556229158883312,18.0,STUM_HUMAN,141.0,True
Q6DD88,2,0,multi-pass,True,False,False,False,False,1,member,0.0,,,,,,0.5040686747,0.5455647469,0.000833333,0.645,0.31796426,0.33,0.636854,-0.258,0.43,0.0,0.0720887245841035,0.0482730343937873,0.1322005093097686,0.14,0.5358203,0.0702402957486136,18.49537876472748,-458.0,541,0.2236598890942698,-0.0277264325323475,0.1699724257116051,0.4751078250154035,498.0,0.2409638554216867,-0.0281124497991967,0.1700227754449965,0.4553324408746082,42.0,0.0,0.0,,0.7182539682539683,,,,,,0.9205175600739371,0.077634011090573,,2,2,0,0.0,2.733197265106569,0.494933668857646,0.2179927028964499,18.0,ATLA3_HUMAN,541.0,False
Q6ISU1,1,0,single-pass,False,False,True,False,False,1,,,,,,Regulator,,0.0449056831,0.0451827249,0.0,0.144,0.00061592937,0.97,-0.27406,-0.251,3.8,0.1530249110320284,0.2028469750889679,0.2259995490312576,0.0380317121744155,0.68,0.15853076,0.0640569395017793,70.83102272821584,-212.0,281,0.1316725978647686,-0.0035587188612099,0.1836410595971934,0.5013048635824422,114.0,0.1666666666666666,0.043859649122807,0.1849347476497326,0.4359649122807021,21.0,0.1428571428571428,0.0476190476190476,0.5602701674846032,0.7328042328042328,123.0,0.1219512195121951,-0.056910569105691,0.1836692798434382,0.492682926829268,0.4056939501779359,0.0747330960854092,0.4377224199288256,1,1,1,0.0711743772241993,2.44870631990508,0.4327739389432299,0.3489339377000927,18.0,PTCRA_HUMAN,281.0,False
Q6MZM0,1,0,single-pass,True,False,True,False,False,2,member,1.0,,,,Client,,0.6483203824,0.3189716845,0.0,0.491,0.045865778,0.22,1.28184,-0.195,1.98,0.0,0.0189818809318377,0.0600161962211132,0.1626611500978469,0.2,0.09022916,0.0966350301984469,120.10728126292916,-740.0,1159,0.2226056945642795,-0.0120793787748058,0.1652278622569907,0.4602722653628612,24.0,0.1666666666666666,0.0,0.2539464653397392,0.4657407407407407,21.0,0.0,0.0,,0.8349206349206348,1090.0,0.2311926605504587,-0.0146788990825688,0.1644795125181355,0.4499592252803274,0.0207075064710957,0.0181190681622088,0.9404659188955996,1,1,1,0.0,3.064083435963596,0.5288423506670057,0.2344920570702599,18.0,HPHL1_HUMAN,1159.0,True
Q6NUK1,6,0,multi-pass,True,False,False,False,False,1,member,1.0,,,,,,0.4960369646,0.3270650655,0.0,0.457,0.20364003,0.17,1.00285,-0.253,-0.21,0.0,0.0,0.0656438320875167,0.2659166753292084,0.05,0.14667255,0.0775681341719077,1.5184956284927162,-450.0,477,0.2368972746331236,-0.0062893081761006,0.1577298076161693,0.4769159096203107,,,,,,110.0,0.0545454545454545,0.0181818181818181,0.2989355781972572,0.5819191919191922,255.0,0.3058823529411765,-0.0705882352941176,0.1428138015309871,0.4359477124183009,,0.230607966457023,0.5345911949685535,0,6,4,0.0,2.678518379040114,0.4001841345580441,0.2214579234350589,18.0,SCMC1_HUMAN,477.0,False
Q6P1M0,2,0,multi-pass,True,False,True,False,False,2,member,1.0,,,,Client,,0.2943465335,0.2280672027,0.0,0.302,0.61000746,0.14,0.671143,-0.161,1.29,0.0,0.0202177293934681,0.0489213243126869,0.3403819501399994,0.0,0.043028377,0.1088646967340591,11.7875997923367,-745.0,643,0.2208398133748056,0.015552099533437,0.1562883115914305,0.4913081043718683,,,,,,41.0,0.073170731707317,0.024390243902439,0.5029955555178011,0.6306233062330624,,,,,,,0.0637636080870917,,0,2,0,0.0,2.808210972924222,0.4356248643458758,0.2820499287473437,18.0,S27A4_HUMAN,643.0,False
Q6P995,1,0,single-pass,True,False,False,False,False,1,member,1.0,,,,,,0.541043084,0.2473364858,0.000833333,0.293,0.12565628,0.89,0.583274,-0.088,1.19,0.0544794188861985,0.0956416464891041,0.070446528494358,0.2593759298324585,1.0,0.17967403,0.0738498789346246,72.58372311386022,-544.0,826,0.2203389830508474,0.009685230024213,0.1739262460155525,0.451103040086092,452.0,0.2676991150442478,0.0022123893805309,0.1762983597102881,0.4046705998033422,21.0,0.0,0.0,,0.7941798941798942,321.0,0.1713395638629283,0.0031152647975077,0.168727698726563,0.4767047421253029,0.5472154963680388,0.0254237288135593,0.3886198547215496,1,1,1,0.0375302663438256,2.9169800473203824,0.618259938786816,0.186996795699907,18.0,F171B_HUMAN,826.0,False
Q6P9B9,3,0,multi-pass,True,False,False,False,False,1,member,1.0,,,,,,0.2203402879,0.1163042239,0.0,0.396,0.026206765,0.76,0.54353,-0.235,1.23,0.0,0.1844946025515211,0.0600281283259391,0.0426689311861991,0.51,0.24909742,0.0667320902845927,146.2819152456632,-1385.0,1019,0.1579980372914622,-0.0088321884200196,0.1653813337379277,0.512114273252646,,,,,,63.0,0.0634920634920634,0.0,0.2543764457263615,0.6707231040564371,,,,,,,0.0618253189401373,,0,3,0,0.0,3.0081741840064264,0.4891685479503066,0.2528820052288958,18.0,INT5_HUMAN,1019.0,False
Q6PCB7,1,0,single-pass,True,False,True,False,False,2,member,1.0,,,,Client,,0.2660295585,0.2653740364,0.0,0.26,0.043861113,0.13,0.711671,-0.25,0.73,0.0,0.0340557275541795,0.0609001033008098,0.0757035389542579,0.1,0.049102526,0.1130030959752322,12.970236479763637,-844.0,646,0.2043343653250774,0.0154798761609907,0.1603383059424981,0.5059339525283809,612.0,0.2140522875816993,0.0147058823529411,0.1612195349452815,0.4986020334059537,21.0,0.0,0.0,,0.6756613756613755,13.0,0.0769230769230769,0.0769230769230769,0.7767153607791059,0.5769230769230768,0.9473684210526316,0.0325077399380804,0.0201238390092879,1,1,1,0.0,2.810232517995084,0.3932911157956986,0.2132672233767628,18.0,S27A1_HUMAN,646.0,True
Q6UW02,1,0,single-pass,True,False,True,False,False,2,member,2.0,,,,Client,,0.481313484,0.4384785468,0.0,0.069,0.35843033,0.22,0.173973,-0.368,0.08,0.0,0.0909090909090909,0.0534042716026306,0.0461966432631015,0.12,0.053909246,0.0714285714285714,31.5320191625074,-534.0,462,0.2251082251082251,-0.0173160173160173,0.1733668192754356,0.4849446849446854,,,,,,21.0,0.0,0.0,,0.7455026455026452,,,,,,,0.0454545454545454,,0,1,0,0.0,2.6646419755561257,0.3558310702237384,0.2082055482020147,18.0,CP20A_HUMAN,462.0,True
Q6UWU4,1,0,single-pass,True,False,False,False,False,1,member,1.0,,,,,,0.279165848,0.132345237,0.0,0.075,0.0010588511,0.3,-0.478711,-0.431,1.34,0.0,0.0432276657060518,0.049827866256237,0.0666633322834968,0.12,0.07006075,0.0749279538904899,1.639505897520649,-384.0,347,0.2190201729106628,-0.0115273775216138,0.1855085658286816,0.4755683637528024,58.0,0.2758620689655172,-0.0344827586206896,0.0909746468229827,0.4310344827586208,21.0,0.0476190476190476,0.0476190476190476,0.9509264859515036,0.7507936507936508,268.0,0.2201492537313432,-0.0111940298507462,0.2182180886530282,0.463640132669984,0.1671469740634005,0.0605187319884726,0.7723342939481268,1,1,1,0.0,2.5403294747908736,0.2552937286863576,0.1567555759119769,18.0,CF089_HUMAN,347.0,True
Q6UXV4,2,0,multi-pass,True,False,True,False,False,2,member,1.0,,,,Client,,0.6031261014,0.5689130728,0.000833333,0.305,0.014177231,0.35,0.0602942,-0.337,-0.24,0.2350746268656716,0.1231343283582089,0.1596256792545318,0.0979379564523696,0.35,0.052192453,0.0597014925373134,3.886356891319146,-149.0,268,0.208955223880597,0.0522388059701492,0.1772816786481463,0.472595356550581,,,,,,37.0,0.027027027027027,0.027027027027027,0.7811718200165277,0.6486486486486485,196.0,0.2397959183673469,0.0255102040816326,0.158886539875555,0.4340136054421772,,0.1380597014925373,0.7313432835820896,0,2,2,0.0,2.428134794028789,0.4366111771881574,0.27404910375665,18.0,MIC27_HUMAN,268.0,True
Q6XPS3,3,0,multi-pass,True,False,True,False,False,2,member,1.0,,,,Client,,0.5959269683,0.8822612112,0.0,0.185,0.011262344,0.18,0.102717,-0.275,-0.15,0.053639846743295,0.0613026819923371,0.0497767552733421,0.0431197732686996,0.51,0.069273785,0.10727969348659,9.039576630714972,-817.0,522,0.2432950191570881,0.0134099616858237,0.176352070751101,0.4878671775223495,,,,,,63.0,0.0952380952380952,-0.0317460317460317,0.1950080489740434,0.7403880070546734,,,,,,,0.1206896551724138,,0,3,0,0.0,2.717670503002262,0.4217794801613106,0.2674710169426182,18.0,TPTE2_HUMAN,522.0,True
Q6ZVL6,1,0,single-pass,True,False,True,False,False,2,member,1.0,,,,Client,,0.7655405939000001,0.3417870892,0.0125,0.589,0.42319775,1.0,0.544298,0.005,1.86,0.0140616549486208,0.0730124391563007,0.1744791567325592,0.3766993880271911,1.0,0.5456134,0.0686857760951865,339.620075066262,-732.0,1849,0.1719848566792861,0.002163331530557,0.2024576373122403,0.4577489333573706,,,,,,21.0,0.0,0.0,,0.8407407407407408,,,,,,,0.0113574905354245,,0,1,0,0.0,3.266936911159173,0.7451413552849876,0.2112537936929053,18.0,K154L_HUMAN,1849.0,True
Q7KZN9,8,0,multi-pass,True,False,False,False,False,1,member,1.0,,,,,,0.081780224,0.1485935104,0.0,0.384,0.00076882355,0.13,-0.354316,-0.353,-0.57,0.0,0.0585365853658536,0.0698397308588028,0.0364629700779914,0.13,0.020656569,0.1073170731707317,5.5963194286104105,-666.0,410,0.1707317073170731,0.0439024390243902,0.1954122713834497,0.5186449864498675,,,,,,165.0,0.0363636363636363,0.0121212121212121,0.2738902474376249,0.6581144781144781,125.0,0.248,-0.056,0.1579102471910521,0.4287999999999997,,0.4024390243902439,0.3048780487804878,0,8,4,0.0,2.6127838567197355,0.2765913395199256,0.2261579846071392,18.0,COX15_HUMAN,410.0,False
Q7L0J3,12,0,multi-pass,True,False,True,False,False,2,member,1.0,,,,Client,,0.1420921062,0.2193844474,0.0,0.283,0.07545196,0.18,1.05287,-0.306,2.6,0.1118598382749326,0.1266846361185983,0.0839094519615173,0.1642294377088546,0.51,0.03869678,0.0902964959568733,31.9205690851776,-638.0,742,0.206199460916442,-0.0256064690026954,0.2139329997385672,0.5014375561545397,310.0,0.3548387096774194,-0.0387096774193548,0.2259533432775115,0.3793189964157709,252.0,0.0198412698412698,-0.0119047619047619,0.4290501176326267,0.6847442680776005,180.0,0.2111111111111111,-0.0222222222222222,0.1782157747725138,0.4551234567901226,0.4177897574123989,0.3396226415094339,0.2425876010781671,7,12,6,0.0,2.870403905279027,0.5040105998767291,0.2347934922406409,18.0,SV2A_HUMAN,742.0,True
Q7Z2D5,6,0,multi-pass,True,False,True,False,False,2,member,1.0,,,,Client,,0.2704553093,0.6782325897,0.005,0.464,0.052914076,0.97,1.05186,-0.021,2.4,0.0327653997378768,0.0340760157273918,0.1067673191428184,0.1715623587369918,0.84,0.11854758,0.0904325032765399,265.6608438234493,-279.0,763,0.200524246395806,0.019659239842726,0.184869860160808,0.4588612203291092,,,,,,126.0,0.0317460317460317,0.0,0.6736536822717651,0.6805996472663136,,,,,,,0.1651376146788991,,0,6,0,0.0,2.8825245379548803,0.6480038347617451,0.25200207914988,18.0,PLPR4_HUMAN,763.0,True
Q7Z3C6,4,4,multi-pass,False,True,False,False,False,1,,,PS-other only,FIP200 puncta,ATG9A APG9L1,,,0.069750691,0.056589452,0.000833333,0.463,0.0078108557,0.42,0.184754,-0.17,3.63,0.0631704410011919,0.0846245530393325,0.231233075261116,0.0976111590862274,0.42,0.07115102,0.0905840286054827,85.70546124188502,-1008.0,839,0.1835518474374255,-0.0166865315852205,0.1972832645953601,0.4901205138392316,653.0,0.1990811638591118,-0.0153139356814701,0.1931398741197015,0.4516419942147354,93.0,0.064516129032258,0.021505376344086,0.4427243855940141,0.6856630824372763,53.0,0.2264150943396226,-0.1132075471698113,0.3255953778806862,0.4999999999999998,0.7783075089392133,0.1108462455303933,0.0631704410011919,7,4,2,0.0,2.9237619608287004,0.5384695051421653,0.2637487808955816,18.0,ATG9A_HUMAN,839.0,False
Q7Z434,1,0,single-pass,False,True,True,False,False,2,,,in_phasepdb_no_class,Inclusion body; Receptor cluster,MAVS IPS1 KIAA1271 VISA,Regulator,,0.3417054212,0.3719084584,0.008333333,0.795,0.97495615,1.0,0.249132,-0.124,2.12,0.2277777777777777,0.1666666666666666,0.6838797330856323,0.8008372187614441,0.98,0.22459128,0.0703703703703703,161.56204763986034,-26.0,540,0.1759259259259259,-0.0203703703703703,0.178384138488009,0.4550823045267485,512.0,0.1796875,-0.02734375,0.1691413065578045,0.4446180555555539,21.0,0.0,0.0,,0.7603174603174602,6.0,0.5,0.5,1.0,0.237037037037037,0.9481481481481482,0.0388888888888888,0.0111111111111111,1,1,1,0.0,2.7323937598229686,0.7347027190310988,0.2947521690137738,18.0,MAVS_HUMAN,540.0,True
Q86SK9,4,0,multi-pass,True,False,True,False,False,2,member,1.0,,,,Client,,0.1971048462,0.1147355659,0.0,0.047,0.005616135,0.37,0.127319,-0.154,0.39,0.0,0.0606060606060606,0.052773643285036,0.0301860533654689,0.28,0.020716233,0.1151515151515151,17.73354080592601,-451.0,330,0.203030303030303,0.0393939393939393,0.1880409489920602,0.4844107744107749,241.0,0.2614107883817427,0.0456431535269709,0.1877006628134569,0.420746887966804,86.0,0.0348837209302325,0.0116279069767441,0.638490165821002,0.6704134366925067,,,,,,0.7303030303030303,0.2606060606060606,,3,4,1,0.0,2.5185139398778875,0.3351032082623997,0.2361858483394268,18.0,SCD5_HUMAN,330.0,True
Q86UE4,1,0,single-pass,True,False,True,False,False,2,member,1.0,,,,Client,,0.7633049705,0.9431602734,0.006666667,0.748,0.9090306,1.0,1.46266,-0.229,3.26,0.6494845360824743,0.1718213058419244,0.8910396695137024,0.9162181615829468,0.99,0.81432074,0.0549828178694158,219.0437808986394,155.0,582,0.3178694158075601,0.0257731958762886,0.2413007338922414,0.380985108820159,513.0,0.3333333333333333,0.0331384015594541,0.2468966079337509,0.3602988953866142,21.0,0.0,0.0,,0.7275132275132274,48.0,0.2916666666666667,-0.0416666666666666,0.1965142857581248,0.4504629629629632,0.8814432989690721,0.0360824742268041,0.0824742268041237,1,1,1,0.0,2.7649229846498886,0.8154870710926221,0.3079185153648717,18.0,LYRIC_HUMAN,582.0,True
Q86UP2,1,0,single-pass,True,False,True,False,False,2,member,2.0,,,,Client,,0.8125684042,0.9569694352,0.0,0.717,0.9041189,0.83,0.74248,-0.189,-0.14,0.081798084008843,0.1746499631540162,0.2543286383152008,0.7076205611228943,0.79,0.91721135,0.0405305821665438,2.51112288413838,-926.0,1357,0.3507737656595431,-0.0265291083271923,0.1268273146910345,0.3999099320396262,6.0,0.3333333333333333,-0.3333333333333333,0.4000000000000012,0.4185185185185185,23.0,0.0,0.0,,0.7845410628019323,1328.0,0.3569277108433735,-0.0256024096385542,0.1266055638634751,0.393164323962516,0.004421518054532,0.0169491525423728,0.9786293294030952,1,1,1,0.0,3.132579847659737,0.6969670641143771,0.3037750835230726,18.0,KTN1_HUMAN,1357.0,True
Q86WV6,4,0,multi-pass,True,True,False,False,False,2,driver,1.0,in_phasepdb_no_class,,STING1 ERIS MITA STING TMEM173,,,0.0673172323,0.1086805273,0.0,0.031,0.7079318,0.49,-0.245228,-0.242,-0.48,0.0686015831134564,0.0870712401055409,0.0623737052083015,0.0343330726027488,0.35,0.06642537,0.1081794195250659,2.416115700989079,-587.0,379,0.179419525065963,-0.0052770448548812,0.1706340176625815,0.4940486660803277,284.0,0.2112676056338028,-0.0070422535211267,0.1657554325478354,0.4585680751173713,75.0,0.08,0.0266666666666666,0.3911533671420776,0.6391111111111111,20.0,0.1,-0.1,0.6870748299319728,0.4538888888888889,0.7493403693931399,0.1978891820580474,0.0527704485488126,3,4,2,0.0,2.578639209968072,0.3918866662711761,0.2807442069008314,18.0,STING_HUMAN,379.0,True
Q86Y82,1,0,single-pass,True,False,True,False,False,2,member,1.0,,,,Client,,0.3851042918,0.318359574,0.000833333,0.558,0.58181125,0.52,-0.331251,-0.038,-1.23,0.0,0.1666666666666666,0.2824033200740814,0.4674178659915924,0.81,0.7007874,0.0833333333333333,17.40348556021319,-294.0,276,0.2681159420289855,-0.0217391304347826,0.1816137137045733,0.4355475040257657,247.0,0.2834008097165992,-0.0404858299595141,0.1535876778538682,0.4023391812865503,21.0,0.0952380952380952,0.0952380952380952,0.4915024266355868,0.8058201058201058,,,,,,0.894927536231884,0.0760869565217391,,1,1,0,0.0,2.4409090820652177,0.5842396244354582,0.2719599461968837,18.0,STX12_HUMAN,276.0,True
Q8IV08,1,0,single-pass,True,False,True,False,False,2,member,1.0,,,,Client,,0.0876175607,0.0680285047,0.0,0.274,0.014544134,0.14,-0.102391,-0.149,0.57,0.0,0.0755102040816326,0.0490734130144119,0.033792458474636,0.09,0.03661238,0.0877551020408163,33.9359383639313,-518.0,490,0.1816326530612245,-0.0142857142857142,0.1602410513466972,0.4791609977324263,38.0,0.3684210526315789,0.0,0.1963466068582229,0.3953216374269005,21.0,0.0,0.0,,0.7857142857142857,431.0,0.1740139211136891,-0.0162412993039443,0.1558190382409095,0.4716163959783448,0.0775510204081632,0.0428571428571428,0.8795918367346939,1,1,1,0.0,2.690196080028514,0.3054216005068012,0.1975434157135152,18.0,PLD3_HUMAN,490.0,True
Q8IWT6,4,0,multi-pass,True,False,True,False,False,2,member,1.0,,,,Client,,0.3244235149,0.0949929525,0.0,0.257,0.18315989,0.13,-0.0676942,-0.332,0.74,0.0,0.0506172839506172,0.0689561069011688,0.1016820073127746,0.16,0.09430585,0.0938271604938271,37.00400410800199,-1308.0,810,0.2419753086419753,0.0049382716049382,0.1729000345522336,0.48620027434842,614.0,0.2703583061889251,0.006514657980456,0.1762586613671502,0.4691458559536746,90.0,0.0666666666666666,0.0222222222222222,0.4217624917327162,0.6670370370370367,106.0,0.2264150943396226,-0.0188679245283018,0.1617251447164751,0.4314465408805032,0.7580246913580246,0.1111111111111111,0.1308641975308642,3,4,2,0.0,2.90848501887865,0.3967180438242315,0.2034585927095749,18.0,LRC8A_HUMAN,810.0,True
Q8IWU2,2,0,multi-pass,True,False,True,False,False,2,member,1.0,,,,Client,,0.6062187079,0.9183515593,0.001666667,0.546,0.22575817,1.0,0.770201,-0.176,2.98,0.3206919494344644,0.0738522954091816,0.5543336272239685,0.6191295385360718,1.0,0.19417539,0.0525615435795076,133.60854067307193,-483.0,1503,0.2488356620093147,-0.1037924151696606,0.172847065281013,0.4385007762253282,1450.0,0.256551724137931,-0.1062068965517241,0.1724853912271904,0.4287279693486677,42.0,0.0,0.0,,0.7716931216931218,11.0,0.1818181818181818,-0.1818181818181818,0.0909778235381277,0.4545454545454545,0.9647371922821024,0.0279441117764471,0.0073186959414504,2,2,1,0.0,3.176958980586908,0.7390524411543421,0.2422316151940129,18.0,LMTK2_HUMAN,1503.0,True
Q8IXI1,1,0,single-pass,True,False,True,False,False,2,member,1.0,,,,Client,,0.3022383685,0.3513170738,0.0,0.364,0.040988345,0.19,0.0417698,-0.302,0.22,0.0,0.046925566343042,0.0509200394153595,0.0404299572110176,0.03,0.46075583,0.0841423948220064,18.029933878049988,-705.0,618,0.2135922330097087,-0.029126213592233,0.1757719294582832,0.4886012225818057,592.0,0.2195945945945946,-0.0337837837837837,0.1734025864189365,0.48108108108108,23.0,0.0434782608695652,0.0434782608695652,0.8117029075088595,0.7202898550724637,3.0,0.3333333333333333,0.3333333333333333,,0.1962962962962963,0.9579288025889968,0.0372168284789644,0.0048543689320388,1,1,1,0.0,2.790988475088816,0.3560576093869498,0.1745967512859866,18.0,MIRO2_HUMAN,618.0,True
Q8IXI2,1,0,single-pass,True,False,True,False,False,2,member,1.0,,,,Client,,0.4181084803,0.5571086165,0.0,0.206,0.36319634,0.13,-0.124591,-0.323,-0.72,0.0,0.0,0.0765365734696388,0.1014830097556114,0.18,0.7125308,0.087378640776699,0.6419332758064236,-676.0,618,0.244336569579288,-0.017799352750809,0.1780633878945021,0.4703883495145636,592.0,0.2483108108108108,-0.0253378378378378,0.1772654731222758,0.4656906906906895,23.0,0.0869565217391304,0.0869565217391304,0.3355002982808852,0.644927536231884,3.0,0.6666666666666666,0.6666666666666666,,0.0592592592592592,0.9579288025889968,0.0372168284789644,0.0048543689320388,1,1,1,0.0,2.790988475088816,0.3828649311929678,0.2530831815452659,18.0,MIRO1_HUMAN,618.0,False
Q8IY17,1,0,single-pass,False,False,True,False,False,1,,,,,,Regulator,,0.6202906647,0.2537744682,0.0,0.56,0.7622504,0.81,0.771442,-0.214,2.13,0.0421818181818181,0.0349090909090909,0.0608273968100547,0.063836857676506,0.77,0.16497244,0.1032727272727272,107.8550455958012,-1239.0,1375,0.2261818181818181,0.0021818181818181,0.1884619660598117,0.4772121212121167,1295.0,0.2339768339768339,0.0038610038610038,0.188346222116943,0.4708537108537065,21.0,0.0,0.0,,0.8142857142857141,59.0,0.135593220338983,-0.0338983050847457,0.162962909534982,0.496798493408663,0.9418181818181818,0.0152727272727272,0.0429090909090909,1,1,1,0.0,3.1383026981662816,0.628401651856686,0.2309943975148493,18.0,PLPL6_HUMAN,1375.0,True
Q8N111,1,0,single-pass,True,False,True,False,False,2,member,1.0,,,,Client,,0.7018962118000001,0.5975619813,0.0,0.237,0.18753257,1.0,0.139587,-0.284,0.82,0.785234899328859,0.348993288590604,0.0567562952637672,0.0504320748150348,0.96,0.2448,0.0201342281879194,15.82594045625626,36.0,149,0.2281879194630872,0.0268456375838926,0.2097491698806518,0.4391498881431763,125.0,0.248,0.008,0.2177997810889337,0.3872,21.0,0.0,0.0,,0.8047619047619046,3.0,1.0,1.0,,0.0444444444444444,0.8389261744966443,0.1409395973154362,0.0201342281879194,1,1,1,0.0,2.173186268412274,0.5146400502623096,0.3332102825448289,18.0,CEND_HUMAN,149.0,True
Q8N114,1,0,single-pass,True,True,False,False,False,2,driver,1.0,in_phasepdb_no_class,,SHISA5 SCOTIN,,,0.0353312183,0.0413076915,0.000833333,0.268,0.0060578524,0.86,-1.43731,0.232,4.08,0.0125,0.4291666666666666,0.8509083986282349,0.4201385974884033,0.27,0.111964665,0.0958333333333333,53.982415488817885,-136.0,240,0.1125,-0.0041666666666666,0.2482910424979361,0.507083333333334,114.0,0.0614035087719298,0.0263157894736842,0.5085440209001413,0.4476608187134508,21.0,0.0,0.0,,0.7735449735449735,77.0,0.2337662337662337,-0.0779220779220779,0.2102581045080327,0.4848484848484852,0.475,0.0875,0.3208333333333333,1,1,1,0.0,2.380211241711606,0.5381164289526301,0.3704038453370076,18.0,SHSA5_HUMAN,240.0,False
Q8N2U0,2,0,multi-pass,True,False,True,False,False,2,member,1.0,,,,Client,,0.1466153282,0.0459594771,0.0,0.051,0.09871484,0.15,-0.302255,-0.306,,0.0,0.336283185840708,0.1128178015351295,0.1334230899810791,0.28,0.017679567,0.0619469026548672,1.4493277876151007,-173.0,113,0.0973451327433628,0.0265486725663716,0.2465327012964813,0.5513274336283187,8.0,0.125,-0.125,0.4088291746641075,0.4305555555555555,42.0,0.0,0.0,,0.6444444444444445,34.0,0.2352941176470588,0.0588235294117647,0.1093178707466339,0.450326797385621,0.0707964601769911,0.3716814159292035,0.3008849557522124,1,2,1,0.0,2.0530784434834195,0.2816469252903718,0.2548304845895587,17.0,TM256_HUMAN,113.0,True
Q8N5K1,1,0,single-pass,True,False,True,False,False,2,member,1.0,,,,Client,,0.5157140543000001,0.6339990216,0.0,0.188,0.031103944,0.16,-0.657404,-0.559,,0.0,0.1407407407407407,0.0543491318821907,0.1578627079725265,0.04,0.02401942,0.074074074074074,13.412942564090956,-190.0,135,0.2518518518518518,0.074074074074074,0.2100163816868305,0.4930041152263381,75.0,0.32,0.08,0.2028106241777636,0.4069629629629629,23.0,0.0869565217391304,0.0869565217391304,0.3355002982808852,0.6768115942028985,36.0,0.2222222222222222,0.0555555555555555,0.3161355119226117,0.5487654320987654,0.5555555555555556,0.1703703703703703,0.2666666666666666,1,1,1,0.0,2.130333768495006,0.3094193804349711,0.2428130044234772,17.0,CISD2_HUMAN,135.0,True
Q8N766,1,0,single-pass,True,False,True,False,False,2,member,1.0,,,,Client,,0.250438838,0.1002356603,0.0,0.432,0.0077857166,0.21,0.396478,-0.161,0.09,0.0,0.0211480362537764,0.0506307892501354,0.1583977937698364,0.08,0.108173236,0.0855991943605236,30.785793173646724,-1052.0,993,0.2034239677744209,0.0,0.1764956013567437,0.4881615754727528,10.0,0.3,0.3,0.1599999999999999,0.42,21.0,0.0952380952380952,0.0952380952380952,0.791446920015118,0.6910052910052908,940.0,0.2074468085106383,-0.0053191489361702,0.1717452804465223,0.4812884160756456,0.0100704934541792,0.0211480362537764,0.94662638469285,1,1,1,0.0,2.996949248495381,0.3743839052548999,0.2064158881280482,18.0,EMC1_HUMAN,993.0,True
Q8N9R8,1,0,single-pass,True,False,True,False,False,2,member,1.0,,,,Client,,0.6494970516,0.387164826,0.0,0.227,0.13063228,0.29,0.364918,-0.185,0.16,0.061056105610561,0.0,0.0755031928420066,0.055043488740921,0.64,0.115150355,0.1188118811881188,30.31205002269038,-683.0,606,0.2392739273927392,0.0115511551155115,0.1779695766518411,0.4516501650165012,,,,,,21.0,0.0,0.0,,0.6597883597883597,,,,,,,0.0346534653465346,,0,1,0,0.0,2.782472624166286,0.5065204690166847,0.2282166170352389,18.0,SCAI_HUMAN,606.0,True
Q8NBQ7,6,0,multi-pass,True,False,True,False,False,2,member,1.0,,,,Client,,0.0551763769,0.0603210288,0.0,0.017,0.06803982,0.14,-1.49354,-0.294,-1.04,0.0,0.1070110701107011,0.0662943348288536,0.0286288000643253,0.44,0.026402576,0.055350553505535,7.701967298268235,-588.0,271,0.1033210332103321,0.007380073800738,0.1895067199293261,0.5735547355473547,52.0,0.2307692307692307,0.0,0.2556422746226799,0.4213675213675211,126.0,0.0317460317460317,0.0,0.5299364983368613,0.6813051146384475,93.0,0.1290322580645161,0.021505376344086,0.2236422270412004,0.5126642771804063,0.1918819188191882,0.4649446494464944,0.3431734317343173,4,6,3,0.0,2.432969290874406,0.2339768037356956,0.2171063262515808,18.0,AQP11_HUMAN,271.0,True
Q8NBU5,1,0,single-pass,True,False,True,False,False,2,member,1.0,,,,Client,,0.8318912592000001,0.7174864919,0.001666667,0.302,0.4761211,0.2,-0.259015,-0.283,-0.43,0.0,0.0332409972299169,0.0807771384716034,0.1737902015447616,0.36,0.23414238,0.0637119113573407,0.0,-396.0,361,0.2631578947368421,-0.0083102493074792,0.1920345855589913,0.4718374884579873,329.0,0.2735562310030395,-0.0121580547112462,0.1942246932463719,0.4617359000337718,17.0,0.0588235294117647,0.0588235294117647,1.0,0.7052287581699346,15.0,0.2666666666666666,0.0,0.3508888888888888,0.428888888888889,0.9113573407202216,0.0470914127423822,0.0415512465373961,1,1,1,0.0,2.5575072019056577,0.4379215167187155,0.2857629198720551,18.0,ATAD1_HUMAN,361.0,True
Q8NC56,2,0,multi-pass,True,True,False,False,False,2,unknown,0.0,in_phasepdb_no_class,,LEMD2,,,0.2363709607,0.103006874,,0.346,0.9496786,0.68,0.00266268,-0.184,1.42,0.1530815109343936,0.2743538767395626,0.8860238194465637,0.8178472518920898,0.98,0.20023857,0.1371769383697813,28.2641428731298,-664.0,503,0.2882703777335984,0.0178926441351888,0.1844930860330691,0.4480892423238357,,,,,,42.0,0.0238095238095238,0.0238095238095238,0.9999999999999996,0.7555555555555554,,,,,,,0.0834990059642147,,0,2,0,0.0,2.701567985055928,0.6834521671866542,0.2747039945013673,17.0,LEMD2_HUMAN,503.0,True
Q8NE86,2,0,multi-pass,True,False,True,False,False,2,member,1.0,,,,Client,,0.3934921894,0.1574889878,0.0,0.178,0.021896387,0.32,0.119494,-0.15,0.94,0.0,0.1652421652421652,0.1497824490070343,0.1922467052936554,0.04,0.03835022,0.1253561253561253,40.11321803414288,-453.0,351,0.2421652421652421,0.0142450142450142,0.1195803825937699,0.47116176005065,,,,,,44.0,0.0454545454545454,0.0,0.9231950844854072,0.6078282828282829,7.0,0.2857142857142857,-0.2857142857142857,0.272751677852349,0.3984126984126984,,0.1253561253561253,0.0199430199430199,0,2,1,0.0,2.545307116465824,0.4620076817941503,0.237163360516371,18.0,MCU_HUMAN,351.0,True
Q8NF91,1,0,single-pass,True,False,True,False,False,2,member,3.0,,,,Client,,0.7835733844,0.9435434993,,0.661,0.3003878,0.94,1.22857,-0.117,2.31,0.0,0.0530862794134363,0.0769322216510772,0.7681599855422974,,,0.0644537910651358,192.33873579544,-10039.0,8797,0.2908946231669887,-0.0358076617028532,0.1490573930526402,0.4309297361474266,8746.0,0.2920192087811571,-0.0359021266864852,0.1485598079376638,0.4301725233122355,21.0,0.0,0.0,,0.7613756613756613,30.0,0.1666666666666666,-0.0333333333333333,0.5542936532439469,0.4203703703703703,0.9942025690576332,0.0023871774468568,0.0034102534955098,1,1,1,0.0,3.944334591970782,0.739029033594931,0.2778929380678324,15.0,SYNE1_HUMAN,8797.0,True
Q8NFZ4,1,0,single-pass,True,False,True,False,False,2,member,1.0,,,,Client,,0.5290596473,0.2060253507,0.001666667,0.577,0.019031534,0.84,0.999224,-0.18,3.06,0.0550898203592814,0.2215568862275449,0.0966566354036331,0.062659665942192,0.97,0.45617145,0.0946107784431137,127.89422778221108,-434.0,835,0.1952095808383233,-0.0179640718562874,0.1894189370124613,0.4656553559547568,137.0,0.1824817518248175,0.0218978102189781,0.2324012343222803,0.4391727493917272,21.0,0.0,0.0,,0.7328042328042328,663.0,0.2081447963800905,-0.0271493212669683,0.1829152927143365,0.4566951566951559,0.1640718562874251,0.0251497005988023,0.7940119760479042,1,1,1,0.059880239520958,2.921686475483602,0.6770789763148655,0.2177578467185123,18.0,NLGN2_HUMAN,835.0,True
Q8NHH9,2,0,multi-pass,True,False,True,False,False,2,member,1.0,,,,Client,,0.452776633,0.5533377423,0.0,0.262,0.05865513,0.22,0.550113,-0.299,0.9,0.0120068610634648,0.0240137221269296,0.052309613674879,0.3782926201820373,0.7,0.35632795,0.0823327615780446,30.22029573821556,-605.0,583,0.2452830188679245,-0.0360205831903945,0.2015419194664972,0.4603773584905663,539.0,0.2653061224489796,-0.0389610389610389,0.2014022616839598,0.4405277262420127,42.0,0.0,0.0,,0.7246031746031747,,,,,,0.9245283018867924,0.072041166380789,,2,2,1,0.0,2.765668554759014,0.4767963244986708,0.187920610533096,18.0,ATLA2_HUMAN,583.0,True
Q8NHL6,1,0,single-pass,False,False,True,False,False,1,,,,,,Regulator,,0.2729137137,0.365264167,0.0,0.463,0.026222784,0.84,0.487842,-0.099,2.42,0.0969230769230769,0.0861538461538461,0.1018655076622963,0.1374184191226959,0.98,0.86683834,0.0938461538461538,132.55128691926274,-258.0,650,0.1876923076923076,-0.0215384615384615,0.1996816479904375,0.4504786324786311,168.0,0.2797619047619047,-0.0535714285714285,0.2045231391335288,0.3761243386243386,21.0,0.0,0.0,,0.9052910052910051,438.0,0.1689497716894977,-0.0136986301369863,0.1996800545629084,0.4483764586504322,0.2584615384615384,0.0323076923076923,0.6738461538461539,1,1,1,0.0338461538461538,2.812913356642856,0.6256613056510653,0.2205357767286721,18.0,LIRB1_HUMAN,650.0,False
Q8TB36,2,0,multi-pass,True,False,True,False,False,2,member,1.0,,,,Client,,0.4634179789,0.3623820387,0.0,0.157,0.0050951513,0.26,-0.0287994,-0.399,0.4,0.0,0.0418994413407821,0.0597694516181945,0.2189244776964187,0.09,0.041673217,0.1089385474860335,0.0,-464.0,358,0.276536312849162,0.0083798882681564,0.2317078788894378,0.452017380509002,,,,,,42.0,0.0238095238095238,0.0238095238095238,0.9999999999999996,0.6809523809523809,,,,,,,0.1173184357541899,,0,2,0,0.0,2.5538830266438746,0.3362367925986734,0.2218267698867626,18.0,GDAP1_HUMAN,358.0,False
Q8TB68,1,0,single-pass,True,False,True,False,False,2,member,1.0,,,,Client,,0.0699386642,0.0812909585,0.0,0.174,0.0029735614,0.98,-1.05898,-0.143,2.56,0.0,0.4233576642335766,0.0609114058315753,0.0995285660028457,0.95,0.3131223,0.1131386861313868,1.6581468564492714,-351.0,274,0.1934306569343065,0.0182481751824817,0.2030616702011387,0.4430251419302525,244.0,0.2172131147540983,0.0204918032786885,0.2026171140175017,0.4132513661202185,21.0,0.0,0.0,,0.7613756613756614,9.0,0.0,0.0,,0.5074074074074074,0.8905109489051095,0.0766423357664233,0.0328467153284671,1,1,1,0.0,2.437750562820388,0.4554429232392271,0.3389670795405556,18.0,PRR7_HUMAN,274.0,True
Q8TBM8,1,0,single-pass,False,False,True,False,False,1,,,,,,Client,,0.8548691339000001,0.6687799896000001,0.014166667,0.409,0.21155433,0.79,1.56822,-0.031,3.1,0.1345646437994723,0.1424802110817942,0.3701827526092529,0.2593321800231933,0.95,0.93738586,0.1029023746701846,145.45780473914496,-15.0,379,0.2770448548812665,0.0184696569920844,0.1311677524194757,0.4061858692465552,244.0,0.2868852459016393,0.0081967213114754,0.1455370950730715,0.382832422586521,21.0,0.0,0.0,,0.7624338624338624,114.0,0.3070175438596491,0.043859649122807,0.1115283478832867,0.3905458089668619,0.6437994722955145,0.0554089709762532,0.3007915567282322,1,1,1,0.0,2.578639209968072,0.7896058884434418,0.2330549731937832,18.0,DJB14_HUMAN,379.0,True
Q8TD22,4,0,multi-pass,True,False,True,False,False,2,member,1.0,,,,Client,,0.3541553429,0.1366162354,0.0,0.132,0.25160542,0.21,-0.710086,-0.143,0.23,0.0,0.1470588235294117,0.0542348511517047,0.0341639071702957,0.07,0.021607075,0.0735294117647058,1.6858976491256712,-447.0,340,0.1558823529411764,0.0205882352941176,0.214853089700512,0.5222875816993471,,,,,,84.0,0.0238095238095238,0.0238095238095238,0.5142503097893412,0.6875661375661376,,,,,,,0.2470588235294117,,0,4,0,0.0,2.531478917042255,0.3133470336624267,0.2282160623986342,18.0,SFXN5_HUMAN,340.0,True
Q8TDQ0,1,0,single-pass,False,False,True,False,False,1,,,,,,Regulator,,0.0204071436,0.0641465391,0.0,0.309,0.038362335,0.15,-0.112225,-0.33,0.33,0.0,0.1760797342192691,0.0858173668384552,0.0594145283102989,0.05,0.121323496,0.1029900332225913,10.63241571381215,-292.0,301,0.1926910299003322,-0.0132890365448504,0.1452215807481569,0.4960871170173498,78.0,0.2051282051282051,-0.0512820512820512,0.2599816351989261,0.4398860398860397,21.0,0.0,0.0,,0.7597883597883597,181.0,0.2209944751381215,0.0,0.1080931395320055,0.4688152240638432,0.2591362126245847,0.0697674418604651,0.6013289036544851,1,1,1,0.0,2.478566495593844,0.3248743002799159,0.2278949577393216,18.0,HAVR2_HUMAN,301.0,False
Q8TEM1,1,0,single-pass,True,True,True,False,False,3,member,3.0,in_phasepdb_no_class,Cytoplasmic Nucleoporin Granule; Nuclear pore complex,NUP210 KIAA0906,Client,,0.4330318644,0.2007567422,0.0,0.645,0.08759173,0.31,0.555406,-0.146,0.61,0.0111287758346581,0.0312665606783253,0.0693362802267074,0.0801221504807472,0.18,0.18415655,0.0715421303656597,61.92242697589665,-1745.0,1887,0.1695813460519342,-0.0095389507154213,0.1787715579791078,0.5068598009774467,58.0,0.0862068965517241,0.0517241379310344,0.3481494600347353,0.4639846743295021,21.0,0.0,0.0,,0.7216931216931217,1782.0,0.1756453423120089,-0.0129068462401795,0.1770339704285168,0.5037660556179051,0.030736618971913,0.0111287758346581,0.9443561208267092,1,1,1,0.0,3.2757719001649312,0.500596711170878,0.2006576456318324,18.0,PO210_HUMAN,1887.0,True
Q8WXF7,2,0,multi-pass,True,False,True,False,False,2,member,1.0,,,,Client,,0.5491832759,0.5635736238,0.0,0.209,0.041941904,0.21,0.535901,-0.299,-0.34,0.0663082437275985,0.0698924731182795,0.0560052581131458,0.113858088850975,0.18,0.57886195,0.078853046594982,12.041744022274246,-527.0,558,0.2473118279569892,-0.017921146953405,0.1810703710230859,0.4647351652728018,515.0,0.2660194174757281,-0.0174757281553398,0.1811868998731134,0.4440129449838183,42.0,0.0,0.0,,0.7272486772486774,,,,,,0.9229390681003584,0.075268817204301,,2,2,0,0.0,2.7466341989375787,0.436523392733474,0.1976581559036578,18.0,ATLA1_HUMAN,558.0,False
Q8WXG9,7,0,multi-pass,False,True,False,False,False,1,,,in_phasepdb_no_class,,ADGRV1 GPR98 KIAA0686 KIAA1943 MASS1 VLGR1,,,0.5305456419,0.3111176325,,0.556,0.022319196,0.74,1.55332,-0.102,1.66,0.0,0.0220424992071043,0.1081219762563705,0.2181394100189209,,,0.0629559150015857,311.3996861268561,-5261.0,6306,0.19790675547098,-0.0653346019663812,0.1985224083765212,0.5033830214610546,196.0,0.2040816326530612,-0.0510204081632653,0.2207713545944212,0.4266439909297051,147.0,0.0,0.0,,0.7171579743008314,5934.0,0.2035726322885069,-0.0677451971688574,0.1972586058461882,0.4996610867692794,0.0310815096733269,0.0233111322549952,0.9410085632730733,4,7,4,0.0,3.799753966411886,0.6140691001894838,0.2916728128014467,15.0,AGRV1_HUMAN,6306.0,False
Q92545,1,0,single-pass,True,False,True,False,False,2,member,2.0,,,,Client,,0.7502394186,0.3278740225,0.005833333,0.621,0.44172746,0.99,1.1202,0.018,3.76,0.2474774296335634,0.1444503451938396,0.5689479112625122,0.4427490830421448,0.99,0.3297189,0.0573552841210833,434.5892286163841,-679.0,1883,0.1975570897503983,0.0074349442379182,0.1906005393668318,0.4589248834601978,745.0,0.2040268456375839,0.0134228187919463,0.2113144042127674,0.399358687546607,21.0,0.0,0.0,,0.7624338624338625,1095.0,0.1990867579908675,0.0018264840182648,0.1779114363021776,0.4926331811263322,0.3956452469463621,0.0111524163568773,0.5815188528943176,1,1,1,0.0,3.274850320016665,0.8033463733234023,0.2255957372145181,18.0,TM131_HUMAN,1883.0,True
Q92575,0,1,intramembrane-only,True,False,True,False,False,2,,1.0,,,,Client,,0.8253312020000001,0.5373897891,0.006666667,0.569,0.27980548,0.89,0.328947,-0.208,3.14,0.108267716535433,0.171259842519685,0.3722039461135864,0.7866442799568176,1.0,0.69563454,0.09251968503937,52.783299382007385,-218.0,508,0.3051181102362205,-0.0059055118110236,0.1247704326644891,0.4188538932633435,487.0,0.3162217659137577,-0.0082135523613963,0.124327349968976,0.4079397672826827,,,,,,,,,,,0.9586614173228346,,,2,0,0,0.0,2.70586371228392,0.7585139227912001,0.208265675389882,18.0,UBXN4_HUMAN,508.0,True
Q92629,1,0,single-pass,True,False,True,False,False,2,member,1.0,,,,Client,,0.5452403262000001,0.1061516619,0.0,0.088,0.05173679,0.17,0.284547,-0.368,0.52,0.0,0.0553633217993079,0.0517056360840797,0.068565621972084,0.01,0.08369087,0.0865051903114186,2.3080596940413765,-296.0,289,0.2249134948096885,0.0311418685121107,0.1356500373504685,0.4882737408688964,35.0,0.1714285714285714,0.1142857142857142,0.4289008064538579,0.4047619047619047,21.0,0.0,0.0,,0.8126984126984125,233.0,0.2532188841201717,0.0214592274678111,0.1161505562743361,0.4715784453981876,0.1211072664359861,0.0726643598615917,0.8062283737024222,1,1,1,0.0,2.460897842756548,0.288538330929812,0.1637036292468708,18.0,SGCD_HUMAN,289.0,True
Q92729,1,0,single-pass,True,False,True,False,False,2,member,1.0,,,,Client,,0.6372415218,0.8224018051,0.0,0.505,0.052572716,0.43,0.675945,-0.131,1.65,0.0,0.0345781466113416,0.0468687452375888,0.0975533723831176,0.32,0.89243567,0.1147994467496542,135.74526088244232,-1281.0,1446,0.2130013831258644,-0.0082987551867219,0.1810365309486377,0.4627708621484527,676.0,0.2352071005917159,-0.0103550295857988,0.1733871268838091,0.4493589743589738,21.0,0.0,0.0,,0.821164021164021,731.0,0.2024623803009576,-0.0082079343365253,0.1870736789554028,0.4606475148198817,0.4674965421853388,0.0145228215767634,0.5055325034578146,1,1,1,0.0,3.160168292958512,0.5980504830248748,0.2714761526268109,18.0,PTPRU_HUMAN,1446.0,True
Q92736,6,1,multi-pass,True,False,True,False,False,2,member,1.0,,,,Client,,0.6731618203,0.5533419655,,0.551,0.08250379,0.86,1.39,-0.183,1.94,0.0,0.0527481377088786,0.0709852203726768,0.4344649910926819,0.84,0.3200154,0.0847594121199919,142.2247013238669,-5229.0,4967,0.2546808938997382,-0.0239581236158647,0.1722882920437495,0.4639666241639484,4378.0,0.2526267702147099,-0.0232983097304705,0.1738925536457316,0.4616846860565505,126.0,0.0317460317460317,0.0,0.4895194765923524,0.7066137566137559,,,,,,0.8814173545399637,0.0253674250050332,,2,6,0,0.0,3.6960941599952233,0.6853645714666076,0.2083248206703789,17.0,RYR2_HUMAN,4967.0,True
Q92823,1,0,single-pass,True,False,True,False,False,2,member,1.0,,,,Client,,0.6388993505,0.3032450089,0.000833333,0.691,0.09576649,0.36,1.04297,-0.228,0.68,0.0567484662576687,0.0345092024539877,0.0458911098539829,0.0939533933997154,0.7,0.95011574,0.0720858895705521,89.04694013607465,-626.0,1304,0.2193251533742331,-0.0230061349693251,0.1900932061498907,0.4578220858895673,114.0,0.3771929824561403,-0.0789473684210526,0.215398338632989,0.340448343079922,23.0,0.0,0.0,,0.8289855072463765,1143.0,0.2073490813648294,-0.0236220472440944,0.1768246223336773,0.4601438709050285,0.0874233128834355,0.0176380368098159,0.8765337423312883,1,1,1,0.0,3.115277591395901,0.5753573228531971,0.2555539292881737,18.0,NRCAM_HUMAN,1304.0,True
Q92859,1,0,single-pass,True,False,True,False,False,2,member,1.0,,,,Client,,0.7797219365,0.3612456871,0.0075,0.763,0.45921865,0.86,0.734426,-0.096,2.06,0.000684462696783,0.0704996577686516,0.2755954265594482,0.6907447576522827,0.98,0.9176103,0.0800821355236139,244.9893209996873,-646.0,1461,0.1978097193702943,-0.0143737166324435,0.1977840110795779,0.4557608943645904,335.0,0.2059701492537313,-0.008955223880597,0.2434076665686863,0.4054063018242133,21.0,0.0,0.0,,0.8772486772486771,1072.0,0.1996268656716417,-0.0205223880597014,0.1832743323983708,0.4606861525704817,0.2292950034223135,0.0143737166324435,0.7337440109514032,1,1,1,0.0,3.1646502159342966,0.7788433671300657,0.175032627375615,18.0,NEO1_HUMAN,1461.0,True
Q92896,1,0,single-pass,True,False,True,False,False,2,member,1.0,,,,Client,,0.657860522,0.4013543764,0.0,0.467,0.64629763,0.28,0.366568,0.51,0.71,0.0,0.0754877014418999,0.5406849980354309,0.5926951169967651,0.88,0.78035516,0.089058524173028,93.67566006685504,-1259.0,1179,0.2849872773536895,-0.006785411365564,0.1622670387511892,0.4462915842050681,13.0,0.6153846153846154,0.3076923076923077,0.1806992983164432,0.3145299145299145,21.0,0.0,0.0,,0.7470899470899469,1116.0,0.2885304659498208,-0.014336917562724,0.1593451220998797,0.438649940262845,0.0110262934690415,0.0178117048346055,0.9465648854961832,1,1,1,0.0296861747243426,3.071513805095089,0.6712377811612329,0.218878403162116,18.0,GSLG1_HUMAN,1179.0,True
Q93050,8,0,multi-pass,True,False,True,False,False,2,member,1.0,,,,Client,,0.182478024,0.1119462483,0.0,0.469,0.008618683,0.17,0.380094,-0.099,1.13,0.0,0.04778972520908,0.0822624862194061,0.0636057779192924,0.27,0.4436951,0.08363201911589,23.987988683045707,-972.0,837,0.2066905615292712,-0.013142174432497,0.2108697768271704,0.500955794504181,515.0,0.283495145631068,-0.0233009708737864,0.2159677241223614,0.4395900755124057,191.0,0.0732984293193717,0.0209424083769633,0.249933251355689,0.6566608493310069,131.0,0.099236641221374,-0.0229007633587786,0.2286837526876995,0.5151823579304496,0.6152927120669056,0.2281959378733572,0.1565113500597371,5,8,4,0.0,2.92272545799326,0.4389054282702011,0.2051919782820655,18.0,VPP1_HUMAN,837.0,True
Q969P0,1,0,single-pass,True,False,True,False,False,2,member,1.0,,,,Client,,0.2379888815,0.1040456487,0.0,0.623,0.019343382,0.32,0.803607,-0.282,1.76,0.0,0.0685154975530179,0.0483364984393119,0.0801069810986518,0.3,0.18982942,0.1141924959216965,71.46072570570732,-553.0,613,0.1908646003262642,0.0048939641109298,0.175877963516261,0.4916440094254097,13.0,0.3846153846153846,0.3846153846153846,0.7257352544748761,0.4598290598290597,21.0,0.0,0.0,,0.7174603174603172,552.0,0.2010869565217391,-0.0054347826086956,0.1657837239341529,0.4762882447665054,0.0212071778140293,0.0342577487765089,0.9004893964110929,1,1,1,0.0,2.787460474518415,0.468900807597517,0.2319013745402657,18.0,IGSF8_HUMAN,613.0,True
Q96A57,2,0,multi-pass,True,False,True,False,False,2,member,1.0,,,,Client,,0.3045095917,0.3589681669,0.0,0.1,0.71091163,0.35,-0.0561123,-0.425,,0.0,0.1833333333333333,0.3009741306304931,0.4526194632053375,0.25,0.025984552,0.125,4.896789538294715,-190.0,120,0.1833333333333333,0.0333333333333333,0.2920260847422854,0.5334259259259259,,,,,,42.0,0.0238095238095238,0.0238095238095238,0.455705578273281,0.7603174603174605,,,,,,,0.35,,0,2,0,0.0,2.0791812460476247,0.4554784571772084,0.3154030918178109,17.0,TM230_HUMAN,120.0,True
Q96AG3,6,0,multi-pass,True,False,True,False,False,2,member,1.0,,,,Client,,0.1837327791,0.135933971,0.0,0.268,0.04539622,0.43,0.656375,-0.161,4.01,0.0837320574162679,0.0311004784688995,0.4267913699150085,0.3879047632217407,0.28,0.056011003,0.0861244019138756,132.92773242606177,-407.0,418,0.1555023923444976,-0.0023923444976076,0.1848273819047421,0.4995215311004783,,,,,,126.0,0.0555555555555555,-0.0238095238095238,0.3137900069522242,0.6443562610229273,,,,,,,0.3014354066985646,,0,6,0,0.0,2.621176281775035,0.532536206758371,0.2493493014251536,18.0,S2546_HUMAN,418.0,True
Q96AG4,1,0,single-pass,True,False,True,False,False,2,member,1.0,,,,Client,,0.6954685770000001,0.8014782408000001,0.000833333,0.766,0.892326,0.71,0.190553,-0.463,3.63,0.0,0.3550488599348534,0.1453973948955536,0.554470419883728,0.85,0.94461745,0.0814332247557003,4.74540175085976,-272.0,307,0.3322475570032573,0.0586319218241042,0.1235159656080686,0.4164676076728187,244.0,0.3852459016393442,0.0737704918032786,0.1195150945106909,0.382923497267759,21.0,0.0476190476190476,0.0476190476190476,0.9509264859515036,0.759259259259259,42.0,0.1666666666666666,-0.0238095238095238,0.2164883343747081,0.43994708994709,0.7947882736156352,0.0684039087947882,0.1368078175895765,1,1,1,0.0,2.4871383754771865,0.6588274674985839,0.3146274149069569,18.0,LRC59_HUMAN,307.0,True
Q96BM9,0,1,intramembrane-only,True,False,True,False,False,2,,1.0,,,,Client,,0.3689123653,0.3743726251,0.001666667,0.095,0.10985625,0.11,-0.10177,-0.354,-0.22,0.0,0.0,0.0850686356425285,0.1651630997657776,0.0,0.96525794,0.0698924731182795,0.0,-176.0,186,0.2634408602150537,0.0053763440860215,0.1376904947663729,0.4722222222222232,,,,,,,,,,,,,,,,,,,0,0,0,0.0,2.2695129442179165,0.3307260778785246,0.2958366211847201,18.0,ARL8A_HUMAN,186.0,True
Q96D05,1,0,single-pass,True,False,True,False,False,2,member,1.0,,,,Client,,0.1856219879,0.0770456814,,0.172,0.21482675,0.67,0.282195,0.117,,0.5206611570247934,0.396694214876033,0.5171287059783936,0.2579477727413177,0.77,0.13678724,0.0991735537190082,26.471975029071487,-75.0,121,0.140495867768595,0.0413223140495867,0.2167240637418131,0.4876033057851233,,,,,,21.0,0.0476190476190476,0.0476190476190476,1.0,0.7962962962962962,,,,,,,0.1735537190082644,,0,1,0,0.0,2.0827853703164503,0.5844079261150781,0.3137772456222574,16.0,F241B_HUMAN,121.0,True
Q96DA6,1,0,single-pass,True,False,True,False,False,2,member,1.0,,,,Client,,0.8463878637000001,0.4861864048,0.0,0.171,0.099192955,0.16,0.37088,-0.27,,0.5775862068965517,0.0,0.0536796078085899,0.0690212398767471,0.0,0.7677345,0.0862068965517241,0.0044473712720346,-53.0,116,0.2241379310344827,0.0862068965517241,0.1069957335753051,0.4746168582375479,,,,,,21.0,0.0476190476190476,0.0476190476190476,0.9509264859515038,0.6523809523809523,,,,,,,0.1810344827586207,,0,1,1,0.0,2.0644579892269186,0.3952100518692475,0.3222549278262558,17.0,TIM14_HUMAN,116.0,True
Q96F15,1,0,single-pass,True,False,True,False,False,2,member,1.0,,,,Client,,0.3942114968,0.231119614,0.0,0.068,0.116054215,0.18,0.293744,-0.322,-0.32,0.0,0.1042345276872964,0.0574619695544242,0.0439864322543144,0.09,0.16895069,0.0977198697068403,11.140137650419184,-370.0,307,0.2312703583061889,0.003257328990228,0.1449856544436002,0.4778863554107848,284.0,0.25,0.0035211267605633,0.1427660949109144,0.4498826291079813,21.0,0.0,0.0,,0.8375661375661377,,,,,,0.9250814332247556,0.0684039087947882,,1,1,1,0.0,2.4871383754771865,0.3513626768203544,0.1892029085925468,18.0,GIMA5_HUMAN,307.0,True
Q96FE5,1,0,single-pass,True,False,True,False,False,2,member,1.0,,,,Client,,0.0745351568,0.0721283504,0.0,0.181,0.026848134,0.28,0.222146,-0.089,0.26,0.0,0.0677419354838709,0.0844300389289856,0.0681689977645874,0.08,0.3304479,0.0951612903225806,23.131615906645727,-773.0,620,0.1935483870967742,0.0161290322580645,0.2185306108008564,0.4959856630824366,38.0,0.3157894736842105,0.1052631578947368,0.220501423053154,0.3944444444444445,21.0,0.0,0.0,,0.7767195767195768,520.0,0.2019230769230769,0.0057692307692307,0.2199342163833425,0.4848717948717938,0.0612903225806451,0.0338709677419354,0.8387096774193549,1,1,1,0.0,2.792391689498254,0.4071802133173317,0.2163361283289021,18.0,LIGO1_HUMAN,620.0,True
Q96HA1,1,0,single-pass,True,False,False,False,False,1,member,1.0,,,,,,0.6033079714,0.4122709549,0.001666667,0.776,0.22109053,1.0,0.67062,0.055,4.7,0.1232986389111289,0.3522818254603683,0.8348199725151062,0.8175985217094421,1.0,0.7797155,0.0616493194555644,875.825254051484,136.0,1249,0.1353082465972778,0.0456365092073658,0.209077016230385,0.461773863535274,,,,,,21.0,0.0,0.0,,0.7619047619047618,,,,,,,0.0168134507606084,,0,1,0,0.0176140912730184,3.096562438374136,0.7915589641362195,0.2920056608162314,18.0,P121A_HUMAN,1249.0,True
Q96HS1,1,0,single-pass,True,False,True,False,False,2,member,2.0,,,,Client,,0.5626239949,0.7370179005,0.000833333,0.508,0.012165643,0.39,0.274517,-0.305,0.61,0.0,0.1349480968858131,0.051073245704174,0.1341163069009781,0.39,0.02786845,0.1176470588235294,9.571630633214838,-333.0,289,0.2491349480968858,0.0138408304498269,0.1740074052214107,0.4578623606305267,,,,,,23.0,0.0,0.0,,0.6884057971014496,260.0,0.273076923076923,0.0115384615384615,0.1689828830674238,0.4363675213675216,,0.0795847750865051,0.8996539792387543,0,1,1,0.0,2.460897842756548,0.4696659883319189,0.2595133692576042,18.0,PGAM5_HUMAN,289.0,True
Q96HY6,1,0,single-pass,True,False,True,False,False,2,member,1.0,,,,Client,,0.8024853345,0.7622649328000001,0.005,0.538,0.33460942,0.97,0.330287,-0.293,0.58,0.1242038216560509,0.4140127388535032,0.5970907211303711,0.80882728099823,0.97,0.35201442,0.1178343949044586,0.2188948088825641,-173.0,314,0.3598726114649681,-0.0414012738853503,0.2085875557062476,0.4111111111111113,286.0,0.3846153846153846,-0.0559440559440559,0.2020308324946714,0.3879564879564883,28.0,0.1071428571428571,0.1071428571428571,0.6624577310820552,0.6476190476190476,,,,,,0.910828025477707,0.0891719745222929,,1,1,0,0.0,2.496929648073215,0.7022652258504077,0.3064913395129233,18.0,DDRGK_HUMAN,314.0,True
Q96IX5,1,0,single-pass,True,False,True,False,False,2,member,1.0,,,,Client,,0.4148974392,0.3093707121,,0.223,0.69575846,0.18,-1.13643,,,1.0,0.0,0.243422195315361,0.369099348783493,0.01,0.022527043,0.1206896551724138,0.0,-65.0,58,0.1724137931034483,0.1034482758620689,0.4051890178927513,0.4971264367816093,,,,,,23.0,0.0434782608695652,0.0434782608695652,0.9478726126806072,0.6405797101449274,,,,,,,0.396551724137931,,0,1,0,0.0,1.7634279935629371,0.4094294921740769,0.3810406514352043,15.0,ATPMD_HUMAN,58.0,True
Q96NI6,1,0,single-pass,True,False,True,False,False,2,member,1.0,,,,Client,,0.3896209707,0.1530982727,0.0,0.338,0.007395775,0.35,0.0579909,-0.119,-0.11,0.0,0.1001390820584144,0.0521349906921386,0.0311193875968456,0.52,0.53474855,0.0611961057023643,151.33985020516084,-655.0,719,0.1808066759388039,0.0,0.2095407380607893,0.4813939112965539,169.0,0.1775147928994082,0.0236686390532544,0.2627210203371151,0.4024983563445099,21.0,0.0,0.0,,0.8708994708994711,512.0,0.189453125,-0.009765625,0.200847019106054,0.4849392361111096,0.235048678720445,0.0292072322670375,0.7121001390820584,1,1,1,0.0,2.8567288903828825,0.4193723392381216,0.251404800892462,18.0,LRFN5_HUMAN,719.0,True
Q96P66,7,0,multi-pass,False,False,True,False,False,1,,,,,,Regulator,,0.1745263946,0.0967305982,0.0,0.066,0.00031947615,0.76,-0.128299,-0.316,0.37,0.0649606299212598,0.1102362204724409,0.0616314783692359,0.0303501449525356,0.41,0.19440964,0.0708661417322834,18.959667502665805,-616.0,508,0.2125984251968504,-0.0236220472440944,0.2022315506643887,0.4972003499562564,270.0,0.362962962962963,-0.037037037037037,0.2030345933041886,0.3703703703703702,147.0,0.0068027210884353,-0.0068027210884353,0.9999999999999992,0.7214663643235067,91.0,0.0989010989010989,-0.0109890109890109,0.2261742919213216,0.5112332112332111,0.531496062992126,0.2893700787401574,0.1791338582677165,4,7,4,0.0,2.70586371228392,0.3563219308974504,0.2412116184897933,18.0,GP101_HUMAN,508.0,False
Q96Q04,1,0,single-pass,True,False,True,False,False,2,member,1.0,,,,Client,,0.4185856106,0.917154565,0.004166667,0.465,0.00226569,1.0,1.28777,-0.005,5.23,0.6616438356164384,0.3068493150684931,0.4591185450553894,0.1629068553447723,1.0,0.40312704,0.0808219178082191,279.2222639945731,-120.0,1460,0.2205479452054794,-0.047945205479452,0.2098265600392432,0.4367351598173486,,,,,,21.0,0.0,0.0,,0.7936507936507935,,,,,,,0.0143835616438356,,0,1,0,0.0554794520547945,3.164352855784437,0.7386140940400093,0.3146402569910916,18.0,LMTK3_HUMAN,1460.0,True
Q96QA5,4,0,multi-pass,True,False,True,False,False,2,member,1.0,,,,Client,,0.7442238836,0.4680721554,0.0,0.217,0.16782801,0.26,0.270385,-0.416,0.24,0.0,0.0674157303370786,0.052300851792097,0.2214233577251434,0.0,0.060529295,0.0539325842696629,26.472740803469826,-341.0,445,0.2584269662921348,-0.0292134831460674,0.1698366522217235,0.4775280898876404,,,,,,72.0,0.2083333333333333,-0.0138888888888888,0.1546443199978918,0.507716049382716,,,,,,,0.1617977528089887,,0,4,0,0.0,2.6483600109809315,0.362493862898754,0.2388227913861736,18.0,GSDMA_HUMAN,445.0,True
Q96TA2,1,0,single-pass,True,False,True,False,False,2,member,2.0,,,,Client,,0.6583238562,0.8423688388,0.0,0.62,0.0037436143,0.42,0.801091,-0.273,0.26,0.0,0.0219922380336351,0.0525943413376808,0.1814978420734405,0.06,0.15842614,0.0737386804657179,25.71634433406078,-617.0,773,0.2457956015523932,0.0103492884864165,0.1649474729301331,0.4663648124191452,,,,,,21.0,0.0476190476190476,0.0476190476190476,1.0,0.7142857142857143,457.0,0.2713347921225383,-0.0087527352297593,0.1471219396882631,0.4645757354728935,,0.0271668822768434,0.5912031047865459,0,1,1,0.0,2.888179493918325,0.4431405935120333,0.2586445200102479,18.0,YMEL1_HUMAN,773.0,True
Q96TC7,1,0,single-pass,True,False,True,False,False,2,member,1.0,,,,Client,,0.2764206082,0.3384734505,0.003333333,0.418,0.70602834,0.8,0.680454,-0.26,1.84,0.0,0.2404255319148936,0.8031195402145386,0.9115272760391236,0.95,0.056899246,0.1,50.9857438152456,-354.0,470,0.2936170212765957,-0.0468085106382978,0.1911235548716179,0.444302600472813,435.0,0.3103448275862069,-0.057471264367816,0.1827618665676764,0.4322860791826314,23.0,0.0434782608695652,0.0434782608695652,0.5393634971653631,0.6236714975845411,12.0,0.1666666666666666,0.1666666666666666,0.3092783505154638,0.5361111111111111,0.925531914893617,0.0489361702127659,0.025531914893617,1,1,1,0.0,2.672097857935717,0.6584985723050047,0.2616992157904148,18.0,RMD3_HUMAN,470.0,True
Q99075,1,0,single-pass,True,False,True,False,False,2,member,1.0,,,,Client,,0.3361428453,0.1763255412,0.000833333,0.047,0.20515087,0.67,0.307401,-0.433,-0.27,0.0,0.1682692307692307,0.0638924539089202,0.2177707850933075,0.25,0.12604667,0.110576923076923,33.132827501643895,-266.0,208,0.2692307692307692,0.0576923076923076,0.2005617265732625,0.4697115384615376,24.0,0.375,0.0416666666666666,0.3455377289278133,0.3152777777777777,24.0,0.0,0.0,,0.8208333333333334,141.0,0.3191489361702128,0.0638297872340425,0.1931744456692069,0.4049645390070926,0.1153846153846153,0.1153846153846153,0.6778846153846154,1,1,1,0.0,2.318063334962761,0.4527240109251131,0.2594804267950537,18.0,HBEGF_HUMAN,208.0,True
Q99523,1,0,single-pass,False,False,True,False,False,1,,,,,,Regulator,,0.3541888229,0.3707119288,0.0,0.674,0.032138243,0.39,1.14766,-0.205,1.23,0.0024067388688327,0.0782190132370637,0.0450952425599098,0.0938060879707336,0.28,0.114873275,0.0818291215403128,66.2619986905963,-440.0,831,0.2178098676293622,-0.0276774969915764,0.1844774188887075,0.4677095868431601,53.0,0.2830188679245283,-0.0943396226415094,0.3801664151904832,0.4150943396226413,23.0,0.0,0.0,,0.8101449275362318,678.0,0.2256637168141592,-0.0339233038348082,0.1669081366340367,0.4592756473287445,0.0637785800240673,0.0276774969915764,0.8158844765342961,1,1,1,0.0,2.919601023784111,0.5042331241331585,0.2039365343708139,18.0,SORT_HUMAN,831.0,False
Q99527,7,0,multi-pass,False,False,True,False,False,1,,,,,,Regulator,,0.0298317205,0.0414772902,0.0,0.021,0.021393776,0.19,-0.927887,-0.219,-0.54,0.0,0.032,0.0807037129998207,0.0287092570215463,0.44,0.08090366,0.0906666666666666,9.127149232502068,-733.0,375,0.1466666666666666,0.0133333333333333,0.206412001945821,0.5498370370370388,105.0,0.3142857142857143,0.1428571428571428,0.1792174080774028,0.446137566137566,144.0,0.0277777777777777,-0.0277777777777777,0.3336307499571039,0.678935185185185,126.0,0.1428571428571428,-0.0476190476190476,0.1810933162287525,0.4887125220458553,0.28,0.384,0.336,4,7,4,0.0,2.574031267727719,0.2813368854381141,0.2271968641255528,18.0,GPER1_HUMAN,375.0,False
Q99720,1,0,single-pass,True,False,False,False,False,1,member,1.0,,,,,,0.1299557602,0.0499997545,0.0,0.039,0.007594989,0.12,-0.411458,-0.437,-0.61,0.0,0.0986547085201793,0.0559456124901771,0.0458864793181419,0.11,0.028676035,0.0986547085201793,0.4220996294246735,-279.0,223,0.1614349775784753,-0.0269058295964125,0.1971144492908779,0.514897857498754,193.0,0.1761658031088082,-0.0414507772020725,0.1831090370816568,0.4960852043753598,21.0,0.0,0.0,,0.73015873015873,9.0,0.2222222222222222,0.2222222222222222,0.8016244624940276,0.4160493827160493,0.8654708520179372,0.0941704035874439,0.0403587443946188,1,1,1,0.0,2.3483048630481607,0.2086477933564234,0.2054114500635003,18.0,SGMR1_HUMAN,223.0,True
Q99946,1,1,single-pass,True,False,True,False,False,2,member,1.0,,,,Client,,0.1653351598,0.2856177251,0.0,0.465,0.0058866884,1.0,-0.578014,0.037,3.31,0.2156862745098039,0.4379084967320261,0.4859496057033539,0.0542201586067676,0.81,0.4549616,0.0686274509803921,82.91586478099957,-130.0,306,0.0849673202614379,0.0,0.1308249651157107,0.4870733478576625,223.0,0.0717488789237668,0.0,0.1345510629871429,0.4433482810164412,21.0,0.0,0.0,,0.7116402116402115,41.0,0.2439024390243902,0.0,0.1544856569088554,0.4392953929539296,0.7287581699346405,0.0686274509803921,0.1339869281045751,1,1,2,0.0,2.48572142648158,0.5644140775510418,0.3465324380402864,18.0,PRRT1_HUMAN,306.0,True
Q9BQS7,1,0,single-pass,True,False,True,False,False,2,member,1.0,,,,Client,,0.350229964,0.1895369482,0.0,0.361,0.2086459,0.28,1.05022,-0.117,1.78,0.0,0.0284974093264248,0.0475330501794815,0.1392131298780441,0.11,0.07993446,0.0880829015544041,77.71084895406943,-731.0,1158,0.2089810017271157,-0.0328151986183074,0.1725237765074827,0.4644885818460945,27.0,0.4074074074074074,0.2592592592592592,0.4461676037064867,0.3300411522633745,21.0,0.0,0.0,,0.8021164021164019,1087.0,0.2106715731370745,-0.0395584176632934,0.1601325822938625,0.4597873862823262,0.0233160621761658,0.0181347150259067,0.9386873920552676,1,1,1,0.0,3.0637085593914173,0.4793585244421441,0.232729792975511,18.0,HEPH_HUMAN,1158.0,False
Q9BR39,1,0,single-pass,False,True,False,False,False,1,,,in_phasepdb_no_class,Nuclear body,JPH2 JP2,,,0.7654327439,0.5621715362,0.0075,0.677,0.5504534,1.0,1.59152,0.038,4.39,0.2758620689655172,0.2614942528735632,0.8719042539596558,0.6746797561645508,1.0,0.83787763,0.1063218390804597,276.6461553093689,112.0,696,0.2413793103448276,0.0086206896551724,0.1959556247320613,0.4212643678160923,674.0,0.2492581602373887,0.0089020771513353,0.1958622281485584,0.4090174744477421,21.0,0.0,0.0,,0.8142857142857143,,,,,,0.9683908045977012,0.0301724137931034,,1,1,0,0.0,2.842609239610562,0.8719791189844064,0.2243501360213774,18.0,JPH2_HUMAN,696.0,True
Q9BRN9,2,0,multi-pass,True,False,True,False,False,2,member,1.0,,,,Client,,0.0357401325,0.0416448836,0.0,0.04,0.0038125608,0.17,-0.219467,-0.359,0.29,0.0,0.048582995951417,0.0564236715435981,0.0619947724044323,0.07,0.040820897,0.0890688259109311,8.654266338383028,-183.0,247,0.1578947368421052,0.020242914979757,0.1921236206917964,0.5103013945119207,15.0,0.3333333333333333,0.0666666666666666,0.0350486046040122,0.3918518518518519,42.0,0.0476190476190476,0.0,1.0,0.6275132275132277,161.0,0.1801242236024844,0.0062111801242236,0.2114090564864502,0.466666666666667,0.0607287449392712,0.1700404858299595,0.6518218623481782,1,2,2,0.0,2.392696953259666,0.2067381183006989,0.14428964731697,18.0,TM2D3_HUMAN,247.0,True
Q9BRQ8,1,0,single-pass,False,True,False,False,False,1,,,PS-self only,,AIFM2 AMID PRG3,,,0.6706123549,0.6064170081,,0.174,0.102038205,0.11,0.602403,-0.196,1.03,0.0,0.0375335120643431,0.0640404000878334,0.0973851233720779,0.01,0.03575878,0.0777479892761394,2.9130331536542187,-319.0,373,0.1930294906166219,0.0160857908847185,0.1378860417584625,0.5029192731605593,,,,,,21.0,0.0476190476190476,-0.0476190476190476,0.5598394457579586,0.6571428571428571,,,,,,,0.0563002680965147,,0,1,0,0.0,2.571708831808688,0.3755062948115818,0.2459925311159728,17.0,FSP1_HUMAN,373.0,False
Q9BSJ8,2,0,multi-pass,True,False,True,False,False,2,member,4.0,,,,Client,,0.4779343226,0.2463288862,0.0,0.746,0.7592771,0.6,0.659642,-0.14,3.23,0.0516304347826086,0.108695652173913,0.6062819361686707,0.4311979413032532,0.92,0.24485153,0.0815217391304347,52.5416837525412,-987.0,1104,0.2427536231884058,-0.0217391304347826,0.1781074420190174,0.4704810789049923,1059.0,0.2502360717658168,-0.0236071765816808,0.1767009302097437,0.4636554401426921,42.0,0.0238095238095238,-0.0238095238095238,0.9999999999999998,0.654232804232804,3.0,0.6666666666666666,0.6666666666666666,,0.3074074074074074,0.9592391304347826,0.0380434782608695,0.0027173913043478,2,2,1,0.0,3.04296907339318,0.7044462053953828,0.1781380595032412,18.0,ESYT1_HUMAN,1104.0,True
Q9BTV4,4,0,multi-pass,True,False,False,False,False,1,member,1.0,,,,,,0.1123017137,0.1002134748,0.0,0.297,0.058083307,0.25,0.17804,-0.382,-0.62,0.0,0.0,0.1536951810121536,0.08637435734272,0.15,0.051533956,0.095,9.921291124275909,-500.0,400,0.2175,0.0025,0.1527188910232997,0.4941666666666662,,,,,,84.0,0.0357142857142857,0.0357142857142857,0.3451955915624494,0.685978835978836,315.0,0.2666666666666666,-0.0063492063492063,0.1492680858740801,0.4423280423280422,,0.21,0.7875,0,4,5,0.0,2.6020599913279625,0.320810901387331,0.1823428973081592,18.0,TMM43_HUMAN,400.0,False
Q9BUF7,1,0,single-pass,True,False,True,False,False,2,member,1.0,,,,Client,,0.0704305387,0.0795093816,0.0,0.077,0.14972183,0.99,-0.857171,-0.307,,0.7083333333333334,0.35,0.0902490615844726,0.1244825944304466,0.55,0.09915688,0.0833333333333333,34.701842947413695,-132.0,120,0.175,0.025,0.1610835697989576,0.5113888888888889,40.0,0.375,0.075,0.1045057162836074,0.3452777777777777,21.0,0.0,0.0,,0.8439153439153437,33.0,0.1212121212121212,-0.0606060606060606,0.2153656768268737,0.4333333333333332,0.3333333333333333,0.175,0.275,1,1,1,0.0,2.0791812460476247,0.441304712137025,0.3121728849099631,17.0,CRUM3_HUMAN,120.0,True
Q9BVI4,3,0,multi-pass,True,False,True,False,False,2,member,1.0,,,,Client,,0.3964415546,0.7197212746,0.0,0.321,0.014020394,0.33,-0.321956,-0.36,-0.17,0.0,0.1143410852713178,0.048444926738739,0.0382200106978416,0.03,0.08863,0.1007751937984496,0.6983161789942386,-841.0,516,0.2267441860465116,-0.001937984496124,0.2139415312406345,0.4910206718346249,,,,,,63.0,0.0476190476190476,-0.0476190476190476,0.2920262565909656,0.6641975308641974,,,,,,,0.1220930232558139,,0,3,0,0.0,2.712649701627212,0.3629852449571096,0.2680362190849065,18.0,NOC4L_HUMAN,516.0,True
Q9BW60,7,0,multi-pass,True,False,True,False,False,2,member,1.0,,,,Client,,0.1731075972,0.1286540255,0.0,0.038,0.008483959,0.11,-0.670996,-0.162,-1.02,0.0,0.0,0.1045645698904991,0.0415145978331565,0.23,0.022537261,0.1075268817204301,0.0,-433.0,279,0.1146953405017921,0.043010752688172,0.2188671669829447,0.5390681003584227,,,,,,144.0,0.0277777777777777,-0.0138888888888888,0.4605314652652237,0.6483024691358024,,,,,,,0.5161290322580645,,0,7,0,0.0,2.4456042032735974,0.261795946368845,0.2545712142457052,18.0,ELOV1_HUMAN,279.0,True
Q9BWM7,4,0,multi-pass,True,False,True,False,False,2,member,1.0,,,,Client,,0.2269361486,0.0723720319,0.0,0.422,0.023108287,0.12,-0.394632,-0.172,-0.73,0.0,0.0467289719626168,0.0553898885846138,0.0692425221204757,0.02,0.020172559,0.087227414330218,8.397524523650755,-361.0,321,0.1619937694704049,0.0249221183800623,0.1772688908614611,0.5112149532710278,,,,,,82.0,0.024390243902439,0.024390243902439,0.5132298773684865,0.6815718157181574,,,,,,,0.2554517133956386,,0,4,0,0.0,2.506505032404872,0.268403627836846,0.1811217167145039,18.0,SFXN3_HUMAN,321.0,False
Q9GZM5,5,0,multi-pass,False,False,True,False,False,1,,,,,,Regulator,,0.0594374084,0.05481311,0.0,0.299,0.06096237,0.4,-0.0207134,-0.293,0.69,0.1485714285714285,0.1514285714285714,0.0747000500559806,0.0301454458385705,0.53,0.053972248,0.0771428571428571,9.092797188681034,-485.0,350,0.1628571428571428,-0.0257142857142857,0.2682524167174154,0.5330476190476199,164.0,0.2560975609756097,-0.0609756097560975,0.3089329049955068,0.4425474254742547,109.0,0.018348623853211,0.0,0.8695387293298521,0.6873598369011215,76.0,0.1710526315789473,0.0131578947368421,0.166137290251104,0.504678362573099,0.4685714285714286,0.3114285714285714,0.2171428571428571,3,5,3,0.0,2.544068044350276,0.3859818090788902,0.2329704645423587,18.0,YIPF3_HUMAN,350.0,False
Q9GZY8,1,0,single-pass,True,False,True,False,False,2,member,1.0,,,,Client,,0.3524773318,0.2841500455,0.003333333,0.364,0.62257046,0.56,-0.194523,-0.176,1.11,0.0,0.0467836257309941,0.4080274999141693,0.8933369517326355,0.91,0.21203136,0.1198830409356725,38.460718788038974,-277.0,342,0.2543859649122807,0.0087719298245614,0.1992774975091732,0.4379142300194926,322.0,0.2639751552795031,0.0031055900621118,0.2018610036151875,0.4289510006901318,18.0,0.0,0.0,,0.6469135802469136,,,,,,0.9415204678362572,0.0526315789473684,,1,1,1,0.0,2.534026106056135,0.6006936369131946,0.256530851342087,18.0,MFF_HUMAN,342.0,True
Q9H061,4,0,multi-pass,True,False,True,False,False,2,member,1.0,,,,Client,,0.2471604944,0.1014310151,0.0,0.038,0.008456116,0.12,-0.178808,-0.341,0.42,0.0,0.0,0.0934088677167892,0.0505500249564647,0.09,0.018726565,0.0871794871794871,0.0758463764409067,-255.0,195,0.1692307692307692,0.0358974358974358,0.2032634741584263,0.5188603988603981,,,,,,80.0,0.025,0.025,0.8894529724533626,0.6469444444444448,29.0,0.2758620689655172,0.2758620689655172,0.203579894962522,0.4026819923371648,,0.4102564102564102,0.1487179487179487,0,4,2,0.0,2.290034611362518,0.2202854388970976,0.1650339810950637,18.0,T126A_HUMAN,195.0,True
Q9H0C2,6,0,multi-pass,True,False,True,False,False,2,member,2.0,,,,Client,,0.7726034696,0.4118382748,0.0,0.195,0.104830064,0.19,0.918952,-0.283,0.15,0.0,0.0476190476190476,0.1464338153600692,0.2715433537960052,0.15,0.6512416,0.1015873015873015,1.652756896300317,-301.0,315,0.2253968253968254,0.073015873015873,0.1184254041619345,0.4968253968253966,,,,,,136.0,0.1176470588235294,0.0588235294117647,0.1136569807352041,0.5824346405228746,54.0,0.3888888888888889,0.1296296296296296,0.110815148134642,0.3907407407407407,,0.4317460317460317,0.1714285714285714,0,6,4,0.0,2.4983105537896004,0.4749236083791397,0.2573269640851625,18.0,ADT4_HUMAN,315.0,True
Q9H1K4,6,0,multi-pass,True,False,True,False,False,2,member,1.0,,,,Client,,0.3056155046,0.1625910521,0.0,0.16,0.040721193,0.22,0.34195,-0.236,-0.55,0.0,0.0,0.1137166246771812,0.0620330944657325,0.11,0.03993064,0.0761904761904762,25.30222229455365,-403.0,315,0.1714285714285714,0.0380952380952381,0.1625454443399513,0.5274779541446205,,,,,,126.0,0.0714285714285714,-0.0238095238095238,0.1520918433325838,0.6528218694885359,,,,,,,0.4,,0,6,0,0.0,2.4983105537896004,0.3193838464200402,0.1458965542515135,18.0,GHC2_HUMAN,315.0,False
Q9H228,7,0,multi-pass,True,False,True,False,False,2,member,1.0,,,,Client,,0.0650024467,0.0334292065,0.0,0.099,0.007947351,0.69,-0.498346,-0.159,2.32,0.1407035175879397,0.2386934673366834,0.0612257122993469,0.0421575270593166,0.57,0.14794762,0.1080402010050251,106.32335434209104,-708.0,398,0.14321608040201,0.0477386934673366,0.2015501500090015,0.556644332774986,157.0,0.2356687898089172,0.1210191082802547,0.209419173584351,0.4172682236376502,147.0,0.0340136054421768,-0.0340136054421768,0.2428319117116663,0.7233560090702948,94.0,0.1595744680851064,0.0531914893617021,0.1820775233932355,0.5287234042553188,0.3944723618090452,0.3693467336683417,0.236180904522613,4,7,4,0.0,2.599883072073688,0.4870385251978605,0.3309275584251827,18.0,S1PR5_HUMAN,398.0,True
Q9H244,7,0,multi-pass,True,False,True,False,False,2,member,2.0,,,,Client,,0.0977021595,0.0543151025,0.0,0.215,0.02987047,0.3,-0.601684,-0.361,-0.39,0.0584795321637426,0.0614035087719298,0.0584395043551921,0.0455440953373909,0.3,0.11166971,0.0818713450292397,5.579520736222589,-585.0,342,0.1725146198830409,0.0555555555555555,0.1809433496438662,0.539018843404808,105.0,0.2857142857142857,0.1333333333333333,0.2064284152243262,0.4078306878306877,153.0,0.065359477124183,0.0130718954248366,0.2384494035468986,0.6721859114015974,84.0,0.2261904761904762,0.0357142857142857,0.1477085058515292,0.4604497354497356,0.3070175438596491,0.4473684210526316,0.2456140350877192,4,7,4,0.0,2.534026106056135,0.3105212801817712,0.1826577172212014,18.0,P2Y12_HUMAN,342.0,True
Q9H2X9,12,0,multi-pass,True,False,True,False,False,2,member,1.0,,,,Client,,0.1566978576,0.1179599767,0.0,0.311,0.029117784,0.64,0.760269,-0.248,1.14,0.054433713784021,0.044776119402985,0.0624250881373882,0.2915297150611877,0.35,0.1881737,0.0816505706760316,38.63863907215973,-1232.0,1139,0.199297629499561,-0.0079016681299385,0.1768793955232814,0.4974246414983909,672.0,0.2425595238095238,-0.0133928571428571,0.1743225421367772,0.4563988095238082,274.0,0.1532846715328467,0.0,0.2016549375806775,0.5367396593673974,193.0,0.1139896373056994,0.0,0.1829768783357768,0.5844559585492228,0.5899912203687445,0.2405618964003512,0.1694468832309043,6,12,4,0.0,3.056523724079101,0.4952865806795469,0.1983006040969107,18.0,S12A5_HUMAN,1139.0,True
Q9H330,14,0,multi-pass,True,False,True,False,False,2,member,1.0,,,,Client,,0.0294743749,0.0551844124,0.000833333,0.171,0.02753163,0.29,0.0788023,-0.211,1.78,0.0284414106939704,0.1444823663253697,0.0681572631001472,0.0782918855547905,0.67,0.04138487,0.0716723549488054,55.217246610424674,-1745.0,879,0.1410693970420933,0.0136518771331058,0.1820771899872831,0.5468082416887889,,,,,,294.0,0.0374149659863945,-0.010204081632653,0.2777607374373047,0.7085411942554799,,,,,,,0.3344709897610921,,0,14,0,0.0,2.943988875073772,0.4586914534704449,0.2759848408998423,18.0,TM245_HUMAN,879.0,True
Q9H3U5,12,0,multi-pass,False,True,False,False,False,1,,,in_phasepdb_no_class,,MFSD1 SMAP4,,,0.0456853351,0.0441884626,0.0,0.082,0.01865598,0.18,-0.147836,-0.326,-0.44,0.0193548387096774,0.1354838709677419,0.0778125450015068,0.0277377814054489,0.66,0.023559052,0.064516129032258,0.1882698967986205,-737.0,465,0.1290322580645161,-0.0043010752688172,0.1366382780915079,0.5786857825567516,,,,,,253.0,0.0237154150197628,0.0,0.3222871931582687,0.7031181379007467,,,,,,,0.5440860215053763,,0,12,0,0.0,2.667452952889954,0.2783752992397502,0.2562769463783445,18.0,MFSD1_HUMAN,465.0,False
Q9H461,7,0,multi-pass,False,True,True,False,False,2,,,in_phasepdb_no_class,Wnt signalodroplet,FZD8,Regulator,,0.0801331697,0.0894939003,0.000833333,0.501,0.0016049944,0.94,1.27683,0.073,6.14,0.0677233429394812,0.2377521613832853,0.5861709713935852,0.0795627683401107,0.48,0.5680879,0.0893371757925072,422.04399390970127,-449.0,694,0.1498559077809798,0.0144092219020172,0.1496983806243781,0.5051713096381693,155.0,0.1612903225806451,0.0580645161290322,0.1399271602157484,0.469462365591398,147.0,0.0204081632653061,0.0204081632653061,0.3700108653420854,0.7136810279667419,365.0,0.2,-0.0027397260273972,0.1520882114214163,0.4299238964992401,0.223342939481268,0.2118155619596541,0.5259365994236311,4,7,4,0.0605187319884726,2.841359470454855,0.6543629605931272,0.3193707439864808,18.0,FZD8_HUMAN,694.0,False
Q9H6L5,4,0,multi-pass,True,False,False,False,False,1,member,0.0,,,,,,0.1101004848,0.1533373563,,0.134,0.034810018,0.97,0.0333734,-0.262,1.31,0.2032193158953722,0.1911468812877263,0.1724421828985214,0.1302763819694519,0.82,0.09438688,0.0482897384305835,12.259995455477776,-378.0,497,0.2414486921529175,-0.0724346076458752,0.2252658817711614,0.466756092108204,329.0,0.2857142857142857,-0.1276595744680851,0.2214714217190573,0.4127997298210065,84.0,0.0714285714285714,0.0238095238095238,0.2448116397253298,0.6761904761904762,84.0,0.238095238095238,0.0476190476190476,0.2284564265491797,0.4686507936507936,0.6619718309859155,0.1690140845070422,0.1690140845070422,3,4,2,0.0,2.696356388733332,0.4715005755739334,0.2775213038741825,17.0,RETR1_HUMAN,497.0,False
Q9H936,6,0,multi-pass,True,False,True,False,False,2,member,1.0,,,,Client,,0.3368129038,0.2062083894,0.0,0.251,0.01229577,0.26,0.221052,-0.199,-0.24,0.0,0.0835913312693498,0.0682774186134338,0.028959622606635,0.0,0.04085615,0.0835913312693498,1.59356112811924,-417.0,323,0.1733746130030959,0.0371517027863777,0.1413559335346369,0.5179910560715513,,,,,,126.0,0.0634920634920634,-0.0158730158730158,0.1518375562224735,0.6459435626102291,,,,,,,0.3900928792569659,,0,6,0,0.0,2.509202522331103,0.3159479495141275,0.1719843699308059,18.0,GHC1_HUMAN,323.0,True
Q9H9B4,5,0,multi-pass,True,False,True,False,False,2,member,1.0,,,,Client,,0.3621980904,0.1595919983,0.0,0.567,0.06472565,0.16,-0.412389,-0.157,-0.57,0.0,0.0683229813664596,0.0547167547047138,0.06574347615242,0.03,0.022075271,0.0745341614906832,13.146949285218842,-359.0,322,0.1645962732919254,0.0217391304347826,0.1555665946331472,0.5040717736369917,,,,,,102.0,0.0294117647058823,0.0294117647058823,0.3557759824356122,0.654901960784314,94.0,0.2234042553191489,0.0106382978723404,0.1588371560690896,0.4193853427895979,,0.3167701863354037,0.2919254658385093,0,5,3,0.0,2.507855871695831,0.3156382101466326,0.1944186701520363,18.0,SFXN1_HUMAN,322.0,True
Q9HAR2,7,0,multi-pass,True,False,True,False,False,2,member,1.0,,,,Client,,0.2471668848,0.10442857,0.0,0.416,0.091280356,0.77,0.70334,-0.123,1.61,0.0152038700760193,0.0559778852798894,0.0501721613109111,0.3056872487068176,0.93,0.8661578,0.0905321354526606,309.7965240695447,-1358.0,1447,0.1948859709744298,-0.0165860400829302,0.1692673816312772,0.4717039084696333,394.0,0.2284263959390862,-0.0101522842639593,0.1979738779989271,0.4109983079526224,163.0,0.0368098159509202,-0.0122699386503067,0.2850631239229828,0.7044989775051125,871.0,0.2135476463834672,-0.0206659012629161,0.1548010835185269,0.4512565378237027,0.2722874913614375,0.1126468555632342,0.6019350380096752,4,7,4,0.0,3.160468531119037,0.6061021462149474,0.2527991796832558,18.0,AGRL3_HUMAN,1447.0,False
Q9HBL7,2,0,multi-pass,True,False,True,False,False,2,member,1.0,,,,Client,,0.5936444197,0.3688759301,0.0,0.299,0.04359303,0.15,-0.61405,-0.323,-1.11,0.0,0.0,0.0576865784823894,0.3469427824020386,0.03,0.027146818,0.0884353741496598,0.0,-166.0,147,0.272108843537415,0.0408163265306122,0.1484663714523981,0.4748299319727886,5.0,0.8,0.8,,0.1177777777777777,42.0,0.0476190476190476,0.0,0.6461974110032361,0.6433862433862436,100.0,0.34,0.02,0.0996556337468646,0.4218888888888892,0.0340136054421768,0.2857142857142857,0.6802721088435374,1,2,2,0.0,2.167317334748176,0.2827956805083162,0.2409519345033547,18.0,PLRKT_HUMAN,147.0,True
Q9HCF6,6,0,multi-pass,False,False,True,False,False,1,,,,,,Regulator,,0.3984604994,0.1832968689,0.0,0.353,0.010793747,0.62,0.640791,-0.243,1.15,0.0352193995381062,0.0681293302540415,0.0487945601344108,0.0720921903848648,0.98,0.10172747,0.0912240184757505,95.35352363594023,-1796.0,1732,0.2407621247113164,-0.004041570438799,0.1770289003323377,0.4664998716961801,1520.0,0.2532894736842105,-0.0032894736842105,0.1818695011527168,0.4503801169590607,146.0,0.1027397260273972,0.0068493150684931,0.1357534238748012,0.6656773211567735,66.0,0.2575757575757575,-0.0454545454545454,0.1721804032287928,0.397138047138047,0.8775981524249422,0.0842956120092378,0.0381062355658198,4,6,3,0.0,3.238547887681328,0.521961705492432,0.2418737200423622,18.0,TRPM3_HUMAN,1732.0,False
Q9HCM3,2,0,multi-pass,True,False,True,False,False,2,member,1.0,,,,Client,,0.5373705275,0.2615635405,0.0,0.607,0.13357386,1.0,0.432318,-0.039,3.07,0.0641025641025641,0.0928205128205128,0.1956441104412078,0.1394806951284408,1.0,0.33377555,0.0753846153846153,406.7108069337754,-802.0,1950,0.1815384615384615,-0.0174358974358974,0.213033113483796,0.4707635327635319,,,,,,42.0,0.0,0.0,,0.7783068783068785,,,,,,,0.0215384615384615,,0,2,0,0.0,3.290034611362518,0.6863579484240037,0.2138876470257064,18.0,K1549_HUMAN,1950.0,True
Q9HCU4,7,0,multi-pass,True,False,False,False,False,1,member,1.0,,,,,,0.1477427979,0.0974459799,0.0,0.65,0.03014819,0.85,1.33175,-0.105,4.25,0.0653438248374957,0.0848443380088949,0.2278738915920257,0.1548426002264022,1.0,0.6943661,0.0892918234690386,520.6523985570741,-1567.0,2923,0.1984262743756414,-0.0348956551488197,0.1917481263940469,0.469916752195226,367.0,0.2479564032697547,-0.0299727520435967,0.2763140750082614,0.4057220708446863,147.0,0.0136054421768707,-0.0136054421768707,0.5311387349046092,0.6896447467876042,2377.0,0.2044594026083298,-0.0378628523348758,0.1764493067696702,0.4643481512644256,0.1255559356825179,0.0502907971262401,0.8132056106739651,4,7,3,0.0,3.4658288153574364,0.6901255148645717,0.2704270260264403,18.0,CELR2_HUMAN,2923.0,False
Q9HCU5,1,0,single-pass,True,False,False,False,False,1,member,1.0,,,,,,0.1643846778,0.3386968639,0.0,0.183,0.00058772124,0.36,0.41662,-0.212,0.55,0.0,0.0887290167865707,0.0453669354319572,0.0629681870341301,0.33,0.059851225,0.0767386091127098,12.920932561152354,-412.0,417,0.1918465227817745,0.0047961630695443,0.1763673537703034,0.4897681854516393,388.0,0.2061855670103092,0.0051546391752577,0.1716435350945246,0.4694444444444432,21.0,0.0,0.0,,0.8354497354497354,8.0,0.0,0.0,,0.5680555555555555,0.9304556354916068,0.0503597122302158,0.0191846522781774,1,1,1,0.0,2.6201360549737576,0.3451003835500742,0.1770336083432861,18.0,PREB_HUMAN,417.0,False
Q9HCX4,6,0,multi-pass,False,False,True,False,False,1,,,,,,Regulator,,0.3657104532,0.1887487461,0.0,0.218,0.005294112,0.12,0.322397,-0.321,0.25,0.0058004640371229,0.0603248259860788,0.0574141517281532,0.0455045402050018,0.28,0.12871937,0.0962877030162413,1.8403880881669017,-1058.0,862,0.2424593967517401,0.0034802784222737,0.1900948122109888,0.481490074761533,625.0,0.2896,0.0048,0.1929659790258201,0.4382933333333321,126.0,0.0317460317460317,0.0,0.5508975451521567,0.7067901234567897,111.0,0.2162162162162162,0.0,0.1962831100070899,0.468968968968969,0.7250580046403712,0.1461716937354988,0.1287703016241299,4,6,3,0.0,2.9355072658247128,0.3596223755109406,0.2145542948002401,18.0,TRPC7_HUMAN,862.0,False
Q9HD20,10,0,multi-pass,True,False,True,False,False,2,member,1.0,,,,Client,,0.3110623765,0.2124037891,0.0,0.297,0.012006044,0.27,0.158176,-0.283,0.03,0.0,0.0830564784053156,0.0764510184526443,0.0688257068395614,0.56,0.16290872,0.0772425249169435,16.826165673098807,-1690.0,1204,0.1976744186046511,0.0083056478405315,0.1617076719750396,0.512670727205612,768.0,0.23046875,0.01953125,0.1544524827428315,0.4776909722222224,210.0,0.0380952380952381,-0.0285714285714285,0.2649538000992785,0.6874074074074068,224.0,0.2321428571428571,0.0,0.2001795005372013,0.4698908730158722,0.6378737541528239,0.1744186046511628,0.1860465116279069,6,10,4,0.0,3.0806264869218056,0.4108350077722846,0.1750497894070296,18.0,AT131_HUMAN,1204.0,True
Q9NPH5,6,0,multi-pass,True,False,False,False,False,1,member,1.0,,,,,,0.1977422782,0.3961298324,0.0,0.046,0.0037383512,0.12,-0.0479936,-0.262,0.16,0.0,0.0,0.2049964368343353,0.0324392020702362,0.03,0.044682942,0.1038062283737024,13.565082388858034,-808.0,578,0.1799307958477508,0.0242214532871972,0.1800990154694169,0.4942329873125735,182.0,0.2582417582417582,0.0934065934065934,0.1906866142487109,0.4251526251526245,126.0,0.0158730158730158,0.0158730158730158,0.5275492760168417,0.6814814814814814,270.0,0.2037037037037037,-0.0185185185185185,0.1718962020594247,0.4534156378600814,0.314878892733564,0.2179930795847751,0.4671280276816609,4,6,3,0.0,2.761927838420529,0.3160804941805237,0.2637838168988617,18.0,NOX4_HUMAN,578.0,True
Q9NQC3,2,0,multi-pass,False,False,True,False,False,1,,,,,,Client,,0.4160683917,0.9487293997,0.004166667,0.785,0.0380071,0.99,0.178873,-0.203,2.6,0.7399328859060402,0.1694630872483221,0.6014672517776489,0.5077711343765259,0.99,0.6179975,0.0411073825503355,28.2567227423513,-661.0,1192,0.2718120805369127,-0.0889261744966442,0.1818236588024372,0.4539709172259488,1056.0,0.2888257575757575,-0.0994318181818181,0.1787385582842413,0.4337331649831671,42.0,0.0,0.0,,0.7605820105820107,94.0,0.202127659574468,-0.0106382978723404,0.2454737956115377,0.5443262411347516,0.8859060402684564,0.035234899328859,0.0788590604026845,2,2,1,0.0285234899328859,3.076276255404218,0.7193102820850023,0.2772231772896808,18.0,RTN4_HUMAN,1192.0,True
Q9NRC1,3,0,multi-pass,True,False,True,False,False,2,member,2.0,,,,Client,,0.1564176142,0.1046389553,0.0,0.089,0.0058761304,0.21,-0.447951,-0.121,0.95,0.0,0.0735042735042735,0.0444435402750968,0.0349911265075206,0.25,0.5027046,0.0974358974358974,83.83573823802266,-845.0,585,0.2153846153846154,-0.0034188034188034,0.1619629902423913,0.4871225071225053,,,,,,63.0,0.0158730158730158,-0.0158730158730158,0.9999999999999984,0.7029982363315693,,,,,,,0.1076923076923077,,0,3,0,0.0,2.7671558660821804,0.3875823497063619,0.2711631206742513,18.0,ST7_HUMAN,585.0,True
Q9NTI2,10,0,multi-pass,True,False,True,False,False,2,member,1.0,,,,Client,,0.2638060343,0.2849764344,0.0,0.348,0.108748294,0.16,0.519811,-0.224,0.48,0.0235690235690235,0.0361952861952862,0.0700517892837524,0.1150320544838905,0.09,0.7440494,0.085016835016835,32.8409282353022,-1592.0,1188,0.2146464646464646,0.0075757575757575,0.1830842855749451,0.4966049382716075,914.0,0.2527352297592998,0.0142231947483588,0.1929093489358795,0.4622902990517866,210.0,0.0380952380952381,-0.019047619047619,0.3007433686856398,0.6786772486772483,64.0,0.25,0.0,0.1432067662407774,0.389236111111111,0.7693602693602694,0.1767676767676767,0.0538720538720538,6,10,5,0.0,3.074816440645175,0.4710509494525889,0.1969523148511578,18.0,AT8A2_HUMAN,1188.0,True
Q9NTJ5,2,0,multi-pass,True,False,True,False,False,2,member,1.0,,,,Client,,0.3909975968,0.704071078,0.0,0.249,0.1608044,0.11,0.337507,-0.213,0.93,0.0,0.0272572402044293,0.0468611195683479,0.0402720496058464,0.08,0.07733199,0.0851788756388415,4.501731089206308,-691.0,587,0.2129471890971039,-0.0051107325383304,0.1830790214885772,0.4882453151618386,538.0,0.2286245353159851,-0.0018587360594795,0.1822483423119719,0.4685873605947946,42.0,0.0,0.0,,0.7589947089947091,7.0,0.2857142857142857,-0.2857142857142857,0.4136912751677852,0.3746031746031746,0.9165247018739352,0.0715502555366269,0.0119250425894378,2,2,1,0.0,2.7686381012476144,0.3664194554556735,0.2268312993982542,18.0,SAC1_HUMAN,587.0,True
Q9NUQ2,3,0,multi-pass,True,False,True,False,False,2,member,1.0,,,,Client,,0.5090662919,0.1440919166,0.0,0.079,0.327976,0.13,-0.0681189,-0.274,-0.69,0.0,0.0357142857142857,0.0655538961291313,0.0534335300326347,0.12,0.02654941,0.1181318681318681,1.6889381227486588,-585.0,364,0.228021978021978,0.0302197802197802,0.1450170003670366,0.487301587301586,,,,,,63.0,0.0476190476190476,-0.0158730158730158,0.5019131110632771,0.6252204585537918,,,,,,,0.173076923076923,,0,3,0,0.0,2.561101383649056,0.3285930774797536,0.2463917755336177,18.0,PLCE_HUMAN,364.0,True
Q9NUT2,3,0,multi-pass,True,False,True,False,False,2,member,1.0,,,,Client,,0.1912766592,0.1950732412,,0.213,0.012334646,0.19,0.491485,-0.181,0.92,0.0380952380952381,0.0952380952380952,0.0642745271325111,0.0891780853271484,0.5,0.046444025,0.0897959183673469,26.8794071800251,-932.0,735,0.1836734693877551,0.0204081632653061,0.1597694561634431,0.5132123960695354,,,,,,63.0,0.0,0.0,,0.7137566137566135,449.0,0.2160356347438752,0.0022271714922048,0.1529353415444564,0.4944568176194027,,0.0857142857142857,0.6108843537414966,0,3,2,0.0,2.8662873390841948,0.4519108886267747,0.1927842475502623,17.0,MITOS_HUMAN,735.0,True
Q9NV58,2,0,multi-pass,True,False,True,False,False,2,member,1.0,,,,Client,,0.5036057056000001,0.5527961467,0.005833333,0.448,0.013809619,0.91,0.927021,-0.208,2.68,0.0,0.139618138424821,0.0567549467086792,0.3128931224346161,0.93,0.26527002,0.0704057279236276,258.04044019549497,-383.0,838,0.220763723150358,-0.0059665871121718,0.2025433227454906,0.4634844868735103,,,,,,42.0,0.0,0.0,,0.7592592592592595,,,,,,,0.0501193317422434,,0,2,0,0.0,2.9232440186302764,0.619184907964169,0.2637414009973666,18.0,RN19A_HUMAN,838.0,True
Q9NVI7,1,0,single-pass,True,False,True,False,False,2,member,3.0,,,,Client,,0.719776784,0.5933075082,0.001666667,0.79,0.91972244,0.59,0.516756,-0.294,1.74,0.0977917981072555,0.1466876971608832,0.0591102465987205,0.4028259813785553,0.97,0.45012015,0.113564668769716,33.470009771952846,-685.0,586,0.2969283276450511,0.0170648464163822,0.1256142958390729,0.4234357224118324,,,,,,18.0,0.0,0.0,,0.6876543209876543,245.0,0.3551020408163265,0.0040816326530612,0.0886940307143805,0.3676643990929699,,0.030716723549488,0.4180887372013652,0,1,1,0.0,2.767897616018091,0.7277696422731369,0.2110402078552805,18.0,ATD3A_HUMAN,634.0,True
Q9NVJ2,0,1,intramembrane-only,True,False,True,False,False,2,,1.0,,,,Client,,0.1738841467,0.3091445987,0.000833333,0.256,0.21418281,0.11,-0.243104,-0.37,0.44,0.0,0.0,0.0741269588470459,0.5770702958106995,0.02,0.96436065,0.0913978494623656,0.0,-197.0,186,0.2634408602150537,0.0161290322580645,0.1275308375964296,0.4697729988052578,,,,,,,,,,,,,,,,,,,0,0,0,0.0,2.2695129442179165,0.3738515686482176,0.305326713502722,18.0,ARL8B_HUMAN,186.0,False
Q9NY26,8,0,multi-pass,True,False,True,False,False,2,member,1.0,,,,Regulator,,0.0613973002,0.0717617551,0.0,0.055,0.016382545,0.24,-0.724135,-0.289,-0.47,0.0,0.1851851851851851,0.067007228732109,0.0326727256178855,0.47,0.040912967,0.0462962962962962,30.13274389783277,-545.0,324,0.1265432098765432,-0.0216049382716049,0.183117939293598,0.5834705075445814,91.0,0.1978021978021978,0.0219780219780219,0.1845149756730599,0.4089133089133086,168.0,0.0476190476190476,-0.0238095238095238,0.2698373350515336,0.716732804232804,65.0,0.2307692307692307,-0.0769230769230769,0.1607314901049237,0.4834188034188034,0.2808641975308642,0.5185185185185185,0.2006172839506173,4,8,4,0.0,2.510545010206612,0.2784370888525288,0.2260734311812005,18.0,S39A1_HUMAN,324.0,False
Q9NY47,1,0,single-pass,True,False,True,False,False,2,member,1.0,,,,Client,,0.4364060211,0.3106925214,0.000833333,0.437,0.06303905,0.22,0.791584,-0.117,2.82,0.0,0.0860869565217391,0.0744897872209549,0.0549007765948772,0.95,0.13843992,0.0939130434782608,38.86500316251077,-964.0,1150,0.2243478260869565,-0.0191304347826086,0.1912500604361418,0.4583671497584534,16.0,0.1875,0.1875,0.3728597117614866,0.4090277777777779,21.0,0.0,0.0,,0.6973544973544973,1095.0,0.2301369863013698,-0.0255707762557077,0.1890760212510461,0.4543784880771196,0.0139130434782608,0.0182608695652173,0.9521739130434784,1,1,1,0.0,3.060697840353612,0.5857522179148423,0.2070273954426707,18.0,CA2D2_HUMAN,1150.0,True
Q9NY59,0,2,intramembrane-only,False,False,True,False,False,1,,,,,,Regulator,,0.2689663879,0.2822089335,0.000833333,0.213,0.0038951547,0.48,0.912123,0.025,4.15,0.0,0.0809160305343511,0.2352271378040313,0.114882692694664,0.98,0.07522583,0.0885496183206106,178.2890560935428,-430.0,655,0.2229007633587786,-0.0213740458015267,0.1917999483970181,0.4634096692111965,613.0,0.2381729200652528,-0.0228384991843393,0.1916730787862731,0.4476345840130487,,,,,,,,,,,0.9358778625954198,,,3,0,0,0.0,2.816241299991783,0.5821827824382763,0.2785586556670771,18.0,NSMA2_HUMAN,655.0,False
Q9NZ45,1,0,single-pass,True,False,True,False,False,2,member,1.0,,,,Client,,0.7957898347,0.552887,0.0,0.125,0.4579997,0.19,-0.367042,-0.433,,0.3796296296296296,0.1574074074074074,0.1604690253734588,0.5784747004508972,0.09,0.021087805,0.0833333333333333,4.768773554113823,-118.0,108,0.2685185185185185,0.0462962962962962,0.2332805432614904,0.4558641975308642,77.0,0.3506493506493506,0.0649350649350649,0.2242329090658487,0.3950937950937951,18.0,0.0,0.0,,0.6808641975308641,,,,,,0.7129629629629629,0.1666666666666666,,1,1,0,0.0,2.03342375548695,0.4562225368262039,0.3481241119945671,17.0,CISD1_HUMAN,108.0,False
Q9NZA1,1,0,single-pass,True,False,True,False,False,2,member,1.0,,,,Client,,0.7497925507000001,0.4215762797,0.0,0.231,0.16231406,0.49,0.391773,-0.32,-0.57,0.073170731707317,0.0,0.0727252811193466,0.1829297244548797,0.73,0.124732524,0.0902439024390243,4.458247058607247,-238.0,410,0.2829268292682926,-0.073170731707317,0.2073150641750862,0.4229539295392977,,,,,,21.0,0.0952380952380952,0.0952380952380952,0.3161916449094419,0.6275132275132274,,,,,,,0.0512195121951219,,0,1,0,0.0,2.6127838567197355,0.4607952849990214,0.2511789867298647,18.0,CLIC5_HUMAN,410.0,True
Q9NZG7,2,0,multi-pass,True,False,True,False,False,2,member,1.0,,,,Client,,0.053824722,0.0882111745,0.0,0.013,0.3394466,0.15,-1.07371,-0.258,-0.35,0.0,0.2746478873239437,0.0594003610312938,0.0802221074700355,0.06,0.041788004,0.0704225352112676,8.24129993792953,-241.0,142,0.1478873239436619,0.0211267605633802,0.1879707295635198,0.5333333333333338,4.0,0.5,-0.5,,0.3249999999999999,62.0,0.0483870967741935,0.0483870967741935,0.5341649048931855,0.6480286738351254,76.0,0.2105263157894736,0.0263157894736842,0.2151222288850134,0.4507309941520465,0.028169014084507,0.4366197183098591,0.5352112676056338,1,2,2,0.0,2.1522883443830563,0.2693867258079942,0.2406579398790949,18.0,NINJ2_HUMAN,142.0,True
Q9NZH0,7,0,multi-pass,True,False,True,False,False,2,member,1.0,,,,Client,,0.0301276335,0.0501144497,0.0,0.079,0.023165349,0.22,-0.602174,-0.133,0.47,0.0,0.1166253101736972,0.1830222308635711,0.1413341909646988,0.46,0.16849084,0.0694789081885856,17.82173267533067,-711.0,403,0.1538461538461538,0.009925558312655,0.249891133441618,0.5558864074993102,157.0,0.2229299363057325,0.0700636942675159,0.2410558264765603,0.4271762208067937,147.0,0.0340136054421768,-0.0204081632653061,0.2883723436565811,0.7378684807256234,71.0,0.2535211267605634,-0.0845070422535211,0.2605656757494493,0.4431924882629108,0.3895781637717121,0.3647642679900744,0.1761786600496278,4,7,4,0.0,2.6053050461411096,0.3775478157037684,0.2369528943527367,18.0,GPC5B_HUMAN,403.0,True
Q9NZJ5,1,0,single-pass,True,False,True,False,False,2,member,1.0,,,,Regulator,,0.7244707101000001,0.9809867362,0.0,0.392,0.14263791,0.92,0.612841,-0.272,1.24,0.0224014336917562,0.1227598566308243,0.188556283712387,0.6955283284187317,0.93,0.10830011,0.086021505376344,93.62026425255716,-697.0,1116,0.2562724014336917,-0.032258064516129,0.2056657224338914,0.4499203504579863,581.0,0.261617900172117,-0.027538726333907,0.1850113633744246,0.4297188755020076,21.0,0.0952380952380952,0.0,0.1843462246777163,0.6894179894179896,485.0,0.2639175257731959,-0.045360824742268,0.238877962030864,0.4505154639175264,0.5206093189964157,0.0188172043010752,0.4345878136200717,1,1,1,0.0,3.04766419460156,0.6635448373070163,0.1995690100724702,18.0,E2AK3_HUMAN,1116.0,False
Q9NZJ7,6,0,multi-pass,True,False,True,False,False,2,member,1.0,,,,Client,,0.1798965483,0.0830901632,0.0,0.302,0.018319791,0.63,0.806531,-0.068,0.74,0.1311053984575835,0.1593830334190231,0.1165736764669418,0.1745614111423492,0.37,0.045343623,0.0796915167095115,69.83608246589628,-360.0,389,0.1619537275064267,0.0282776349614395,0.1956775792101414,0.5119680091402458,105.0,0.1619047619047619,0.0666666666666666,0.1466668944795541,0.5175661375661378,115.0,0.1043478260869565,0.0347826086956521,0.3044749123791495,0.583864734299517,169.0,0.2011834319526627,0.0,0.2011761470372317,0.4595660749506901,0.2699228791773779,0.2956298200514138,0.4344473007712082,3,6,3,0.0,2.589949601325708,0.5091437049781331,0.2461211154880651,18.0,MTCH1_HUMAN,389.0,True
Q9P035,6,0,multi-pass,True,False,True,False,False,2,member,1.0,,,,Client,,0.1839622648,0.1041973796,0.0,0.366,0.001843651,0.11,-0.4546,-0.38,-0.5,0.0,0.0883977900552486,0.0602707341313362,0.0492806769907474,0.18,0.030413076,0.1104972375690607,0.8240507311917833,-645.0,362,0.218232044198895,0.0193370165745856,0.2195187568465646,0.500337630448127,201.0,0.308457711442786,0.0398009950248756,0.2294254595693811,0.4099502487562193,116.0,0.0517241379310344,-0.0172413793103448,0.3622738333775545,0.6731800766283527,45.0,0.2444444444444444,0.0222222222222222,0.2283974890650057,0.4585185185185185,0.5552486187845304,0.3204419889502762,0.1243093922651933,4,6,3,0.0,2.558708570533166,0.2777959289043295,0.2351306046374584,18.0,HACD3_HUMAN,362.0,True
Q9P0K1,1,0,single-pass,True,False,True,False,False,2,member,1.0,,,,Client,,0.5995319507,0.2566017968,0.004166667,0.565,0.15291545,0.29,1.33565,-0.132,2.45,0.0562913907284768,0.0695364238410596,0.2246709316968917,0.5509351491928101,0.98,0.27365994,0.0849889624724061,184.5793658427226,-309.0,906,0.2428256070640176,-0.0022075055187637,0.2009875234432016,0.447019867549671,149.0,0.2751677852348993,0.087248322147651,0.2537915172824128,0.3530947054436982,21.0,0.0,0.0,,0.8079365079365077,514.0,0.2431906614785992,-0.0097276264591439,0.1785283784926339,0.4561608300907898,0.1644591611479028,0.0231788079470198,0.5673289183222958,1,1,1,0.0,2.957128197676813,0.6907080802845388,0.2020362217798234,18.0,ADA22_HUMAN,906.0,True
Q9P0L0,1,0,single-pass,True,False,True,False,False,2,member,1.0,,,,Client,,0.6365605202,0.4492909232,0.000833333,0.82,0.8115784,0.81,-0.212459,-0.351,0.72,0.0,0.0602409638554216,0.5072935223579407,0.8786071538925171,0.71,0.97420305,0.0602409638554216,14.349931792571114,-120.0,249,0.2730923694779116,0.0160642570281124,0.1546069107990363,0.4480142793395809,226.0,0.2964601769911504,0.0132743362831858,0.1551636150285039,0.4156833824975418,21.0,0.0476190476190476,0.0476190476190476,0.6902017924891406,0.7608465608465609,,,,,,0.9076305220883534,0.0843373493975903,,1,1,0,0.0,2.3961993470957363,0.5860741082176645,0.3337507017828209,18.0,VAPA_HUMAN,249.0,True
Q9P0L9,6,1,multi-pass,True,False,True,False,False,2,member,1.0,,,,Client,,0.15506736,0.0938878414,0.0,0.108,0.005933162,0.48,0.613495,-0.222,1.53,0.1031055900621118,0.0968944099378882,0.0458508171141147,0.0660010427236557,0.6,0.07465049,0.0968944099378882,64.1684851476679,-859.0,805,0.2111801242236025,-0.0248447204968944,0.1680996358129868,0.4848447204968977,384.0,0.2838541666666667,-0.0182291666666666,0.1562782267431826,0.4192129629629642,124.0,0.0483870967741935,-0.032258064516129,0.453481279499782,0.6846774193548391,282.0,0.1843971631205673,-0.0283687943262411,0.1734596402351652,0.481284475965326,0.4770186335403726,0.1540372670807453,0.3503105590062111,4,6,4,0.0,2.9057958803678687,0.4653645320135251,0.2674400308646202,18.0,PK2L1_HUMAN,805.0,True
Q9P2E9,1,0,single-pass,True,False,True,False,False,2,member,3.0,,,,Client,,0.8068402136,0.9454345077,0.016666667,0.783,0.9316803,1.0,1.9047,0.002,0.54,0.4773049645390071,0.1780141843971631,0.8092089891433716,0.8690434694290161,0.97,0.9323167,0.0382978723404255,36.306105092407165,127.0,1410,0.3134751773049645,0.0085106382978723,0.1330276740050692,0.3811662726556353,1382.0,0.3183791606367583,0.0101302460202604,0.1327268759869888,0.3751648174947749,21.0,0.0,0.0,,0.7687830687830688,7.0,0.2857142857142857,-0.2857142857142857,0.3178523489932888,0.4031746031746031,0.9801418439716312,0.0148936170212765,0.0049645390070921,1,1,1,0.0163120567375886,3.14921911265538,0.7954991580996507,0.3311871111287743,18.0,RRBP1_HUMAN,1410.0,True
Q9P2U7,12,0,multi-pass,True,False,True,False,False,2,member,1.0,,,,Client,,0.0693899958,0.0735558385,0.0,0.191,0.0022453966,0.23,0.414235,-0.287,0.94,0.1017857142857142,0.0392857142857142,0.0813512504100799,0.042407602071762,0.57,0.034620546,0.0875,5.159090215483311,-466.0,560,0.1571428571428571,0.0,0.2196782679220004,0.5250595238095239,228.0,0.293859649122807,-0.0131578947368421,0.2262589715632641,0.4007797270955167,252.0,0.0238095238095238,0.0079365079365079,0.3700784581081915,0.6645502645502643,80.0,0.1875,0.0125,0.2622711856400851,0.4398611111111112,0.4071428571428571,0.45,0.1428571428571428,7,12,6,0.0,2.7481880270062,0.3467771921537527,0.2185679118821027,18.0,VGLU1_HUMAN,560.0,True
Q9UBL9,2,0,multi-pass,False,False,True,False,False,1,,,,,,Regulator,,0.2441931383,0.3697632481,0.000833333,0.285,0.0130319325,0.22,0.388229,-0.165,1.9,0.1358811040339702,0.0,0.0582656674087047,0.0588858649134635,0.49,0.045831047,0.0828025477707006,22.22728031055467,-311.0,471,0.1932059447983015,0.0106157112526539,0.2069019854262705,0.4772587874498671,155.0,0.1935483870967742,0.0258064516129032,0.2310005028794257,0.4340501792114698,42.0,0.0238095238095238,0.0238095238095238,0.7758120515392333,0.7050264550264552,274.0,0.218978102189781,0.0,0.2021841593673911,0.4667883211678838,0.3290870488322717,0.0891719745222929,0.5817409766454352,2,2,1,0.0,2.673020907128896,0.433278899264068,0.2365485839154302,18.0,P2RX2_HUMAN,471.0,False
Q9UBP0,0,1,intramembrane-only,True,False,True,False,False,2,,1.0,,,,Client,,0.7759612076,0.684596451,0.01,0.488,0.47871843,0.83,0.739,-0.104,1.79,0.0551948051948051,0.1168831168831168,0.7710649967193604,0.6948207020759583,0.98,0.64523584,0.086038961038961,72.35898679307208,-399.0,616,0.2435064935064935,0.0389610389610389,0.182690601796946,0.4564033189033186,595.0,0.2504201680672269,0.0386554621848739,0.182966774575691,0.4465359477124169,,,,,,,,,,,0.9659090909090908,,,2,0,0,0.0,2.7895807121644256,0.7730111899714762,0.1568088434443187,18.0,SPAST_HUMAN,616.0,True
Q9UBS5,7,0,multi-pass,True,False,True,False,False,2,member,1.0,,,,Client,,0.285709929,0.0797448553,0.0,0.18,0.0023884873,0.32,0.648404,-0.17,1.67,0.0572320499479708,0.1488033298647242,0.0460605844855308,0.0398527048528194,0.92,0.34914005,0.0926118626430801,83.40151485272855,-990.0,961,0.2206035379812695,0.0083246618106139,0.1577805454053697,0.4751300728407875,163.0,0.3496932515337423,0.0429447852760736,0.1104713760675322,0.3360599863667347,147.0,0.0272108843537414,0.0,0.5509005894554274,0.6962962962962964,632.0,0.2373417721518987,0.0,0.1753566618436936,0.4538502109704654,0.1696149843912591,0.1529656607700312,0.6576482830385015,4,7,4,0.0,2.9827233876685453,0.5004153560545149,0.2876710432026819,18.0,GABR1_HUMAN,961.0,True
Q9UH99,1,0,single-pass,True,False,True,False,False,2,member,1.0,,,,Client,,0.1308772833,0.0953496907,0.001666667,0.677,0.22257349,0.7,0.565044,-0.17,1.11,0.0613668061366806,0.1938633193863319,0.8191400766372681,0.5630411505699158,0.87,0.27135992,0.1101813110181311,159.3967349731563,-605.0,717,0.2357043235704323,-0.00976290097629,0.1926552092167711,0.4464590113125676,,,,,,21.0,0.0,0.0,,0.6867724867724868,696.0,0.2428160919540229,-0.0100574712643678,0.1926446074617664,0.4392081736909329,,0.0292887029288702,0.9707112970711296,0,1,2,0.0,2.8555191556678,0.6981608880976535,0.2255843171005917,18.0,SUN2_HUMAN,717.0,True
Q9UHC6,1,0,single-pass,True,False,True,False,False,2,member,1.0,,,,Client,,0.4663540696,0.4191683993,0.0,0.623,0.26199812,0.49,1.35775,-0.101,3.44,0.0,0.0277986476333583,0.253048300743103,0.097702071070671,0.11,0.69026005,0.0856498873027798,195.6242428462055,-379.0,1331,0.1915852742299023,-0.0142749812171299,0.1704653806000644,0.4563820018365448,48.0,0.3125,-0.0625,0.2094040220036149,0.3840277777777779,21.0,0.0,0.0,,0.8328042328042327,1235.0,0.1927125506072874,-0.0145748987854251,0.1695325784092674,0.4495816464237521,0.0360631104432757,0.0157776108189331,0.9278737791134484,1,1,1,0.0,3.124178055474675,0.6081528722076252,0.2524766055320034,18.0,CNTP2_HUMAN,1331.0,True
Q9UHP7,1,0,single-pass,True,False,True,False,False,2,member,1.0,,,,Client,,0.0660409355,0.0848222767,0.0,0.226,0.12942177,0.14,-0.623329,-0.408,-0.83,0.0,0.0,0.0590097196400165,0.1686315238475799,0.08,0.10951009,0.0680628272251308,1.32857730318446,-243.0,191,0.2094240837696335,-0.0104712041884816,0.1553007293651171,0.4618964514252469,38.0,0.2368421052631578,-0.0263157894736842,0.1178766928429504,0.4309941520467835,21.0,0.0,0.0,,0.7962962962962963,132.0,0.2348484848484848,-0.0075757575757575,0.1729390057536753,0.4175925925925929,0.1989528795811518,0.1099476439790576,0.6910994764397905,1,1,1,0.0,2.281033367247728,0.2166869929989406,0.155428651409174,18.0,CLC2D_HUMAN,191.0,True
Q9UHQ9,1,0,single-pass,True,False,True,False,False,2,member,2.0,,,,Client,,0.4943834319,0.5546847842,0.001666667,0.178,0.39807752,0.43,0.28904,-0.344,-0.17,0.0,0.0655737704918032,0.0515247508883476,0.0462963543832302,0.04,0.16445978,0.0950819672131147,5.192366089162036,-362.0,305,0.2163934426229508,0.0327868852459016,0.2076700350589112,0.482185792349728,,,,,,21.0,0.0,0.0,,0.721164021164021,,,,,,,0.0688524590163934,,0,1,0,0.0,2.484299839346786,0.4162717973188187,0.2547513120261109,18.0,NB5R1_HUMAN,305.0,True
Q9UIW2,1,0,single-pass,True,False,True,False,False,2,member,2.0,,,,Regulator,,0.4331651767,0.240188629,0.0,0.446,0.15871513,0.23,0.804081,-0.114,2.45,0.0,0.0443037974683544,0.0526499226689338,0.1029078811407089,0.14,0.8588165,0.0949367088607595,121.89094802150544,-1625.0,1896,0.2199367088607595,-0.005801687763713,0.1657166645289091,0.4733942803563118,631.0,0.2709984152139461,-0.0047543581616481,0.1580270619179516,0.448917062863179,21.0,0.0,0.0,,0.7910052910052907,1218.0,0.2011494252873563,-0.0073891625615763,0.1714893851459927,0.4761357416529807,0.3328059071729958,0.0110759493670886,0.6424050632911392,1,1,1,0.0158227848101265,3.277838333002048,0.5561399413532291,0.2488398404739618,18.0,PLXA1_HUMAN,1896.0,False
Q9UJA2,5,0,multi-pass,False,True,False,False,False,1,,,in_phasepdb_no_class,,CRLS1 C20orf155 CLS1,,,0.1170661771,0.2628498104,0.0,0.053,0.0030629006,0.3,-0.651213,-0.145,0.0,0.0,0.2259136212624584,0.0649315565824508,0.0288167893886566,0.18,0.024668079,0.1196013289036544,4.934702372910075,-533.0,301,0.1428571428571428,0.0498338870431893,0.2366525888401482,0.536581764488742,,,,,,107.0,0.0560747663551401,-0.0186915887850467,0.3206494135119416,0.646313603322949,,,,,,,0.3554817275747508,,0,5,0,0.0,2.478566495593844,0.3462238775666841,0.289432790130133,18.0,CRLS1_HUMAN,301.0,False
Q9UJS0,6,0,multi-pass,True,False,True,False,False,2,member,1.0,,,,Client,,0.6768637199,0.3714327601,0.0,0.698,0.2232846,0.21,0.750941,-0.226,0.93,0.0,0.0207407407407407,0.0682351812720298,0.2624468207359314,0.05,0.5487317,0.08,4.862598783429501,-706.0,675,0.2088888888888889,0.0103703703703703,0.1493714278720562,0.5035226337448566,,,,,,110.0,0.0727272727272727,0.0363636363636363,0.2058078229036236,0.5922222222222223,447.0,0.2259507829977628,-0.0156599552572706,0.1430738779570946,0.4867511807109098,,0.1629629629629629,0.6622222222222223,0,6,4,0.0,2.829303772831025,0.502613297099866,0.2352276823370075,18.0,CMC2_HUMAN,675.0,False
Q9UKM7,1,0,single-pass,True,False,False,False,False,1,member,1.0,,,,,,0.3247539808,0.1679978776,0.001666667,0.223,0.02324941,0.63,0.5738,-0.233,2.72,0.0,0.050071530758226,0.0534486770629882,0.1182870045304298,0.89,0.051272765,0.0958512160228898,47.247361340657946,-737.0,699,0.2374821173104435,0.0,0.157701834568298,0.449070100143062,84.0,0.2023809523809523,0.0833333333333333,0.3197894299903601,0.4248677248677249,21.0,0.0,0.0,,0.7825396825396825,594.0,0.2508417508417508,-0.0117845117845117,0.1416181239799071,0.4407033295922168,0.1201716738197424,0.0300429184549356,0.8497854077253219,1,1,1,0.0,2.844477175745681,0.5073183598747262,0.2357898747289857,18.0,MA1B1_HUMAN,699.0,False
Q9UKU0,1,0,single-pass,True,False,True,False,False,2,member,1.0,,,,Client,,0.600390305,0.7628415638,0.0,0.165,0.08294926,0.25,0.623018,-0.212,0.83,0.0,0.0,0.0616652593016624,0.0550572648644447,0.23,0.10168374,0.0817790530846484,39.35923019336442,-731.0,697,0.2209469153515064,0.0,0.1739738674756139,0.4874860513311014,652.0,0.2269938650306748,0.0,0.1718885139838626,0.481782549420587,21.0,0.0,0.0,,0.6656084656084656,,,,,,0.9354375896700144,0.0301291248206599,,1,1,0,0.0,2.8432327780980096,0.4434214053463743,0.2083099858800967,18.0,ACSL6_HUMAN,697.0,True
Q9UL19,1,0,single-pass,True,False,True,False,False,2,member,1.0,,,,Client,,0.3156078603,0.1599545873,,0.059,0.019933041,0.25,0.0852548,-0.399,-0.41,0.0,0.0670731707317073,0.1110678538680076,0.0844807177782058,0.05,0.041180156,0.1158536585365853,6.32782989694269,-146.0,164,0.2317073170731707,0.024390243902439,0.1795467442874759,0.4754742547425475,134.0,0.2462686567164179,0.0074626865671641,0.1546106979155092,0.4490878938640127,21.0,0.0476190476190476,-0.0476190476190476,0.5598394457579586,0.7322751322751322,9.0,0.4444444444444444,0.4444444444444444,0.2566999474513924,0.2691358024691358,0.8170731707317073,0.1280487804878048,0.0548780487804878,1,1,1,0.0,2.214843848047698,0.3102020321878718,0.2217076430226034,17.0,PLAT4_HUMAN,164.0,True
Q9UL54,5,0,multi-pass,True,False,True,False,False,2,member,1.0,,,,Client,,0.4414508247,0.9477520288,0.004166667,0.548,0.05539615,0.98,0.800797,-0.16,2.13,0.0323886639676113,0.2161943319838056,0.0551805011928081,0.6088515520095825,0.99,0.5054977,0.1044534412955465,37.39838586413384,-1114.0,1235,0.2591093117408907,-0.0032388663967611,0.2524425684769207,0.4361763382816028,,,,,,105.0,0.0095238095238095,-0.0095238095238095,0.9999999999999984,0.6726984126984129,,,,,,,0.0850202429149797,,0,5,0,0.0267206477732793,3.091666957595685,0.7409787251841947,0.2104277545396273,18.0,TAOK2_HUMAN,1235.0,True
Q9ULB1,1,0,single-pass,True,False,True,False,False,2,member,1.0,,,,Client,,0.5444109945,0.2003038624,0.0,0.643,0.23769727,0.66,1.49332,-0.114,2.9,0.0236966824644549,0.0744752877454299,0.0835400372743606,0.0742357075214386,0.88,0.9525273,0.0785375761679079,163.0950369123961,-655.0,1477,0.2207176709546378,-0.0176032498307379,0.187823070345122,0.4671481230722958,55.0,0.3454545454545454,0.0909090909090909,0.1581096570321439,0.3010101010101011,21.0,0.0,0.0,,0.7883597883597881,1371.0,0.2224653537563822,-0.0226112326768781,0.1889594441533686,0.4651997730772397,0.0372376438727149,0.0142180094786729,0.928232904536222,1,1,1,0.0,3.169380495311949,0.6621965689490532,0.2127859460202117,18.0,NRX1A_HUMAN,1477.0,False
Q9UM73,1,0,single-pass,False,True,False,False,False,1,,,in_phasepdb_no_class,,ALK,,,0.3597359203,0.9039928255,0.000833333,0.749,0.72956294,0.97,1.36769,-0.1,5.28,0.0018518518518518,0.1030864197530864,0.409000813961029,0.2240894734859466,0.92,0.23372291,0.0759259259259259,459.5761471170296,-580.0,1620,0.1944444444444444,-0.0043209876543209,0.1820712235320213,0.4669753086419683,561.0,0.2174688057040998,0.0035650623885918,0.174179329305891,0.4493166963755192,21.0,0.0,0.0,,0.7608465608465607,1020.0,0.1892156862745098,-0.0088235294117647,0.1853495285488359,0.4663943355119844,0.3462962962962962,0.0129629629629629,0.6296296296296297,1,1,1,0.0185185185185185,3.2095150145426308,0.756567128345079,0.2053331961738716,18.0,ALK_HUMAN,1620.0,True
Q9UMF0,1,0,single-pass,True,False,True,False,False,2,member,1.0,,,,Client,,0.3027913043,0.1383209699,0.000833333,0.492,0.03120158,0.63,0.828175,-0.152,2.25,0.0313852813852813,0.1417748917748917,0.0496872998774051,0.1293041408061981,0.78,0.3098053,0.0974025974025974,132.10457086971485,-594.0,924,0.1991341991341991,-0.0129870129870129,0.1650295173034372,0.4782587782587801,68.0,0.1617647058823529,-0.1029411764705882,0.2470260139805863,0.4913398692810456,21.0,0.0,0.0,,0.6835978835978835,804.0,0.2126865671641791,-0.0087064676616915,0.1578222789944999,0.4677031509121084,0.0735930735930736,0.0227272727272727,0.8701298701298701,1,1,1,0.0,2.9656719712201065,0.6046763864350537,0.2122418444929063,18.0,ICAM5_HUMAN,924.0,True
Q9UNK0,1,0,single-pass,True,False,True,False,False,2,member,1.0,,,,Client,,0.568726544,0.5731792546,0.0,0.345,0.43424225,0.33,-0.295803,-0.398,-0.61,0.0,0.1652542372881356,0.0472300574183464,0.3519709706306457,0.08,0.08886784,0.0805084745762711,0.1217722558702218,-300.0,236,0.2923728813559322,-0.0381355932203389,0.1726014831702731,0.4476459510357815,215.0,0.3209302325581395,-0.041860465116279,0.1722382264649431,0.414315245478036,17.0,0.0,0.0,,0.900653594771242,,,,,,0.9110169491525424,0.0720338983050847,,1,1,0,0.0,2.3729120029701067,0.3875805663640485,0.27582299335617,18.0,STX8_HUMAN,236.0,True
Q9UPR5,11,0,multi-pass,True,False,True,False,False,2,member,1.0,,,,Client,,0.2048105012,0.1735284128,0.000833333,0.32,0.0065494156,0.7,0.867822,-0.289,2.09,0.0,0.1444082519001086,0.0618958994746208,0.0960365906357765,0.28,0.56302404,0.0836047774158523,77.519433574403,-1053.0,921,0.2160694896851248,-0.0358306188925081,0.2257822999937462,0.5120521172638425,550.0,0.3090909090909091,-0.0472727272727272,0.2234933030514484,0.4411111111111108,233.0,0.03862660944206,-0.0128755364806866,0.2194096166964186,0.7105388650453021,118.0,0.1694915254237288,-0.0338983050847457,0.2985535260032674,0.422787193973635,0.5971769815418024,0.252985884907709,0.1281216069489685,6,11,6,0.0,2.964259630196849,0.5315843959410365,0.2430494496469319,18.0,NAC2_HUMAN,921.0,True
Q9Y241,2,0,multi-pass,True,False,True,False,False,2,member,1.0,,,,Client,,0.4700852744,0.5112101711,,0.103,0.27088216,0.2,-0.0928998,-0.285,,0.7204301075268817,0.0,0.1585192382335662,0.1369069516658783,0.02,0.018124644,0.0967741935483871,0.7990338506381058,-80.0,93,0.1935483870967742,0.064516129032258,0.2863104179488171,0.5009557945041816,,,,,,42.0,0.0476190476190476,0.0,0.5923139158576051,0.6455026455026456,,,,,,,0.4516129032258064,,0,2,0,0.0,1.968482948553935,0.3828302940538556,0.3155426506124199,16.0,HIG1A_HUMAN,93.0,True
Q9Y276,1,0,single-pass,True,False,True,False,False,2,member,1.0,,,,Client,,0.1572539043,0.2713464828,0.0,0.115,0.019406272,0.12,0.297992,-0.098,0.01,0.0,0.0596658711217183,0.0636831745505333,0.0638986006379127,0.03,0.69516623,0.1241050119331742,3.735180702213648,-483.0,419,0.2124105011933174,0.0071599045346062,0.1594558723667428,0.4745690798196761,,,,,,17.0,0.0,0.0,,0.6954248366013072,14.0,0.2142857142857142,-0.0714285714285714,0.2024382705705806,0.5063492063492062,,0.0405727923627685,0.0334128878281622,0,1,1,0.0,2.622214022966295,0.377409066630575,0.2589280144274189,18.0,BCS1_HUMAN,419.0,True
Q9Y277,19,0,multi-pass,True,False,True,False,False,2,member,3.0,,,,Client,,0.4525932284,0.5219698579000001,0.0,0.708,0.5779897,0.17,1.41957,-0.247,0.42,0.0,0.0,0.5812612771987915,0.6674864888191223,0.02,0.9733411,0.0565371024734982,35.74622366109202,-27.0,283,0.1978798586572438,0.0212014134275618,0.156463500022755,0.4689438555162932,,,,,,183.0,0.1693989071038251,0.0382513661202185,0.1662552376031513,0.509714632665453,,,,,,,0.6466431095406361,,0,19,0,0.0,2.45178643552429,0.5081293162732028,0.3536955573220758,18.0,VDAC3_HUMAN,283.0,False
Q9Y2A7,1,0,single-pass,True,False,True,False,False,2,member,1.0,,,,Client,,0.6484451757,0.2805399334,0.0,0.522,0.802112,0.21,-0.0985845,-0.241,-0.53,0.0,0.0212765957446808,0.0571597218513488,0.1003588214516639,0.09,0.2109201,0.0815602836879432,1.8841448683048367,-1704.0,1128,0.2234042553191489,-0.0124113475177304,0.1528113626159047,0.4899133175728889,,,,,,21.0,0.0,0.0,,0.7306878306878305,,,,,,,0.0186170212765957,,0,1,0,0.0,3.0523090996473234,0.4225686293280958,0.2635044960629603,18.0,NCKP1_HUMAN,1128.0,True
Q9Y2Q0,10,0,multi-pass,True,False,True,False,False,2,member,1.0,,,,Client,,0.3044889365,0.271707374,0.0,0.392,0.09869244,0.17,0.545882,-0.183,0.2,0.0,0.0137457044673539,0.0820189341902732,0.2009399682283401,0.15,0.8570194,0.0773195876288659,22.364704122608867,-1474.0,1164,0.2053264604810996,-0.0060137457044673,0.1660721433321143,0.4969740358915608,868.0,0.2476958525345622,-0.0126728110599078,0.1655930170799627,0.4574884792626726,221.0,0.0588235294117647,0.0226244343891402,0.2234452658003135,0.6668677727501243,75.0,0.1466666666666666,-0.0133333333333333,0.1623164895444853,0.4533333333333331,0.7457044673539519,0.1898625429553264,0.0644329896907216,6,10,5,0.0,3.06595298031387,0.4580073031202195,0.2151614017790795,18.0,AT8A1_HUMAN,1164.0,False
Q9Y2U8,2,0,multi-pass,True,False,True,False,False,2,member,1.0,,,,Client,,0.6894925270000001,0.265231673,0.0075,0.729,0.6881422,1.0,1.07402,-0.014,1.44,0.300768386388584,0.2129527991218441,0.8668947219848633,0.708945095539093,1.0,0.5938565,0.097694840834248,168.71719871006752,-576.0,911,0.243688254665203,0.0,0.2358123906398963,0.4384559092572256,,,,,,42.0,0.0238095238095238,0.0238095238095238,0.9999999999999996,0.75,,,,,,,0.0461031833150384,,0,2,0,0.0263446761800219,2.9595183769729982,0.8478721343616118,0.1541800234497012,18.0,MAN1_HUMAN,911.0,True
Q9Y342,4,0,multi-pass,True,False,True,False,False,2,member,1.0,,,,Client,,0.0232093565,0.0455907778,0.0,0.026,0.0129148485,0.29,-1.51072,-0.128,-0.42,0.0,0.0989010989010989,0.1509982347488403,0.0546713843941688,0.57,0.04715998,0.0989010989010989,4.801154638681677,-365.0,182,0.0824175824175824,0.0274725274725274,0.2314134664375743,0.587179487179486,65.0,0.1384615384615384,0.0461538461538461,0.2096474273296556,0.4808547008547009,84.0,0.0119047619047619,0.0119047619047619,0.2387690816573777,0.7288359788359787,33.0,0.1515151515151515,0.0303030303030303,0.3904547329792108,0.436026936026936,0.3571428571428571,0.4615384615384615,0.1813186813186813,3,4,2,0.0,2.2600713879850747,0.3287143434793784,0.2692307891294836,18.0,PLLP_HUMAN,182.0,True
Q9Y4C0,1,0,single-pass,True,False,True,False,False,2,member,1.0,,,,Client,,0.5539401286,0.2472702028,0.000833333,0.65,0.7030826,0.78,1.3767,-0.147,2.65,0.0200852099817407,0.0632988435788192,0.0709331929683685,0.0873709991574287,0.9,0.9295218,0.0815581253804017,267.71146074282456,-736.0,1643,0.2166768107121119,-0.0206938527084601,0.1720799920131713,0.4668830729695016,54.0,0.3518518518518518,0.0925925925925925,0.1651518435628269,0.2788065843621399,21.0,0.0,0.0,,0.7883597883597881,1541.0,0.218040233614536,-0.0259571706683971,0.1715786910239359,0.4656572211406745,0.0328667072428484,0.0127814972611077,0.9379184418746196,1,1,1,0.0,3.215637563435062,0.7006537724930035,0.2006907140027919,18.0,NRX3A_HUMAN,1643.0,True
Q9Y4W6,2,0,multi-pass,True,False,True,False,False,2,member,2.0,,,,Client,,0.711141278,0.7837728242,0.0,0.803,0.13462773,0.49,1.52887,-0.281,1.39,0.0577164366373902,0.1016311166875784,0.0661120042204856,0.2936160862445831,0.93,0.48988163,0.0878293601003764,82.21597409750775,-449.0,797,0.2722710163111669,0.0112923462986198,0.153762738487147,0.460839258329847,,,,,,42.0,0.0238095238095238,0.0238095238095238,0.4557055782732813,0.7042328042328043,87.0,0.2873563218390804,-0.0114942528735632,0.1376700360015632,0.4472541507024265,,0.0526976160602258,0.1091593475533249,0,2,1,0.0,2.9014583213961123,0.6699399088939526,0.200732755005085,18.0,AFG32_HUMAN,797.0,True
Q9Y5M8,1,0,single-pass,True,False,True,False,False,2,member,1.0,,,,Client,,0.4462407775,0.5323675771,0.0,0.61,0.38863382,0.36,-0.0835886,-0.354,-0.34,0.0,0.062730627306273,0.0913436636328697,0.0687930881977081,0.03,0.05887426,0.081180811808118,25.868765234316008,-342.0,271,0.2287822878228782,0.022140221402214,0.1550371444495656,0.4977039770397704,,,,,,21.0,0.0476190476190476,0.0476190476190476,0.6902017924891406,0.7984126984126985,,,,,,,0.077490774907749,,0,1,0,0.0,2.432969290874406,0.4062306669234452,0.2162311164673881,18.0,SRPRB_HUMAN,271.0,True
Q9Y624,1,0,single-pass,False,True,False,False,False,1,,,in_phasepdb_no_class,,F11R JAM1 JCAM,,,0.1165015876,0.1385051991,0.0,0.336,0.1137257,0.18,0.122957,-0.223,1.8,0.0,0.1170568561872909,0.3194101452827453,0.2472040653228759,0.02,0.30035985,0.0836120401337792,65.69682058715584,-140.0,299,0.1939799331103679,0.0066889632107023,0.1490139181263815,0.4897807506503166,40.0,0.275,0.125,0.1806371656834456,0.3919444444444444,21.0,0.0,0.0,,0.8206349206349206,211.0,0.2037914691943128,-0.0236966824644549,0.1526575493313658,0.454555028962612,0.1337792642140468,0.0702341137123745,0.705685618729097,1,1,1,0.0,2.4756711883244296,0.4407692867950006,0.2280201255405323,18.0,JAM1_HUMAN,299.0,False
Q9Y639,1,0,single-pass,True,False,True,False,False,2,member,1.0,,,,Client,,0.4887834025,0.2955625716,0.000833333,0.303,0.25587907,0.44,0.276625,-0.316,0.25,0.0854271356783919,0.1256281407035175,0.0502712354063987,0.0355022773146629,0.9,0.5388842,0.0979899497487437,32.95700372457414,-289.0,398,0.2261306532663316,0.0050251256281407,0.2047760768521056,0.4496370742601908,38.0,0.4473684210526316,0.0263157894736842,0.3218505883348714,0.2333333333333333,21.0,0.0476190476190476,-0.0476190476190476,1.0,0.7957671957671956,311.0,0.2315112540192926,0.0064308681672025,0.1906937905377339,0.4368345837799212,0.0954773869346733,0.0527638190954773,0.7814070351758794,1,1,1,0.0,2.599883072073688,0.5154430138400067,0.2488650661855062,18.0,NPTN_HUMAN,398.0,True
Q9Y696,1,0,single-pass,True,False,True,False,False,2,member,3.0,,,,Client,,0.6763869680000001,0.5447686856,0.000833333,0.591,0.67994565,0.23,-0.0604739,-0.448,0.44,0.0,0.0,0.2775222063064575,0.7399232387542725,0.0,0.09940518,0.0632411067193675,1.3007781838703594,-221.0,253,0.2885375494071146,-0.0197628458498023,0.1870954115648218,0.4545015371102326,,,,,,21.0,0.0952380952380952,0.0952380952380952,0.3161916449094419,0.6417989417989416,,,,,,,0.0830039525691699,,0,1,0,0.0,2.403120521175818,0.4321077262354078,0.3341157476140131,18.0,CLIC4_HUMAN,253.0,True
Q9Y6C9,6,0,multi-pass,True,False,True,False,False,2,member,1.0,,,,Client,,0.0679302617,0.0423220968,0.0,0.47,0.16077892,0.16,0.115492,-0.148,1.12,0.0,0.0,0.2867087423801422,0.4235156178474426,0.11,0.02920763,0.0858085808580858,2.791027159789801,-311.0,303,0.1485148514851485,0.0099009900990099,0.1241159632287741,0.526365969930325,93.0,0.1612903225806451,0.032258064516129,0.1693285080089744,0.4972520908004776,120.0,0.1083333333333333,0.0416666666666666,0.1893738665048562,0.5931481481481484,89.0,0.1910112359550561,-0.0561797752808988,0.0876974737599211,0.4646691635455679,0.3069306930693069,0.396039603960396,0.2937293729372937,3,6,3,0.0,2.481442628502305,0.3686752836868524,0.2603500271529405,18.0,MTCH2_HUMAN,303.0,True
Q9Y6N8,1,0,single-pass,True,False,True,False,False,2,member,1.0,,,,Client,,0.5145677176,0.3508706297,0.0,0.475,0.012969117,0.47,0.732499,-0.127,0.87,0.0456852791878172,0.0444162436548223,0.0541975274682045,0.373434454202652,0.7,0.8926506,0.0964467005076142,89.2227954226779,-657.0,788,0.2512690355329949,-0.0482233502538071,0.1762101081238735,0.4575155104342918,154.0,0.3571428571428571,-0.0844155844155844,0.1664600404285463,0.3795815295815297,21.0,0.0,0.0,,0.9068783068783068,559.0,0.2361359570661896,-0.0572450805008944,0.166816365770903,0.458755714569668,0.1954314720812182,0.0266497461928934,0.7093908629441624,1,1,1,0.0,2.8965262174895554,0.5900685591447309,0.2019409903208493,18.0,CAD10_HUMAN,788.0,True
Q9Y6R1,12,1,multi-pass,False,False,True,False,False,1,,,,,,Regulator,,0.3907371244,0.1792969982,0.0,0.276,0.058100797,0.68,0.521428,-0.265,2.27,0.0852641334569045,0.0602409638554216,0.2754328548908233,0.2827098965644836,0.41,0.67967063,0.0667284522706209,117.05531312939004,-1154.0,1079,0.2381835032437442,-0.0083410565338276,0.213616289351419,0.4910822778292634,664.0,0.3268072289156626,0.0015060240963855,0.2246248359632823,0.4195615796519409,245.0,0.0653061224489796,-0.0244897959183673,0.1897895913981946,0.6759183673469379,142.0,0.1619718309859155,-0.0352112676056338,0.1517354718257189,0.4565727699530523,0.6153846153846154,0.227062094531974,0.1316033364226135,7,12,5,0.0222428174235403,3.0330214446829107,0.573490794187038,0.2198489846224579,18.0,S4A4_HUMAN,1079.0,False
