High,Medium,Low
17.94960586194568,7.8517729112191414,29.112497294791577
7.851772911219141,3.4346346278308757,12.734804284577597
29.112497294791574,12.734804284577597,47.21761052904681
